github_path,category,dependency_partition,size,sha256,archive_identical_elsewhere,archive_same_basename_elsewhere,included_by_count,included_by
DataStructure/XCastle.cpp,normal/shared source,normal player dependency,30816,69410aa19ced537ad1dc1b114b7eccf1bec792ba00287508a86734b63b10cf40,,,0,
DataStructure/XCastle.h,normal/shared source,normal player dependency,6084,89a92663c78f7bf33f6836b6324991f2e7f7d3c991a5a89fa5c9bbf43e08610f,,,1,DataStructure/XCastle.cpp
DataStructure/XFlag.cpp,normal/shared source,normal player dependency,6884,cb65bbd51609c93a85279fbbd6f4ff39f8da3cfb9b0432e0b35088fc24e670e8,,,0,
DataStructure/XFlag.h,normal/shared source,normal player dependency,1586,1af61e48ceab21539fb206657b449516ee3475ee4b00266ff9cf4bd28e9b472d,,,1,DataStructure/XFlag.cpp
Library/ApexClient.h,third-party/middleware,normal player dependency,687,98099f5938c1c74b884c3eb164d2f0ce44af112c6588ddbab0e4e97eccdb2b1d,,,1,Network/XNetwork.cpp
Library/BinkSDK/bink.h,third-party/middleware,normal player dependency,30941,a6ef49a8c494b6e0f7b7f361e54be79605c7eb5f7c9ee1deccbcfec957faa660,,,2,Library/BinkSDK/binktextures.h;XIGAADWrapper/XWindow_BinkStatic.h
Library/BinkSDK/binktextures.h,third-party/middleware,normal player dependency,7155,c2ced3a38e1ac4bed3964444cb4585b242304834e0e24c54da2a0eebcd7526ba,,,0,
Library/BinkSDK/dx9rad3d.cpp,third-party/middleware,normal player dependency,50657,e3d3ec90858de2f5056bedef813a871ac6bc4ecb5b6a73b612c0910b096bf9e1,,,0,
Library/BinkSDK/rad3d.h,third-party/middleware,normal player dependency,4295,dd62a3fa47cab76d0eb3ae764a5b455e0eb5fea0c200a7df351448a6bed74bdf,,,2,Library/BinkSDK/dx9rad3d.cpp;XIGAADWrapper/XWindow_BinkStatic.h
Library/BinkSDK/radbase.h,third-party/middleware,normal player dependency,18575,5eef758e828464a34321d1416c91f00cb843e35166505efbb92a6da75798ceaa,,,2,Library/BinkSDK/bink.h;Library/BinkSDK/rad3d.h
Library/CWebPage/XWebPage.h,third-party/middleware,normal player dependency,693,6f59e531b766b0619d22c1d294cdadb8e4ede55e334aa13eb1c463f491c5e4c3,,,8,EmperorOfDragons.cpp;MeshControl/XRenderStateControl.cpp;Network/XNetwork.cpp;XProcess/XProc_FirstLoad.cpp;XProcess/XProc_Loading.cpp;XProcess/XProc_MainGame.cpp;XProcess/XProc_MainGameMessageHandler.cpp;XProcess/XWindow_CashMall.cpp
Library/FMod/3.74/fmod.h,third-party/middleware,normal player dependency,72687,0188c2c5718f9f227bccc765d9a51f397716d34c003142a81be5ea8a96c7d526,,,1,Library/FMod/3.74/fmoddyn.h
Library/FMod/3.74/fmod_errors.h,third-party/middleware,normal player dependency,1689,7a0644b95f21666d98713390476218a560cf8f67222de3c812dd48252b742858,,,0,
Library/FMod/3.74/fmoddyn.h,third-party/middleware,normal player dependency,39080,a7f4489a2aed21771e0f6b63795039fc49b875f3977e304082fef1cc905b3535,,,0,
Library/FMod/3.74/wincompat.h,third-party/middleware,normal player dependency,1438,1f60d0a40906c81c7b856025e71245226bc205c96d0259a92da6638cf5e305d6,,,0,
Library/FMod/3.75/fmod.h,third-party/middleware,normal player dependency,73410,921c31be692202e1954311e5f24e57a5332972852a0bc392ae4c8f5fb007b210,,,1,Library/FMod/3.75/fmoddyn.h
Library/FMod/3.75/fmod_errors.h,third-party/middleware,normal player dependency,1689,7a0644b95f21666d98713390476218a560cf8f67222de3c812dd48252b742858,,,0,
Library/FMod/3.75/fmoddyn.h,third-party/middleware,normal player dependency,39326,31c18f290cf0e9665ec3dc143d49deacd4b3d24e2d52d64e73470e7848c125f8,,,0,
Library/FMod/3.75/wincompat.h,third-party/middleware,normal player dependency,1438,1f60d0a40906c81c7b856025e71245226bc205c96d0259a92da6638cf5e305d6,,,0,
Library/FMod/fmod.h,third-party/middleware,normal player dependency,72687,0188c2c5718f9f227bccc765d9a51f397716d34c003142a81be5ea8a96c7d526,,,1,Library/FMod/fmoddyn.h
Library/FMod/fmod_errors.h,third-party/middleware,normal player dependency,1689,7a0644b95f21666d98713390476218a560cf8f67222de3c812dd48252b742858,,,0,
Library/FMod/fmoddyn.h,third-party/middleware,normal player dependency,39080,a7f4489a2aed21771e0f6b63795039fc49b875f3977e304082fef1cc905b3535,,,0,
Library/FMod/wincompat.h,third-party/middleware,normal player dependency,1438,1f60d0a40906c81c7b856025e71245226bc205c96d0259a92da6638cf5e305d6,,,0,
Library/NPGameLib.h,third-party/middleware,shared by GM and normal,10325,c4ddc4544e9dce73592dd687f76bdf763e281483168794b594c418af596a0fb2,,,2,EmperorOfDragons.cpp;Network/packet_for_ctrl_gms.h
Library/QHtm/qhtm.h,third-party/middleware,normal player dependency,21444,3ca9196b83b38299dad870febd767b9e8f1de3fbc3441e651b8658b342e68cd0,,qhtm sdk/qhtm.h,0,
Library/QHTM_FullSource1967/components/array.h,third-party/middleware,normal player dependency,3538,46bdecbe87d8c5a91042a941833c74cfe0727a96071dcf04996d8e3850bfbbe7,,,0,
Library/QHTM_FullSource1967/components/array.inl,third-party/middleware,normal player dependency,5045,2c0245d016b23209bd377f87f1d63e100b224b82a8c961c0a4a6ad19906916cf,,,1,Library/QHTM_FullSource1967/components/array.h
Library/QHTM_FullSource1967/components/common.h,third-party/middleware,normal player dependency,586,03f7e61bd97dd9d01d9755731ab57519fed30ec5c50933b0ff3c8af5c6650d68,,audio_sdk/asorg/include/AudioLib/Common.h;audio_sdk/include/AudioLib/Common.h;audio_sdk/src/AudioLib/include/AudioLib/Common.h,0,
Library/QHTM_FullSource1967/components/datasource/bufferdatasource.cpp,third-party/middleware,normal player dependency,1407,e875e4632ef2b4205bfa0ac0d567c4831a7debbc62007636532dc9a85c8a6caf,,,0,
Library/QHTM_FullSource1967/components/datasource/bufferdatasource.h,third-party/middleware,normal player dependency,1066,0307169183d94ec8a1318a802fb39209246f5ba0fbf9c6068c1e246af524d212,,,2,Library/QHTM_FullSource1967/components/datasource/bufferdatasource.cpp;Library/QHTM_FullSource1967/components/datasource/resourcedatasource.h
Library/QHTM_FullSource1967/components/datasource/datasourceabc.cpp,third-party/middleware,normal player dependency,688,62c2847021b5e3192ddf6cb91220207c74faef034747a0134b32c24822252c63,,,0,
Library/QHTM_FullSource1967/components/datasource/datasourceabc.h,third-party/middleware,normal player dependency,1198,6bf3a5957fe70dfe383333e58546afef7758f5111e43e67320e3ffccd4d3774f,,,3,Library/QHTM_FullSource1967/components/datasource/bufferdatasource.h;Library/QHTM_FullSource1967/components/datasource/datasourceabc.cpp;Library/QHTM_FullSource1967/components/datasource/filedatasource.h
Library/QHTM_FullSource1967/components/datasource/filedatasource.cpp,third-party/middleware,normal player dependency,1819,569dd1163c4ac4249ed72755cdf92530ca44b9b96136bb320d756374faffa24f,,,0,
Library/QHTM_FullSource1967/components/datasource/filedatasource.h,third-party/middleware,normal player dependency,936,cc87da826f22742af3a0d29589a03bcfc4d635ae401873eaa071ab20032ce72c,,,1,Library/QHTM_FullSource1967/components/datasource/filedatasource.cpp
Library/QHTM_FullSource1967/components/datasource/resourcedatasource.cpp,third-party/middleware,normal player dependency,1296,30527349b3217275067c87a67e56ebbd7a793beb454b372031ba95bf84aa5b98,,,0,
Library/QHTM_FullSource1967/components/datasource/resourcedatasource.h,third-party/middleware,normal player dependency,1011,0c6fa5df7f20039cb617960c3367026dc392f57a25bf20320a8b8e2118068468,,,1,Library/QHTM_FullSource1967/components/datasource/resourcedatasource.cpp
Library/QHTM_FullSource1967/components/datasource/stdafx.cpp,third-party/middleware,normal player dependency,202,091e39f89e7aa51a5280879c8ccfeb5925d2aa62d664325dca98da8f2d8ccea7,,SetRegistry/SetRegistry/StdAfx.cpp;SetRegistry/StdAfx.cpp;StdAfx.cpp;XFControl/StdAfx.cpp;XFileTransfer/StdAfx.cpp;XLauncher/StdAfx.cpp;XPacker/StdAfx.cpp;XPatch/StdAfx.cpp;qhtm sdk/qhtm static link/stdafx.cpp;qhtm sdk/stdafx.cpp;qhtm sdk/test/stdafx.cpp,0,
Library/QHTM_FullSource1967/components/datasource/stdafx.h,third-party/middleware,normal player dependency,769,7697899c0cbaede0bdbccf0587b849c62ca3b3f1c4027edbb47fa422e11cb62c,,SetRegistry/SetRegistry/StdAfx.h;SetRegistry/StdAfx.h;StdAfx.h;XFControl/StdAfx.h;XFileTransfer/StdAfx.h;XLauncher/StdAfx.h;XPacker/StdAfx.h;XPatch/StdAfx.h;qhtm sdk/qhtm static link/stdafx.h;qhtm sdk/stdafx.h;qhtm sdk/test/stdafx.h,5,Library/QHTM_FullSource1967/components/datasource/bufferdatasource.cpp;Library/QHTM_FullSource1967/components/datasource/datasourceabc.cpp;Library/QHTM_FullSource1967/components/datasource/filedatasource.cpp;Library/QHTM_FullSource1967/components/datasource/resourcedatasource.cpp;Library/QHTM_FullSource1967/components/datasource/stdafx.cpp
Library/QHTM_FullSource1967/components/debughlp/apifailure.cpp,third-party/middleware,normal player dependency,3139,dc8feadec581d5e374e0fca21cf630d53147b854194bc1f56c915d8cdb34de83,,,0,
Library/QHTM_FullSource1967/components/debughlp/assertfailed.cpp,third-party/middleware,normal player dependency,2567,05dc8b8f252e9f9ca85b8287a8f2dcc8968fb44fc3d4b804ad9ad4485f7c5c04,,,0,
Library/QHTM_FullSource1967/components/debughlp/debughlp.cpp,third-party/middleware,normal player dependency,1911,6fb8f6307fc993ea0a817cc990afb94613b7e968745281eafe27f3b1341de194,,,0,
Library/QHTM_FullSource1967/components/debughlp/debughlp.h,third-party/middleware,normal player dependency,6277,0f1ea484c4daeedf3014b943a8345fd68505104871ab2b9586bf2650c39d7935,,,12,Library/QHTM_FullSource1967/components/debughlp/apifailure.cpp;Library/QHTM_FullSource1967/components/debughlp/assertfailed.cpp;Library/QHTM_FullSource1967/components/debughlp/debughlp.cpp;Library/QHTM_FullSource1967/components/debughlp/trace.cpp;Library/QHTM_FullSource1967/components/guitools/palette.cpp;Library/QHTM_FullSource1967/components/platform/platform.h;Library/QHTM_FullSource1967/components/qhtm/aquireimage.cpp;Library/QHTM_FullSource1967/components/qhtm/decodecharset.cpp;Library/QHTM_FullSource1967/components/qhtm/getfontsizeaspixels.cpp;Library/QHTM_FullSource1967/components/qhtm/htmlparsebase.cpp;Library/QHTM_FullSource1967/components/qhtm/simplestring.cpp;Library/QHTM_FullSource1967/components/qhtm/tablelayout.cpp
Library/QHTM_FullSource1967/components/debughlp/stdafx.cpp,third-party/middleware,normal player dependency,287,aab907ada4f9c19daf936ba9c1be2b8974d8627a932cfe80d46710c039d43cb2,,SetRegistry/SetRegistry/StdAfx.cpp;SetRegistry/StdAfx.cpp;StdAfx.cpp;XFControl/StdAfx.cpp;XFileTransfer/StdAfx.cpp;XLauncher/StdAfx.cpp;XPacker/StdAfx.cpp;XPatch/StdAfx.cpp;qhtm sdk/qhtm static link/stdafx.cpp;qhtm sdk/stdafx.cpp;qhtm sdk/test/stdafx.cpp,0,
Library/QHTM_FullSource1967/components/debughlp/stdafx.h,third-party/middleware,normal player dependency,921,dbd8bb8fb81b32c4f387daed2be48bdd8badd4e64e612fbe08faafe8e5e36990,,SetRegistry/SetRegistry/StdAfx.h;SetRegistry/StdAfx.h;StdAfx.h;XFControl/StdAfx.h;XFileTransfer/StdAfx.h;XLauncher/StdAfx.h;XPacker/StdAfx.h;XPatch/StdAfx.h;qhtm sdk/qhtm static link/stdafx.h;qhtm sdk/stdafx.h;qhtm sdk/test/stdafx.h,6,Library/QHTM_FullSource1967/components/debughlp/apifailure.cpp;Library/QHTM_FullSource1967/components/debughlp/assertfailed.cpp;Library/QHTM_FullSource1967/components/debughlp/debughlp.cpp;Library/QHTM_FullSource1967/components/debughlp/stdafx.cpp;Library/QHTM_FullSource1967/components/debughlp/trace.cpp;Library/QHTM_FullSource1967/components/debughlp/vmalprintf.cpp
Library/QHTM_FullSource1967/components/debughlp/trace.cpp,third-party/middleware,normal player dependency,5930,dbdb18899729b8bfd36b179124891eb60bacc00698b6a374b5aab5ae33f82606,,,0,
Library/QHTM_FullSource1967/components/debughlp/vmalprintf.cpp,third-party/middleware,normal player dependency,2697,7289cb227fab04307c5991fa698a262d0a5b5a20f6f8d6553b9d4cfe084371ee,,,0,
Library/QHTM_FullSource1967/components/guitools/compatibledc.h,third-party/middleware,normal player dependency,682,77f2bbae0a3cf39948ff1dd0787cf63c5cfdecc4dcf216bfd700a85831b6658d,,,3,Library/QHTM_FullSource1967/components/guitools/dib.cpp;Library/QHTM_FullSource1967/components/guitools/dibcreatecopy.cpp;Library/QHTM_FullSource1967/components/guitools/dibdrawbitmapontous.cpp
Library/QHTM_FullSource1967/components/guitools/createroundcornerregion.cpp,third-party/middleware,normal player dependency,1504,e13ebf01170443e45feaab97236eaae1a65964ce992e5364cf45012ca0aea632,,,0,
Library/QHTM_FullSource1967/components/guitools/dib.cpp,third-party/middleware,normal player dependency,10659,d929b8cc335863ac1074328a31abfe72c3aa2ba7a1f6829ad123f6b3fce23810,,XLauncher/Dib.cpp;XPatch/Dib.cpp,0,
Library/QHTM_FullSource1967/components/guitools/dib.h,third-party/middleware,normal player dependency,3798,d0704ae62e6d5f875c7cbd5c3efd8e84f540dac93413a37a0fe2ac58ce346542,,XLauncher/DIB.h;XPatch/DIB.h,23,Library/QHTM_FullSource1967/components/guitools/dib.cpp;Library/QHTM_FullSource1967/components/guitools/dibalphablend.cpp;Library/QHTM_FullSource1967/components/guitools/dibblur.cpp;Library/QHTM_FullSource1967/components/guitools/dibcleartocolour.cpp;Library/QHTM_FullSource1967/components/guitools/dibconverttograyscale.cpp;Library/QHTM_FullSource1967/components/guitools/dibcreatecopy.cpp;Library/QHTM_FullSource1967/components/guitools/dibcreateregionfromtransparency.cpp;Library/QHTM_FullSource1967/components/guitools/dibcreateresized.cpp;Library/QHTM_FullSource1967/components/guitools/dibdrawbitmapontous.cpp;Library/QHTM_FullSource1967/components/guitools/dibdrawline.cpp;Library/QHTM_FullSource1967/components/guitools/dibdrawtransparent.cpp;Library/QHTM_FullSource1967/components/guitools/dibdrawwithalphachannel.cpp;Library/QHTM_FullSource1967/components/guitools/dibfillrect.cpp;Library/QHTM_FullSource1967/components/guitools/dibgetpixel.cpp;Library/QHTM_FullSource1967/components/guitools/dibgradientfilllefttoright.cpp;Library/QHTM_FullSource1967/components/guitools/dibgradientfilltoptobottom.cpp;Library/QHTM_FullSource1967/components/guitools/dibputpixel.cpp;Library/QHTM_FullSource1967/components/guitools/dibputpixelblend.cpp;Library/QHTM_FullSource1967/components/guitools/dibrectangle.cpp;Library/QHTM_FullSource1967/components/guitools/dibsetcolourtransparent.cpp;Library/QHTM_FullSource1967/components/guitools/drawbitmapshadow.cpp;Library/QHTM_FullSource1967/components/guitools/drawcontext.h;Library/QHTM_FullSource1967/components/guitools/guitools.h
Library/QHTM_FullSource1967/components/guitools/dibalphablend.cpp,third-party/middleware,normal player dependency,1941,576377dc46494596d56053fd616d6abd102f7e522a0e8a81b9629cc3e135805b,,,0,
Library/QHTM_FullSource1967/components/guitools/dibblur.cpp,third-party/middleware,normal player dependency,1507,11a9aa640f887099ff7d00d31852c511fd1d24ceeeec9e9e7586d0c10d3b39cf,,,0,
Library/QHTM_FullSource1967/components/guitools/dibcleartocolour.cpp,third-party/middleware,normal player dependency,849,1d98ad721354481911993cefc54748f8588b19bb01ee9281d9e8f7d64169d277,,,0,
Library/QHTM_FullSource1967/components/guitools/dibconverttograyscale.cpp,third-party/middleware,normal player dependency,1049,901c36fc98dffc63b8add01b055a33cf2a22f95052c0f07cc53e6eb07b32ba8e,,,0,
Library/QHTM_FullSource1967/components/guitools/dibcreatecopy.cpp,third-party/middleware,normal player dependency,1162,fe23c59633013f784351211ff648fe0de915768f05b3db8d339fe2d4d91aecf9,,,0,
Library/QHTM_FullSource1967/components/guitools/dibcreateregionfromtransparency.cpp,third-party/middleware,normal player dependency,1322,8366dfc65ee1d066fe07a5591215dc4ba8a76aecae021135cf7010ffd9aa1264,,,0,
Library/QHTM_FullSource1967/components/guitools/dibcreateresized.cpp,third-party/middleware,normal player dependency,7016,a8d5eec0f1216c6d84829e6c165d403555549a55b9ad4b5d16dab728918f262e,,,0,
Library/QHTM_FullSource1967/components/guitools/dibdrawbitmapontous.cpp,third-party/middleware,normal player dependency,1028,a5768e4545832c398948d73854a623ae1a5df21000fc97f2bb0d16400666d285,,,0,
Library/QHTM_FullSource1967/components/guitools/dibdrawline.cpp,third-party/middleware,normal player dependency,2670,46e8b514ed3ca62e100b7c0fa3bf1490249338019e3358ab1ef27879318dc6a0,,,0,
Library/QHTM_FullSource1967/components/guitools/dibdrawtransparent.cpp,third-party/middleware,normal player dependency,1309,c279fe94861c4371ac23adccd3e97d32af7f2a60c8c47e88d7f6584957a840eb,,,0,
Library/QHTM_FullSource1967/components/guitools/dibdrawwithalphachannel.cpp,third-party/middleware,normal player dependency,1282,96218bed41bf4f1e8953a39a59ee390b62af789dc24247941f55655ed1a2a097,,,0,
Library/QHTM_FullSource1967/components/guitools/dibfillrect.cpp,third-party/middleware,normal player dependency,1447,93232a6d3bd00b896cddbf440486a62a5019e1303af260afb2cec57cd16b9f59,,,0,
Library/QHTM_FullSource1967/components/guitools/dibgetpixel.cpp,third-party/middleware,normal player dependency,816,fbf9a18882c257d029d9117fe82a4fad3feb936b8156a4def23abd483e1246c2,,,0,
Library/QHTM_FullSource1967/components/guitools/dibgradientfilllefttoright.cpp,third-party/middleware,normal player dependency,1271,d87783f1b9c2dde62fd0018a3ee2a9f9b27a6f9b28c8e0e25c138d415bfa6d8b,,,0,
Library/QHTM_FullSource1967/components/guitools/dibgradientfilltoptobottom.cpp,third-party/middleware,normal player dependency,1700,15fce849a9dfc6550e9297a10b3172ef17cee85e133714da54edb4f981df94af,,,0,
Library/QHTM_FullSource1967/components/guitools/dibputpixel.cpp,third-party/middleware,normal player dependency,783,33a4db1467db18f2b570e4643027d5629f98385b408c54614793174bc5c462ba,,,0,
Library/QHTM_FullSource1967/components/guitools/dibputpixelblend.cpp,third-party/middleware,normal player dependency,1056,0b7bff02d7a3adb11dae31a8406cafc4119208bccc57d02579a2af3b146b1b49,,,0,
Library/QHTM_FullSource1967/components/guitools/dibrectangle.cpp,third-party/middleware,normal player dependency,1672,7c8101ac9fee693bf425d8aa42af270ebe061ecd1d8854b39d69bf20eee6877c,,,0,
Library/QHTM_FullSource1967/components/guitools/dibsetcolourtransparent.cpp,third-party/middleware,normal player dependency,1058,041c55e70c1450a80967b2e4cd6a378f0635873a705280db6346a184dd9d638d,,,0,
Library/QHTM_FullSource1967/components/guitools/drawbitmapshadow.cpp,third-party/middleware,normal player dependency,1988,e6dab0e636c707352124cadccec15005813ee2fed808b7337560e82f3406f79f,,,0,
Library/QHTM_FullSource1967/components/guitools/drawcontext.cpp,third-party/middleware,normal player dependency,16339,8ff6b4e2136a8ebd04c5cf8f8f191c443d3d4f78f490490e8b16b5965ed260b4,,,0,
Library/QHTM_FullSource1967/components/guitools/drawcontext.h,third-party/middleware,normal player dependency,7736,7dab0f0b288dbb3e85d99e6ca3382c5dd281f8c7be1c59c7a53383551ab967c8,,,4,Library/QHTM_FullSource1967/components/guitools/drawcontext.cpp;Library/QHTM_FullSource1967/components/guitools/gradientfill.h;Library/QHTM_FullSource1967/components/guitools/guibaseobject.h;Library/QHTM_FullSource1967/components/guitools/guitools.h
Library/QHTM_FullSource1967/components/guitools/drawcontext.inl,third-party/middleware,normal player dependency,4083,31473976f2092275df449547e9023bd7e20c61a55801c29c560d04eb041fa862,,,1,Library/QHTM_FullSource1967/components/guitools/drawcontext.h
Library/QHTM_FullSource1967/components/guitools/fontdef.h,third-party/middleware,normal player dependency,1475,26faf34816641732c5fbf06be75e2d8050a109eadd08a3d84ba19ef0908805eb,,,1,Library/QHTM_FullSource1967/components/guitools/drawcontext.h
Library/QHTM_FullSource1967/components/guitools/gradientfill.cpp,third-party/middleware,normal player dependency,2583,b47300938dbe49a4925d0b1fe92c621be548221b23ae7093704b9a7d2e3514d4,,,0,
Library/QHTM_FullSource1967/components/guitools/gradientfill.h,third-party/middleware,normal player dependency,1024,50120788f3a1d90ab56a05ec7c1ac082b67753dd8efb3d7a05760d4728b77264,,,1,Library/QHTM_FullSource1967/components/guitools/guitools.h
Library/QHTM_FullSource1967/components/guitools/guibaseobject.cpp,third-party/middleware,normal player dependency,4089,908a12211c2d435ea932eb086861473eb6dbf7147bf6c06df3a3377adf07257c,,,0,
Library/QHTM_FullSource1967/components/guitools/guibaseobject.h,third-party/middleware,normal player dependency,3281,6cd5898840cc90e979678d1682b35564e7955f551e02a76c25c7a729a0b5f622,,,1,Library/QHTM_FullSource1967/components/guitools/guibaseobject.cpp
Library/QHTM_FullSource1967/components/guitools/guibasewindowobject.cpp,third-party/middleware,normal player dependency,7972,f79894f0c8ce00a2872d74b34e871259eff950fc9e477ec87be09b0970051455,,,0,
Library/QHTM_FullSource1967/components/guitools/guibasewindowobject.h,third-party/middleware,normal player dependency,4097,96e568be86af5a9f48ca3beadecbf0b6d4c17d2674334c7e23dec9b0588973b7,,,1,Library/QHTM_FullSource1967/components/guitools/guibasewindowobject.cpp
Library/QHTM_FullSource1967/components/guitools/guihotmixin.h,third-party/middleware,normal player dependency,993,13a6c2d0bdd8da191107ff28a8dbbe1ff2d219091038b0cae050c0f51b59f2a0,,,0,
Library/QHTM_FullSource1967/components/guitools/guitools.h,third-party/middleware,normal player dependency,1127,087955c2f06864bd0349a870b564ff2abdfde6ad04b1906453c2dfbd3a8aea12,,,3,Library/QHTM_FullSource1967/components/guitools/createroundcornerregion.cpp;Library/QHTM_FullSource1967/components/guitools/gradientfill.cpp;Library/QHTM_FullSource1967/components/guitools/radialgradient.cpp
Library/QHTM_FullSource1967/components/guitools/guitooltip.cpp,third-party/middleware,normal player dependency,2786,8fbf8b07a50fd7c0d9c6551068a8fe0772d22cc052c5c1cf28d60f97f605b279,,,0,
Library/QHTM_FullSource1967/components/guitools/guitooltip.h,third-party/middleware,normal player dependency,971,4fac47af35fc36097300742598be2b1cd028804d98c03a6bb089505a36dcd5e3,,,1,Library/QHTM_FullSource1967/components/guitools/guitooltip.cpp
Library/QHTM_FullSource1967/components/guitools/handlemousewheelregisteredmessage.cpp,third-party/middleware,normal player dependency,2748,5a1732509a825f6e7c33a9354f963a494c0b843b76d5ea2584762889c487eb1b,,qhtm sdk/handlemousewheelregisteredmessage.cpp,0,
Library/QHTM_FullSource1967/components/guitools/palette.cpp,third-party/middleware,normal player dependency,2493,0b6ebbfbcb1feb3cf31a8ee4131108a0918efa1776f955f8e296c85e499845eb,,XFControl/Win32/palette.cpp;XLauncher/FlashCtrl/win32/palette.cpp,0,
Library/QHTM_FullSource1967/components/guitools/palette.h,third-party/middleware,normal player dependency,440,624e685bae348f7253a1d798b5f7ff139e597821bfce0ddb0fe28df94232051c,,XFControl/Win32/palette.h;XLauncher/FlashCtrl/win32/palette.h,3,Library/QHTM_FullSource1967/components/guitools/drawcontext.h;Library/QHTM_FullSource1967/components/guitools/guitools.h;Library/QHTM_FullSource1967/components/guitools/palette.cpp
Library/QHTM_FullSource1967/components/guitools/radialgradient.cpp,third-party/middleware,normal player dependency,2147,ef2c46f1ac96fd48d23de45f9b46d37d8ec3184795792127eb071f7da29d1966,,,0,
Library/QHTM_FullSource1967/components/guitools/smoothanimationcalc.h,third-party/middleware,normal player dependency,1275,08df817059e1a76a38a7f3c67ce0954887d75567206ce5555ea20c119827a1c1,,,0,
Library/QHTM_FullSource1967/components/guitools/stdafx.cpp,third-party/middleware,normal player dependency,200,e47a0c6af1f65b4aeb57dab962127efa9b81d188ec6677c070fd5bf54ebbe3fb,,SetRegistry/SetRegistry/StdAfx.cpp;SetRegistry/StdAfx.cpp;StdAfx.cpp;XFControl/StdAfx.cpp;XFileTransfer/StdAfx.cpp;XLauncher/StdAfx.cpp;XPacker/StdAfx.cpp;XPatch/StdAfx.cpp;qhtm sdk/qhtm static link/stdafx.cpp;qhtm sdk/stdafx.cpp;qhtm sdk/test/stdafx.cpp,0,
Library/QHTM_FullSource1967/components/guitools/stdafx.h,third-party/middleware,normal player dependency,540,9607a82154442addf730fcfe4cd569a6a4c17514d0becfcbdf1cdac9fa87e291,,SetRegistry/SetRegistry/StdAfx.h;SetRegistry/StdAfx.h;StdAfx.h;XFControl/StdAfx.h;XFileTransfer/StdAfx.h;XLauncher/StdAfx.h;XPacker/StdAfx.h;XPatch/StdAfx.h;qhtm sdk/qhtm static link/stdafx.h;qhtm sdk/stdafx.h;qhtm sdk/test/stdafx.h,31,Library/QHTM_FullSource1967/components/guitools/createroundcornerregion.cpp;Library/QHTM_FullSource1967/components/guitools/dib.cpp;Library/QHTM_FullSource1967/components/guitools/dibalphablend.cpp;Library/QHTM_FullSource1967/components/guitools/dibblur.cpp;Library/QHTM_FullSource1967/components/guitools/dibcleartocolour.cpp;Library/QHTM_FullSource1967/components/guitools/dibconverttograyscale.cpp;Library/QHTM_FullSource1967/components/guitools/dibcreatecopy.cpp;Library/QHTM_FullSource1967/components/guitools/dibcreateregionfromtransparency.cpp;Library/QHTM_FullSource1967/components/guitools/dibcreateresized.cpp;Library/QHTM_FullSource1967/components/guitools/dibdrawbitmapontous.cpp;Library/QHTM_FullSource1967/components/guitools/dibdrawline.cpp;Library/QHTM_FullSource1967/components/guitools/dibdrawtransparent.cpp;Library/QHTM_FullSource1967/components/guitools/dibdrawwithalphachannel.cpp;Library/QHTM_FullSource1967/components/guitools/dibfillrect.cpp;Library/QHTM_FullSource1967/components/guitools/dibgetpixel.cpp;Library/QHTM_FullSource1967/components/guitools/dibgradientfilllefttoright.cpp;Library/QHTM_FullSource1967/components/guitools/dibgradientfilltoptobottom.cpp;Library/QHTM_FullSource1967/components/guitools/dibputpixel.cpp;Library/QHTM_FullSource1967/components/guitools/dibputpixelblend.cpp;Library/QHTM_FullSource1967/components/guitools/dibrectangle.cpp;Library/QHTM_FullSource1967/components/guitools/dibsetcolourtransparent.cpp;Library/QHTM_FullSource1967/components/guitools/drawbitmapshadow.cpp;Library/QHTM_FullSource1967/components/guitools/drawcontext.cpp;Library/QHTM_FullSource1967/components/guitools/gradientfill.cpp;Library/QHTM_FullSource1967/components/guitools/guibaseobject.cpp;Library/QHTM_FullSource1967/components/guitools/guibasewindowobject.cpp;Library/QHTM_FullSource1967/components/guitools/guitooltip.cpp;Library/QHTM_FullSource1967/components/guitools/handlemousewheelregisteredmessage.cpp;Library/QHTM_FullSource1967/components/guitools/palette.cpp;Library/QHTM_FullSource1967/components/guitools/radialgradient.cpp;Library/QHTM_FullSource1967/components/guitools/stdafx.cpp
Library/QHTM_FullSource1967/components/imglib/compatibledc.h,third-party/middleware,normal player dependency,638,08915b3d8f7be764911c7fd75d2ebfe526553fe99383b1addda96064f78c3e51,,,6,Library/QHTM_FullSource1967/components/imglib/decodebmp.cpp;Library/QHTM_FullSource1967/components/imglib/decodeico.cpp;Library/QHTM_FullSource1967/components/imglib/decodejpeg.cpp;Library/QHTM_FullSource1967/components/imglib/decodemng.cpp;Library/QHTM_FullSource1967/components/imglib/decodepcx.cpp;Library/QHTM_FullSource1967/components/imglib/decodepng.cpp
Library/QHTM_FullSource1967/components/imglib/config.h,third-party/middleware,normal player dependency,1082,3d8983a7bbb66d04a8337c962a39752259dd0feac5381089f3ac1386e0a1e434,,qhtm sdk/config.h,9,Library/QHTM_FullSource1967/components/imglib/decodebmp.cpp;Library/QHTM_FullSource1967/components/imglib/decodegif.cpp;Library/QHTM_FullSource1967/components/imglib/decodeico.cpp;Library/QHTM_FullSource1967/components/imglib/decodejpeg.cpp;Library/QHTM_FullSource1967/components/imglib/decodemng.cpp;Library/QHTM_FullSource1967/components/imglib/decodepcx.cpp;Library/QHTM_FullSource1967/components/imglib/decodepng.cpp;Library/QHTM_FullSource1967/components/imglib/dibloader.cpp;Library/QHTM_FullSource1967/components/imglib/image.cpp
Library/QHTM_FullSource1967/components/imglib/decodebmp.cpp,third-party/middleware,normal player dependency,4388,1f50f5030d3ad633aa9be713f24bc91d4d9a83482feda48e9b081461f5257be3,,,0,
Library/QHTM_FullSource1967/components/imglib/decodegif.cpp,third-party/middleware,normal player dependency,13406,cff91a3d69621a35fc7e9246a12963b313ac970516678064e7f005cdfe488de3,,,0,
Library/QHTM_FullSource1967/components/imglib/decodeico.cpp,third-party/middleware,normal player dependency,8343,17e84e797a352bd34025034eb3dd1b9ec228f29cc7834d82bfb52fc0044a1cd9,,,0,
Library/QHTM_FullSource1967/components/imglib/decodejpeg.cpp,third-party/middleware,normal player dependency,10315,3b31becf777125db8e7501e529bf9b5572fc84d1bf31ce2235647fc9b8eeca6f,,,0,
Library/QHTM_FullSource1967/components/imglib/decodemng.cpp,third-party/middleware,normal player dependency,7960,4cf77d6028372394d924986a8fb2666b73be95b3c9a674d9bbc90d2b35ccdda3,,,0,
Library/QHTM_FullSource1967/components/imglib/decodepcx.cpp,third-party/middleware,normal player dependency,7711,6f6f735a8c2e68381905d05b751e95dee731e0f5ec4865cf5579a928738a0f31,,,0,
Library/QHTM_FullSource1967/components/imglib/decodepng.cpp,third-party/middleware,normal player dependency,4710,a30263bdb66e4a80380e586a675f1ae3ee175238622c9196e0b6590b98fe099f,,,0,
Library/QHTM_FullSource1967/components/imglib/dibloader.cpp,third-party/middleware,normal player dependency,5898,164edf0453f00ba613046545e5d5ec4307f99a1e235f60f7f21dc64f8803d000,,,0,
Library/QHTM_FullSource1967/components/imglib/dibloader.h,third-party/middleware,normal player dependency,1859,f5fae93e2bb72d03f8ccf9db0cfd985153d07417d7bd3046b61b4d4e55889f4e,,,7,Library/QHTM_FullSource1967/components/imglib/decodebmp.cpp;Library/QHTM_FullSource1967/components/imglib/decodeico.cpp;Library/QHTM_FullSource1967/components/imglib/decodejpeg.cpp;Library/QHTM_FullSource1967/components/imglib/decodemng.cpp;Library/QHTM_FullSource1967/components/imglib/decodepcx.cpp;Library/QHTM_FullSource1967/components/imglib/decodepng.cpp;Library/QHTM_FullSource1967/components/imglib/dibloader.cpp
Library/QHTM_FullSource1967/components/imglib/frame.cpp,third-party/middleware,normal player dependency,726,6c23d33baa323d491b51943c64cf496cd12d7dfa4286f66307ea222601fc6ebe,,,0,
Library/QHTM_FullSource1967/components/imglib/gif.h,third-party/middleware,normal player dependency,1503,d4c787734b16c04253355ae98a653f11bf6a6583b5d9c2899ba62c5cd5890f88,,,1,Library/QHTM_FullSource1967/components/imglib/decodegif.cpp
Library/QHTM_FullSource1967/components/imglib/image.cpp,third-party/middleware,normal player dependency,6953,fa202fee2c29197235ecb513deda8371bad251f941cdaffaf0ecb8a8d7d9282a,,,0,
Library/QHTM_FullSource1967/components/imglib/imglib.h,third-party/middleware,normal player dependency,1710,a596bc0b089c1a8fecf04c8a51d3fab81a891c7e6f9617091ec5c32016fd4354,,,8,Library/QHTM_FullSource1967/components/imglib/decodebmp.cpp;Library/QHTM_FullSource1967/components/imglib/decodegif.cpp;Library/QHTM_FullSource1967/components/imglib/decodeico.cpp;Library/QHTM_FullSource1967/components/imglib/decodejpeg.cpp;Library/QHTM_FullSource1967/components/imglib/decodemng.cpp;Library/QHTM_FullSource1967/components/imglib/decodepcx.cpp;Library/QHTM_FullSource1967/components/imglib/decodepng.cpp;Library/QHTM_FullSource1967/components/imglib/image.cpp
Library/QHTM_FullSource1967/components/imglib/imglibint.h,third-party/middleware,normal player dependency,1106,7824f432b747c027addaa97f9d2d4b26bb8a061f370a948295ee62a524e4652a,,,10,Library/QHTM_FullSource1967/components/imglib/decodebmp.cpp;Library/QHTM_FullSource1967/components/imglib/decodegif.cpp;Library/QHTM_FullSource1967/components/imglib/decodeico.cpp;Library/QHTM_FullSource1967/components/imglib/decodejpeg.cpp;Library/QHTM_FullSource1967/components/imglib/decodemng.cpp;Library/QHTM_FullSource1967/components/imglib/decodepcx.cpp;Library/QHTM_FullSource1967/components/imglib/decodepng.cpp;Library/QHTM_FullSource1967/components/imglib/dibloader.cpp;Library/QHTM_FullSource1967/components/imglib/frame.cpp;Library/QHTM_FullSource1967/components/imglib/image.cpp
Library/QHTM_FullSource1967/components/imglib/rifformat.h,third-party/middleware,normal player dependency,841,6a2706f0cd0b5638b5e4811631ae47f16386afb14cdebdf7fae511dced4aaf2d,,,0,
Library/QHTM_FullSource1967/components/imglib/stdafx.cpp,third-party/middleware,normal player dependency,199,e0dcfe399fd919ad35de57912abd805616ba6be38c587ba2ebdfe734f199e1d8,,SetRegistry/SetRegistry/StdAfx.cpp;SetRegistry/StdAfx.cpp;StdAfx.cpp;XFControl/StdAfx.cpp;XFileTransfer/StdAfx.cpp;XLauncher/StdAfx.cpp;XPacker/StdAfx.cpp;XPatch/StdAfx.cpp;qhtm sdk/qhtm static link/stdafx.cpp;qhtm sdk/stdafx.cpp;qhtm sdk/test/stdafx.cpp,0,
Library/QHTM_FullSource1967/components/imglib/stdafx.h,third-party/middleware,normal player dependency,1249,cd698700ecd893548c5eb671b6193cf774a60195c6699f8e84e70fa3da874e31,,SetRegistry/SetRegistry/StdAfx.h;SetRegistry/StdAfx.h;StdAfx.h;XFControl/StdAfx.h;XFileTransfer/StdAfx.h;XLauncher/StdAfx.h;XPacker/StdAfx.h;XPatch/StdAfx.h;qhtm sdk/qhtm static link/stdafx.h;qhtm sdk/stdafx.h;qhtm sdk/test/stdafx.h,11,Library/QHTM_FullSource1967/components/imglib/decodebmp.cpp;Library/QHTM_FullSource1967/components/imglib/decodegif.cpp;Library/QHTM_FullSource1967/components/imglib/decodeico.cpp;Library/QHTM_FullSource1967/components/imglib/decodejpeg.cpp;Library/QHTM_FullSource1967/components/imglib/decodemng.cpp;Library/QHTM_FullSource1967/components/imglib/decodepcx.cpp;Library/QHTM_FullSource1967/components/imglib/decodepng.cpp;Library/QHTM_FullSource1967/components/imglib/dibloader.cpp;Library/QHTM_FullSource1967/components/imglib/frame.cpp;Library/QHTM_FullSource1967/components/imglib/image.cpp;Library/QHTM_FullSource1967/components/imglib/stdafx.cpp
Library/QHTM_FullSource1967/components/jpeg-6b/jcapimin.c,third-party/middleware,normal player dependency,9121,5d7e394ac763f51bb13d6f049c65888d3b106bf54c01253807647745acdf6eac,,XGamebase/src/libs/jpeg/jcapimin.c,0,
Library/QHTM_FullSource1967/components/jpeg-6b/jcapistd.c,third-party/middleware,normal player dependency,5881,371517d8285ca47d286be53a6c1bf8f1a0372e12e6e7f7c84b324d7f441b6581,,XGamebase/src/libs/jpeg/jcapistd.c,0,
Library/QHTM_FullSource1967/components/jpeg-6b/jccoefct.c,third-party/middleware,normal player dependency,16400,3ae6713a9b2a3fe717703dcdcb37f5dfdf123c19736207b71c132c4e1caa7099,,XGamebase/src/libs/jpeg/jccoefct.c,0,
Library/QHTM_FullSource1967/components/jpeg-6b/jccolor.c,third-party/middleware,normal player dependency,14848,2c2b7417c2da845e5dcd959b4fb6264b8848c0de689d95dcc2a5b407ecaba5b5,,XGamebase/src/libs/jpeg/jccolor.c,0,
Library/QHTM_FullSource1967/components/jpeg-6b/jcdctmgr.c,third-party/middleware,normal player dependency,12469,58adbdb02c125057964569e56fad59df8dc7d61e751a476006c34e24c030d1dd,,XGamebase/src/libs/jpeg/jcdctmgr.c,0,
Library/QHTM_FullSource1967/components/jpeg-6b/jchuff.c,third-party/middleware,normal player dependency,28222,1255c27a8fae13ad2b53d5fa17697b3b7cdb4983f6bdbf96876326189d2efba0,,XGamebase/src/libs/jpeg/jchuff.c,0,
Library/QHTM_FullSource1967/components/jpeg-6b/jchuff.h,third-party/middleware,normal player dependency,1575,0aa206ea4abf0e68df14745c114fbe1db7705ce5c881b0964babf5acfbc38764,,XGamebase/src/libs/jpeg/jchuff.h;XLauncher/FlashCtrl/JPEG/jchuff.h,2,Library/QHTM_FullSource1967/components/jpeg-6b/jchuff.c;Library/QHTM_FullSource1967/components/jpeg-6b/jcphuff.c
Library/QHTM_FullSource1967/components/jpeg-6b/jcinit.c,third-party/middleware,normal player dependency,2349,31aa9f72d8e6250790328512ae9c646b3c2b32887f79fa3df01af7d5345e061c,,XGamebase/src/libs/jpeg/jcinit.c,0,
Library/QHTM_FullSource1967/components/jpeg-6b/jcmainct.c,third-party/middleware,normal player dependency,9168,a51f469b02429189ad0c5a52fb2d789d7025c1802b87168a9fe9180fc135c07e,,XGamebase/src/libs/jpeg/jcmainct.c,0,
Library/QHTM_FullSource1967/components/jpeg-6b/jcmarker.c,third-party/middleware,normal player dependency,17245,c4eadb83aeaa63df9a17364fbddb1df1b96fb1281f2d395dff6ec8371373cfcc,,XGamebase/src/libs/jpeg/jcmarker.c,0,
Library/QHTM_FullSource1967/components/jpeg-6b/jcmaster.c,third-party/middleware,normal player dependency,19889,44a467046fc8eee886359e1c738fb8289a5bb3533b06de62d332d5b409ddfb2b,,XGamebase/src/libs/jpeg/jcmaster.c,0,
Library/QHTM_FullSource1967/components/jpeg-6b/jcomapi.c,third-party/middleware,normal player dependency,3110,d8a79c2a19310e0bc918324d7174a1e1bc1b9e316f63fd90449abf46c041711d,,XGamebase/src/libs/jpeg/jcomapi.c,0,
Library/QHTM_FullSource1967/components/jpeg-6b/jconfig.h,third-party/middleware,normal player dependency,1333,1d0894775067d15163181f26d3039e24b34501ca7e5380dd2ddb8526dd05b250,,XGamebase/src/libs/jpeg/jconfig.h;XLauncher/FlashCtrl/JPEG/jconfig.h,2,Library/QHTM_FullSource1967/components/jpeg-6b/jinclude.h;Library/QHTM_FullSource1967/components/jpeg-6b/jpeglib.h
Library/QHTM_FullSource1967/components/jpeg-6b/jcparam.c,third-party/middleware,normal player dependency,21275,c24c98d067ba1424a578e91a0ab584533983eafbcc399d681895974225478629,,XGamebase/src/libs/jpeg/jcparam.c,0,
Library/QHTM_FullSource1967/components/jpeg-6b/jcphuff.c,third-party/middleware,normal player dependency,25115,7a428d6d13f786ba53d200ba96ab1fa3ff9f7dad61737ad96f3ce199b748c367,,XGamebase/src/libs/jpeg/jcphuff.c,0,
Library/QHTM_FullSource1967/components/jpeg-6b/jcprepct.c,third-party/middleware,normal player dependency,12073,4713a51fd7ecb9cc7c7162b30bc26243342361a4e083f43f2afbd10e977a92fc,,XGamebase/src/libs/jpeg/jcprepct.c,0,
Library/QHTM_FullSource1967/components/jpeg-6b/jcsample.c,third-party/middleware,normal player dependency,18859,8e0b73f54bafcd87f7117795de04987eb1a5a3ac74fb8d256833ceb59f8b31d4,,XGamebase/src/libs/jpeg/jcsample.c,0,
Library/QHTM_FullSource1967/components/jpeg-6b/jctrans.c,third-party/middleware,normal player dependency,13977,d548e4aea1e85dfd37ac1bf359df768480c82927a52ecd2356ef1ca0987f51a9,,XGamebase/src/libs/jpeg/jctrans.c,0,
Library/QHTM_FullSource1967/components/jpeg-6b/jdapimin.c,third-party/middleware,normal player dependency,12637,4f6e8865e4ef356b90131327f6fa847fb12e8ef03e823bde946d3e2f9d9356c3,,XGamebase/src/libs/jpeg/jdapimin.c,0,
Library/QHTM_FullSource1967/components/jpeg-6b/jdapistd.c,third-party/middleware,normal player dependency,9348,1b062e70e891819f4603f83baf49462ea737255a0c39df3ef941ef543f94fbab,,XGamebase/src/libs/jpeg/jdapistd.c,0,
Library/QHTM_FullSource1967/components/jpeg-6b/jdatadst.c,third-party/middleware,normal player dependency,5119,733388bac2d58328f8918d23ddfc9f1fc3d60b8a97ad90eb057920005c23cfc7,,XGamebase/src/libs/jpeg/jdatadst.c,0,
Library/QHTM_FullSource1967/components/jpeg-6b/jdatasrc.c,third-party/middleware,normal player dependency,7604,4de71c25304b1c3a2f19f62ba176122db78c4ac7147c2fc3fdf92532dce8f80d,,XGamebase/src/libs/jpeg/jdatasrc.c,0,
Library/QHTM_FullSource1967/components/jpeg-6b/jdcoefct.c,third-party/middleware,normal player dependency,25155,d84af1a89ea5f91d68607d5620a492f986b7515c141bc3666c5a70dc44df57db,,XGamebase/src/libs/jpeg/jdcoefct.c,0,
Library/QHTM_FullSource1967/components/jpeg-6b/jdcolor.c,third-party/middleware,normal player dependency,12962,de64bfa0416fa45c8a55cec82c7da468b329c3c3fc9cc55eb5f56509a80332cf,,XGamebase/src/libs/jpeg/jdcolor.c,0,
Library/QHTM_FullSource1967/components/jpeg-6b/jdct.h,third-party/middleware,normal player dependency,7041,4cde9d7c12ffc920e1dd525c6b7f41f88a3ea573af8c66a4b6d0d6ed3d7fd770,,XGamebase/src/libs/jpeg/jdct.h;XLauncher/FlashCtrl/JPEG/jdct.h,9,Library/QHTM_FullSource1967/components/jpeg-6b/jcdctmgr.c;Library/QHTM_FullSource1967/components/jpeg-6b/jddctmgr.c;Library/QHTM_FullSource1967/components/jpeg-6b/jfdctflt.c;Library/QHTM_FullSource1967/components/jpeg-6b/jfdctfst.c;Library/QHTM_FullSource1967/components/jpeg-6b/jfdctint.c;Library/QHTM_FullSource1967/components/jpeg-6b/jidctflt.c;Library/QHTM_FullSource1967/components/jpeg-6b/jidctfst.c;Library/QHTM_FullSource1967/components/jpeg-6b/jidctint.c;Library/QHTM_FullSource1967/components/jpeg-6b/jidctred.c
Library/QHTM_FullSource1967/components/jpeg-6b/jddctmgr.c,third-party/middleware,normal player dependency,8293,f50d9b1414b44782d4ef46761a53f930b06764468b4cbbf0bf0761ac0751defd,,XGamebase/src/libs/jpeg/jddctmgr.c,0,
Library/QHTM_FullSource1967/components/jpeg-6b/jdhuff.c,third-party/middleware,normal player dependency,20866,980d1bdeb8bc631a3528560a4f01bfae28efd8f3ecce4a76d32c97a71e6d1f52,,XGamebase/src/libs/jpeg/jdhuff.c,0,
Library/QHTM_FullSource1967/components/jpeg-6b/jdhuff.h,third-party/middleware,normal player dependency,8138,9474219e38bd98af7fd427e25462857854f3391fe4eaf329a0d0cb5e438e56f3,,XGamebase/src/libs/jpeg/jdhuff.h;XLauncher/FlashCtrl/JPEG/jdhuff.h,2,Library/QHTM_FullSource1967/components/jpeg-6b/jdhuff.c;Library/QHTM_FullSource1967/components/jpeg-6b/jdphuff.c
Library/QHTM_FullSource1967/components/jpeg-6b/jdinput.c,third-party/middleware,normal player dependency,13500,f1f6b042aa907fe622aa7c94b21d71e61f7f306e10988148c42cc7d50f667e76,,XGamebase/src/libs/jpeg/jdinput.c,0,
Library/QHTM_FullSource1967/components/jpeg-6b/jdmainct.c,third-party/middleware,normal player dependency,20366,f9a8331d0a58f6ae74bbfc27e9640d66afb067793586358e0bb47bdb7cb754df,,XGamebase/src/libs/jpeg/jdmainct.c,0,
Library/QHTM_FullSource1967/components/jpeg-6b/jdmarker.c,third-party/middleware,normal player dependency,41118,1200c42679f318768025f8e45457d02c5ce5dfecbd72b37dc0bd1da9adb4dba0,,XGamebase/src/libs/jpeg/jdmarker.c,0,
Library/QHTM_FullSource1967/components/jpeg-6b/jdmaster.c,third-party/middleware,normal player dependency,19710,c9f18a007511047a50db0b14c54e4d88c279571ec36824b70c3c20232ef7a8fe,,XGamebase/src/libs/jpeg/jdmaster.c,0,
Library/QHTM_FullSource1967/components/jpeg-6b/jdmerge.c,third-party/middleware,normal player dependency,13916,a47ca108ebf955104abbe3f9a64383532be2c70c6f956b5844b412f151f50453,,XGamebase/src/libs/jpeg/jdmerge.c,0,
Library/QHTM_FullSource1967/components/jpeg-6b/jdphuff.c,third-party/middleware,normal player dependency,20559,75db83bd4bf1f3f6f6fe7b1d2e195efcf5e3ab65597089807aaeeffbdb013627,,XGamebase/src/libs/jpeg/jdphuff.c,0,
Library/QHTM_FullSource1967/components/jpeg-6b/jdpostct.c,third-party/middleware,normal player dependency,9723,f873dd3a08eedee9a32c1e343cfbdc3380d2e245e1eab2c416d4e1a62cc9586e,,XGamebase/src/libs/jpeg/jdpostct.c,0,
Library/QHTM_FullSource1967/components/jpeg-6b/jdsample.c,third-party/middleware,normal player dependency,16381,acca64d28c61b87e77993dd0bd51d089ecd68f8989f93e7d17156314ca58670d,,XGamebase/src/libs/jpeg/jdsample.c,0,
Library/QHTM_FullSource1967/components/jpeg-6b/jdtrans.c,third-party/middleware,normal player dependency,5090,c97867f861168d81844a9c9fd8c0b643ce835534a605a93aaab758ec36c56d8a,,XGamebase/src/libs/jpeg/jdtrans.c,0,
Library/QHTM_FullSource1967/components/jpeg-6b/jerror.c,third-party/middleware,normal player dependency,7801,f215cc7948e628f4b3bf1f153ce1f460a65b0c4f9b5d4967e9cdc7ad95a3e265,,XGamebase/src/libs/jpeg/jerror.c,0,
Library/QHTM_FullSource1967/components/jpeg-6b/jerror.h,third-party/middleware,normal player dependency,13936,324f058e0dc17408ea83a8d47d0a7a1f6ba7553d653f709a9be275971f539fec,,XGamebase/src/libs/jpeg/jerror.h;XLauncher/FlashCtrl/JPEG/jerror.h,4,Library/QHTM_FullSource1967/components/jpeg-6b/jdatadst.c;Library/QHTM_FullSource1967/components/jpeg-6b/jdatasrc.c;Library/QHTM_FullSource1967/components/jpeg-6b/jerror.c;Library/QHTM_FullSource1967/components/jpeg-6b/jpeglib.h
Library/QHTM_FullSource1967/components/jpeg-6b/jfdctflt.c,third-party/middleware,normal player dependency,5486,07c7ec15785f5709515424da1b45deacfa822197b761e319f45fbaa45e17caf9,,XGamebase/src/libs/jpeg/jfdctflt.c,0,
Library/QHTM_FullSource1967/components/jpeg-6b/jfdctfst.c,third-party/middleware,normal player dependency,7578,1c28ec690d4a69bdc285eac01bef668e31866ad0018fe9b4f68bcdce8a9ec044,,XGamebase/src/libs/jpeg/jfdctfst.c,0,
Library/QHTM_FullSource1967/components/jpeg-6b/jfdctint.c,third-party/middleware,normal player dependency,11066,807dd95d59692db94d2fa23557d8a16e2a20cb4d851ba5a82f26fa1a674b52c8,,XGamebase/src/libs/jpeg/jfdctint.c,0,
Library/QHTM_FullSource1967/components/jpeg-6b/jidctflt.c,third-party/middleware,normal player dependency,8451,0988f6ba29f57b691dabdd3f0541839fb651dc74abd36c395130b12a30937155,,XGamebase/src/libs/jpeg/jidctflt.c,0,
Library/QHTM_FullSource1967/components/jpeg-6b/jidctfst.c,third-party/middleware,normal player dependency,13170,c864b3dcfe494f9c8bda25a6fa5fc0a330e636b32eb4bcb6febe8cb01ed1d433,,XGamebase/src/libs/jpeg/jidctfst.c,0,
Library/QHTM_FullSource1967/components/jpeg-6b/jidctint.c,third-party/middleware,normal player dependency,14815,3b7123ba9a66c10eb1f96d7432637b051278f3538d1b06884f9d21a39fd78f9a,,XGamebase/src/libs/jpeg/jidctint.c,0,
Library/QHTM_FullSource1967/components/jpeg-6b/jidctred.c,third-party/middleware,normal player dependency,13528,df25adc646b0fdd69aed54361928aeb36972a8293c917f8ec1b0d62e8f764252,,XGamebase/src/libs/jpeg/jidctred.c,0,
Library/QHTM_FullSource1967/components/jpeg-6b/jinclude.h,third-party/middleware,normal player dependency,3250,a6433e5ea0030f4bffd41bcc2f064008afd79de4270cf28494bd43d2fbc5da06,,XGamebase/src/libs/jpeg/jinclude.h;XLauncher/FlashCtrl/JPEG/jinclude.h,46,Library/QHTM_FullSource1967/components/jpeg-6b/jcapimin.c;Library/QHTM_FullSource1967/components/jpeg-6b/jcapistd.c;Library/QHTM_FullSource1967/components/jpeg-6b/jccoefct.c;Library/QHTM_FullSource1967/components/jpeg-6b/jccolor.c;Library/QHTM_FullSource1967/components/jpeg-6b/jcdctmgr.c;Library/QHTM_FullSource1967/components/jpeg-6b/jchuff.c;Library/QHTM_FullSource1967/components/jpeg-6b/jcinit.c;Library/QHTM_FullSource1967/components/jpeg-6b/jcmainct.c;Library/QHTM_FullSource1967/components/jpeg-6b/jcmarker.c;Library/QHTM_FullSource1967/components/jpeg-6b/jcmaster.c;Library/QHTM_FullSource1967/components/jpeg-6b/jcomapi.c;Library/QHTM_FullSource1967/components/jpeg-6b/jcparam.c;Library/QHTM_FullSource1967/components/jpeg-6b/jcphuff.c;Library/QHTM_FullSource1967/components/jpeg-6b/jcprepct.c;Library/QHTM_FullSource1967/components/jpeg-6b/jcsample.c;Library/QHTM_FullSource1967/components/jpeg-6b/jctrans.c;Library/QHTM_FullSource1967/components/jpeg-6b/jdapimin.c;Library/QHTM_FullSource1967/components/jpeg-6b/jdapistd.c;Library/QHTM_FullSource1967/components/jpeg-6b/jdatadst.c;Library/QHTM_FullSource1967/components/jpeg-6b/jdatasrc.c;Library/QHTM_FullSource1967/components/jpeg-6b/jdcoefct.c;Library/QHTM_FullSource1967/components/jpeg-6b/jdcolor.c;Library/QHTM_FullSource1967/components/jpeg-6b/jddctmgr.c;Library/QHTM_FullSource1967/components/jpeg-6b/jdhuff.c;Library/QHTM_FullSource1967/components/jpeg-6b/jdinput.c;Library/QHTM_FullSource1967/components/jpeg-6b/jdmainct.c;Library/QHTM_FullSource1967/components/jpeg-6b/jdmarker.c;Library/QHTM_FullSource1967/components/jpeg-6b/jdmaster.c;Library/QHTM_FullSource1967/components/jpeg-6b/jdmerge.c;Library/QHTM_FullSource1967/components/jpeg-6b/jdphuff.c;Library/QHTM_FullSource1967/components/jpeg-6b/jdpostct.c;Library/QHTM_FullSource1967/components/jpeg-6b/jdsample.c;Library/QHTM_FullSource1967/components/jpeg-6b/jdtrans.c;Library/QHTM_FullSource1967/components/jpeg-6b/jerror.c;Library/QHTM_FullSource1967/components/jpeg-6b/jfdctflt.c;Library/QHTM_FullSource1967/components/jpeg-6b/jfdctfst.c;Library/QHTM_FullSource1967/components/jpeg-6b/jfdctint.c;Library/QHTM_FullSource1967/components/jpeg-6b/jidctflt.c;Library/QHTM_FullSource1967/components/jpeg-6b/jidctfst.c;Library/QHTM_FullSource1967/components/jpeg-6b/jidctint.c;Library/QHTM_FullSource1967/components/jpeg-6b/jidctred.c;Library/QHTM_FullSource1967/components/jpeg-6b/jmemmgr.c;Library/QHTM_FullSource1967/components/jpeg-6b/jmemnobs.c;Library/QHTM_FullSource1967/components/jpeg-6b/jquant1.c;Library/QHTM_FullSource1967/components/jpeg-6b/jquant2.c;Library/QHTM_FullSource1967/components/jpeg-6b/jutils.c
Library/QHTM_FullSource1967/components/jpeg-6b/jmemmgr.c,third-party/middleware,normal player dependency,40988,2b57e48bb6dd369c2d46e5827cd1e2553d50e02b062d94c2c17725ca26b642e3,,XGamebase/src/libs/jpeg/jmemmgr.c,0,
Library/QHTM_FullSource1967/components/jpeg-6b/jmemnobs.c,third-party/middleware,normal player dependency,2772,0605c64556d298071473fc245fa9d83cf10b60022d5c5d2821a846b94aa1a9fb,,XGamebase/src/libs/jpeg/jmemnobs.c,0,
Library/QHTM_FullSource1967/components/jpeg-6b/jmemsys.h,third-party/middleware,normal player dependency,8230,dbe87b534bc93f9ea54492589e69307b492aff8a377fa3c9c8b54a54de488397,,XGamebase/src/libs/jpeg/jmemsys.h;XLauncher/FlashCtrl/JPEG/jmemsys.h,2,Library/QHTM_FullSource1967/components/jpeg-6b/jmemmgr.c;Library/QHTM_FullSource1967/components/jpeg-6b/jmemnobs.c
Library/QHTM_FullSource1967/components/jpeg-6b/jmorecfg.h,third-party/middleware,normal player dependency,12526,bb595425d8ca20e49d4ebd04f48290ec37569205f1904b94079f4255769da990,,XGamebase/src/libs/jpeg/jmorecfg.h;XLauncher/FlashCtrl/JPEG/jmorecfg.h,1,Library/QHTM_FullSource1967/components/jpeg-6b/jpeglib.h
Library/QHTM_FullSource1967/components/jpeg-6b/jpegint.h,third-party/middleware,normal player dependency,15712,f2fbbf47da9fe7cc9e4813235d71e1252ec4662e3ecb8823bd4d499492125153,,XGamebase/src/libs/jpeg/jpegint.h;XLauncher/FlashCtrl/JPEG/jpegint.h,1,Library/QHTM_FullSource1967/components/jpeg-6b/jpeglib.h
Library/QHTM_FullSource1967/components/jpeg-6b/jpeglib.h,third-party/middleware,normal player dependency,46288,b7bdb03e6ba45c3223907ebdf4d1d1c0a7ddb50d30d79b126e3ef4f8a0a388b5,,XGamebase/src/libs/jpeg/jpeglib.h;XLauncher/FlashCtrl/JPEG/jpeglib.h,46,Library/QHTM_FullSource1967/components/jpeg-6b/jcapimin.c;Library/QHTM_FullSource1967/components/jpeg-6b/jcapistd.c;Library/QHTM_FullSource1967/components/jpeg-6b/jccoefct.c;Library/QHTM_FullSource1967/components/jpeg-6b/jccolor.c;Library/QHTM_FullSource1967/components/jpeg-6b/jcdctmgr.c;Library/QHTM_FullSource1967/components/jpeg-6b/jchuff.c;Library/QHTM_FullSource1967/components/jpeg-6b/jcinit.c;Library/QHTM_FullSource1967/components/jpeg-6b/jcmainct.c;Library/QHTM_FullSource1967/components/jpeg-6b/jcmarker.c;Library/QHTM_FullSource1967/components/jpeg-6b/jcmaster.c;Library/QHTM_FullSource1967/components/jpeg-6b/jcomapi.c;Library/QHTM_FullSource1967/components/jpeg-6b/jcparam.c;Library/QHTM_FullSource1967/components/jpeg-6b/jcphuff.c;Library/QHTM_FullSource1967/components/jpeg-6b/jcprepct.c;Library/QHTM_FullSource1967/components/jpeg-6b/jcsample.c;Library/QHTM_FullSource1967/components/jpeg-6b/jctrans.c;Library/QHTM_FullSource1967/components/jpeg-6b/jdapimin.c;Library/QHTM_FullSource1967/components/jpeg-6b/jdapistd.c;Library/QHTM_FullSource1967/components/jpeg-6b/jdatadst.c;Library/QHTM_FullSource1967/components/jpeg-6b/jdatasrc.c;Library/QHTM_FullSource1967/components/jpeg-6b/jdcoefct.c;Library/QHTM_FullSource1967/components/jpeg-6b/jdcolor.c;Library/QHTM_FullSource1967/components/jpeg-6b/jddctmgr.c;Library/QHTM_FullSource1967/components/jpeg-6b/jdhuff.c;Library/QHTM_FullSource1967/components/jpeg-6b/jdinput.c;Library/QHTM_FullSource1967/components/jpeg-6b/jdmainct.c;Library/QHTM_FullSource1967/components/jpeg-6b/jdmarker.c;Library/QHTM_FullSource1967/components/jpeg-6b/jdmaster.c;Library/QHTM_FullSource1967/components/jpeg-6b/jdmerge.c;Library/QHTM_FullSource1967/components/jpeg-6b/jdphuff.c;Library/QHTM_FullSource1967/components/jpeg-6b/jdpostct.c;Library/QHTM_FullSource1967/components/jpeg-6b/jdsample.c;Library/QHTM_FullSource1967/components/jpeg-6b/jdtrans.c;Library/QHTM_FullSource1967/components/jpeg-6b/jerror.c;Library/QHTM_FullSource1967/components/jpeg-6b/jfdctflt.c;Library/QHTM_FullSource1967/components/jpeg-6b/jfdctfst.c;Library/QHTM_FullSource1967/components/jpeg-6b/jfdctint.c;Library/QHTM_FullSource1967/components/jpeg-6b/jidctflt.c;Library/QHTM_FullSource1967/components/jpeg-6b/jidctfst.c;Library/QHTM_FullSource1967/components/jpeg-6b/jidctint.c;Library/QHTM_FullSource1967/components/jpeg-6b/jidctred.c;Library/QHTM_FullSource1967/components/jpeg-6b/jmemmgr.c;Library/QHTM_FullSource1967/components/jpeg-6b/jmemnobs.c;Library/QHTM_FullSource1967/components/jpeg-6b/jquant1.c;Library/QHTM_FullSource1967/components/jpeg-6b/jquant2.c;Library/QHTM_FullSource1967/components/jpeg-6b/jutils.c
Library/QHTM_FullSource1967/components/jpeg-6b/jquant1.c,third-party/middleware,normal player dependency,31294,556df5715cf5d915e5190066ff4e542a9911b651e45b34d322a6f6c2b0098fbc,,XGamebase/src/libs/jpeg/jquant1.c,0,
Library/QHTM_FullSource1967/components/jpeg-6b/jquant2.c,third-party/middleware,normal player dependency,48429,9b6844e18480d7003618e8f473a0900743d15fc8516aee7229a77adce470eb0b,,XGamebase/src/libs/jpeg/jquant2.c,0,
Library/QHTM_FullSource1967/components/jpeg-6b/jutils.c,third-party/middleware,normal player dependency,5240,2cab735c6ea1bca55f4c94a72c73035a0a161378403a6bd849b350df71db92d6,,XGamebase/src/libs/jpeg/jutils.c,0,
Library/QHTM_FullSource1967/components/jpeg-6b/jversion.h,third-party/middleware,normal player dependency,360,7a8c12a9d52f62342b46b64a8d91d148ae7b0398e9663ad03da3e0b882cd2f14,,XGamebase/src/libs/jpeg/jversion.h;XLauncher/FlashCtrl/JPEG/jversion.h,1,Library/QHTM_FullSource1967/components/jpeg-6b/jerror.c
Library/QHTM_FullSource1967/components/libpng/png.c,third-party/middleware,normal player dependency,22825,0a273ca6a006ddd2325b2f89018d5766fa46f1cfd0c9996991f69e18586452c4,,,0,
Library/QHTM_FullSource1967/components/libpng/png.h,third-party/middleware,normal player dependency,136344,40d4f4f4b596471155b2f1178a2b17f01d2ecb03aec64c51751dfcad1a5454b7,,XGamebase/src/libs/png/png.h,18,Library/QHTM_FullSource1967/components/libpng/png.c;Library/QHTM_FullSource1967/components/libpng/pngerror.c;Library/QHTM_FullSource1967/components/libpng/pnggccrd.c;Library/QHTM_FullSource1967/components/libpng/pngget.c;Library/QHTM_FullSource1967/components/libpng/pngmem.c;Library/QHTM_FullSource1967/components/libpng/pngpread.c;Library/QHTM_FullSource1967/components/libpng/pngread.c;Library/QHTM_FullSource1967/components/libpng/pngrio.c;Library/QHTM_FullSource1967/components/libpng/pngrtran.c;Library/QHTM_FullSource1967/components/libpng/pngrutil.c;Library/QHTM_FullSource1967/components/libpng/pngset.c;Library/QHTM_FullSource1967/components/libpng/pngtest.c;Library/QHTM_FullSource1967/components/libpng/pngtrans.c;Library/QHTM_FullSource1967/components/libpng/pngvcrd.c;Library/QHTM_FullSource1967/components/libpng/pngwio.c;Library/QHTM_FullSource1967/components/libpng/pngwrite.c;Library/QHTM_FullSource1967/components/libpng/pngwtran.c;Library/QHTM_FullSource1967/components/libpng/pngwutil.c
Library/QHTM_FullSource1967/components/libpng/pngasmrd.h,third-party/middleware,normal player dependency,333,845b0e5446247d049a1990c3a7841aed3d4348fba5749a205c40065f12217af6,,XGamebase/src/libs/png/pngasmrd.h,0,
Library/QHTM_FullSource1967/components/libpng/pngconf.h,third-party/middleware,normal player dependency,40747,c029bf28fca167e8617162cc8d9d7f9981b1c60bf61016d6c04db40d5c8e059a,,XGamebase/src/libs/png/pngconf.h,1,Library/QHTM_FullSource1967/components/libpng/png.h
Library/QHTM_FullSource1967/components/libpng/pngerror.c,third-party/middleware,normal player dependency,8500,1e5a85d78ba160b0aae391c7e41138ca314d9eed027f3954cdd9bea69f45c7a3,,XGamebase/src/libs/png/pngerror.c,0,
Library/QHTM_FullSource1967/components/libpng/pnggccrd.c,third-party/middleware,normal player dependency,234660,990dfb176bfd95b99a79d68abb5a0285a1f0c33418646019577c50297842ae00,,XGamebase/src/libs/png/pnggccrd.c,0,
Library/QHTM_FullSource1967/components/libpng/pngget.c,third-party/middleware,normal player dependency,25736,676ec7f1ac4375de517718c746c3decbba35c129516d577e5b1208d25ddb14c8,,XGamebase/src/libs/png/pngget.c,0,
Library/QHTM_FullSource1967/components/libpng/pngmem.c,third-party/middleware,normal player dependency,16006,8cd66c95e46acddcdb873e5504a07e2f217693e8abc5fb564dae11b6b6cf423c,,XGamebase/src/libs/png/pngmem.c,0,
Library/QHTM_FullSource1967/components/libpng/pngpread.c,third-party/middleware,normal player dependency,44473,5e7a5b94318fd16c70ed81de855a9c7919d10b0a6de00978712bae2183cf59e7,,XGamebase/src/libs/png/pngpread.c,0,
Library/QHTM_FullSource1967/components/libpng/pngread.c,third-party/middleware,normal player dependency,45425,f915c538d92c0633bb2a1127ee663ad55d573d69a9f23e05cc5362bec0fcb2e1,,XGamebase/src/libs/png/pngread.c,0,
Library/QHTM_FullSource1967/components/libpng/pngrio.c,third-party/middleware,normal player dependency,5350,629982e48530065e7d75994467ed47d7bc6067ad77d7737f351d35a9d682e1de,,XGamebase/src/libs/png/pngrio.c,0,
Library/QHTM_FullSource1967/components/libpng/pngrtran.c,third-party/middleware,normal player dependency,142250,bbe2415a7e11b8f67376dff65f4b00fffb1d31271f7aad6fd9a232b20e5de7fb,,XGamebase/src/libs/png/pngrtran.c,0,
Library/QHTM_FullSource1967/components/libpng/pngrutil.c,third-party/middleware,normal player dependency,89875,f42e760fa73cf72c1d0b00378710c4f979f6dbcec94ea1cdbdd7fb8a8751224f,,XGamebase/src/libs/png/pngrutil.c,0,
Library/QHTM_FullSource1967/components/libpng/pngset.c,third-party/middleware,normal player dependency,36429,3ff544c3bd13029d8bfc5d698576fd9c1f4c9e31799ed313cf033318cb30a74b,,XGamebase/src/libs/png/pngset.c,0,
Library/QHTM_FullSource1967/components/libpng/pngtest.c,third-party/middleware,normal player dependency,45887,c267ee8480b93e533bfc427abeedd3d744a64bc2af8ca088d17f59a9ff5edee4,,,0,
Library/QHTM_FullSource1967/components/libpng/pngtrans.c,third-party/middleware,normal player dependency,20023,e2872e5d605aa6c81356609396612bff2c3b4a4c796400d607eed0179f4ad405,,XGamebase/src/libs/png/pngtrans.c,0,
Library/QHTM_FullSource1967/components/libpng/pngvcrd.c,third-party/middleware,normal player dependency,142411,32b53ae05740f06d91f1dfe1f0089a4c3e6fe2ccf2afefa886f64e8b0ab11cda,,XGamebase/src/libs/png/pngvcrd.c,0,
Library/QHTM_FullSource1967/components/libpng/pngwio.c,third-party/middleware,normal player dependency,7435,436a23b942f3c4d32ec1e97a643f3db1de05ce78510584557afe8a2964db1b0f,,XGamebase/src/libs/png/pngwio.c,0,
Library/QHTM_FullSource1967/components/libpng/pngwrite.c,third-party/middleware,normal player dependency,47404,025435e7bcf9b93fe232eaa10936c692a8498652da122e1c502b14ab2ec8a8ab,,XGamebase/src/libs/png/pngwrite.c,0,
Library/QHTM_FullSource1967/components/libpng/pngwtran.c,third-party/middleware,normal player dependency,16953,ad4ad0b8103ad4a10b1c85185d41ad720c2be7d2c12315488b53ba61d6d62ac7,,XGamebase/src/libs/png/pngwtran.c,0,
Library/QHTM_FullSource1967/components/libpng/pngwutil.c,third-party/middleware,normal player dependency,81678,94bb908e6bf7d9308575a136a0abf422c307ab135f7c5d6e47c0f6c0e39acb68,,XGamebase/src/libs/png/pngwutil.c,0,
Library/QHTM_FullSource1967/components/map.h,third-party/middleware,normal player dependency,3456,72b67ed18ac80a597d320980551536bdd69b32f338ce7406ab7ec46bf9fed8fb,,,0,
Library/QHTM_FullSource1967/components/map.inl,third-party/middleware,normal player dependency,5113,f6f158ad417fd9f804685a95fce50bdab8541caa2b695984723542b441ca87c4,,,1,Library/QHTM_FullSource1967/components/map.h
Library/QHTM_FullSource1967/components/mapiter.h,third-party/middleware,normal player dependency,1258,7eab0fcf99b267bafef3870706a348048baa8be537926295e086d21bdd767671,,,3,Library/QHTM_FullSource1967/components/guitools/drawcontext.cpp;Library/QHTM_FullSource1967/components/qhtm/htmldocument.cpp;Library/QHTM_FullSource1967/components/qhtm/qhtmcontrolsection.cpp
Library/QHTM_FullSource1967/components/mapiter.inl,third-party/middleware,normal player dependency,1724,b651f310ecfb167cdb034f40fb1c4d02f47ebe3a838a2e7548205595da27da5c,,,0,
Library/QHTM_FullSource1967/components/platform/platform.h,third-party/middleware,normal player dependency,1016,0d1853841a1bf6f46c743648a290b3592bc56762a4ae9103b77deaaa2d72d346,,,0,
Library/QHTM_FullSource1967/components/platform/win32/types.h,third-party/middleware,normal player dependency,979,e6d359382bfa0d77fccbc15ef4417af1597875790f1c1728323095c9a59c0fe4,,audio_sdk/asorg/include/AudioLib/Types.h;audio_sdk/include/AudioLib/Types.h;audio_sdk/src/AudioLib/include/AudioLib/Types.h,1,Library/QHTM_FullSource1967/components/platform/platform.h
Library/QHTM_FullSource1967/components/qhtm/aquireimage.cpp,third-party/middleware,normal player dependency,3370,1fbf82356faeb605e9e3496eeb1ca62ef7fb82f0bc56a54376f1b2a6d70f32a6,,qhtm sdk/aquireimage.cpp,0,
Library/QHTM_FullSource1967/components/qhtm/aquireimage.h,third-party/middleware,normal player dependency,595,d01e9116902f839d4cfffabc686e14dc884e4f023a06c6fe7a501ceb4d9fcd13,,qhtm sdk/aquireimage.h,2,Library/QHTM_FullSource1967/components/qhtm/aquireimage.cpp;Library/QHTM_FullSource1967/components/qhtm/htmlparse.cpp
Library/QHTM_FullSource1967/components/qhtm/background.h,third-party/middleware,normal player dependency,2916,7ce6381b8bdb25288798bf6b1a21c57bde3a6bcfc8bf1a1f52a6a4c353d385c5,,qhtm sdk/background.h,4,Library/QHTM_FullSource1967/components/qhtm/htmldocument.h;Library/QHTM_FullSource1967/components/qhtm/htmltable.h;Library/QHTM_FullSource1967/components/qhtm/htmltablecell.h;Library/QHTM_FullSource1967/components/qhtm/htmltablesection.h
Library/QHTM_FullSource1967/components/qhtm/buildno.h,third-party/middleware,normal player dependency,144,cf06e21538346c141a7b9a4555bd6623b253d6ed7d6dcef5764805126b35aef9,,qhtm sdk/buildno.h,1,Library/QHTM_FullSource1967/components/qhtm/res/qhtm.rc2
Library/QHTM_FullSource1967/components/qhtm/color.cpp,third-party/middleware,normal player dependency,537,df4d07a3ce5ba376c12a207e9d2a5ac2afa5a08072bfe9a868742c83a838d7f1,,qhtm sdk/color.cpp,0,
Library/QHTM_FullSource1967/components/qhtm/color.h,third-party/middleware,normal player dependency,649,4b58de74e33eb75e3b63063477feb513949bbd3efacd957e45604725036d26e7,,qhtm sdk/color.h,2,Library/QHTM_FullSource1967/components/qhtm/background.h;Library/QHTM_FullSource1967/components/qhtm/color.cpp
Library/QHTM_FullSource1967/components/qhtm/config.h,third-party/middleware,normal player dependency,1419,5deb575e9c7aea41364f2d40f3131fa43a37baa66c0cbdd65466ad6d213609da,,qhtm sdk/config.h,1,Library/QHTM_FullSource1967/components/qhtm/qhtm_includes.h
Library/QHTM_FullSource1967/components/qhtm/cursor.cpp,third-party/middleware,normal player dependency,1298,a8b06642306547b4bb337a7a42f04616074d6654939bfadb92ad2d511d231d64,,qhtm sdk/cursor.cpp,0,
Library/QHTM_FullSource1967/components/qhtm/cursor.h,third-party/middleware,normal player dependency,592,ae9616c2140c4336cb6df0e08b4bd9fc2f45ded1499e93b5781872195ac0e01e,,qhtm sdk/cursor.h,2,Library/QHTM_FullSource1967/components/qhtm/cursor.cpp;Library/QHTM_FullSource1967/components/qhtm/sectionabc.h
Library/QHTM_FullSource1967/components/qhtm/decodecharset.cpp,third-party/middleware,normal player dependency,1559,3c6f3c12ad38ac3fcb0c5773118d541d1030c9bf5a317ec1dd2036658afa7844,,qhtm sdk/decodecharset.cpp,0,
Library/QHTM_FullSource1967/components/qhtm/defaults.cpp,third-party/middleware,normal player dependency,2878,a582fdcb661727042408eb4a16b498cd496b4454ca475580645c90f6510338d5,,qhtm sdk/defaults.cpp,0,
Library/QHTM_FullSource1967/components/qhtm/defaults.h,third-party/middleware,normal player dependency,2042,d13bc9c805c78881f8824d46abdf351df68459bf85294de1d001003d0a92d5b9,,qhtm sdk/defaults.h,23,Library/QHTM_FullSource1967/components/qhtm/defaults.cpp;Library/QHTM_FullSource1967/components/qhtm/enablecooltips.cpp;Library/QHTM_FullSource1967/components/qhtm/htmlblockquote.cpp;Library/QHTM_FullSource1967/components/qhtm/htmldefinitionlist.cpp;Library/QHTM_FullSource1967/components/qhtm/htmldocument.cpp;Library/QHTM_FullSource1967/components/qhtm/htmlforminput.cpp;Library/QHTM_FullSource1967/components/qhtm/htmlimage.cpp;Library/QHTM_FullSource1967/components/qhtm/htmlimagesection.cpp;Library/QHTM_FullSource1967/components/qhtm/htmllist.cpp;Library/QHTM_FullSource1967/components/qhtm/htmlparse.cpp;Library/QHTM_FullSource1967/components/qhtm/htmlprint.cpp;Library/QHTM_FullSource1967/components/qhtm/htmlsection.cpp;Library/QHTM_FullSource1967/components/qhtm/htmlsectioncreator.cpp;Library/QHTM_FullSource1967/components/qhtm/htmlselect.cpp;Library/QHTM_FullSource1967/components/qhtm/htmltable.cpp;Library/QHTM_FullSource1967/components/qhtm/htmltextarea.cpp;Library/QHTM_FullSource1967/components/qhtm/qhtm_gethtmlheight.cpp;Library/QHTM_FullSource1967/components/qhtm/qhtm_renderhtml.cpp;Library/QHTM_FullSource1967/components/qhtm/qhtm_sethtmlbutton.cpp;Library/QHTM_FullSource1967/components/qhtm/qhtmcontrolsection.h;Library/QHTM_FullSource1967/components/qhtm/tablelayout.cpp;Library/QHTM_FullSource1967/components/qhtm/tipwindow.cpp;Library/QHTM_FullSource1967/components/qhtm/tipwindow.h
Library/QHTM_FullSource1967/components/qhtm/dllmain.cpp,third-party/middleware,normal player dependency,956,0267bed2a68d394a1b49eef01deab63888a8aa897a24ad2c370dc881efadc96a,,qhtm sdk/dllmain.cpp,0,
Library/QHTM_FullSource1967/components/qhtm/drawtiledbitmap.cpp,third-party/middleware,normal player dependency,864,9f794404b228d42d5712ed165e5ae40c763d13bb67ef68f24175eda4ec636f34,,qhtm sdk/drawtiledbitmap.cpp,0,
Library/QHTM_FullSource1967/components/qhtm/enablecooltips.cpp,third-party/middleware,normal player dependency,5311,9a19a926b4c395574c37ec2721ccef7b05a0468a612e3809d92e5697c05303e8,,qhtm sdk/enablecooltips.cpp,0,
Library/QHTM_FullSource1967/components/qhtm/focuscontrol.h,third-party/middleware,normal player dependency,934,31ca4cd90cd94711d1e67e7452530b91a140833fc3dddbcc2ff24950a741cbf8,,qhtm sdk/focuscontrol.h,2,Library/QHTM_FullSource1967/components/qhtm/htmlsectionabc.h;Library/QHTM_FullSource1967/components/qhtm/htmlsectionlink.h
Library/QHTM_FullSource1967/components/qhtm/fontinfo.cpp,third-party/middleware,normal player dependency,2931,d21bf83dfd749cf1eefab2a52f2f863ef91c967b337731ae151ee79f26cc091f,,qhtm sdk/fontinfo.cpp,0,
Library/QHTM_FullSource1967/components/qhtm/fontinfo.h,third-party/middleware,normal player dependency,537,e952d5eb44567036f393433defb6ce48d6f13c84f4402d9e4fbca96b2f69cc8e,,qhtm sdk/fontinfo.h,2,Library/QHTM_FullSource1967/components/qhtm/fontinfo.cpp;Library/QHTM_FullSource1967/components/qhtm/htmlparse.cpp
Library/QHTM_FullSource1967/components/qhtm/formdisplayelementabc.h,third-party/middleware,normal player dependency,955,69d7b748e3e9597f17aad2236dfcf243850708a47a0a47dd7764905e3eac2f4b,,qhtm sdk/formdisplayelementabc.h,6,Library/QHTM_FullSource1967/components/qhtm/htmlbuttonsection.h;Library/QHTM_FullSource1967/components/qhtm/htmlcombosection.h;Library/QHTM_FullSource1967/components/qhtm/htmlcontrolsection.h;Library/QHTM_FullSource1967/components/qhtm/htmleditsection.h;Library/QHTM_FullSource1967/components/qhtm/htmlform.cpp;Library/QHTM_FullSource1967/components/qhtm/htmllistboxsection.h
Library/QHTM_FullSource1967/components/qhtm/getcolourfromstring.cpp,third-party/middleware,normal player dependency,13462,03b8c9432a6d792e653d703aa48cf95a32b1b50859f328663e67b7f684cd7108,,qhtm sdk/getcolourfromstring.cpp,0,
Library/QHTM_FullSource1967/components/qhtm/getdisplayworkarea.cpp,third-party/middleware,normal player dependency,1222,ee200ea4b81180f586a6a285c84ee267ec9c8bd3a5d88c5dff2457b61ed4eb89,,qhtm sdk/getdisplayworkarea.cpp,0,
Library/QHTM_FullSource1967/components/qhtm/getfontsize.cpp,third-party/middleware,normal player dependency,1395,406b4e09098159166ddbf75b070f8aed4c12312fdbdc5d60a52facebfe2136ab,,qhtm sdk/getfontsize.cpp,0,
Library/QHTM_FullSource1967/components/qhtm/getfontsizeaspixels.cpp,third-party/middleware,normal player dependency,2037,7e8730d571ee9f6ee53dbe33e7b5dee75ba965a2a67d5c9e9d1da61846380156,,qhtm sdk/getfontsizeaspixels.cpp,0,
Library/QHTM_FullSource1967/components/qhtm/getnumberparameter.cpp,third-party/middleware,normal player dependency,1543,7c38af506d4a16ae6c75bb46e2347ee29757d27d787b719ea3a77c3cb155d4ec,,qhtm sdk/getnumberparameter.cpp,0,
Library/QHTM_FullSource1967/components/qhtm/gotourl.cpp,third-party/middleware,normal player dependency,2420,693da83ef80f6c29956fb924710035362ad6325d2efae720dfb0d9d3451fbe5b,,qhtm sdk/gotourl.cpp,0,
Library/QHTM_FullSource1967/components/qhtm/handlemousewheelregisteredmessage.cpp,third-party/middleware,normal player dependency,2748,5a1732509a825f6e7c33a9354f963a494c0b843b76d5ea2584762889c487eb1b,,qhtm sdk/handlemousewheelregisteredmessage.cpp,0,
Library/QHTM_FullSource1967/components/qhtm/htmlanchor.cpp,third-party/middleware,normal player dependency,1677,13e7036f9d9be68ec0545c75f7ff82935fc3695cc2a6151665dd96b3639722b6,,qhtm sdk/htmlanchor.cpp,0,
Library/QHTM_FullSource1967/components/qhtm/htmlanchor.h,third-party/middleware,normal player dependency,952,00c7c35fc2f6d0592155186635bbb5b10acf90a604c09fa5871faa6ef129d4aa,,qhtm sdk/htmlanchor.h,1,Library/QHTM_FullSource1967/components/qhtm/htmldocument.h
Library/QHTM_FullSource1967/components/qhtm/htmlblockquote.cpp,third-party/middleware,normal player dependency,1884,11609fdcc049ebcf0ebf09e6df502e191dd7f6b95611330a671dfa492135abbf,,qhtm sdk/htmlblockquote.cpp,0,
Library/QHTM_FullSource1967/components/qhtm/htmlblockquote.h,third-party/middleware,normal player dependency,1008,b4b79bf3feb54b228621df4c5f5215b62b9cc368df26830650d5db8b5c9180a9,,qhtm sdk/htmlblockquote.h,1,Library/QHTM_FullSource1967/components/qhtm/htmldocument.h
Library/QHTM_FullSource1967/components/qhtm/htmlbreak.cpp,third-party/middleware,normal player dependency,970,690a7dfbbbafd55cd70cd486d960e940ff590488e3d756ea965f0194b5f9bf52,,qhtm sdk/htmlbreak.cpp,0,
Library/QHTM_FullSource1967/components/qhtm/htmlbreak.h,third-party/middleware,normal player dependency,936,4c921da269501356987350cf3028b38fbdd286edbff762b5859fb78ef9e2f915,,qhtm sdk/htmlbreak.h,1,Library/QHTM_FullSource1967/components/qhtm/htmldocument.h
Library/QHTM_FullSource1967/components/qhtm/htmlbuttonsection.cpp,third-party/middleware,normal player dependency,7020,5d96b7b6d4c9396ab3530f6173b5414c1954aad3da2384ee2b0e23261ff2e02d,,qhtm sdk/htmlbuttonsection.cpp,0,
Library/QHTM_FullSource1967/components/qhtm/htmlbuttonsection.h,third-party/middleware,normal player dependency,1870,876f971ed72f55a42013b5cff8056ee3e94b8934a2d58fc51d0926947d4aeedd,,qhtm sdk/htmlbuttonsection.h,2,Library/QHTM_FullSource1967/components/qhtm/htmlbuttonsection.cpp;Library/QHTM_FullSource1967/components/qhtm/htmlforminput.cpp
Library/QHTM_FullSource1967/components/qhtm/htmlcombosection.cpp,third-party/middleware,normal player dependency,4811,89a33e83e72b567fb1cd6c213b94757611d4c07080b86aa4bf7f2e80545edeff,,qhtm sdk/htmlcombosection.cpp,0,
Library/QHTM_FullSource1967/components/qhtm/htmlcombosection.h,third-party/middleware,normal player dependency,1558,782234bcc314b7d85b56f0245a1b1748bf6b3d4a0a420cd1a67a1d9fcea65b64,,qhtm sdk/htmlcombosection.h,2,Library/QHTM_FullSource1967/components/qhtm/htmlcombosection.cpp;Library/QHTM_FullSource1967/components/qhtm/htmlselect.cpp
Library/QHTM_FullSource1967/components/qhtm/htmlcontrol.cpp,third-party/middleware,normal player dependency,4467,d13bcda7d923f3206758df329daf8b61360d1a0cb04bb2c62fa2fe290822e71f,,qhtm sdk/htmlcontrol.cpp,0,
Library/QHTM_FullSource1967/components/qhtm/htmlcontrol.h,third-party/middleware,normal player dependency,1340,ab675364f17736acdc09d37299a8b48935300329b60477047bdefc00774b7c21,,qhtm sdk/htmlcontrol.h,1,Library/QHTM_FullSource1967/components/qhtm/htmldocument.h
Library/QHTM_FullSource1967/components/qhtm/htmlcontrolsection.cpp,third-party/middleware,normal player dependency,2237,c2919b3ac084f8c51ac652935262e3c76aa55b231121beaf295117e0361cf719,,qhtm sdk/htmlcontrolsection.cpp,0,
Library/QHTM_FullSource1967/components/qhtm/htmlcontrolsection.h,third-party/middleware,normal player dependency,1609,a99fac12359a36c9ae97e718ac516f12d4c9cb6d12d19ef33eb5890f5ddf84a3,,qhtm sdk/htmlcontrolsection.h,2,Library/QHTM_FullSource1967/components/qhtm/htmlcontrol.cpp;Library/QHTM_FullSource1967/components/qhtm/htmlcontrolsection.cpp
Library/QHTM_FullSource1967/components/qhtm/htmldefinitionlist.cpp,third-party/middleware,normal player dependency,2259,70eb896022b5404b5c609535b496b8c0791a9a19bde8ec55ec2b1162e5743004,,qhtm sdk/htmldefinitionlist.cpp,0,
Library/QHTM_FullSource1967/components/qhtm/htmldefinitionlist.h,third-party/middleware,normal player dependency,1107,ca136256a49da62a59cb70310e21128f888fdfea172686b75ae3a7174128f527,,qhtm sdk/htmldefinitionlist.h,1,Library/QHTM_FullSource1967/components/qhtm/htmldocument.h
Library/QHTM_FullSource1967/components/qhtm/htmldefinitionlistitem.cpp,third-party/middleware,normal player dependency,1144,5184bfa44efcbf7713d61101f967e8fdc16026bd76334f09e57b21e13d8febfe,,qhtm sdk/htmldefinitionlistitem.cpp,0,
Library/QHTM_FullSource1967/components/qhtm/htmldefinitionlistitem.h,third-party/middleware,normal player dependency,884,52a32c74a87a4049be9378f5937628c8f1da1e6f9b25d9688bd656db8c60ea0a,,qhtm sdk/htmldefinitionlistitem.h,1,Library/QHTM_FullSource1967/components/qhtm/htmldocument.h
Library/QHTM_FullSource1967/components/qhtm/htmldocument.cpp,third-party/middleware,normal player dependency,3987,a70a7a873ee57c09d0c229c1a39521a1f8a3ce340337bd353aef749990da0ea9,,qhtm sdk/htmldocument.cpp,0,
Library/QHTM_FullSource1967/components/qhtm/htmldocument.h,third-party/middleware,normal player dependency,4416,a81c8ab1f8c944120cf0fb2830834895f14f8cc68a0ba6526500ec967daa5d47,,qhtm sdk/htmldocument.h,1,Library/QHTM_FullSource1967/components/qhtm/htmlparse.h
Library/QHTM_FullSource1967/components/qhtm/htmldocumentobject.cpp,third-party/middleware,normal player dependency,521,34ee3bb25f8eef1bc8147be5e9e57496a8953337c543f262f36ef6b80e87d781,,qhtm sdk/htmldocumentobject.cpp,0,
Library/QHTM_FullSource1967/components/qhtm/htmldocumentobject.h,third-party/middleware,normal player dependency,897,85ba63c650d9868278af74996475358da0067bc5aa4ace4c1ab47c4bcef72f13,,qhtm sdk/htmldocumentobject.h,2,Library/QHTM_FullSource1967/components/qhtm/htmldocument.h;Library/QHTM_FullSource1967/components/qhtm/htmlparagraph.h
Library/QHTM_FullSource1967/components/qhtm/htmleditsection.cpp,third-party/middleware,normal player dependency,4555,6545a0a4a567c4023b4bdd15b72a82c43be34815c4e6bb615e5161557e58a427,,qhtm sdk/htmleditsection.cpp,0,
Library/QHTM_FullSource1967/components/qhtm/htmleditsection.h,third-party/middleware,normal player dependency,1548,57bdaf17d04193cda729f68b351a50e8a09adbb1d1564fb24a54da11f9e9ed9b,,qhtm sdk/htmleditsection.h,2,Library/QHTM_FullSource1967/components/qhtm/htmleditsection.cpp;Library/QHTM_FullSource1967/components/qhtm/htmlforminput.cpp
Library/QHTM_FullSource1967/components/qhtm/htmlfontdef.h,third-party/middleware,normal player dependency,1228,af8f7451fc1602d3ed87f5025e29366169ae8e2f2f1c86292b63ed3359e4f021,,qhtm sdk/htmlfontdef.h,2,Library/QHTM_FullSource1967/components/qhtm/htmlparse.h;Library/QHTM_FullSource1967/components/qhtm/htmltextarea.h
Library/QHTM_FullSource1967/components/qhtm/htmlform.cpp,third-party/middleware,normal player dependency,1719,a40add3b630362b78156fd0ee8a0aa3955ff9af6c3fd750939b3f16c34dc6c54,,qhtm sdk/htmlform.cpp,0,
Library/QHTM_FullSource1967/components/qhtm/htmlform.h,third-party/middleware,normal player dependency,1428,241cbb103040437972178c85211424a45f0e81731a84c88901958c3613615083,,qhtm sdk/htmlform.h,1,Library/QHTM_FullSource1967/components/qhtm/htmldocument.h
Library/QHTM_FullSource1967/components/qhtm/htmlformfield.h,third-party/middleware,normal player dependency,488,4eb6ee98560ed60088cfd05312a30565b031a47bf7cadb641b753ddd3f9db5b8,,qhtm sdk/htmlformfield.h,2,Library/QHTM_FullSource1967/components/qhtm/htmlform.h;Library/QHTM_FullSource1967/components/qhtm/htmlformobjectabc.h
Library/QHTM_FullSource1967/components/qhtm/htmlforminput.cpp,third-party/middleware,normal player dependency,7543,9331b4651ff263fd2e81ada7124175412af81d9d62a99d3fb96430ac4fd33d00,,qhtm sdk/htmlforminput.cpp,0,
Library/QHTM_FullSource1967/components/qhtm/htmlforminput.h,third-party/middleware,normal player dependency,1540,f65172007e88fb6395417809519a9cd33cfd4167e617b2dd50011b4e89278eaa,,qhtm sdk/htmlforminput.h,5,Library/QHTM_FullSource1967/components/qhtm/htmlcombosection.cpp;Library/QHTM_FullSource1967/components/qhtm/htmldocument.h;Library/QHTM_FullSource1967/components/qhtm/htmleditsection.cpp;Library/QHTM_FullSource1967/components/qhtm/htmllistboxsection.cpp;Library/QHTM_FullSource1967/components/qhtm/htmltextarea.h
Library/QHTM_FullSource1967/components/qhtm/htmlformobjectabc.cpp,third-party/middleware,normal player dependency,822,875d8dd41923e9446bb0de375679cfe066f0a5954668b6d0a39fb7acd863b922,,qhtm sdk/htmlformobjectabc.cpp,0,
Library/QHTM_FullSource1967/components/qhtm/htmlformobjectabc.h,third-party/middleware,normal player dependency,1102,b79578d8bf70b3e433a1238c8e5fb24ea1ba181541b9252c71510cd50209e9f2,,qhtm sdk/htmlformobjectabc.h,4,Library/QHTM_FullSource1967/components/qhtm/formdisplayelementabc.h;Library/QHTM_FullSource1967/components/qhtm/htmlforminput.h;Library/QHTM_FullSource1967/components/qhtm/htmlformobjectabc.cpp;Library/QHTM_FullSource1967/components/qhtm/htmlselect.h
Library/QHTM_FullSource1967/components/qhtm/htmlgetalignmentfromstring.cpp,third-party/middleware,normal player dependency,1506,ce865d190b8c49d70fa477ecffa50ebbeb1c09a4f68fbab7eb33413d5119035d,,qhtm sdk/htmlgetalignmentfromstring.cpp,0,
Library/QHTM_FullSource1967/components/qhtm/htmlhorizontalrule.cpp,third-party/middleware,normal player dependency,2305,1e9c2d86056a2b487d28b48d75f762c47422798719c54dedefbece980bf504b3,,qhtm sdk/htmlhorizontalrule.cpp,0,
Library/QHTM_FullSource1967/components/qhtm/htmlhorizontalrule.h,third-party/middleware,normal player dependency,1009,37437a0d95f68c23114f91cabd58fc6fb6986ef1f78b9f21f9fbd738ddb7a741,,qhtm sdk/htmlhorizontalrule.h,1,Library/QHTM_FullSource1967/components/qhtm/htmldocument.h
Library/QHTM_FullSource1967/components/qhtm/htmlhorizontalrulesection.cpp,third-party/middleware,normal player dependency,1201,8690746d37fc7d420ca27af6e1d8569ae900d8fb1b679befad14ea4a629b6da0,,qhtm sdk/htmlhorizontalrulesection.cpp,0,
Library/QHTM_FullSource1967/components/qhtm/htmlhorizontalrulesection.h,third-party/middleware,normal player dependency,1032,a6a9e3216b5add9fafe115924d00a62092a06b8adf23648dfe9951d8a7666c3a,,qhtm sdk/htmlhorizontalrulesection.h,2,Library/QHTM_FullSource1967/components/qhtm/htmlhorizontalrule.cpp;Library/QHTM_FullSource1967/components/qhtm/htmlhorizontalrulesection.cpp
Library/QHTM_FullSource1967/components/qhtm/htmlimage.cpp,third-party/middleware,normal player dependency,3728,c7c606b96d5c1424652c1b2fdfe25d99cf96629842a13f90701f79f79a83b3e1,,qhtm sdk/htmlimage.cpp,0,
Library/QHTM_FullSource1967/components/qhtm/htmlimage.h,third-party/middleware,normal player dependency,1077,0c9134d3790263637a6afa13d5c5cd632b2b53cbce3f9640aa241df322534f58,,qhtm sdk/htmlimage.h,1,Library/QHTM_FullSource1967/components/qhtm/htmldocument.h
Library/QHTM_FullSource1967/components/qhtm/htmlimagesection.cpp,third-party/middleware,normal player dependency,2966,412bbb783bec7dd2b7cb82072d78e792d6f970e6a6ce36be05a10a193ce34c05,,qhtm sdk/htmlimagesection.cpp,0,
Library/QHTM_FullSource1967/components/qhtm/htmlimagesection.h,third-party/middleware,normal player dependency,1065,b5901d21a822f1c1a2b509c453f218b00b0faab1521735dd491850f65b9d9d1c,,qhtm sdk/htmlimagesection.h,2,Library/QHTM_FullSource1967/components/qhtm/htmlimage.cpp;Library/QHTM_FullSource1967/components/qhtm/htmlimagesection.cpp
Library/QHTM_FullSource1967/components/qhtm/htmllink.h,third-party/middleware,normal player dependency,654,07ddd708975b449ecbc3cc0504cd8b08f0f3facd8ea2a2d5b46945af533c3e24,,qhtm sdk/htmllink.h,0,
Library/QHTM_FullSource1967/components/qhtm/htmllist.cpp,third-party/middleware,normal player dependency,9015,97bb09d48920b1ec7966ac8cab1fa093f2360608184da1e42d9c069cdd08a570,,qhtm sdk/htmllist.cpp,0,
Library/QHTM_FullSource1967/components/qhtm/htmllist.h,third-party/middleware,normal player dependency,1339,97d94c28860c396725564db9d0e3993a3b819e45accb07699a2749f3916a2f2d,,qhtm sdk/htmllist.h,1,Library/QHTM_FullSource1967/components/qhtm/htmldocument.h
Library/QHTM_FullSource1967/components/qhtm/htmllistboxsection.cpp,third-party/middleware,normal player dependency,4862,7d7e4bc63ba5f21ea2bf95a055bbfb9ec542563ff77aaf56fe9e0f6f9e3d35fe,,qhtm sdk/htmllistboxsection.cpp,0,
Library/QHTM_FullSource1967/components/qhtm/htmllistboxsection.h,third-party/middleware,normal player dependency,1576,cc94264828060389f83714774c871cfe208f0a9ce7c9b7ff77cee4980934cf05,,qhtm sdk/htmllistboxsection.h,2,Library/QHTM_FullSource1967/components/qhtm/htmllistboxsection.cpp;Library/QHTM_FullSource1967/components/qhtm/htmlselect.cpp
Library/QHTM_FullSource1967/components/qhtm/htmllistitem.cpp,third-party/middleware,normal player dependency,2082,a521fa85fe67b247e47e23cc9a18260e5982904735b33ad7f9e5d66846a7e93b,,qhtm sdk/htmllistitem.cpp,0,
Library/QHTM_FullSource1967/components/qhtm/htmllistitem.h,third-party/middleware,normal player dependency,1242,d29d0cff0f75fe7c6e7815880c3780a72542fafcbff2a570891bed799c7c0861,,qhtm sdk/htmllistitem.h,1,Library/QHTM_FullSource1967/components/qhtm/htmldocument.h
Library/QHTM_FullSource1967/components/qhtm/htmloption.cpp,third-party/middleware,normal player dependency,863,6d7bc89b4951acfc2aec329cde8e97e9932e28e27868a5a65e015ecfedc6146a,,qhtm sdk/htmloption.cpp,0,
Library/QHTM_FullSource1967/components/qhtm/htmloption.h,third-party/middleware,normal player dependency,735,66ab5718f584e0768dcf1cbf00ef8c183dd6aa27719c2df3196a1919d5869383,,qhtm sdk/htmloption.h,3,Library/QHTM_FullSource1967/components/qhtm/htmldocument.h;Library/QHTM_FullSource1967/components/qhtm/htmloption.cpp;Library/QHTM_FullSource1967/components/qhtm/htmlselect.cpp
Library/QHTM_FullSource1967/components/qhtm/htmlparagraph.cpp,third-party/middleware,normal player dependency,2124,c851cc05ba2e7cba839b9c6059fbff9311121049a1d93e6e98db6666d96bc056,,qhtm sdk/htmlparagraph.cpp,0,
Library/QHTM_FullSource1967/components/qhtm/htmlparagraph.h,third-party/middleware,normal player dependency,1319,4366ecbd623b6d18133b8d5df6ffdb371694134b5f13a79d303956be6a911c4f,,qhtm sdk/htmlparagraph.h,2,Library/QHTM_FullSource1967/components/qhtm/htmldocument.h;Library/QHTM_FullSource1967/components/qhtm/htmlform.h
Library/QHTM_FullSource1967/components/qhtm/htmlparagraphobject.cpp,third-party/middleware,normal player dependency,685,c59c2dfcb726e610339ee48768a9ada7ba83f079bbd5cf6f2d2819fea4352b0b,,qhtm sdk/htmlparagraphobject.cpp,0,
Library/QHTM_FullSource1967/components/qhtm/htmlparagraphobject.h,third-party/middleware,normal player dependency,1258,bc7e5940c8f99048b5f805ac2e7ff3179171e87afae05633b5441063332decc5,,qhtm sdk/htmlparagraphobject.h,6,Library/QHTM_FullSource1967/components/qhtm/htmlblockquote.h;Library/QHTM_FullSource1967/components/qhtm/htmlbreak.h;Library/QHTM_FullSource1967/components/qhtm/htmldefinitionlist.h;Library/QHTM_FullSource1967/components/qhtm/htmldocument.h;Library/QHTM_FullSource1967/components/qhtm/htmlformobjectabc.h;Library/QHTM_FullSource1967/components/qhtm/htmllist.h
Library/QHTM_FullSource1967/components/qhtm/htmlparse.cpp,third-party/middleware,normal player dependency,58330,8fc09206e6218467affa5b4c26c8811f98a425195726130a5558a010028c5515,,qhtm sdk/htmlparse.cpp,0,
Library/QHTM_FullSource1967/components/qhtm/htmlparse.h,third-party/middleware,normal player dependency,5892,3edbdefba42c6a05403755d7ba6c61fe81938eee7559d0f99bc4a5b386eac771,,qhtm sdk/htmlparse.h,27,Library/QHTM_FullSource1967/components/qhtm/htmlanchor.cpp;Library/QHTM_FullSource1967/components/qhtm/htmlblockquote.cpp;Library/QHTM_FullSource1967/components/qhtm/htmlbreak.cpp;Library/QHTM_FullSource1967/components/qhtm/htmlcontrol.cpp;Library/QHTM_FullSource1967/components/qhtm/htmldefinitionlist.cpp;Library/QHTM_FullSource1967/components/qhtm/htmldefinitionlistitem.cpp;Library/QHTM_FullSource1967/components/qhtm/htmldocument.cpp;Library/QHTM_FullSource1967/components/qhtm/htmldocumentobject.cpp;Library/QHTM_FullSource1967/components/qhtm/htmlform.cpp;Library/QHTM_FullSource1967/components/qhtm/htmlforminput.cpp;Library/QHTM_FullSource1967/components/qhtm/htmlgetalignmentfromstring.cpp;Library/QHTM_FullSource1967/components/qhtm/htmlhorizontalrule.cpp;Library/QHTM_FullSource1967/components/qhtm/htmlimage.cpp;Library/QHTM_FullSource1967/components/qhtm/htmllist.cpp;Library/QHTM_FullSource1967/components/qhtm/htmllistitem.cpp;Library/QHTM_FullSource1967/components/qhtm/htmlparagraph.cpp;Library/QHTM_FullSource1967/components/qhtm/htmlparagraphobject.cpp;Library/QHTM_FullSource1967/components/qhtm/htmlparse.cpp;Library/QHTM_FullSource1967/components/qhtm/htmlsection.cpp;Library/QHTM_FullSource1967/components/qhtm/htmlsectioncreator.cpp;Library/QHTM_FullSource1967/components/qhtm/htmlsectioncreator.h;Library/QHTM_FullSource1967/components/qhtm/htmlselect.cpp;Library/QHTM_FullSource1967/components/qhtm/htmltable.cpp;Library/QHTM_FullSource1967/components/qhtm/htmltablecell.cpp;Library/QHTM_FullSource1967/components/qhtm/htmltextarea.cpp;Library/QHTM_FullSource1967/components/qhtm/htmltextblock.cpp;Library/QHTM_FullSource1967/components/qhtm/tablelayout.h
Library/QHTM_FullSource1967/components/qhtm/htmlparsebase.cpp,third-party/middleware,normal player dependency,35522,d8e25e5203b127fb0bcb562f0b383448cfd86377440e586628fa711c37f63663,,qhtm sdk/htmlparsebase.cpp,0,
Library/QHTM_FullSource1967/components/qhtm/htmlparsebase.h,third-party/middleware,normal player dependency,4653,56fc7d8d5ad74b3bef835de4d5b660d75767d13240ce38b48789ce3ad804dab2,,qhtm sdk/htmlparsebase.h,3,Library/QHTM_FullSource1967/components/qhtm/dllmain.cpp;Library/QHTM_FullSource1967/components/qhtm/htmlparse.h;Library/QHTM_FullSource1967/components/qhtm/htmlparsebase.cpp
Library/QHTM_FullSource1967/components/qhtm/htmlprint.cpp,third-party/middleware,normal player dependency,8697,346a93b0e623c8d8aa0fa131c681450734135a89e4a3f21f36f93c9e4654981c,,qhtm sdk/htmlprint.cpp,0,
Library/QHTM_FullSource1967/components/qhtm/htmlsection.cpp,third-party/middleware,normal player dependency,23401,e874e3dd641ae8312f7d45e49134895aa360e29b777ede3028b7e2ea03e4b4fe,,qhtm sdk/htmlsection.cpp,0,
Library/QHTM_FullSource1967/components/qhtm/htmlsection.h,third-party/middleware,normal player dependency,7312,6f05af23848ded4645ab765bfbc1f458e907688ef3dd717d6643f6f465f6dfc8,,qhtm sdk/htmlsection.h,15,Library/QHTM_FullSource1967/components/qhtm/enablecooltips.cpp;Library/QHTM_FullSource1967/components/qhtm/htmlprint.cpp;Library/QHTM_FullSource1967/components/qhtm/htmlsection.cpp;Library/QHTM_FullSource1967/components/qhtm/htmlsectionabc.h;Library/QHTM_FullSource1967/components/qhtm/htmlsectioncreator.cpp;Library/QHTM_FullSource1967/components/qhtm/htmlsectioncreator.h;Library/QHTM_FullSource1967/components/qhtm/htmlsectionlink.cpp;Library/QHTM_FullSource1967/components/qhtm/qhtm_gethtmlheight.cpp;Library/QHTM_FullSource1967/components/qhtm/qhtm_messagebox.cpp;Library/QHTM_FullSource1967/components/qhtm/qhtm_renderhtml.cpp;Library/QHTM_FullSource1967/components/qhtm/qhtm_sethtmlbutton.cpp;Library/QHTM_FullSource1967/components/qhtm/qhtmcontrolsection.h;Library/QHTM_FullSource1967/components/qhtm/subclasscontrol.cpp;Library/QHTM_FullSource1967/components/qhtm/tablelayout.cpp;Library/QHTM_FullSource1967/components/qhtm/tipwindow.h
Library/QHTM_FullSource1967/components/qhtm/htmlsectionabc.cpp,third-party/middleware,normal player dependency,2866,cbd3a0a5c050d12c8ab61823fa6bf3186108d529009a5f46486da7eb916f4d99,,qhtm sdk/htmlsectionabc.cpp,0,
Library/QHTM_FullSource1967/components/qhtm/htmlsectionabc.h,third-party/middleware,normal player dependency,2120,397ba0fb63c9c7666a60aced61415033eab7d275c0fdc5f8f91b943a603a397c,,qhtm sdk/htmlsectionabc.h,12,Library/QHTM_FullSource1967/components/qhtm/htmlbuttonsection.h;Library/QHTM_FullSource1967/components/qhtm/htmlcombosection.h;Library/QHTM_FullSource1967/components/qhtm/htmlcontrolsection.h;Library/QHTM_FullSource1967/components/qhtm/htmleditsection.h;Library/QHTM_FullSource1967/components/qhtm/htmlhorizontalrulesection.h;Library/QHTM_FullSource1967/components/qhtm/htmlimagesection.h;Library/QHTM_FullSource1967/components/qhtm/htmllistboxsection.h;Library/QHTM_FullSource1967/components/qhtm/htmlsection.cpp;Library/QHTM_FullSource1967/components/qhtm/htmlsectionabc.cpp;Library/QHTM_FullSource1967/components/qhtm/htmlsectioncreator.h;Library/QHTM_FullSource1967/components/qhtm/htmltablesection.h;Library/QHTM_FullSource1967/components/qhtm/htmltextsection.h
Library/QHTM_FullSource1967/components/qhtm/htmlsectioncreator.cpp,third-party/middleware,normal player dependency,9271,b80820ecec3f3f278a0bff2a7fbb4e7a6e890e98867bd25cf85f6c3376847851,,qhtm sdk/htmlsectioncreator.cpp,0,
Library/QHTM_FullSource1967/components/qhtm/htmlsectioncreator.h,third-party/middleware,normal player dependency,5977,2647a32750206617518e2480304621b25596766a51fb88734a28fa6685e21986,,qhtm sdk/htmlsectioncreator.h,21,Library/QHTM_FullSource1967/components/qhtm/htmlanchor.cpp;Library/QHTM_FullSource1967/components/qhtm/htmlblockquote.cpp;Library/QHTM_FullSource1967/components/qhtm/htmlbreak.cpp;Library/QHTM_FullSource1967/components/qhtm/htmlbuttonsection.cpp;Library/QHTM_FullSource1967/components/qhtm/htmlcombosection.cpp;Library/QHTM_FullSource1967/components/qhtm/htmlcontrol.cpp;Library/QHTM_FullSource1967/components/qhtm/htmlcontrolsection.cpp;Library/QHTM_FullSource1967/components/qhtm/htmldefinitionlist.cpp;Library/QHTM_FullSource1967/components/qhtm/htmleditsection.cpp;Library/QHTM_FullSource1967/components/qhtm/htmlform.cpp;Library/QHTM_FullSource1967/components/qhtm/htmlforminput.cpp;Library/QHTM_FullSource1967/components/qhtm/htmlhorizontalrule.cpp;Library/QHTM_FullSource1967/components/qhtm/htmlimage.cpp;Library/QHTM_FullSource1967/components/qhtm/htmllist.cpp;Library/QHTM_FullSource1967/components/qhtm/htmllistboxsection.cpp;Library/QHTM_FullSource1967/components/qhtm/htmlsection.cpp;Library/QHTM_FullSource1967/components/qhtm/htmlsectioncreator.cpp;Library/QHTM_FullSource1967/components/qhtm/htmlselect.cpp;Library/QHTM_FullSource1967/components/qhtm/htmltable.cpp;Library/QHTM_FullSource1967/components/qhtm/htmltextblock.cpp;Library/QHTM_FullSource1967/components/qhtm/tablelayout.cpp
Library/QHTM_FullSource1967/components/qhtm/htmlsectionlink.cpp,third-party/middleware,normal player dependency,2602,3bbf729e3193fcc85b33c71434e0fbab087f2b105e0bf00f9b2dc8f547fc50b6,,qhtm sdk/htmlsectionlink.cpp,0,
Library/QHTM_FullSource1967/components/qhtm/htmlsectionlink.h,third-party/middleware,normal player dependency,1989,e589ee60ed154cf454dcbe8bc705785e7840c73596134cb8ad36da19e3b413eb,,qhtm sdk/htmlsectionlink.h,3,Library/QHTM_FullSource1967/components/qhtm/htmlsection.h;Library/QHTM_FullSource1967/components/qhtm/htmlsectionabc.cpp;Library/QHTM_FullSource1967/components/qhtm/htmlsectionlink.cpp
Library/QHTM_FullSource1967/components/qhtm/htmlselect.cpp,third-party/middleware,normal player dependency,4314,766fbf83b5b1364ef80edbecb8c47f76bc8df1615fb618d376b03f1206af3e82,,qhtm sdk/htmlselect.cpp,0,
Library/QHTM_FullSource1967/components/qhtm/htmlselect.h,third-party/middleware,normal player dependency,1395,5a01460a7e6a59e1352f41c4f913349de12c1b04fc5419c01e558ee49cfdb60d,,qhtm sdk/htmlselect.h,1,Library/QHTM_FullSource1967/components/qhtm/htmldocument.h
Library/QHTM_FullSource1967/components/qhtm/htmltable.cpp,third-party/middleware,normal player dependency,11672,08c607dcf36c4b633211387db22a13f7900b7faf363205ba66351578e0d2a720,,qhtm sdk/htmltable.cpp,0,
Library/QHTM_FullSource1967/components/qhtm/htmltable.h,third-party/middleware,normal player dependency,2841,a8de554688f13d63ea2ea15e556c4806416027787ad17b28c42de34015006439,,qhtm sdk/htmltable.h,1,Library/QHTM_FullSource1967/components/qhtm/htmldocument.h
Library/QHTM_FullSource1967/components/qhtm/htmltablecell.cpp,third-party/middleware,normal player dependency,1093,5125eb4b1bf3cb274c207ffd078e05cd958b2ce238caacd2ba76622938c41a88,,qhtm sdk/htmltablecell.cpp,0,
Library/QHTM_FullSource1967/components/qhtm/htmltablecell.h,third-party/middleware,normal player dependency,1088,472743a847f3da2781d46b0a8ad979126556fcaa60291c571856720ad574669c,,qhtm sdk/htmltablecell.h,1,Library/QHTM_FullSource1967/components/qhtm/htmldocument.h
Library/QHTM_FullSource1967/components/qhtm/htmltablesection.cpp,third-party/middleware,normal player dependency,2530,dbf0aa57befe759927cce35c30aa2220218f0fbb89a2209b566c0403944b6501,,qhtm sdk/htmltablesection.cpp,0,
Library/QHTM_FullSource1967/components/qhtm/htmltablesection.h,third-party/middleware,normal player dependency,1298,ddf5e43365a4432814a5dc74856fa4a72afd646954ae0139615e4b39bfaab37c,,qhtm sdk/htmltablesection.h,2,Library/QHTM_FullSource1967/components/qhtm/htmltable.cpp;Library/QHTM_FullSource1967/components/qhtm/htmltablesection.cpp
Library/QHTM_FullSource1967/components/qhtm/htmltextarea.cpp,third-party/middleware,normal player dependency,640,d011d14874a8ef99f995c27bae3a9c1a27fdcdb85c1255ab9bde3ad42bae23ce,,qhtm sdk/htmltextarea.cpp,0,
Library/QHTM_FullSource1967/components/qhtm/htmltextarea.h,third-party/middleware,normal player dependency,846,b8e63fa97d67ba75d7cc71a873528fcd49197d7b552aa892278d8b8f42d0542e,,qhtm sdk/htmltextarea.h,1,Library/QHTM_FullSource1967/components/qhtm/htmldocument.h
Library/QHTM_FullSource1967/components/qhtm/htmltextblock.cpp,third-party/middleware,normal player dependency,4930,6611b8989051d4ceb65b384ee59b828f9082d94f5ec705870632f7c75325df91,,qhtm sdk/htmltextblock.cpp,0,
Library/QHTM_FullSource1967/components/qhtm/htmltextblock.h,third-party/middleware,normal player dependency,1090,5d3ccd7b2af62c0f16772b484f5e21dd5b8bd6bd84ff170e43a83ba86a562306,,qhtm sdk/htmltextblock.h,1,Library/QHTM_FullSource1967/components/qhtm/htmldocument.h
Library/QHTM_FullSource1967/components/qhtm/htmltextsection.cpp,third-party/middleware,normal player dependency,1481,945d98a7cd8ec764374a5a62a3cc4f6ed634ffc49395dee7249e6354eac18e68,,qhtm sdk/htmltextsection.cpp,0,
Library/QHTM_FullSource1967/components/qhtm/htmltextsection.h,third-party/middleware,normal player dependency,1038,22abbd460abe3754e29cd1c181f14ae48a84f2a3a1a57ec49cdf5c23e02e4b2b,,qhtm sdk/htmltextsection.h,4,Library/QHTM_FullSource1967/components/qhtm/htmllist.cpp;Library/QHTM_FullSource1967/components/qhtm/htmlsectioncreator.cpp;Library/QHTM_FullSource1967/components/qhtm/htmltextblock.cpp;Library/QHTM_FullSource1967/components/qhtm/htmltextsection.cpp
Library/QHTM_FullSource1967/components/qhtm/loadtextfile.cpp,third-party/middleware,normal player dependency,1696,289650f83c4ab1105835a25bf7f065d9154a786d8fdc2f4b723bad75c297f134,,qhtm sdk/loadtextfile.cpp,0,
Library/QHTM_FullSource1967/components/qhtm/messagereflector.cpp,third-party/middleware,normal player dependency,874,da71f1a41f9d982719f85dce86e4722009c3b4f144c8122479e14dbf3326f98b,,qhtm sdk/messagereflector.cpp,0,
Library/QHTM_FullSource1967/components/qhtm/messagereflector.h,third-party/middleware,normal player dependency,687,46327611a1c3ed70d61302adc222830d5face20ee1172c0110623069bfb77c1e,,qhtm sdk/messagereflector.h,3,Library/QHTM_FullSource1967/components/qhtm/htmlbuttonsection.h;Library/QHTM_FullSource1967/components/qhtm/messagereflector.cpp;Library/QHTM_FullSource1967/components/qhtm/qhtm_wndproc.cpp
Library/QHTM_FullSource1967/components/qhtm/mouse.cpp,third-party/middleware,normal player dependency,461,9f239f6f60a28b695ba4afcc9e9c8e0aa50ca64be5187d7ff4c949544ee87bae,,qhtm sdk/mouse.cpp,0,
Library/QHTM_FullSource1967/components/qhtm/parentsection.cpp,third-party/middleware,normal player dependency,2562,54dd94b2a417f820bd7761ba832dbe2b9b711f77e91e6fdafb3f46c46d9ed2e8,,qhtm sdk/parentsection.cpp,0,
Library/QHTM_FullSource1967/components/qhtm/parentsection.h,third-party/middleware,normal player dependency,1642,11df00f8cd2a8d0723ad84b5c37841e6a90a5f9709976b7abcef117a207ded5e,,qhtm sdk/parentsection.h,3,Library/QHTM_FullSource1967/components/qhtm/parentsection.cpp;Library/QHTM_FullSource1967/components/qhtm/sectionabc.cpp;Library/QHTM_FullSource1967/components/qhtm/sectionabc.h
Library/QHTM_FullSource1967/components/qhtm/parsestyles.cpp,third-party/middleware,normal player dependency,2544,09b3fd923a92baab210bda41103f3c47fe0325d8154a6be13c5d3ce5c00b7888,,qhtm sdk/parsestyles.cpp,0,
Library/QHTM_FullSource1967/components/qhtm/parsestyles.h,third-party/middleware,normal player dependency,859,391f96eaa87e7f52fc0cf967b1781ae1f8b0581e0803e7718c5223ef27665775,,qhtm sdk/parsestyles.h,2,Library/QHTM_FullSource1967/components/qhtm/htmlparse.cpp;Library/QHTM_FullSource1967/components/qhtm/parsestyles.cpp
Library/QHTM_FullSource1967/components/qhtm/parsewindowstyle.cpp,third-party/middleware,normal player dependency,5362,3fd84f793bf37c27ecc1e85e56d266ba5bdd9105b0c817aee8b346bee8d6f93d,,qhtm sdk/parsewindowstyle.cpp,0,
Library/QHTM_FullSource1967/components/qhtm/qhtm static link/stdafx.cpp,third-party/middleware,normal player dependency,208,1c1257d95f4e402cb3069efe840cf08109aa829e806cb9e409897a0ee10a5948,,SetRegistry/SetRegistry/StdAfx.cpp;SetRegistry/StdAfx.cpp;StdAfx.cpp;XFControl/StdAfx.cpp;XFileTransfer/StdAfx.cpp;XLauncher/StdAfx.cpp;XPacker/StdAfx.cpp;XPatch/StdAfx.cpp;qhtm sdk/qhtm static link/stdafx.cpp;qhtm sdk/stdafx.cpp;qhtm sdk/test/stdafx.cpp,0,
Library/QHTM_FullSource1967/components/qhtm/qhtm static link/stdafx.h,third-party/middleware,normal player dependency,1088,3cb36db96290b22253a00b911a9c7a1266628b7c3b57a9da3e7aaad217e9e4b9,,SetRegistry/SetRegistry/StdAfx.h;SetRegistry/StdAfx.h;StdAfx.h;XFControl/StdAfx.h;XFileTransfer/StdAfx.h;XLauncher/StdAfx.h;XPacker/StdAfx.h;XPatch/StdAfx.h;qhtm sdk/qhtm static link/stdafx.h;qhtm sdk/stdafx.h;qhtm sdk/test/stdafx.h,1,Library/QHTM_FullSource1967/components/qhtm/qhtm static link/stdafx.cpp
Library/QHTM_FullSource1967/components/qhtm/qhtm.h,third-party/middleware,normal player dependency,21444,3ca9196b83b38299dad870febd767b9e8f1de3fbc3441e651b8658b342e68cd0,,qhtm sdk/qhtm.h,29,Library/QHTM_FullSource1967/components/qhtm/aquireimage.cpp;Library/QHTM_FullSource1967/components/qhtm/defaults.cpp;Library/QHTM_FullSource1967/components/qhtm/defaults.h;Library/QHTM_FullSource1967/components/qhtm/dllmain.cpp;Library/QHTM_FullSource1967/components/qhtm/drawtiledbitmap.cpp;Library/QHTM_FullSource1967/components/qhtm/enablecooltips.cpp;Library/QHTM_FullSource1967/components/qhtm/htmlcombosection.cpp;Library/QHTM_FullSource1967/components/qhtm/htmlcontrolsection.cpp;Library/QHTM_FullSource1967/components/qhtm/htmldocument.cpp;Library/QHTM_FullSource1967/components/qhtm/htmleditsection.cpp;Library/QHTM_FullSource1967/components/qhtm/htmlimagesection.cpp;Library/QHTM_FullSource1967/components/qhtm/htmllistboxsection.cpp;Library/QHTM_FullSource1967/components/qhtm/htmlparse.h;Library/QHTM_FullSource1967/components/qhtm/htmlprint.cpp;Library/QHTM_FullSource1967/components/qhtm/htmlsection.cpp;Library/QHTM_FullSource1967/components/qhtm/htmlsection.h;Library/QHTM_FullSource1967/components/qhtm/htmlsectioncreator.cpp;Library/QHTM_FullSource1967/components/qhtm/qhtm_gethtmlheight.cpp;Library/QHTM_FullSource1967/components/qhtm/qhtm_initialize.cpp;Library/QHTM_FullSource1967/components/qhtm/qhtm_messagebox.cpp;Library/QHTM_FullSource1967/components/qhtm/qhtm_renderhtml.cpp;Library/QHTM_FullSource1967/components/qhtm/qhtm_sethtmlbutton.cpp;Library/QHTM_FullSource1967/components/qhtm/qhtm_setresources.cpp;Library/QHTM_FullSource1967/components/qhtm/qhtm_uninitialize.cpp;Library/QHTM_FullSource1967/components/qhtm/qhtm_wndproc.cpp;Library/QHTM_FullSource1967/components/qhtm/qhtmcontrolsection.cpp;Library/QHTM_FullSource1967/components/qhtm/qhtmimage.h;Library/QHTM_FullSource1967/components/qhtm/registerwindow.cpp;Library/QHTM_FullSource1967/components/qhtm/tipwindow.cpp
Library/QHTM_FullSource1967/components/qhtm/qhtm.rc,third-party/middleware,normal player dependency,1759,6eede9daa22bacf458706c7ada5650e742bbf171c3aed3e8682da2539eabb7aa,,qhtm sdk/qhtm.rc,0,
Library/QHTM_FullSource1967/components/qhtm/qhtm_gethtmlheight.cpp,third-party/middleware,normal player dependency,1811,43d81a081a418bf57dcf322f6c5cdd71267bb9030b11a237dcbe6addeb18febd,,qhtm sdk/qhtm_gethtmlheight.cpp,0,
Library/QHTM_FullSource1967/components/qhtm/qhtm_includes.h,third-party/middleware,normal player dependency,708,4e0044d1d7f0595c598ba53b6e33010bf476a4534b40926fec0bab176d0a9f16,,qhtm sdk/qhtm_includes.h,2,Library/QHTM_FullSource1967/components/qhtm/qhtm static link/stdafx.h;Library/QHTM_FullSource1967/components/qhtm/stdafx.h
Library/QHTM_FullSource1967/components/qhtm/qhtm_initialize.cpp,third-party/middleware,normal player dependency,1137,1f2e2ae81240e3b7ea2882cc57cee55b505849a4bb042e2db712cca01dda33b9,,qhtm sdk/qhtm_initialize.cpp,0,
Library/QHTM_FullSource1967/components/qhtm/qhtm_messagebox.cpp,third-party/middleware,normal player dependency,5820,dc9b73d7b7bac42b81637f50162456980b75c06ebf2a0607045d8a94bc141a3e,,qhtm sdk/qhtm_messagebox.cpp,0,
Library/QHTM_FullSource1967/components/qhtm/qhtm_renderhtml.cpp,third-party/middleware,normal player dependency,2033,9901560d41787b385be9bee604ebf74554a5e8229881c0ab26c6449019f267fd,,qhtm sdk/qhtm_renderhtml.cpp,0,
Library/QHTM_FullSource1967/components/qhtm/qhtm_sethtmlbutton.cpp,third-party/middleware,normal player dependency,4527,f46badbdf2bd98b0d0954b654e2e629c05d12f51aca82edc8d8e24f50b535c0c,,qhtm sdk/qhtm_sethtmlbutton.cpp,0,
Library/QHTM_FullSource1967/components/qhtm/qhtm_setresources.cpp,third-party/middleware,normal player dependency,819,92413a88f12cd43931f0dd30368d4094a4893919081bf32336f0c14b503b7b42,,qhtm sdk/qhtm_setresources.cpp,0,
Library/QHTM_FullSource1967/components/qhtm/qhtm_trace.cpp,third-party/middleware,normal player dependency,1888,4879f4fdd49555193bfcec55184e2f282d0e7e9e4f202f9eb73f5b3ca8b81e4c,,qhtm sdk/qhtm_trace.cpp,0,
Library/QHTM_FullSource1967/components/qhtm/qhtm_trace.h,third-party/middleware,normal player dependency,613,8e62a21ff568c5dca94f1b4b19b60d5c463099f667e9eb6ab886f908a2b86cae,,qhtm sdk/qhtm_trace.h,2,Library/QHTM_FullSource1967/components/qhtm/qhtm_includes.h;Library/QHTM_FullSource1967/components/qhtm/qhtm_trace.cpp
Library/QHTM_FullSource1967/components/qhtm/qhtm_types.h,third-party/middleware,normal player dependency,1579,d79a1f18fc4db1eec70f6aa0a99f37226b94c63e9686455ca92704a460c28395,,qhtm sdk/qhtm_types.h,12,Library/QHTM_FullSource1967/components/qhtm/aquireimage.cpp;Library/QHTM_FullSource1967/components/qhtm/decodecharset.cpp;Library/QHTM_FullSource1967/components/qhtm/defaults.cpp;Library/QHTM_FullSource1967/components/qhtm/fontinfo.cpp;Library/QHTM_FullSource1967/components/qhtm/getcolourfromstring.cpp;Library/QHTM_FullSource1967/components/qhtm/htmlanchor.h;Library/QHTM_FullSource1967/components/qhtm/htmlformobjectabc.cpp;Library/QHTM_FullSource1967/components/qhtm/htmloption.cpp;Library/QHTM_FullSource1967/components/qhtm/htmlparse.h;Library/QHTM_FullSource1967/components/qhtm/parsestyles.h;Library/QHTM_FullSource1967/components/qhtm/parsewindowstyle.cpp;Library/QHTM_FullSource1967/components/qhtm/simplestring.h
Library/QHTM_FullSource1967/components/qhtm/qhtm_uninitialize.cpp,third-party/middleware,normal player dependency,780,aacb481412b3fdbf363e1b1bf70370547197acec36ed01261611792a6dac43b4,,qhtm sdk/qhtm_uninitialize.cpp,0,
Library/QHTM_FullSource1967/components/qhtm/qhtm_wndproc.cpp,third-party/middleware,normal player dependency,15466,84af84e5fdc4935de33910e2c7f3e2a8ac929d6c5d6c21c89a1155fcbd4ed96e,,qhtm sdk/qhtm_wndproc.cpp,0,
Library/QHTM_FullSource1967/components/qhtm/qhtmcontrolsection.cpp,third-party/middleware,normal player dependency,21283,acbdf303c896858ceb750e0e812cfe27c645656e02dec19422ebc300470b507f,,qhtm sdk/qhtmcontrolsection.cpp,0,
Library/QHTM_FullSource1967/components/qhtm/qhtmcontrolsection.h,third-party/middleware,normal player dependency,5748,e29bc7fa8cddf471c5d9a94f6cde0d42728bfb93b6070ba8bf02bc05e52d3d89,,qhtm sdk/qhtmcontrolsection.h,3,Library/QHTM_FullSource1967/components/qhtm/qhtm_wndproc.cpp;Library/QHTM_FullSource1967/components/qhtm/qhtmcontrolsection.cpp;Library/QHTM_FullSource1967/components/qhtm/registerwindow.cpp
Library/QHTM_FullSource1967/components/qhtm/qhtmimage.cpp,third-party/middleware,normal player dependency,410,1d3713ef330681d310ad6cfb359e9896dd28a7f88f16a0831f5a1ed3d3f74d56,,qhtm sdk/qhtmimage.cpp,0,
Library/QHTM_FullSource1967/components/qhtm/qhtmimage.h,third-party/middleware,normal player dependency,1317,e2aa5969173657f8245de1dfe159b3f0c266fae62e1dca3ad521ef53023bb6b0,,qhtm sdk/qhtmimage.h,3,Library/QHTM_FullSource1967/components/qhtm/aquireimage.cpp;Library/QHTM_FullSource1967/components/qhtm/htmlparse.cpp;Library/QHTM_FullSource1967/components/qhtm/qhtmimage.cpp
Library/QHTM_FullSource1967/components/qhtm/registerwindow.cpp,third-party/middleware,normal player dependency,1069,8279a597893563d38092a23d3fed61d3e1c58b76e807fe0671c10cd40bbbb86a,,qhtm sdk/registerwindow.cpp,0,
Library/QHTM_FullSource1967/components/qhtm/res/qhtm.rc2,third-party/middleware,normal player dependency,1466,025c3a3d1828bddafa2a1b23555106e972e5c471605d48038a4ccfe18da9c8af,,qhtm sdk/res/qhtm.rc2,1,Library/QHTM_FullSource1967/components/qhtm/qhtm.rc
Library/QHTM_FullSource1967/components/qhtm/resource.h,third-party/middleware,normal player dependency,658,c86b4d5be134ae4dc4f455d301915eb2b713755b15119c3a3b57f027c52e8e4d,,ChinaResource/resource.h;SetRegistry/SetRegistry/resource.h;SetRegistry/resource.h;XFileTransfer/resource.h;XLauncher/Resource.h;XPacker/Resource.h;XPatch/resource.h;qhtm sdk/resource.h;qhtm sdk/test/resource.h;resource.h,2,Library/QHTM_FullSource1967/components/qhtm/dllmain.cpp;Library/QHTM_FullSource1967/components/qhtm/qhtm.rc
Library/QHTM_FullSource1967/components/qhtm/resourceloader.cpp,third-party/middleware,normal player dependency,929,374b9c529febd68e6b917b3e508145d2bfb404395ec76c868c2e2d613a205832,,qhtm sdk/resourceloader.cpp,0,
Library/QHTM_FullSource1967/components/qhtm/resourceloader.h,third-party/middleware,normal player dependency,857,9be2c7c082db29fc6f8bf3c969c38b935059b19626df7d3f206e66d8175c1a90,,qhtm sdk/resourceloader.h,4,Library/QHTM_FullSource1967/components/qhtm/htmlparse.cpp;Library/QHTM_FullSource1967/components/qhtm/htmlsection.cpp;Library/QHTM_FullSource1967/components/qhtm/qhtmcontrolsection.cpp;Library/QHTM_FullSource1967/components/qhtm/resourceloader.cpp
Library/QHTM_FullSource1967/components/qhtm/scrollcontainer.cpp,third-party/middleware,normal player dependency,4744,9306aadc6783e74c32218a55cb257075c50d55824253a3b584955937c0d4de35,,qhtm sdk/scrollcontainer.cpp,0,
Library/QHTM_FullSource1967/components/qhtm/scrollcontainer.h,third-party/middleware,normal player dependency,2123,1ce9406ae069adb6eb343f3e4659d17701db201bc4bcabd6b793e6870380f9ec,,qhtm sdk/scrollcontainer.h,2,Library/QHTM_FullSource1967/components/qhtm/htmlsection.h;Library/QHTM_FullSource1967/components/qhtm/scrollcontainer.cpp
Library/QHTM_FullSource1967/components/qhtm/sectionabc.cpp,third-party/middleware,normal player dependency,7228,3f795fbf0a554e982ba0a37673a35a390c49b0531e07e30b2a8d82cb327284d8,,qhtm sdk/sectionabc.cpp,0,
Library/QHTM_FullSource1967/components/qhtm/sectionabc.h,third-party/middleware,normal player dependency,5527,767945bc19435e82fc9ca4b59fe9be8d6c09e6a65602383aab989fd0c95850c1,,qhtm sdk/sectionabc.h,4,Library/QHTM_FullSource1967/components/qhtm/htmlsectionlink.h;Library/QHTM_FullSource1967/components/qhtm/parentsection.h;Library/QHTM_FullSource1967/components/qhtm/scrollcontainer.h;Library/QHTM_FullSource1967/components/qhtm/sectionabc.cpp
Library/QHTM_FullSource1967/components/qhtm/simplestring.cpp,third-party/middleware,normal player dependency,3409,44d081fa0f78483d31504aad0c46886e728d4e4fe566c0f80936b7a4856b07e9,,qhtm sdk/simplestring.cpp,0,
Library/QHTM_FullSource1967/components/qhtm/simplestring.h,third-party/middleware,normal player dependency,1339,f04a4bdc31941ba8c6e3b2e202b5ae6fb2927d4600b29c3bfb4191b5a7213276,,qhtm sdk/simplestring.h,7,Library/QHTM_FullSource1967/components/qhtm/defaults.h;Library/QHTM_FullSource1967/components/qhtm/htmlparse.h;Library/QHTM_FullSource1967/components/qhtm/htmlparsebase.cpp;Library/QHTM_FullSource1967/components/qhtm/htmlsection.h;Library/QHTM_FullSource1967/components/qhtm/qhtm_types.h;Library/QHTM_FullSource1967/components/qhtm/sectionabc.h;Library/QHTM_FullSource1967/components/qhtm/simplestring.cpp
Library/QHTM_FullSource1967/components/qhtm/smallstringhash.h,third-party/middleware,normal player dependency,775,a2dfc9544636b33b17235acf90e6c25b06f623bc0309c4d7394599d727aa828c,,qhtm sdk/smallstringhash.h,4,Library/QHTM_FullSource1967/components/qhtm/decodecharset.cpp;Library/QHTM_FullSource1967/components/qhtm/fontinfo.cpp;Library/QHTM_FullSource1967/components/qhtm/htmlparse.cpp;Library/QHTM_FullSource1967/components/qhtm/htmlsection.cpp
Library/QHTM_FullSource1967/components/qhtm/staticstring.h,third-party/middleware,normal player dependency,2274,596bfb3bced9013cac27f0a0dbcd7e9db3dd856a1cabe6d91506b6272512d906,,qhtm sdk/staticstring.h,8,Library/QHTM_FullSource1967/components/qhtm/decodecharset.cpp;Library/QHTM_FullSource1967/components/qhtm/getcolourfromstring.cpp;Library/QHTM_FullSource1967/components/qhtm/getfontsize.cpp;Library/QHTM_FullSource1967/components/qhtm/getnumberparameter.cpp;Library/QHTM_FullSource1967/components/qhtm/htmlparsebase.cpp;Library/QHTM_FullSource1967/components/qhtm/htmlparsebase.h;Library/QHTM_FullSource1967/components/qhtm/parsestyles.h;Library/QHTM_FullSource1967/components/qhtm/parsewindowstyle.cpp
Library/QHTM_FullSource1967/components/qhtm/stdafx.cpp,third-party/middleware,normal player dependency,283,7ca3aaba2bda851528a7d6009b70c0c1593dbfb6d3b340e664c6c545fa68e73a,,SetRegistry/SetRegistry/StdAfx.cpp;SetRegistry/StdAfx.cpp;StdAfx.cpp;XFControl/StdAfx.cpp;XFileTransfer/StdAfx.cpp;XLauncher/StdAfx.cpp;XPacker/StdAfx.cpp;XPatch/StdAfx.cpp;qhtm sdk/qhtm static link/stdafx.cpp;qhtm sdk/stdafx.cpp;qhtm sdk/test/stdafx.cpp,0,
Library/QHTM_FullSource1967/components/qhtm/stdafx.h,third-party/middleware,normal player dependency,1126,4004fb2cff3c301c792f078f4b7be6918e443c75eafc3324ff343e799ecae9a5,,SetRegistry/SetRegistry/StdAfx.h;SetRegistry/StdAfx.h;StdAfx.h;XFControl/StdAfx.h;XFileTransfer/StdAfx.h;XLauncher/StdAfx.h;XPacker/StdAfx.h;XPatch/StdAfx.h;qhtm sdk/qhtm static link/stdafx.h;qhtm sdk/stdafx.h;qhtm sdk/test/stdafx.h,85,Library/QHTM_FullSource1967/components/qhtm/aquireimage.cpp;Library/QHTM_FullSource1967/components/qhtm/color.cpp;Library/QHTM_FullSource1967/components/qhtm/cursor.cpp;Library/QHTM_FullSource1967/components/qhtm/decodecharset.cpp;Library/QHTM_FullSource1967/components/qhtm/defaults.cpp;Library/QHTM_FullSource1967/components/qhtm/dllmain.cpp;Library/QHTM_FullSource1967/components/qhtm/drawtiledbitmap.cpp;Library/QHTM_FullSource1967/components/qhtm/enablecooltips.cpp;Library/QHTM_FullSource1967/components/qhtm/fontinfo.cpp;Library/QHTM_FullSource1967/components/qhtm/getcolourfromstring.cpp;Library/QHTM_FullSource1967/components/qhtm/getdisplayworkarea.cpp;Library/QHTM_FullSource1967/components/qhtm/getfontsize.cpp;Library/QHTM_FullSource1967/components/qhtm/getfontsizeaspixels.cpp;Library/QHTM_FullSource1967/components/qhtm/getnumberparameter.cpp;Library/QHTM_FullSource1967/components/qhtm/gotourl.cpp;Library/QHTM_FullSource1967/components/qhtm/handlemousewheelregisteredmessage.cpp;Library/QHTM_FullSource1967/components/qhtm/htmlanchor.cpp;Library/QHTM_FullSource1967/components/qhtm/htmlblockquote.cpp;Library/QHTM_FullSource1967/components/qhtm/htmlbreak.cpp;Library/QHTM_FullSource1967/components/qhtm/htmlbuttonsection.cpp;Library/QHTM_FullSource1967/components/qhtm/htmlcombosection.cpp;Library/QHTM_FullSource1967/components/qhtm/htmlcontrol.cpp;Library/QHTM_FullSource1967/components/qhtm/htmlcontrolsection.cpp;Library/QHTM_FullSource1967/components/qhtm/htmldefinitionlist.cpp;Library/QHTM_FullSource1967/components/qhtm/htmldefinitionlistitem.cpp;Library/QHTM_FullSource1967/components/qhtm/htmldocument.cpp;Library/QHTM_FullSource1967/components/qhtm/htmldocumentobject.cpp;Library/QHTM_FullSource1967/components/qhtm/htmleditsection.cpp;Library/QHTM_FullSource1967/components/qhtm/htmlform.cpp;Library/QHTM_FullSource1967/components/qhtm/htmlforminput.cpp;Library/QHTM_FullSource1967/components/qhtm/htmlformobjectabc.cpp;Library/QHTM_FullSource1967/components/qhtm/htmlgetalignmentfromstring.cpp;Library/QHTM_FullSource1967/components/qhtm/htmlhorizontalrule.cpp;Library/QHTM_FullSource1967/components/qhtm/htmlhorizontalrulesection.cpp;Library/QHTM_FullSource1967/components/qhtm/htmlimage.cpp;Library/QHTM_FullSource1967/components/qhtm/htmlimagesection.cpp;Library/QHTM_FullSource1967/components/qhtm/htmllist.cpp;Library/QHTM_FullSource1967/components/qhtm/htmllistboxsection.cpp;Library/QHTM_FullSource1967/components/qhtm/htmllistitem.cpp;Library/QHTM_FullSource1967/components/qhtm/htmloption.cpp;Library/QHTM_FullSource1967/components/qhtm/htmlparagraph.cpp;Library/QHTM_FullSource1967/components/qhtm/htmlparagraphobject.cpp;Library/QHTM_FullSource1967/components/qhtm/htmlparse.cpp;Library/QHTM_FullSource1967/components/qhtm/htmlparsebase.cpp;Library/QHTM_FullSource1967/components/qhtm/htmlprint.cpp;Library/QHTM_FullSource1967/components/qhtm/htmlsection.cpp;Library/QHTM_FullSource1967/components/qhtm/htmlsectionabc.cpp;Library/QHTM_FullSource1967/components/qhtm/htmlsectioncreator.cpp;Library/QHTM_FullSource1967/components/qhtm/htmlsectionlink.cpp;Library/QHTM_FullSource1967/components/qhtm/htmlselect.cpp;Library/QHTM_FullSource1967/components/qhtm/htmltable.cpp;Library/QHTM_FullSource1967/components/qhtm/htmltablecell.cpp;Library/QHTM_FullSource1967/components/qhtm/htmltablesection.cpp;Library/QHTM_FullSource1967/components/qhtm/htmltextarea.cpp;Library/QHTM_FullSource1967/components/qhtm/htmltextblock.cpp;Library/QHTM_FullSource1967/components/qhtm/htmltextsection.cpp;Library/QHTM_FullSource1967/components/qhtm/loadtextfile.cpp;Library/QHTM_FullSource1967/components/qhtm/messagereflector.cpp;Library/QHTM_FullSource1967/components/qhtm/mouse.cpp;Library/QHTM_FullSource1967/components/qhtm/parentsection.cpp;Library/QHTM_FullSource1967/components/qhtm/parsestyles.cpp;Library/QHTM_FullSource1967/components/qhtm/parsewindowstyle.cpp;Library/QHTM_FullSource1967/components/qhtm/qhtm_gethtmlheight.cpp;Library/QHTM_FullSource1967/components/qhtm/qhtm_initialize.cpp;Library/QHTM_FullSource1967/components/qhtm/qhtm_messagebox.cpp;Library/QHTM_FullSource1967/components/qhtm/qhtm_renderhtml.cpp;Library/QHTM_FullSource1967/components/qhtm/qhtm_sethtmlbutton.cpp;Library/QHTM_FullSource1967/components/qhtm/qhtm_setresources.cpp;Library/QHTM_FullSource1967/components/qhtm/qhtm_trace.cpp;Library/QHTM_FullSource1967/components/qhtm/qhtm_uninitialize.cpp;Library/QHTM_FullSource1967/components/qhtm/qhtm_wndproc.cpp;Library/QHTM_FullSource1967/components/qhtm/qhtmcontrolsection.cpp;Library/QHTM_FullSource1967/components/qhtm/qhtmimage.cpp;Library/QHTM_FullSource1967/components/qhtm/registerwindow.cpp;Library/QHTM_FullSource1967/components/qhtm/resourceloader.cpp;Library/QHTM_FullSource1967/components/qhtm/scrollcontainer.cpp;Library/QHTM_FullSource1967/components/qhtm/sectionabc.cpp;Library/QHTM_FullSource1967/components/qhtm/simplestring.cpp;Library/QHTM_FullSource1967/components/qhtm/stdafx.cpp;Library/QHTM_FullSource1967/components/qhtm/striremove.cpp;Library/QHTM_FullSource1967/components/qhtm/stristr.cpp;Library/QHTM_FullSource1967/components/qhtm/strremove.cpp;Library/QHTM_FullSource1967/components/qhtm/subclasscontrol.cpp;Library/QHTM_FullSource1967/components/qhtm/tablelayout.cpp;Library/QHTM_FullSource1967/components/qhtm/tipwindow.cpp
Library/QHTM_FullSource1967/components/qhtm/striremove.cpp,third-party/middleware,normal player dependency,1025,1a81c754bf62931139a51b36a051e68e4cb34b89aba8357d74025b6beac8ea33,,qhtm sdk/striremove.cpp,0,
Library/QHTM_FullSource1967/components/qhtm/stristr.cpp,third-party/middleware,normal player dependency,959,a84de45d05a26235ebfe6cab33b120baf57a6264b997f3e362f3be1176152a4d,,qhtm sdk/stristr.cpp,0,
Library/QHTM_FullSource1967/components/qhtm/strremove.cpp,third-party/middleware,normal player dependency,859,641d646e329f57a615cb161c0f91b4e6a4b30c403ed56b36ae70536841cb7741,,qhtm sdk/strremove.cpp,0,
Library/QHTM_FullSource1967/components/qhtm/subclasscontrol.cpp,third-party/middleware,normal player dependency,3271,73a9378b078c5026ee038904e1baf46b79bacbece373777237f6d6ed05ce9d9c,,qhtm sdk/subclasscontrol.cpp,0,
Library/QHTM_FullSource1967/components/qhtm/tablelayout.cpp,third-party/middleware,normal player dependency,10680,5c205ea6fbcb1cfd6bbfa662d88082e0b922bc012f47b613015e6c7c795f381f,,qhtm sdk/tablelayout.cpp,0,
Library/QHTM_FullSource1967/components/qhtm/tablelayout.h,third-party/middleware,normal player dependency,1691,030d7495c41cefb87ce5cc1add0b7b120cd2372b9f02f7750381219e38679f3a,,qhtm sdk/tablelayout.h,2,Library/QHTM_FullSource1967/components/qhtm/htmltable.cpp;Library/QHTM_FullSource1967/components/qhtm/tablelayout.cpp
Library/QHTM_FullSource1967/components/qhtm/test/docking control bar/scbarcf.cpp,third-party/middleware,normal player dependency,7111,8fd1c221b50e861ad2490360e34b2ec7d91764444ffbf0b81a068300bd40d9c4,,qhtm sdk/test/docking control bar/scbarcf.cpp,0,
Library/QHTM_FullSource1967/components/qhtm/test/docking control bar/scbarcf.h,third-party/middleware,normal player dependency,2284,02a57a48c723ae1cdd3cbcec0e3d7df88ce332cfe70a80cbeb9a5bb5e8c89753,,qhtm sdk/test/docking control bar/scbarcf.h,2,Library/QHTM_FullSource1967/components/qhtm/test/docking control bar/scbarcf.cpp;Library/QHTM_FullSource1967/components/qhtm/test/stdafx.h
Library/QHTM_FullSource1967/components/qhtm/test/docking control bar/scbarg.cpp,third-party/middleware,normal player dependency,6627,61b58ec3f6b8f4c980b1486515e2a329ba039d9a122f368acdedc8b380d7184a,,qhtm sdk/test/docking control bar/scbarg.cpp,0,
Library/QHTM_FullSource1967/components/qhtm/test/docking control bar/scbarg.h,third-party/middleware,normal player dependency,2905,ff414f4edaa18617ffc18cfd375264f928b557a618c37adbf8b09ccd0915221e,,qhtm sdk/test/docking control bar/scbarg.h,3,Library/QHTM_FullSource1967/components/qhtm/test/docking control bar/scbarcf.h;Library/QHTM_FullSource1967/components/qhtm/test/docking control bar/scbarg.cpp;Library/QHTM_FullSource1967/components/qhtm/test/docking control bar/scbarg.h
Library/QHTM_FullSource1967/components/qhtm/test/docking control bar/sizecbar.cpp,third-party/middleware,normal player dependency,43241,c918dabea05aff9e9cf88edbff4bbefa95ce12b2c31c4e79487639d4844d12f3,,qhtm sdk/test/docking control bar/sizecbar.cpp,0,
Library/QHTM_FullSource1967/components/qhtm/test/docking control bar/sizecbar.h,third-party/middleware,normal player dependency,7721,8a08b3630a18076486a219b8ba6b0569e32e498e5104b779cd99831c9b71caa5,,qhtm sdk/test/docking control bar/sizecbar.h,4,Library/QHTM_FullSource1967/components/qhtm/test/docking control bar/scbarcf.h;Library/QHTM_FullSource1967/components/qhtm/test/docking control bar/scbarg.cpp;Library/QHTM_FullSource1967/components/qhtm/test/docking control bar/scbarg.h;Library/QHTM_FullSource1967/components/qhtm/test/docking control bar/sizecbar.cpp
Library/QHTM_FullSource1967/components/qhtm/test/mainfrm.cpp,third-party/middleware,normal player dependency,2742,a634110b5a6fc4d86d52c7a7b872185463d024f8b8cf62d5bf17b9152858ba79,,qhtm sdk/test/mainfrm.cpp,0,
Library/QHTM_FullSource1967/components/qhtm/test/mainfrm.h,third-party/middleware,normal player dependency,1528,cc4cce3b07402567c5ec500cbe426e48f9d0abf1c15cb9323bd7b090a2813ad8,,qhtm sdk/test/mainfrm.h,2,Library/QHTM_FullSource1967/components/qhtm/test/mainfrm.cpp;Library/QHTM_FullSource1967/components/qhtm/test/test.cpp
Library/QHTM_FullSource1967/components/qhtm/test/res/test.rc2,third-party/middleware,normal player dependency,383,dfeb6044d3f603e8c32bb5d3a4af9753b6415b61d4c93ff5679950d1667e7280,,qhtm sdk/test/res/test.rc2,1,Library/QHTM_FullSource1967/components/qhtm/test/test.rc
Library/QHTM_FullSource1967/components/qhtm/test/resource.h,third-party/middleware,normal player dependency,618,0a83fc9c740aa432b92eb383600687586d4b4054031aaab54819db365fd29302,,ChinaResource/resource.h;SetRegistry/SetRegistry/resource.h;SetRegistry/resource.h;XFileTransfer/resource.h;XLauncher/Resource.h;XPacker/Resource.h;XPatch/resource.h;qhtm sdk/resource.h;qhtm sdk/test/resource.h;resource.h,2,Library/QHTM_FullSource1967/components/qhtm/test/test.h;Library/QHTM_FullSource1967/components/qhtm/test/test.rc
Library/QHTM_FullSource1967/components/qhtm/test/stdafx.cpp,third-party/middleware,normal player dependency,198,940fe4b0a117a85d5fa5c01b97bc86b622d1961cf220cf40393ac750c69f5db7,,SetRegistry/SetRegistry/StdAfx.cpp;SetRegistry/StdAfx.cpp;StdAfx.cpp;XFControl/StdAfx.cpp;XFileTransfer/StdAfx.cpp;XLauncher/StdAfx.cpp;XPacker/StdAfx.cpp;XPatch/StdAfx.cpp;qhtm sdk/qhtm static link/stdafx.cpp;qhtm sdk/stdafx.cpp;qhtm sdk/test/stdafx.cpp,0,
Library/QHTM_FullSource1967/components/qhtm/test/stdafx.h,third-party/middleware,normal player dependency,1170,d9979f2d640d930fbe18dbdb030099ea050624df5605c0730f987dd960ca9f7b,,SetRegistry/SetRegistry/StdAfx.h;SetRegistry/StdAfx.h;StdAfx.h;XFControl/StdAfx.h;XFileTransfer/StdAfx.h;XLauncher/StdAfx.h;XPacker/StdAfx.h;XPatch/StdAfx.h;qhtm sdk/qhtm static link/stdafx.h;qhtm sdk/stdafx.h;qhtm sdk/test/stdafx.h,6,Library/QHTM_FullSource1967/components/qhtm/test/mainfrm.cpp;Library/QHTM_FullSource1967/components/qhtm/test/stdafx.cpp;Library/QHTM_FullSource1967/components/qhtm/test/test.cpp;Library/QHTM_FullSource1967/components/qhtm/test/testdoc.cpp;Library/QHTM_FullSource1967/components/qhtm/test/testlist.cpp;Library/QHTM_FullSource1967/components/qhtm/test/testview.cpp
Library/QHTM_FullSource1967/components/qhtm/test/test.cpp,third-party/middleware,normal player dependency,4265,6b1485ff5b9d2ad9917f9793ecd24ba6fd95650d4c0c8fce7147457793e0bbcd,,qhtm sdk/test/test.cpp,0,
Library/QHTM_FullSource1967/components/qhtm/test/test.h,third-party/middleware,normal player dependency,1314,7630ab402df76b000225ca09569964efaf964d21062ab367a456084eeb688a7b,,qhtm sdk/test/test.h,5,Library/QHTM_FullSource1967/components/qhtm/test/mainfrm.cpp;Library/QHTM_FullSource1967/components/qhtm/test/test.cpp;Library/QHTM_FullSource1967/components/qhtm/test/testdoc.cpp;Library/QHTM_FullSource1967/components/qhtm/test/testlist.cpp;Library/QHTM_FullSource1967/components/qhtm/test/testview.cpp
Library/QHTM_FullSource1967/components/qhtm/test/test.rc,third-party/middleware,normal player dependency,11924,a3b6dfc3e8ec1aee75a6235028c89d6df536c0368f3005feef51d00265d8fbc6,,qhtm sdk/test/test.rc,0,
Library/QHTM_FullSource1967/components/qhtm/test/testdoc.cpp,third-party/middleware,normal player dependency,1618,5294650bc479ce2674624c853849d71ec4eed61c61446b46ab1d1cda7ddb7447,,qhtm sdk/test/testdoc.cpp,0,
Library/QHTM_FullSource1967/components/qhtm/test/testdoc.h,third-party/middleware,normal player dependency,1396,a457027c754459a654f0cf6ef11b387cc6639063d35c95c82260c6b005bccab7,,qhtm sdk/test/testdoc.h,3,Library/QHTM_FullSource1967/components/qhtm/test/test.cpp;Library/QHTM_FullSource1967/components/qhtm/test/testdoc.cpp;Library/QHTM_FullSource1967/components/qhtm/test/testview.cpp
Library/QHTM_FullSource1967/components/qhtm/test/testlist.cpp,third-party/middleware,normal player dependency,4569,27116e618fb973be5841d3b472224d2439c6c3b9d2db268f680be3a09f683e52,,qhtm sdk/test/testlist.cpp,0,
Library/QHTM_FullSource1967/components/qhtm/test/testlist.h,third-party/middleware,normal player dependency,1378,6107e94f8809d6de445b4415b1ead7c838137c6727153ccabe3d5b6b66765273,,qhtm sdk/test/testlist.h,2,Library/QHTM_FullSource1967/components/qhtm/test/mainfrm.h;Library/QHTM_FullSource1967/components/qhtm/test/testlist.cpp
Library/QHTM_FullSource1967/components/qhtm/test/testview.cpp,third-party/middleware,normal player dependency,4931,d34cd122f960d968439c7628a7968bafba3a93d0deb8778781a9a463a704b32b,,qhtm sdk/test/testview.cpp,0,
Library/QHTM_FullSource1967/components/qhtm/test/testview.h,third-party/middleware,normal player dependency,2008,fab2fcde2f5bb0425ff1b061acf6f1e176e4a66a195adc81526bed4b3b438775,,qhtm sdk/test/testview.h,2,Library/QHTM_FullSource1967/components/qhtm/test/test.cpp;Library/QHTM_FullSource1967/components/qhtm/test/testview.cpp
Library/QHTM_FullSource1967/components/qhtm/textabc.h,third-party/middleware,normal player dependency,652,44523771b7dc653ecf6c245f82b832e7c9602b75ce14a6d3ffd372b47083b13f,,qhtm sdk/textabc.h,1,Library/QHTM_FullSource1967/components/qhtm/simplestring.h
Library/QHTM_FullSource1967/components/qhtm/tipwindow.cpp,third-party/middleware,normal player dependency,7275,4111b58570a0d3519a72a6b40ce421bffea2f7da1d1146e74d1a207e895e4083,,qhtm sdk/tipwindow.cpp,0,
Library/QHTM_FullSource1967/components/qhtm/tipwindow.h,third-party/middleware,normal player dependency,1361,61b8eba202980e2cdadc3832a21f8f381a34fca69f7f56f1997b9d830e512fcc,,qhtm sdk/tipwindow.h,4,Library/QHTM_FullSource1967/components/qhtm/qhtm_initialize.cpp;Library/QHTM_FullSource1967/components/qhtm/qhtmcontrolsection.cpp;Library/QHTM_FullSource1967/components/qhtm/sectionabc.cpp;Library/QHTM_FullSource1967/components/qhtm/tipwindow.cpp
Library/QHTM_FullSource1967/components/qhtm/unicodehelpers.h,third-party/middleware,normal player dependency,1405,2353aee2058fcd82e2ea8141142b60a36288cbac9e032006e4c1e7b509b255cd,,qhtm sdk/unicodehelpers.h,2,Library/QHTM_FullSource1967/components/qhtm/qhtm_wndproc.cpp;Library/QHTM_FullSource1967/components/qhtm/qhtmcontrolsection.cpp
Library/QHTM_FullSource1967/components/qhtm/utils.h,third-party/middleware,normal player dependency,576,981f8e5e1ab2af900fb7d8f2f487d929260994bec308d900a78e96f71f520b92,,qhtm sdk/utils.h,8,Library/QHTM_FullSource1967/components/qhtm/htmlimagesection.cpp;Library/QHTM_FullSource1967/components/qhtm/htmlsection.cpp;Library/QHTM_FullSource1967/components/qhtm/htmlsectionabc.cpp;Library/QHTM_FullSource1967/components/qhtm/htmltextsection.cpp;Library/QHTM_FullSource1967/components/qhtm/qhtm_wndproc.cpp;Library/QHTM_FullSource1967/components/qhtm/qhtmcontrolsection.cpp;Library/QHTM_FullSource1967/components/qhtm/sectionabc.cpp;Library/QHTM_FullSource1967/components/qhtm/tipwindow.cpp
Library/QHTM_FullSource1967/components/reuse/resourceloader.h,third-party/middleware,normal player dependency,857,9be2c7c082db29fc6f8bf3c969c38b935059b19626df7d3f206e66d8175c1a90,,qhtm sdk/resourceloader.h,0,
Library/QHTM_FullSource1967/components/reuse/store.h,third-party/middleware,normal player dependency,1462,2aecc9b26c1493bbca38ec64982c77c23be39ab9a94a0fb5b283d05e2e6d0264,,,1,Library/QHTM_FullSource1967/components/reuse/stream.h
Library/QHTM_FullSource1967/components/reuse/stream.h,third-party/middleware,normal player dependency,2032,ecfa2e3ef72e5e4385a2ba33bed46e3e1fb59e348465654505f1209b6fb23d5c,,,0,
Library/QHTM_FullSource1967/components/stack.h,third-party/middleware,normal player dependency,1153,566f8da9cdbff32ee60ffa7f6d88a622f4005a07d5928bf410db389654919e0a,,,2,Library/QHTM_FullSource1967/components/qhtm/htmlparsebase.h;Library/QHTM_FullSource1967/components/qhtm/htmlsectioncreator.h
Library/QHTM_FullSource1967/components/textabc.h,third-party/middleware,normal player dependency,618,7ed1c5e39f933175135945dedc84727c1b890c95e9ba94b5dc283711531e8a61,,qhtm sdk/textabc.h,0,
Library/QHTM_FullSource1967/components/windowtext.h,third-party/middleware,normal player dependency,1153,b1abdc285ff8c531920bc6b27cb3f9e9f9330c2098d82c8e912fd84c15b7a7b2,,,0,
Library/QHTM_FullSource1967/components/winhelper.h,third-party/middleware,normal player dependency,9597,26c6de6fe28760c3a163445cc5a67aa17fa89284381f422f8b0d13dfb474f566,,,1,Library/QHTM_FullSource1967/components/qhtm/getcolourfromstring.cpp
Library/QHTM_FullSource1967/components/zlib/adler32.c,third-party/middleware,normal player dependency,1245,bb15ef9fda3d4d326b8b6e9e84e4a9f74b41576be421800a123d00478e914dbd,,XGamebase/src/libs/zlib/adler32.c;XLauncher/FlashCtrl/zlib/adler32.c,0,
Library/QHTM_FullSource1967/components/zlib/compress.c,third-party/middleware,normal player dependency,2136,52423a5208259ba5645c3e9b82564b215d0fb4b24d16f5eeeddf91ad173c04e8,,XGamebase/src/libs/zlib/compress.c;XLauncher/FlashCtrl/zlib/compress.c,0,
Library/QHTM_FullSource1967/components/zlib/crc32.c,third-party/middleware,normal player dependency,6974,91517e3ec59a1af53370ab533af809a0a1cb5064de0b7f26c49460815a252580,,XGamebase/src/libs/zlib/crc32.c;XLauncher/FlashCtrl/zlib/crc32.c,0,
Library/QHTM_FullSource1967/components/zlib/deflate.c,third-party/middleware,normal player dependency,48983,ff820d58faed4323bae46aebf454d18c9b8dfd16050da3decd78ee2c546249a2,,XGamebase/src/libs/zlib/deflate.c;XLauncher/FlashCtrl/zlib/deflate.c,0,
Library/QHTM_FullSource1967/components/zlib/deflate.h,third-party/middleware,normal player dependency,11607,cd21f799dede43d2e38498cef3f022427f1866be826d3ed7bb99e7ec20df0e69,,XGamebase/src/libs/zlib/deflate.h;XLauncher/FlashCtrl/zlib/deflate.h,2,Library/QHTM_FullSource1967/components/zlib/deflate.c;Library/QHTM_FullSource1967/components/zlib/trees.c
Library/QHTM_FullSource1967/components/zlib/gzio.c,third-party/middleware,normal player dependency,25741,7243b471eac9e6ca2ae9f9b9ed445786216676b165f14e48aa776f005473ef39,,XGamebase/src/libs/zlib/gzio.c;XLauncher/FlashCtrl/zlib/gzio.c,0,
Library/QHTM_FullSource1967/components/zlib/infblock.c,third-party/middleware,normal player dependency,12352,ba062cff2a248ce95062bc0f7f713f3fe70a276d13ba5566b0be51e8af1e7d18,,XGamebase/src/libs/zlib/infblock.c,0,
Library/QHTM_FullSource1967/components/zlib/infblock.h,third-party/middleware,normal player dependency,1214,c74668be73c56e1adda6ff9da06132330d9c4a7479232339dfc4e0f3bf703ff8,,XGamebase/src/libs/zlib/infblock.h,5,Library/QHTM_FullSource1967/components/zlib/infblock.c;Library/QHTM_FullSource1967/components/zlib/infcodes.c;Library/QHTM_FullSource1967/components/zlib/inffast.c;Library/QHTM_FullSource1967/components/zlib/inflate.c;Library/QHTM_FullSource1967/components/zlib/infutil.c
Library/QHTM_FullSource1967/components/zlib/infcodes.c,third-party/middleware,normal player dependency,7795,77d7f9a0ca839931e3d1d2a16648233f4ea048292c183607d18ad90b9080ff33,,XGamebase/src/libs/zlib/infcodes.c,0,
Library/QHTM_FullSource1967/components/zlib/infcodes.h,third-party/middleware,normal player dependency,737,83bbaf1225242b86b9ad4078993ba224a73eed777553955ad0c958a9cd840928,,XGamebase/src/libs/zlib/infcodes.h,4,Library/QHTM_FullSource1967/components/zlib/infblock.c;Library/QHTM_FullSource1967/components/zlib/infcodes.c;Library/QHTM_FullSource1967/components/zlib/inffast.c;Library/QHTM_FullSource1967/components/zlib/infutil.c
Library/QHTM_FullSource1967/components/zlib/inffast.c,third-party/middleware,normal player dependency,5645,dc25c1a8c7de256437605a9dcb4356b23ef6a785529fe9beb782abd23d0bb4be,,XGamebase/src/libs/zlib/inffast.c;XLauncher/FlashCtrl/zlib/inffast.c,0,
Library/QHTM_FullSource1967/components/zlib/inffast.h,third-party/middleware,normal player dependency,488,6f2bae64c1838cbec06bc481e6a7d0f36bf47ad7eb66c1777cd02754cde6dc4f,,XGamebase/src/libs/zlib/inffast.h;XLauncher/FlashCtrl/zlib/inffast.h,2,Library/QHTM_FullSource1967/components/zlib/infcodes.c;Library/QHTM_FullSource1967/components/zlib/inffast.c
Library/QHTM_FullSource1967/components/zlib/inffixed.h,third-party/middleware,normal player dependency,8928,2a28f6ec7a9042b31ee2f214aff62a8ae9ab079a584e278a8e7e0f156b329d9e,,XGamebase/src/libs/zlib/inffixed.h;XLauncher/FlashCtrl/zlib/inffixed.h,1,Library/QHTM_FullSource1967/components/zlib/inftrees.c
Library/QHTM_FullSource1967/components/zlib/inflate.c,third-party/middleware,normal player dependency,9656,fac42b9bfdcd2ff4751e642a518dff921ae5a79a22f7eeda73845c803a89a623,,XGamebase/src/libs/zlib/inflate.c;XLauncher/FlashCtrl/zlib/inflate.c,0,
Library/QHTM_FullSource1967/components/zlib/inftrees.c,third-party/middleware,normal player dependency,16074,ceb90191ca5b2bcccdfe3cfc3af92d3c6ebf6d4a2130c7c76989c32b6870c98b,,XGamebase/src/libs/zlib/inftrees.c;XLauncher/FlashCtrl/zlib/inftrees.c,0,
Library/QHTM_FullSource1967/components/zlib/inftrees.h,third-party/middleware,normal player dependency,2616,c5fd84fc82e7aef32d4a7867cca4355d8ef50609449ce7e6a13b8348d29c2971,,XGamebase/src/libs/zlib/inftrees.h;XLauncher/FlashCtrl/zlib/inftrees.h,5,Library/QHTM_FullSource1967/components/zlib/infblock.c;Library/QHTM_FullSource1967/components/zlib/infcodes.c;Library/QHTM_FullSource1967/components/zlib/inffast.c;Library/QHTM_FullSource1967/components/zlib/inftrees.c;Library/QHTM_FullSource1967/components/zlib/infutil.c
Library/QHTM_FullSource1967/components/zlib/infutil.c,third-party/middleware,normal player dependency,1999,2b1cd432c533d614ab6cc0d36f1a1df24a42c4c77d63267f69d22fcc0d6a58b3,,XGamebase/src/libs/zlib/infutil.c,0,
Library/QHTM_FullSource1967/components/zlib/infutil.h,third-party/middleware,normal player dependency,3679,deeba500856766334ff3b8f7e0ba03fbf1aaaeb7ccf9325d93163dc25f9bbb53,,XGamebase/src/libs/zlib/infutil.h,4,Library/QHTM_FullSource1967/components/zlib/infblock.c;Library/QHTM_FullSource1967/components/zlib/infcodes.c;Library/QHTM_FullSource1967/components/zlib/inffast.c;Library/QHTM_FullSource1967/components/zlib/infutil.c
Library/QHTM_FullSource1967/components/zlib/trees.c,third-party/middleware,normal player dependency,43672,cfda553556f3c2461c2fae7cf7dcb6aa61a256d6694855694cd8709f93f9fb2b,,XGamebase/src/libs/zlib/trees.c;XLauncher/FlashCtrl/zlib/trees.c,0,
Library/QHTM_FullSource1967/components/zlib/trees.h,third-party/middleware,normal player dependency,8444,81579041310716219bbbf7c98849d91f5aeabdd7eadb1f8e9d7e2aa57724b58b,,XGamebase/src/libs/zlib/trees.h;XLauncher/FlashCtrl/zlib/trees.h,1,Library/QHTM_FullSource1967/components/zlib/trees.c
Library/QHTM_FullSource1967/components/zlib/uncompr.c,third-party/middleware,normal player dependency,1981,4f771ea1070726e0e2c3b16dfd95783049c5bca4b0218d23db8ddfdd87ba1e97,,XGamebase/src/libs/zlib/uncompr.c;XLauncher/FlashCtrl/zlib/uncompr.c,0,
Library/QHTM_FullSource1967/components/zlib/zconf.h,third-party/middleware,normal player dependency,7810,dbe9ae846474d91214e1ce15a56502544194c84550ad0ff24df755582c50821d,,XGamebase/src/libs/zlib/zconf.h;XLauncher/FlashCtrl/zlib/zconf.h;XPacker/Zip/zconf.h,1,Library/QHTM_FullSource1967/components/zlib/zlib.h
Library/QHTM_FullSource1967/components/zlib/zlib.h,third-party/middleware,normal player dependency,40898,56ff7663df8470fddf2e64a4a57da1d4e17d041f0b895a53ae5fab0d492d7e0b,,XGamebase/src/libs/zlib/zlib.h;XLauncher/FlashCtrl/zlib/zlib.h;XPacker/Zip/zlib.h,5,Library/QHTM_FullSource1967/components/zlib/adler32.c;Library/QHTM_FullSource1967/components/zlib/compress.c;Library/QHTM_FullSource1967/components/zlib/crc32.c;Library/QHTM_FullSource1967/components/zlib/uncompr.c;Library/QHTM_FullSource1967/components/zlib/zutil.h
Library/QHTM_FullSource1967/components/zlib/zutil.c,third-party/middleware,normal player dependency,5232,535eb344c5d7f87b69c8927264aff58e65f644ea43cbf99715b0e96f2bb34364,,XGamebase/src/libs/zlib/zutil.c;XLauncher/FlashCtrl/zlib/zutil.c,0,
Library/QHTM_FullSource1967/components/zlib/zutil.h,third-party/middleware,normal player dependency,5560,d8b262446485f4869caff5a51aaffa8662d50372a435fce2caf65dd6bd9ede6b,,XGamebase/src/libs/zlib/zutil.h;XLauncher/FlashCtrl/zlib/zutil.h,9,Library/QHTM_FullSource1967/components/zlib/deflate.h;Library/QHTM_FullSource1967/components/zlib/gzio.c;Library/QHTM_FullSource1967/components/zlib/infblock.c;Library/QHTM_FullSource1967/components/zlib/infcodes.c;Library/QHTM_FullSource1967/components/zlib/inffast.c;Library/QHTM_FullSource1967/components/zlib/inflate.c;Library/QHTM_FullSource1967/components/zlib/inftrees.c;Library/QHTM_FullSource1967/components/zlib/infutil.c;Library/QHTM_FullSource1967/components/zlib/zutil.c
Library/radsdk/radsdk.h,third-party/middleware,shared by GM and normal,4525,9073852d0202552408fbeb632f2a950eb97faac4d58e3ccfa2c536870d962c70,,,2,Library/radsdk/radsdk_ll.h;XIGAADWrapper/XIGAADWrapperCore.h
Library/radsdk/radsdk_ll.h,third-party/middleware,shared by GM and normal,2718,c2261a5b27cbc821e53529bef0bf877eaa124e8bc71660d21aa681f7f412e64e,,,1,XIGAADWrapper/XIGAADWrapperCore.h
Network/packet_for_MnD.h,normal/shared source,shared by GM and normal,14029,2566db7be5f12abfd80c3c4c2ee895b48b6dbfc0240b30df9a81b4273229606b,,,1,Network/Game_packets.h
Network/XNetwork_MasternDisciple.cpp,normal/shared source,normal player dependency,21130,0420337e1ba488ce56a19e26163d0ad5a4f886cb9596317433d1758f899e5fd7,,,0,
NMClass/ADBalloon.cpp,shared engine/internal library,normal player dependency,2014,bc05b114bcad1b3332537ff4061eea9667eae4257b58851851ff1aad6784211c,,NexonADBalloonLib/ADBalloon.cpp,0,
NMClass/ADBalloon.h,shared engine/internal library,normal player dependency,260,e8ada1246a13de2ed4193d82bc1560bbabab2844a92a29ea0709518965f43740,,NexonADBalloonLib/ADBalloon.h,1,NMClass/ADBalloon.cpp
NMClass/BrowserControl.cpp,shared engine/internal library,normal player dependency,19154,11f4c02e1a27d9f9a04ee5ace1736971556d2b8c39c4ebc6fcf0916bba190755,,NexonADBalloonLib/BrowserControl.cpp,0,
NMClass/BrowserControl.h,shared engine/internal library,normal player dependency,5157,0b55dfb434b7627f1a7bdea8b4edc0c3bd462844919ca1c3abf102124e8e7dbc,,NexonADBalloonLib/BrowserControl.h,2,NMClass/ADBalloon.cpp;NMClass/BrowserControl.cpp
Script/XResourceGroupItem.cpp,normal/shared source,normal player dependency,473,d8c53d051d8046fb451e1e79a51d237d18c52b7bb52ed8a0eb851c18767ea9d8,,,0,
Script/XResourceGroupItem.h,normal/shared source,normal player dependency,570,e53ec35950519388beb23e6efb43375056a62e31441c86d460afa075cc663164,,,1,Script/XResourceGroupItem.cpp
Script/XResourceGroupSubItem.cpp,normal/shared source,normal player dependency,494,c24ab8c8203f7eefd382fc0f60fffef0097ae68f8381e913032633f6f9c7c37e,,,0,
Script/XResourceGroupSubItem.h,normal/shared source,normal player dependency,594,83c6a3a596ffab9672418cb56354532e1a94dd01d4398ab74022c4a1de74deac,,,1,Script/XResourceGroupSubItem.cpp
Script/XResourcePackag.cpp,normal/shared source,normal player dependency,452,5273dc046919cfd8c972b16d6b199f02bab3e5037f26871aa91479c04b1dd42f,,,0,
Script/XResourcePackag.h,normal/shared source,normal player dependency,546,54a1475e95258f23a8e81a8cd3bd4953cb1d6542f568408f6595c34df64a1476,,,1,Script/XResourcePackag.cpp
Script/XResourcePackage.cpp,normal/shared source,normal player dependency,459,d908e2894982987bedfe20b94a6155fe9f8a2b96d32e35d99dd4541e31e84859,,,0,
Script/XResourcePackage.h,normal/shared source,normal player dependency,554,1c52d676603ac52faa2007fd39e89a75db6203d1de7dd2cee9d66bca6a1c0433,,,1,Script/XResourcePackage.cpp
webbrowser2.cpp,normal/shared source,normal player dependency,10817,57c597a4fed03f794ac6058b6978f96009b5493bd8d55ecf002d151e7b55eba9,,XLauncher/webbrowser2.cpp,0,
webbrowser2.h,normal/shared source,normal player dependency,3645,00042ace198201ebd10bbe852101651092a64dd6cee2119cdad2e637579b1298,,XLauncher/webbrowser2.h,1,webbrowser2.cpp
webpageutil.cpp,normal/shared source,normal player dependency,9262,fb2e488792834825cb0f09233305f60c6cb20387f224085991d2bcf1b54ccb00,,,0,
XFControl/win32/OldCode/Display.cpp,shared engine/internal library,normal player dependency,6317,80cacb04e01b9e74402b48300c35f131812ab0f9b818ad55e1a786965e99b4d4,,XFControl/Win32/Display.cpp;XLauncher/FlashCtrl/win32/Display.cpp,0,
XFControl/win32/OldCode/display.h,shared engine/internal library,normal player dependency,6095,03a84edb2c2a326882250e1d1b1e40adc2d981049c4649b2f23c53237215ccc2,,XFControl/Win32/display.h;XLauncher/FlashCtrl/win32/display.h,1,XFControl/win32/OldCode/Display.cpp
XFileTransfer_Unicode/FTPTransfer.cpp,normal/shared source,normal player dependency,3874,847aec5094e21c596d08e95952b54fcd1aed254d667990d982e8af2e047fb61a,,XFileTransfer/FTPTransfer.cpp,0,
XFileTransfer_Unicode/FTPTransfer.h,normal/shared source,normal player dependency,2463,1612df387ac95bfc5f911828904915c54cd0c19fa5ce68c98a52cf757fc35e95,,XFileTransfer/FTPTransfer.h,2,XFileTransfer_Unicode/FTPTransfer.cpp;XFileTransfer_Unicode/XFileTransferDlg.h
XFileTransfer_Unicode/Label.cpp,normal/shared source,normal player dependency,29773,5fedb25bec13c26c496a9428e1e653becdf8a622871dbc1a09c317b5e4777d13,,XLauncher/Label.cpp;XPatch/Label.cpp,0,
XFileTransfer_Unicode/Label.h,normal/shared source,normal player dependency,3386,e4d02f742dfafa410f31ce4cb31100972724ecdc8a9d580f68b16bb15d5ea8cd,,XLauncher/Label.h;XPatch/Label.h,1,XFileTransfer_Unicode/Label.cpp
XFileTransfer_Unicode/Registry.cpp,normal/shared source,normal player dependency,18533,54a7071d0d85e0ce67cf183a7f9dbdd96d4d2fad59cd99cfe5c684147bea604b,,XFileTransfer/Registry.cpp,0,
XFileTransfer_Unicode/Registry.h,normal/shared source,normal player dependency,3616,dc04d94ee4429f6c08a50ff57502d1373c3f427702d04dcc06993b5d077c16b5,,XFileTransfer/Registry.h;XIGAADWrapper/Registry.h,4,XFileTransfer_Unicode/FTPTransfer.cpp;XFileTransfer_Unicode/Registry.cpp;XFileTransfer_Unicode/StdAfx.h;XFileTransfer_Unicode/XFileTransferDlg.cpp
XFileTransfer_Unicode/RegistryDef.h,normal/shared source,normal player dependency,554,5dc6e37a9489c7fa383a48e421367e1e186f08276a660ad3a58c42996e145241,,XFileTransfer/RegistryDef.h,3,XFileTransfer_Unicode/FTPTransfer.cpp;XFileTransfer_Unicode/Registry.h;XFileTransfer_Unicode/XFileTransferDlg.cpp
XFileTransfer_Unicode/res/XFileTransfer.rc2,normal/shared source,normal player dependency,392,7b1de89de73aedc5eae30bc00923c4a5d68d766b232aee5a76560681ddded927,,XFileTransfer/res/XFileTransfer.rc2,1,XFileTransfer_Unicode/XFileTransfer.rc
XFileTransfer_Unicode/resource.h,normal/shared source,normal player dependency,1067,3bcc7f802990ec0be5ac6d7b0ac276d6fd5d08f234c8da72aeb86934d30548db,,ChinaResource/resource.h;SetRegistry/SetRegistry/resource.h;SetRegistry/resource.h;XFileTransfer/resource.h;XLauncher/Resource.h;XPacker/Resource.h;XPatch/resource.h;qhtm sdk/resource.h;qhtm sdk/test/resource.h;resource.h,3,XFileTransfer_Unicode/FTPTransfer.cpp;XFileTransfer_Unicode/XFileTransfer.h;XFileTransfer_Unicode/XFileTransfer.rc
XFileTransfer_Unicode/StdAfx.cpp,normal/shared source,normal player dependency,238,4cbec24d863fcab72b263d97fcec36f1abf1a2e99e63403f9526888ebac1feb1,,SetRegistry/SetRegistry/StdAfx.cpp;SetRegistry/StdAfx.cpp;StdAfx.cpp;XFControl/StdAfx.cpp;XFileTransfer/StdAfx.cpp;XLauncher/StdAfx.cpp;XPacker/StdAfx.cpp;XPatch/StdAfx.cpp;qhtm sdk/qhtm static link/stdafx.cpp;qhtm sdk/stdafx.cpp;qhtm sdk/test/stdafx.cpp,0,
XFileTransfer_Unicode/StdAfx.h,normal/shared source,normal player dependency,1137,88c41786db4ad07474c667da91241e8f8c3e5fbb81eb53e88420354adb612838,,SetRegistry/SetRegistry/StdAfx.h;SetRegistry/StdAfx.h;StdAfx.h;XFControl/StdAfx.h;XFileTransfer/StdAfx.h;XLauncher/StdAfx.h;XPacker/StdAfx.h;XPatch/StdAfx.h;qhtm sdk/qhtm static link/stdafx.h;qhtm sdk/stdafx.h;qhtm sdk/test/stdafx.h,6,XFileTransfer_Unicode/FTPTransfer.cpp;XFileTransfer_Unicode/Label.cpp;XFileTransfer_Unicode/Registry.cpp;XFileTransfer_Unicode/StdAfx.cpp;XFileTransfer_Unicode/XFileTransfer.cpp;XFileTransfer_Unicode/XFileTransferDlg.cpp
XFileTransfer_Unicode/XFileTransfer.cpp,normal/shared source,normal player dependency,2626,2f339ff3b2ea4f6c0c0a871f6951b7032ca3998d33736441a06cc878a246af81,,XFileTransfer/XFileTransfer.cpp,0,
XFileTransfer_Unicode/XFileTransfer.h,normal/shared source,normal player dependency,1162,2b088089c1a0a9afcbf5993703ed7be675a4aaef14bb8403537f5ee355b31798,,XFileTransfer/XFileTransfer.h,2,XFileTransfer_Unicode/XFileTransfer.cpp;XFileTransfer_Unicode/XFileTransferDlg.cpp
XFileTransfer_Unicode/XFileTransfer.rc,normal/shared source,normal player dependency,6741,fd490da915b8c3e2ce978548fe456db71602f00337b222ec9bb10508e68f9658,,XFileTransfer/XFileTransfer.rc,0,
XFileTransfer_Unicode/XFileTransferDlg.cpp,normal/shared source,normal player dependency,12097,7919e5a0efb068325f39b159f4ad6a128186102baa755050a0bf97d4ce457c38,,XFileTransfer/XFileTransferDlg.cpp,0,
XFileTransfer_Unicode/XFileTransferDlg.h,normal/shared source,normal player dependency,1622,fa1b1fc1bc79b5969730200ff5fc09bb7c2f3b080ba0b3dda6a1ea36a7b1f7f2,,XFileTransfer/XFileTransferDlg.h,2,XFileTransfer_Unicode/XFileTransfer.cpp;XFileTransfer_Unicode/XFileTransferDlg.cpp
XFileTransfer_Unicode/XZip.cpp,normal/shared source,normal player dependency,110810,c7ebadc85912ec92f6c8a339e08e2e2bc24048d43ee9e362aa2b013b69942dac,,XFileTransfer/XZip.cpp,0,
XFileTransfer_Unicode/XZip.h,normal/shared source,normal player dependency,15433,48a169ac789be073cec930afdaf0bb16ba11093e879c1486ec285263c8d896c2,,XFileTransfer/XZip.h,2,XFileTransfer_Unicode/XFileTransferDlg.cpp;XFileTransfer_Unicode/XZip.cpp
XGamebase/src/system/Blowfish.h,normal/shared source,normal player dependency,7980,de54213be5dc87c6e5f60ee2c1f31cf682c030f370e8a0d085b65d7888beeb4f,,,0,
XLauncher_Unicode/BCMenu.cpp,launcher/patcher,normal player dependency,85721,1588cf3a6f151609f47f23c22f70c0b3ff087474959e0f5ddea6cc0fef3365eb,,XLauncher/BCMenu.cpp,0,
XLauncher_Unicode/BCMenu.h,launcher/patcher,normal player dependency,16087,f21a0e34051b1c77248846c78dc8d70fcec51b08c9a5aef2a77be83fce324b4a,,XLauncher/BCMenu.h,2,XLauncher_Unicode/BCMenu.cpp;XLauncher_Unicode/BtnST.h
XLauncher_Unicode/BitComboBox.cpp,launcher/patcher,normal player dependency,18459,f0726b3837c61335a12dea36d542aa83041cab73bc549f07b3e1476aec25f33c,,XLauncher/BitComboBox.cpp,0,
XLauncher_Unicode/BitComboBox.h,launcher/patcher,normal player dependency,4023,73769ff525fc8a04859d52ceed3c4d7145b4f589c1dc6e47986949e8be5b0334,,XLauncher/BitComboBox.h,3,XLauncher_Unicode/BitComboBox.cpp;XLauncher_Unicode/ResChangeDialog.h;XLauncher_Unicode/XLauncherDlg.h
XLauncher_Unicode/BitListBox.cpp,launcher/patcher,normal player dependency,831,715d7b97cc78696e64bb61459301512ba91a21b284d9ea02b0b55bb149390185,,XLauncher/BitListBox.cpp,0,
XLauncher_Unicode/BitListBox.h,launcher/patcher,normal player dependency,1069,eb83c5cd8b1c2461a7590b1265e3e3b09c1214cd7c1c14093419827e80e40d89,,XLauncher/BitListBox.h,2,XLauncher_Unicode/BitComboBox.h;XLauncher_Unicode/BitListBox.cpp
XLauncher_Unicode/BitmapDialog.cpp,launcher/patcher,normal player dependency,14515,6a366defe4298b65a7a491c074406da2ede4ae6b3888e92976747015411fe58b,,XLauncher/BitmapDialog.cpp;XPatch/BitmapDialog.cpp,0,
XLauncher_Unicode/BitmapDialog.h,launcher/patcher,normal player dependency,3176,241605bb59eca636b8eb5888d6e3d68a12b1c5948fa17e901c151fcbdf1652cc,,XLauncher/BitmapDialog.h;XPatch/BitmapDialog.h,5,XLauncher_Unicode/BitmapDialog.cpp;XLauncher_Unicode/ResChangeDialog.h;XLauncher_Unicode/XLauncherDlg.h;XLauncher_Unicode/noticedialog.cpp;XLauncher_Unicode/noticedialog.h
XLauncher_Unicode/BitmapSlider.cpp,launcher/patcher,normal player dependency,21762,3d258f17cdc21742120986ec81a3908f51a69962deb45a8219effebbfe6d7ed5,,XLauncher/BitmapSlider.cpp,0,
XLauncher_Unicode/BitmapSlider.h,launcher/patcher,normal player dependency,4431,9a44fc0e95ddcc014fa8d8f9bc844dc58ff9cafbaa4eb49bc03c2b134ef07224,,XLauncher/BitmapSlider.h,2,XLauncher_Unicode/BitmapSlider.cpp;XLauncher_Unicode/XLauncherDlg.h
XLauncher_Unicode/BtnST.cpp,launcher/patcher,normal player dependency,67618,3745a927b305f11e836686b02f33c7ba02dc2a9b4065a7a16ac47fa3ae655c77,,XLauncher/BtnST.cpp;XPatch/BtnST.cpp,0,
XLauncher_Unicode/BtnST.h,launcher/patcher,normal player dependency,10174,c796d0df559c492cf38e261c4b0288967299406cd87bce1c4fcb0f7f7c84bd99,,XLauncher/BtnST.h;XPatch/BtnST.h,4,XLauncher_Unicode/BtnST.cpp;XLauncher_Unicode/ResChangeDialog.h;XLauncher_Unicode/XLauncherDlg.h;XLauncher_Unicode/noticedialog.h
XLauncher_Unicode/CeXDib.cpp,launcher/patcher,normal player dependency,8351,b7afb8c5ff968e46b0a160ae708f4e8adeedad4335234bc6c1d7f8620abed674,,XLauncher/CeXDib.cpp,0,
XLauncher_Unicode/CeXDib.h,launcher/patcher,normal player dependency,2232,1cff0233fa70c6243989a395efbfdf4a7c622026deb990705388f8de4d4765b6,,XLauncher/CeXDib.h,2,XLauncher_Unicode/CeXDib.cpp;XLauncher_Unicode/ShadeButtonST.h
XLauncher_Unicode/CheckVersionDlg.cpp,launcher/patcher,normal player dependency,1378,bbec13c7fcb813d5defeda11aca48e82501b41936d05264059461a3b0330abec,,XLauncher/CheckVersionDlg.cpp,0,
XLauncher_Unicode/CheckVersionDlg.h,launcher/patcher,normal player dependency,1235,d2545ae00141b25eb604dd21f189434c8c9febd1b8099c1f7fdb46fdf04485cf,,XLauncher/CheckVersionDlg.h,2,XLauncher_Unicode/CheckVersionDlg.cpp;XLauncher_Unicode/XLauncherDlg.cpp
XLauncher_Unicode/d3denumeration.cpp,launcher/patcher,normal player dependency,26185,5426930e8076c11b3c361aab7f08f4e680d20e3bdbe18aa6046b54c4e9c15335,,,0,
XLauncher_Unicode/d3denumeration.h,launcher/patcher,normal player dependency,5103,2138be2ffae3103b6968c2d1fa0a005379b8b4689bc8cc13e96e04239b61fae1,,,2,XLauncher_Unicode/ResChangeDialog.cpp;XLauncher_Unicode/d3denumeration.cpp
XLauncher_Unicode/d3dutil.cpp,launcher/patcher,normal player dependency,24763,27bb541c224bfd19d8bd808eb9c491b4f64b16a81a40341d185faba6b0d072a3,,XKernel/XD3DUtilities/d3dutil.cpp,0,
XLauncher_Unicode/d3dutil.h,launcher/patcher,normal player dependency,7059,5d468bf7024635fc0dd3757a82a81a727ccc9ce716558f00118f415e3d913242,,XKernel/d3dutil.h,2,XLauncher_Unicode/ResChangeDialog.cpp;XLauncher_Unicode/d3dutil.cpp
XLauncher_Unicode/Dib.cpp,launcher/patcher,normal player dependency,41795,f67837e69ed2d28a9efc96d639f6e06b9e7cf91ec46199aa24e086dabc234c8d,,XLauncher/Dib.cpp;XPatch/Dib.cpp,0,
XLauncher_Unicode/DIB.h,launcher/patcher,normal player dependency,3893,38adc0f1f4734148b18bfd21d38edd427dde0df05ff810ca25e235745deecbbd,,XLauncher/DIB.h;XPatch/DIB.h,4,XLauncher_Unicode/Dib.cpp;XLauncher_Unicode/SeverMessageDialog.h;XLauncher_Unicode/XLauncherDlg.h;XLauncher_Unicode/noticedialog.h
XLauncher_Unicode/DLGHTML.cpp,launcher/patcher,normal player dependency,2757,9dddf76d92314a15e944ebcde4b2555095a1802c005fda5ec0c5377e3f3753a7,,XLauncher/DLGHTML.cpp,0,
XLauncher_Unicode/DLGHTML.h,launcher/patcher,normal player dependency,1054,923a10020a3d03ebb9cd51ffec8f1243d3b4ce80d973ae705874c58f47704d33,,XLauncher/DLGHTML.h,2,XLauncher_Unicode/DLGHTML.cpp;XLauncher_Unicode/XLauncherDlg.cpp
XLauncher_Unicode/dxutil.cpp,launcher/patcher,normal player dependency,36421,757ab2f265d564dc9f5c4f73a35ca2ba20d796d25993fd00f13af48c87267d08,,XKernel/XD3DUtilities/dxutil.cpp,0,
XLauncher_Unicode/dxutil.h,launcher/patcher,normal player dependency,8106,3fc9eda8951b67131d2102595f5076430d8bb766446e878cd503f8bf17b9534c,,XKernel/dxutil.h,4,XLauncher_Unicode/ResChangeDialog.cpp;XLauncher_Unicode/d3denumeration.cpp;XLauncher_Unicode/d3dutil.cpp;XLauncher_Unicode/dxutil.cpp
XLauncher_Unicode/EnterSerialDlg.cpp,launcher/patcher,normal player dependency,13395,1487c84f9810e10a30fa69f5cc863890c2b0f0938d1fd789f904f74e478fbd9d,,XLauncher/EnterSerialDlg.cpp,0,
XLauncher_Unicode/EnterSerialDlg.h,launcher/patcher,normal player dependency,1916,8685b137065c2ed5d6020f0dc3258f556a15c494ef522d370083b923b1120435,,XLauncher/EnterSerialDlg.h,2,XLauncher_Unicode/EnterSerialDlg.cpp;XLauncher_Unicode/XLauncherDlg.cpp
XLauncher_Unicode/FlashCtrl/bitbuf.cpp,third-party/middleware,normal player dependency,7505,a97e11299552e1a749233399f900ca20f0ed81c1dda5bbd8a39bd6586f894db1,,XFControl/bitbuf.cpp;XLauncher/FlashCtrl/bitbuf.cpp,0,
XLauncher_Unicode/FlashCtrl/Bitbuf.h,third-party/middleware,normal player dependency,4242,daeda21b9df07ad54a4cc05b1e8abeea51df6b6b6ce07d87c8486ec81c19b03b,,XFControl/Bitbuf.h;XLauncher/FlashCtrl/Bitbuf.h,6,XLauncher_Unicode/FlashCtrl/bitbuf.cpp;XLauncher_Unicode/FlashCtrl/raster.cpp;XLauncher_Unicode/FlashCtrl/raster.h;XLauncher_Unicode/FlashCtrl/sdisplay.cpp;XLauncher_Unicode/FlashCtrl/splay.cpp;XLauncher_Unicode/FlashCtrl/splayer.h
XLauncher_Unicode/FlashCtrl/bitstream.h,third-party/middleware,normal player dependency,2695,036286de11eb769e68bc6f97ed91ae89791b8e1b1538e4846d611a70a20c3ab0,,XFControl/bitstream.h;XLauncher/FlashCtrl/bitstream.h,1,XLauncher_Unicode/FlashCtrl/mpegbitstream.h
XLauncher_Unicode/FlashCtrl/curve.cpp,third-party/middleware,normal player dependency,14085,65d24cd263b20a1735dd151e8cf55dcc32e66b48dc955ab37740d10484e94487,,XFControl/curve.cpp;XLauncher/FlashCtrl/curve.cpp,0,
XLauncher_Unicode/FlashCtrl/curve.h,third-party/middleware,normal player dependency,6631,533539b774acf5930530cb1fff181b52c1157e24bdb29a46c9e5f1d7b13738f0,,XFControl/curve.h;XLauncher/FlashCtrl/curve.h,4,XLauncher_Unicode/FlashCtrl/curve.cpp;XLauncher_Unicode/FlashCtrl/edittext.cpp;XLauncher_Unicode/FlashCtrl/shape.h;XLauncher_Unicode/FlashCtrl/sstroker.h
XLauncher_Unicode/FlashCtrl/edittext.cpp,third-party/middleware,normal player dependency,47009,f84df1ffd58e63053753cb32402c8f9bd86cda3ad36d0f41c4e4845bc2a80f74,,XFControl/edittext.cpp;XLauncher/FlashCtrl/edittext.cpp,0,
XLauncher_Unicode/FlashCtrl/edittext.h,third-party/middleware,normal player dependency,4145,742b2f4605919cce523fac01e1607c10e0fcf6413150a183cdf9cfcc8615491c,,XFControl/edittext.h;XLauncher/FlashCtrl/edittext.h,6,XLauncher_Unicode/FlashCtrl/edittext.cpp;XLauncher_Unicode/FlashCtrl/sdisplay.cpp;XLauncher_Unicode/FlashCtrl/sobject.cpp;XLauncher_Unicode/FlashCtrl/splay.cpp;XLauncher_Unicode/FlashCtrl/splayer.cpp;XLauncher_Unicode/FlashCtrl/splayer.h
XLauncher_Unicode/FlashCtrl/fixed.cpp,third-party/middleware,normal player dependency,17704,3a7d21cc479b20b7bb1263ab3eaf2002745a5d7d55328fea146488baa454b7d9,,XFControl/fixed.cpp;XLauncher/FlashCtrl/fixed.cpp,0,
XLauncher_Unicode/FlashCtrl/fixed.h,third-party/middleware,normal player dependency,2608,12418910237c91b8a4d208c308bbfd9035978139a997b0022869625e22f1cecf,,XFControl/Win32/fixed.h;XFControl/fixed.h;XLauncher/FlashCtrl/fixed.h;XLauncher/FlashCtrl/win32/fixed.h,4,XLauncher_Unicode/FlashCtrl/fixed.cpp;XLauncher_Unicode/FlashCtrl/geom.h;XLauncher_Unicode/FlashCtrl/sndcodec.h;XLauncher_Unicode/FlashCtrl/sndmix.h
XLauncher_Unicode/FlashCtrl/FlashControl.h,third-party/middleware,normal player dependency,1582,6d63d25747de8f132f7ecb9c8f35526f913cadf4c58e1e9dbb04c7bc781f8cae,,XFControl/FlashControl.h;XLauncher/FlashCtrl/FlashControl.h,3,XLauncher_Unicode/FlashCtrl/FlashControlImpl.h;XLauncher_Unicode/FlashCtrl/FlashStatic.cpp;XLauncher_Unicode/FlashCtrl/FlashStatic.h
XLauncher_Unicode/FlashCtrl/FlashControlImpl.cpp,third-party/middleware,normal player dependency,2494,80121dfa36b669d1ed19839e32d23264752bfec20b00765144d50a4a7b585b84,,XFControl/FlashControlImpl.cpp;XLauncher/FlashCtrl/FlashControlImpl.cpp,0,
XLauncher_Unicode/FlashCtrl/FlashControlImpl.h,third-party/middleware,normal player dependency,1419,c9850939684bc70aca11047913648b3e0d5eb3f4ac5cff0f8b5da8648cd28e07,,XFControl/FlashControlImpl.h;XLauncher/FlashCtrl/FlashControlImpl.h,1,XLauncher_Unicode/FlashCtrl/FlashControlImpl.cpp
XLauncher_Unicode/FlashCtrl/FlashStatic.cpp,third-party/middleware,normal player dependency,11647,4c4e28f7a7a5c2946cb54db90163a5956ab9b95031dea8738a44eae7c481d5f5,,XLauncher/FlashCtrl/FlashStatic.cpp,0,
XLauncher_Unicode/FlashCtrl/FlashStatic.h,third-party/middleware,normal player dependency,2355,98cf74512728340d5cf936c3af2cb306f70c484522a0312bbd3403ab36c0cabc,,XLauncher/FlashCtrl/FlashStatic.h,2,XLauncher_Unicode/FlashCtrl/FlashStatic.cpp;XLauncher_Unicode/XLauncherDlg.h
XLauncher_Unicode/FlashCtrl/genericfonts.h,third-party/middleware,normal player dependency,927,2db76abda5dbe129ae95754b62e40eef5a2f0f1a8b6454286f91dad12bbf1f4b,,XFControl/genericfonts.h;XLauncher/FlashCtrl/genericfonts.h,1,XLauncher_Unicode/FlashCtrl/splayer.h
XLauncher_Unicode/FlashCtrl/geom.cpp,third-party/middleware,normal player dependency,20807,ca3712796a92e69cc9971df901decbbd1f928d0bfe5a303893ec8ee42eb3e6d7,,XFControl/geom.cpp;XLauncher/FlashCtrl/geom.cpp,0,
XLauncher_Unicode/FlashCtrl/geom.h,third-party/middleware,normal player dependency,5733,1565d1f0c8eaccd710c4d497a829791ecaeb6d3edadd7361f92cadfa51286e16,,XFControl/geom.h;XLauncher/FlashCtrl/geom.h,4,XLauncher_Unicode/FlashCtrl/curve.h;XLauncher_Unicode/FlashCtrl/geom.cpp;XLauncher_Unicode/FlashCtrl/morphinter.cpp;XLauncher_Unicode/FlashCtrl/sbitmap.h
XLauncher_Unicode/FlashCtrl/global.cpp,third-party/middleware,normal player dependency,5536,bd5020eb14047e100a127966a5097b85ff3d668d6f67720ed4b26ceca35b18d6,,XFControl/global.cpp;XLauncher/FlashCtrl/global.cpp,0,
XLauncher_Unicode/FlashCtrl/global.h,third-party/middleware,normal player dependency,4985,d24faa715aaa730d449bf2ae30953d39dae8a8d9809b8d0d6f012ff23a9e7d21,,XFControl/global.h;XLauncher/FlashCtrl/global.h,3,XLauncher_Unicode/FlashCtrl/fixed.h;XLauncher_Unicode/FlashCtrl/jpeg.h;XLauncher_Unicode/FlashCtrl/memcop.h
XLauncher_Unicode/FlashCtrl/jpeg.cpp,third-party/middleware,normal player dependency,1808,78d6d5552f167d2a120ac09daa179faf28b784c03f117733c5f6507e5013d12d,,XFControl/jpeg.cpp;XLauncher/FlashCtrl/jpeg.cpp,0,
XLauncher_Unicode/FlashCtrl/jpeg.h,third-party/middleware,normal player dependency,810,aea0de170dafa408745d35c1cd98b58b5d334181ce220408d27bf1038811c790,,XFControl/jpeg.h;XLauncher/FlashCtrl/jpeg.h,2,XLauncher_Unicode/FlashCtrl/jpeg.cpp;XLauncher_Unicode/FlashCtrl/splay.cpp
XLauncher_Unicode/FlashCtrl/JPEG/ansi2knr.cpp,third-party/middleware,normal player dependency,17019,5de12f743787cd460eae73a604fb515087402e3eedd29731ad72d630be1813ed,,XLauncher/FlashCtrl/JPEG/ansi2knr.cpp,0,
XLauncher_Unicode/FlashCtrl/JPEG/cderror.h,third-party/middleware,normal player dependency,5240,d2fc2293d13faf15255a68e282b3fe03039deb6e66c05e3e441685b31497122e,,XLauncher/FlashCtrl/JPEG/cderror.h,3,XLauncher_Unicode/FlashCtrl/JPEG/cdjpeg.h;XLauncher_Unicode/FlashCtrl/JPEG/cjpeg.cpp;XLauncher_Unicode/FlashCtrl/JPEG/djpeg.cpp
XLauncher_Unicode/FlashCtrl/JPEG/cdjpeg.cpp,third-party/middleware,normal player dependency,4624,21706f8568270fab248fc3e653ee53dff5e4e4ad5401c3b13738cc28580ba37f,,XLauncher/FlashCtrl/JPEG/cdjpeg.cpp,0,
XLauncher_Unicode/FlashCtrl/JPEG/cdjpeg.h,third-party/middleware,normal player dependency,5932,a5baffa3920e5021d4e97326edad009dceee250b4498e0408509554658875fd7,,XLauncher/FlashCtrl/JPEG/cdjpeg.h,16,XLauncher_Unicode/FlashCtrl/JPEG/cdjpeg.cpp;XLauncher_Unicode/FlashCtrl/JPEG/cjpeg.cpp;XLauncher_Unicode/FlashCtrl/JPEG/djpeg.cpp;XLauncher_Unicode/FlashCtrl/JPEG/jpegtran.cpp;XLauncher_Unicode/FlashCtrl/JPEG/rdbmp.cpp;XLauncher_Unicode/FlashCtrl/JPEG/rdcolmap.cpp;XLauncher_Unicode/FlashCtrl/JPEG/rdgif.cpp;XLauncher_Unicode/FlashCtrl/JPEG/rdppm.cpp;XLauncher_Unicode/FlashCtrl/JPEG/rdrle.cpp;XLauncher_Unicode/FlashCtrl/JPEG/rdswitch.cpp;XLauncher_Unicode/FlashCtrl/JPEG/rdtarga.cpp;XLauncher_Unicode/FlashCtrl/JPEG/wrbmp.cpp;XLauncher_Unicode/FlashCtrl/JPEG/wrgif.cpp;XLauncher_Unicode/FlashCtrl/JPEG/wrppm.cpp;XLauncher_Unicode/FlashCtrl/JPEG/wrrle.cpp;XLauncher_Unicode/FlashCtrl/JPEG/wrtarga.cpp
XLauncher_Unicode/FlashCtrl/JPEG/cjpeg.cpp,third-party/middleware,normal player dependency,19797,d98c8566294f7dd904742c3d268a4747f6ab4b2f1dca0aeed061772a5ab34dfd,,XLauncher/FlashCtrl/JPEG/cjpeg.cpp,0,
XLauncher_Unicode/FlashCtrl/JPEG/ckconfig.cpp,third-party/middleware,normal player dependency,12166,db5e167c0c22b2dd01be7593a6d4933a1bc3e80f9e59bcace41975859aef9041,,XLauncher/FlashCtrl/JPEG/ckconfig.cpp,0,
XLauncher_Unicode/FlashCtrl/JPEG/djpeg.cpp,third-party/middleware,normal player dependency,18704,906010b15c8906167bc3baed782ea4e32f4d62a183dd11ff451a34e56642eb5a,,XLauncher/FlashCtrl/JPEG/djpeg.cpp,0,
XLauncher_Unicode/FlashCtrl/JPEG/example.cpp,third-party/middleware,normal player dependency,17088,82dba85453be19bb5a32d003384e90a6ea2e980367643ab0011400c3307bf913,,XLauncher/FlashCtrl/JPEG/example.cpp,0,
XLauncher_Unicode/FlashCtrl/JPEG/jcapimin.cpp,third-party/middleware,normal player dependency,6942,2773e278f0cc68dabd6056c06c3d05481fb47dea717e1934f75a77e8601b81b6,,XLauncher/FlashCtrl/JPEG/jcapimin.cpp,0,
XLauncher_Unicode/FlashCtrl/JPEG/jcapistd.cpp,third-party/middleware,normal player dependency,5878,0240fe59088b121bb5089dd874699076030861cf69e7b16b2433f4ec41948d81,,XLauncher/FlashCtrl/JPEG/jcapistd.cpp,0,
XLauncher_Unicode/FlashCtrl/JPEG/jccoefct.cpp,third-party/middleware,normal player dependency,16370,fb809a9734641fdfcd2c9f21d22a5f3c3e9a57cf810377d7630b464c526338d9,,XLauncher/FlashCtrl/JPEG/jccoefct.cpp,0,
XLauncher_Unicode/FlashCtrl/JPEG/jccolor.cpp,third-party/middleware,normal player dependency,14840,5b89fbc9d30f3457b556a96dd9b7790d78cd20d2763b365b0e06cede0466baf6,,XLauncher/FlashCtrl/JPEG/jccolor.cpp,0,
XLauncher_Unicode/FlashCtrl/JPEG/jcdctmgr.cpp,third-party/middleware,normal player dependency,12700,c36145807825ab029d5206ccd972bbc514c498afd3814d77002cde16227d85f7,,XLauncher/FlashCtrl/JPEG/jcdctmgr.cpp,0,
XLauncher_Unicode/FlashCtrl/JPEG/jchuff.cpp,third-party/middleware,normal player dependency,25256,38f9644d4e8eb1cc3ebff53faf3a340c37b93d819f5f06177e171cbedbc7aa4e,,XLauncher/FlashCtrl/JPEG/jchuff.cpp,0,
XLauncher_Unicode/FlashCtrl/JPEG/jchuff.h,third-party/middleware,normal player dependency,1285,d41ac1c53ee0e3c34f4aad01665f464455d4e4bbb6bccee99eee766a99138faa,,XGamebase/src/libs/jpeg/jchuff.h;XLauncher/FlashCtrl/JPEG/jchuff.h,2,XLauncher_Unicode/FlashCtrl/JPEG/jchuff.cpp;XLauncher_Unicode/FlashCtrl/JPEG/jcphuff.cpp
XLauncher_Unicode/FlashCtrl/JPEG/jcinit.cpp,third-party/middleware,normal player dependency,2341,b3fcac81de0b0d28da7e83a05a9bd51a6b6a79121f5764df904e2ad0ea03bec9,,XLauncher/FlashCtrl/JPEG/jcinit.cpp,0,
XLauncher_Unicode/FlashCtrl/JPEG/jcmainct.cpp,third-party/middleware,normal player dependency,9162,ae900257850ff94fc89a43ce35782b8236fc195e8707ee6e187a6d6a875c3d59,,XLauncher/FlashCtrl/JPEG/jcmainct.cpp,0,
XLauncher_Unicode/FlashCtrl/JPEG/jcmarker.cpp,third-party/middleware,normal player dependency,16527,c0e2f34502018f3d83b52295af0b4c94a1fbf679a51e41d09f31f67687552cbb,,XLauncher/FlashCtrl/JPEG/jcmarker.cpp,0,
XLauncher_Unicode/FlashCtrl/JPEG/jcmaster.cpp,third-party/middleware,normal player dependency,19363,265b5a2cd778217d8cf20c5eae8f541d7214ec920451ea4d90184d285d167048,,XLauncher/FlashCtrl/JPEG/jcmaster.cpp,0,
XLauncher_Unicode/FlashCtrl/JPEG/jcomapi.cpp,third-party/middleware,normal player dependency,2737,699a3c57e26c496fd0ac5ee7a9f377b46bb1bf7193e3cffc5a1aff0178d61fa1,,XLauncher/FlashCtrl/JPEG/jcomapi.cpp,0,
XLauncher_Unicode/FlashCtrl/JPEG/jconfig.h,third-party/middleware,normal player dependency,1857,1281409ddb804c636fe82da6f79404c98902cef183486febad37d91dbfccda64,,XGamebase/src/libs/jpeg/jconfig.h;XLauncher/FlashCtrl/JPEG/jconfig.h,2,XLauncher_Unicode/FlashCtrl/JPEG/jinclude.h;XLauncher_Unicode/FlashCtrl/JPEG/jpeglib.h
XLauncher_Unicode/FlashCtrl/JPEG/jcparam.cpp,third-party/middleware,normal player dependency,19786,82c0175fca61340d49c5b52aa30d23e7a8b96a6580a15091c9fe6b5f6eec9cf9,,XLauncher/FlashCtrl/JPEG/jcparam.cpp,0,
XLauncher_Unicode/FlashCtrl/JPEG/jcphuff.cpp,third-party/middleware,normal player dependency,24955,5b32b45cdfd218f1fa65d8948df0f3359f54446ecbb95dcc7ac7a7affe11f7d2,,XLauncher/FlashCtrl/JPEG/jcphuff.cpp,0,
XLauncher_Unicode/FlashCtrl/JPEG/jcprepct.cpp,third-party/middleware,normal player dependency,12772,037299701cedc5bfa4811c7510a81f152807cacb3fda5e6aa6214d28d27703b1,,XLauncher/FlashCtrl/JPEG/jcprepct.cpp,0,
XLauncher_Unicode/FlashCtrl/JPEG/jcsample.cpp,third-party/middleware,normal player dependency,18849,ade72b131e9be123b316785b63eb1c33cb456bb036c9e292cec29931e9081869,,XLauncher/FlashCtrl/JPEG/jcsample.cpp,0,
XLauncher_Unicode/FlashCtrl/JPEG/jctrans.cpp,third-party/middleware,normal player dependency,13095,8b5b6f732bc089e5a598fd0db553e879966560ecc7c04658bae292ac2aec1f92,,XLauncher/FlashCtrl/JPEG/jctrans.cpp,0,
XLauncher_Unicode/FlashCtrl/JPEG/jdapimin.cpp,third-party/middleware,normal player dependency,12342,42ee7dd76bf7deda9f9aa53278714dfed45a0209ead35ef21f62b0bcc4cc57d0,,XLauncher/FlashCtrl/JPEG/jdapimin.cpp,0,
XLauncher_Unicode/FlashCtrl/JPEG/jdapistd.cpp,third-party/middleware,normal player dependency,9342,79636fd8c4fbf09bdd1c556a419e7c3ad2678117b91bdddb865c20b2c1e2fa91,,XLauncher/FlashCtrl/JPEG/jdapistd.cpp,0,
XLauncher_Unicode/FlashCtrl/JPEG/jdatadst.cpp,third-party/middleware,normal player dependency,5110,a228e125ba261b7649957b24bf7a1039d59c38b1ea4ea3f27033eb26b7c76408,,XLauncher/FlashCtrl/JPEG/jdatadst.cpp,0,
XLauncher_Unicode/FlashCtrl/JPEG/jdatasrc.cpp,third-party/middleware,normal player dependency,7594,248ea8e5a106b4dae545b8c2addedb1fcdd716c62eda12b0e7192d51737d2a85,,XLauncher/FlashCtrl/JPEG/jdatasrc.cpp,0,
XLauncher_Unicode/FlashCtrl/JPEG/jdcoefct.cpp,third-party/middleware,normal player dependency,24794,833fb7826f7c9594cf574711f861f7f71a4445ccc007de5536bd42384b704cef,,XLauncher/FlashCtrl/JPEG/jdcoefct.cpp,0,
XLauncher_Unicode/FlashCtrl/JPEG/jdcolor.cpp,third-party/middleware,normal player dependency,12091,c012c7efb51a28a8160fa199667ec115cbc26ed0d2dcdcc4c5685af77540413c,,XLauncher/FlashCtrl/JPEG/jdcolor.cpp,0,
XLauncher_Unicode/FlashCtrl/JPEG/jdct.h,third-party/middleware,normal player dependency,7233,cf4501a8a5e122d77699a5e6c9d4c294e9d791671da0bb18480c713e91f6c186,,XGamebase/src/libs/jpeg/jdct.h;XLauncher/FlashCtrl/JPEG/jdct.h,9,XLauncher_Unicode/FlashCtrl/JPEG/jcdctmgr.cpp;XLauncher_Unicode/FlashCtrl/JPEG/jddctmgr.cpp;XLauncher_Unicode/FlashCtrl/JPEG/jfdctflt.cpp;XLauncher_Unicode/FlashCtrl/JPEG/jfdctfst.cpp;XLauncher_Unicode/FlashCtrl/JPEG/jfdctint.cpp;XLauncher_Unicode/FlashCtrl/JPEG/jidctflt.cpp;XLauncher_Unicode/FlashCtrl/JPEG/jidctfst.cpp;XLauncher_Unicode/FlashCtrl/JPEG/jidctint.cpp;XLauncher_Unicode/FlashCtrl/JPEG/jidctred.cpp
XLauncher_Unicode/FlashCtrl/JPEG/jddctmgr.cpp,third-party/middleware,normal player dependency,8432,9237a9651af492d58803154708023a1efdf912fa72410240f58c9568aa63a200,,XLauncher/FlashCtrl/JPEG/jddctmgr.cpp,0,
XLauncher_Unicode/FlashCtrl/JPEG/jdhuff.cpp,third-party/middleware,normal player dependency,17557,60fae3719fecc61fdffdc78fd0056d699ffe6f10ecce19ae0048f4dd0e6af6ac,,XLauncher/FlashCtrl/JPEG/jdhuff.cpp,0,
XLauncher_Unicode/FlashCtrl/JPEG/jdhuff.h,third-party/middleware,normal player dependency,8221,00237ab693c9d75f7550f723851046629b26315effdd9b0f33f808a850e39f9e,,XGamebase/src/libs/jpeg/jdhuff.h;XLauncher/FlashCtrl/JPEG/jdhuff.h,2,XLauncher_Unicode/FlashCtrl/JPEG/jdhuff.cpp;XLauncher_Unicode/FlashCtrl/JPEG/jdphuff.cpp
XLauncher_Unicode/FlashCtrl/JPEG/jdinput.cpp,third-party/middleware,normal player dependency,13489,c543f55523304562c316f68020da64938b880837bc2d8ff7f22cebaa615d9b5e,,XLauncher/FlashCtrl/JPEG/jdinput.cpp,0,
XLauncher_Unicode/FlashCtrl/JPEG/jdmainct.cpp,third-party/middleware,normal player dependency,20354,18d227bd013a2b08647d55490652b5a728a9316f507e24b7a3e4411018be599f,,XLauncher/FlashCtrl/JPEG/jdmainct.cpp,0,
XLauncher_Unicode/FlashCtrl/JPEG/jdmarker.cpp,third-party/middleware,normal player dependency,30622,d8f4bc19632ef8f996c485ee7d655ab4ea2c1b40a14ecf04c2cfe4954ab4f53e,,XLauncher/FlashCtrl/JPEG/jdmarker.cpp,0,
XLauncher_Unicode/FlashCtrl/JPEG/jdmaster.cpp,third-party/middleware,normal player dependency,19699,2f7ef48d74a019578ec25ef864471f5444ddb446038a63329ccf456b6ee5e509,,XLauncher/FlashCtrl/JPEG/jdmaster.cpp,0,
XLauncher_Unicode/FlashCtrl/JPEG/jdmerge.cpp,third-party/middleware,normal player dependency,13909,436b52b57c294c47b9e2d0809db2a8173977ad1fc7639db0f539c302e722341b,,XLauncher/FlashCtrl/JPEG/jdmerge.cpp,0,
XLauncher_Unicode/FlashCtrl/JPEG/jdphuff.cpp,third-party/middleware,normal player dependency,19671,534ba5229182fe999c282f17f6d5d937505331abfb2d9e2257eea0a8e8795926,,XLauncher/FlashCtrl/JPEG/jdphuff.cpp,0,
XLauncher_Unicode/FlashCtrl/JPEG/jdpostct.cpp,third-party/middleware,normal player dependency,9715,da606a7eca51ec34b40a0e2904126a29c867fef268b17e25e4f44a027da0528b,,XLauncher/FlashCtrl/JPEG/jdpostct.cpp,0,
XLauncher_Unicode/FlashCtrl/JPEG/jdsample.cpp,third-party/middleware,normal player dependency,16371,d60fcd4ae68e7262a094ae293965d9f1045b8d9a1e7156a9e429e5448500d823,,XLauncher/FlashCtrl/JPEG/jdsample.cpp,0,
XLauncher_Unicode/FlashCtrl/JPEG/jdtrans.cpp,third-party/middleware,normal player dependency,4133,94687f3bb14e37046259fb1c832cf079afc9a0e063e0249f9986a907bfc132c5,,XLauncher/FlashCtrl/JPEG/jdtrans.cpp,0,
XLauncher_Unicode/FlashCtrl/JPEG/jerror.cpp,third-party/middleware,normal player dependency,6792,cb2761517cd31081b30500aa76ba39df6330286d12851198ba2e95baac20bfd1,,XLauncher/FlashCtrl/JPEG/jerror.cpp,0,
XLauncher_Unicode/FlashCtrl/JPEG/jerror.h,third-party/middleware,normal player dependency,13047,71428c2ffaccd8eb1ee96463dabf1a0be599393b21a57599c595c601b697600e,,XGamebase/src/libs/jpeg/jerror.h;XLauncher/FlashCtrl/JPEG/jerror.h,5,XLauncher_Unicode/FlashCtrl/JPEG/cdjpeg.h;XLauncher_Unicode/FlashCtrl/JPEG/jdatadst.cpp;XLauncher_Unicode/FlashCtrl/JPEG/jdatasrc.cpp;XLauncher_Unicode/FlashCtrl/JPEG/jerror.cpp;XLauncher_Unicode/FlashCtrl/JPEG/jpeglib.h
XLauncher_Unicode/FlashCtrl/JPEG/jfdctflt.cpp,third-party/middleware,normal player dependency,5480,a4ed9654ff94efb5136598f02609adbc03b32c43e9d787b6213347094cccaf97,,XLauncher/FlashCtrl/JPEG/jfdctflt.cpp,0,
XLauncher_Unicode/FlashCtrl/JPEG/jfdctfst.cpp,third-party/middleware,normal player dependency,7572,4ba0c052b60d94a76089067144e34cb1d43a6b8e41c855815f7b0c9aa72b0837,,XLauncher/FlashCtrl/JPEG/jfdctfst.cpp,0,
XLauncher_Unicode/FlashCtrl/JPEG/jfdctint.cpp,third-party/middleware,normal player dependency,11065,25e4a763c978048079046cae558a8f8168522e7db0db5498dc3a304c2583eca0,,XLauncher/FlashCtrl/JPEG/jfdctint.cpp,0,
XLauncher_Unicode/FlashCtrl/JPEG/jidctflt.cpp,third-party/middleware,normal player dependency,8412,1361987d019b8151abfd1d4a3010ceab743ecbe02ad436ccc93b513d81659e59,,XLauncher/FlashCtrl/JPEG/jidctflt.cpp,0,
XLauncher_Unicode/FlashCtrl/JPEG/jidctfst.cpp,third-party/middleware,normal player dependency,13103,a0fd93b7967fafd8cb315b30983fd4d518dc2eac3accc26b16bc681fd89ff9eb,,XLauncher/FlashCtrl/JPEG/jidctfst.cpp,0,
XLauncher_Unicode/FlashCtrl/JPEG/jidctint.cpp,third-party/middleware,normal player dependency,14748,376c72445b7c5ff8db2f806824a55ed33cb749231230325833305db1b3f1aeff,,XLauncher/FlashCtrl/JPEG/jidctint.cpp,0,
XLauncher_Unicode/FlashCtrl/JPEG/jidctred.cpp,third-party/middleware,normal player dependency,13434,da1c15b38099004750b4820eb513692a287e484a64dc7a242cecc5452f57b65e,,XLauncher/FlashCtrl/JPEG/jidctred.cpp,0,
XLauncher_Unicode/FlashCtrl/JPEG/jinclude.h,third-party/middleware,normal player dependency,3478,df182df1db20d162368561b5994c968ddceea8b91eec11ff9c4c36d547421b73,,XGamebase/src/libs/jpeg/jinclude.h;XLauncher/FlashCtrl/JPEG/jinclude.h,52,XLauncher_Unicode/FlashCtrl/JPEG/cdjpeg.h;XLauncher_Unicode/FlashCtrl/JPEG/jcapimin.cpp;XLauncher_Unicode/FlashCtrl/JPEG/jcapistd.cpp;XLauncher_Unicode/FlashCtrl/JPEG/jccoefct.cpp;XLauncher_Unicode/FlashCtrl/JPEG/jccolor.cpp;XLauncher_Unicode/FlashCtrl/JPEG/jcdctmgr.cpp;XLauncher_Unicode/FlashCtrl/JPEG/jchuff.cpp;XLauncher_Unicode/FlashCtrl/JPEG/jcinit.cpp;XLauncher_Unicode/FlashCtrl/JPEG/jcmainct.cpp;XLauncher_Unicode/FlashCtrl/JPEG/jcmarker.cpp;XLauncher_Unicode/FlashCtrl/JPEG/jcmaster.cpp;XLauncher_Unicode/FlashCtrl/JPEG/jcomapi.cpp;XLauncher_Unicode/FlashCtrl/JPEG/jcparam.cpp;XLauncher_Unicode/FlashCtrl/JPEG/jcphuff.cpp;XLauncher_Unicode/FlashCtrl/JPEG/jcprepct.cpp;XLauncher_Unicode/FlashCtrl/JPEG/jcsample.cpp;XLauncher_Unicode/FlashCtrl/JPEG/jctrans.cpp;XLauncher_Unicode/FlashCtrl/JPEG/jdapimin.cpp;XLauncher_Unicode/FlashCtrl/JPEG/jdapistd.cpp;XLauncher_Unicode/FlashCtrl/JPEG/jdatadst.cpp;XLauncher_Unicode/FlashCtrl/JPEG/jdatasrc.cpp;XLauncher_Unicode/FlashCtrl/JPEG/jdcoefct.cpp;XLauncher_Unicode/FlashCtrl/JPEG/jdcolor.cpp;XLauncher_Unicode/FlashCtrl/JPEG/jddctmgr.cpp;XLauncher_Unicode/FlashCtrl/JPEG/jdhuff.cpp;XLauncher_Unicode/FlashCtrl/JPEG/jdinput.cpp;XLauncher_Unicode/FlashCtrl/JPEG/jdmainct.cpp;XLauncher_Unicode/FlashCtrl/JPEG/jdmarker.cpp;XLauncher_Unicode/FlashCtrl/JPEG/jdmaster.cpp;XLauncher_Unicode/FlashCtrl/JPEG/jdmerge.cpp;XLauncher_Unicode/FlashCtrl/JPEG/jdphuff.cpp;XLauncher_Unicode/FlashCtrl/JPEG/jdpostct.cpp;XLauncher_Unicode/FlashCtrl/JPEG/jdsample.cpp;XLauncher_Unicode/FlashCtrl/JPEG/jdtrans.cpp;XLauncher_Unicode/FlashCtrl/JPEG/jerror.cpp;XLauncher_Unicode/FlashCtrl/JPEG/jfdctflt.cpp;XLauncher_Unicode/FlashCtrl/JPEG/jfdctfst.cpp;XLauncher_Unicode/FlashCtrl/JPEG/jfdctint.cpp;XLauncher_Unicode/FlashCtrl/JPEG/jidctflt.cpp;XLauncher_Unicode/FlashCtrl/JPEG/jidctfst.cpp;XLauncher_Unicode/FlashCtrl/JPEG/jidctint.cpp;XLauncher_Unicode/FlashCtrl/JPEG/jidctred.cpp;XLauncher_Unicode/FlashCtrl/JPEG/jmemansi.cpp;XLauncher_Unicode/FlashCtrl/JPEG/jmemdos.cpp;XLauncher_Unicode/FlashCtrl/JPEG/jmemmgr.cpp;XLauncher_Unicode/FlashCtrl/JPEG/jmemname.cpp;XLauncher_Unicode/FlashCtrl/JPEG/jmemnobs.cpp;XLauncher_Unicode/FlashCtrl/JPEG/jquant1.cpp;XLauncher_Unicode/FlashCtrl/JPEG/jquant2.cpp;XLauncher_Unicode/FlashCtrl/JPEG/jutils.cpp;XLauncher_Unicode/FlashCtrl/JPEG/rdjpgcom.cpp;XLauncher_Unicode/FlashCtrl/JPEG/wrjpgcom.cpp
XLauncher_Unicode/FlashCtrl/JPEG/jmemansi.cpp,third-party/middleware,normal player dependency,4599,5e090b974c7e0c0016292000198c4bae515b56cdd767ca709f8930d34d3a3d2e,,XLauncher/FlashCtrl/JPEG/jmemansi.cpp,0,
XLauncher_Unicode/FlashCtrl/JPEG/jmemdos.cpp,third-party/middleware,normal player dependency,18788,939ac143df0ed7941c1e90b732c3303250857106a2f3d33a4d628e9a97bb44f5,,XLauncher/FlashCtrl/JPEG/jmemdos.cpp,0,
XLauncher_Unicode/FlashCtrl/JPEG/jmemmgr.cpp,third-party/middleware,normal player dependency,40868,a36de452dbaacb4e7bc2b08d3aa7003287f89b0ad1e22f1d5ce2d9d7ac592b8d,,XLauncher/FlashCtrl/JPEG/jmemmgr.cpp,0,
XLauncher_Unicode/FlashCtrl/JPEG/jmemname.cpp,third-party/middleware,normal player dependency,8136,0c1f98b1df5b22a772ebe0c6326468b49e5dc539b4777d7f5034e5a438236842,,XLauncher/FlashCtrl/JPEG/jmemname.cpp,0,
XLauncher_Unicode/FlashCtrl/JPEG/jmemnobs.cpp,third-party/middleware,normal player dependency,3416,0b210a4aea7dba338ab048b57d155e06419d8887789ea066bcc13bfb34e7c2e8,,XLauncher/FlashCtrl/JPEG/jmemnobs.cpp,0,
XLauncher_Unicode/FlashCtrl/JPEG/jmemsys.h,third-party/middleware,normal player dependency,7824,55351e3cced5703c9bb875b39a72dc44f4500261c62558e35631882a3d368b6b,,XGamebase/src/libs/jpeg/jmemsys.h;XLauncher/FlashCtrl/JPEG/jmemsys.h,5,XLauncher_Unicode/FlashCtrl/JPEG/jmemansi.cpp;XLauncher_Unicode/FlashCtrl/JPEG/jmemdos.cpp;XLauncher_Unicode/FlashCtrl/JPEG/jmemmgr.cpp;XLauncher_Unicode/FlashCtrl/JPEG/jmemname.cpp;XLauncher_Unicode/FlashCtrl/JPEG/jmemnobs.cpp
XLauncher_Unicode/FlashCtrl/JPEG/jmorecfg.h,third-party/middleware,normal player dependency,13089,346b0a6091a8129c4c0526b43ce47999dfee3bb353e12c335f73ec1bc5a1228d,,XGamebase/src/libs/jpeg/jmorecfg.h;XLauncher/FlashCtrl/JPEG/jmorecfg.h,1,XLauncher_Unicode/FlashCtrl/JPEG/jpeglib.h
XLauncher_Unicode/FlashCtrl/JPEG/jpegint.h,third-party/middleware,normal player dependency,15486,f75b6677bbc337f8db5f95eb0f55b0d1828fb4920dfb71bc68fade78eb8a0c62,,XGamebase/src/libs/jpeg/jpegint.h;XLauncher/FlashCtrl/JPEG/jpegint.h,1,XLauncher_Unicode/FlashCtrl/JPEG/jpeglib.h
XLauncher_Unicode/FlashCtrl/JPEG/jpeglib.h,third-party/middleware,normal player dependency,43969,19141425357e39359566ae844da55f92046139e869c1fca53157132f6db69074,,XGamebase/src/libs/jpeg/jpeglib.h;XLauncher/FlashCtrl/JPEG/jpeglib.h,52,XLauncher_Unicode/FlashCtrl/JPEG/cdjpeg.h;XLauncher_Unicode/FlashCtrl/JPEG/example.cpp;XLauncher_Unicode/FlashCtrl/JPEG/jcapimin.cpp;XLauncher_Unicode/FlashCtrl/JPEG/jcapistd.cpp;XLauncher_Unicode/FlashCtrl/JPEG/jccoefct.cpp;XLauncher_Unicode/FlashCtrl/JPEG/jccolor.cpp;XLauncher_Unicode/FlashCtrl/JPEG/jcdctmgr.cpp;XLauncher_Unicode/FlashCtrl/JPEG/jchuff.cpp;XLauncher_Unicode/FlashCtrl/JPEG/jcinit.cpp;XLauncher_Unicode/FlashCtrl/JPEG/jcmainct.cpp;XLauncher_Unicode/FlashCtrl/JPEG/jcmarker.cpp;XLauncher_Unicode/FlashCtrl/JPEG/jcmaster.cpp;XLauncher_Unicode/FlashCtrl/JPEG/jcomapi.cpp;XLauncher_Unicode/FlashCtrl/JPEG/jcparam.cpp;XLauncher_Unicode/FlashCtrl/JPEG/jcphuff.cpp;XLauncher_Unicode/FlashCtrl/JPEG/jcprepct.cpp;XLauncher_Unicode/FlashCtrl/JPEG/jcsample.cpp;XLauncher_Unicode/FlashCtrl/JPEG/jctrans.cpp;XLauncher_Unicode/FlashCtrl/JPEG/jdapimin.cpp;XLauncher_Unicode/FlashCtrl/JPEG/jdapistd.cpp;XLauncher_Unicode/FlashCtrl/JPEG/jdatadst.cpp;XLauncher_Unicode/FlashCtrl/JPEG/jdatasrc.cpp;XLauncher_Unicode/FlashCtrl/JPEG/jdcoefct.cpp;XLauncher_Unicode/FlashCtrl/JPEG/jdcolor.cpp;XLauncher_Unicode/FlashCtrl/JPEG/jddctmgr.cpp;XLauncher_Unicode/FlashCtrl/JPEG/jdhuff.cpp;XLauncher_Unicode/FlashCtrl/JPEG/jdinput.cpp;XLauncher_Unicode/FlashCtrl/JPEG/jdmainct.cpp;XLauncher_Unicode/FlashCtrl/JPEG/jdmarker.cpp;XLauncher_Unicode/FlashCtrl/JPEG/jdmaster.cpp;XLauncher_Unicode/FlashCtrl/JPEG/jdmerge.cpp;XLauncher_Unicode/FlashCtrl/JPEG/jdphuff.cpp;XLauncher_Unicode/FlashCtrl/JPEG/jdpostct.cpp;XLauncher_Unicode/FlashCtrl/JPEG/jdsample.cpp;XLauncher_Unicode/FlashCtrl/JPEG/jdtrans.cpp;XLauncher_Unicode/FlashCtrl/JPEG/jerror.cpp;XLauncher_Unicode/FlashCtrl/JPEG/jfdctflt.cpp;XLauncher_Unicode/FlashCtrl/JPEG/jfdctfst.cpp;XLauncher_Unicode/FlashCtrl/JPEG/jfdctint.cpp;XLauncher_Unicode/FlashCtrl/JPEG/jidctflt.cpp;XLauncher_Unicode/FlashCtrl/JPEG/jidctfst.cpp;XLauncher_Unicode/FlashCtrl/JPEG/jidctint.cpp;XLauncher_Unicode/FlashCtrl/JPEG/jidctred.cpp;XLauncher_Unicode/FlashCtrl/JPEG/jmemansi.cpp;XLauncher_Unicode/FlashCtrl/JPEG/jmemdos.cpp;XLauncher_Unicode/FlashCtrl/JPEG/jmemmgr.cpp;XLauncher_Unicode/FlashCtrl/JPEG/jmemname.cpp;XLauncher_Unicode/FlashCtrl/JPEG/jmemnobs.cpp;XLauncher_Unicode/FlashCtrl/JPEG/jquant1.cpp;XLauncher_Unicode/FlashCtrl/JPEG/jquant2.cpp;XLauncher_Unicode/FlashCtrl/JPEG/jutils.cpp;XLauncher_Unicode/FlashCtrl/jpeg.h
XLauncher_Unicode/FlashCtrl/JPEG/jpegtran.cpp,third-party/middleware,normal player dependency,11206,d4e72418a571bb0ef6d42ca96d65da8ad7571f289159c44ec7d81f87e4cd9abf,,XLauncher/FlashCtrl/JPEG/jpegtran.cpp,0,
XLauncher_Unicode/FlashCtrl/JPEG/jquant1.cpp,third-party/middleware,normal player dependency,31277,ae0a05ebea6fbc573d3e7465e2ff2619849daec8d69c6fc11e0fe47f68832073,,XLauncher/FlashCtrl/JPEG/jquant1.cpp,0,
XLauncher_Unicode/FlashCtrl/JPEG/jquant2.cpp,third-party/middleware,normal player dependency,48411,929a46d19a1f5e53ad99056bc71a21ad175d187b00ee2ca887b12afca33c25ca,,XLauncher/FlashCtrl/JPEG/jquant2.cpp,0,
XLauncher_Unicode/FlashCtrl/JPEG/jutils.cpp,third-party/middleware,normal player dependency,5170,86898b5739f0bbeb4073e7194059702bbb1d09649617a43881baac6ed9716849,,XLauncher/FlashCtrl/JPEG/jutils.cpp,0,
XLauncher_Unicode/FlashCtrl/JPEG/jversion.h,third-party/middleware,normal player dependency,356,a07d952aa73b481703961ed1b082bf723c8c2bd7a973fe9742269c4038e07796,,XGamebase/src/libs/jpeg/jversion.h;XLauncher/FlashCtrl/JPEG/jversion.h,4,XLauncher_Unicode/FlashCtrl/JPEG/cjpeg.cpp;XLauncher_Unicode/FlashCtrl/JPEG/djpeg.cpp;XLauncher_Unicode/FlashCtrl/JPEG/jerror.cpp;XLauncher_Unicode/FlashCtrl/JPEG/jpegtran.cpp
XLauncher_Unicode/FlashCtrl/JPEG/rdbmp.cpp,third-party/middleware,normal player dependency,13784,410ec17e0050f032b933310e6b016fea067ea77dfc10f2f2a3ba7df3cdb9bfd7,,XLauncher/FlashCtrl/JPEG/rdbmp.cpp,0,
XLauncher_Unicode/FlashCtrl/JPEG/rdcolmap.cpp,third-party/middleware,normal player dependency,6855,1dd515eba4adbb451b660942e54e8a68c5ba219e3d3f43636ffa40f9cea06eda,,XLauncher/FlashCtrl/JPEG/rdcolmap.cpp,0,
XLauncher_Unicode/FlashCtrl/JPEG/rdgif.cpp,third-party/middleware,normal player dependency,22921,56b14a951ed62579ba7996e0bf518addc84176b0abed42e641da42bf509ed57c,,XLauncher/FlashCtrl/JPEG/rdgif.cpp,0,
XLauncher_Unicode/FlashCtrl/JPEG/rdjpgcom.cpp,third-party/middleware,normal player dependency,13150,7e730e195879b039b2c73165d4c17ed0ab854ece5c7d417c816c3f5d1e1a9f22,,XLauncher/FlashCtrl/JPEG/rdjpgcom.cpp,0,
XLauncher_Unicode/FlashCtrl/JPEG/rdppm.cpp,third-party/middleware,normal player dependency,13719,3a2c5eb60b8a09b5375ab7478c4cf0e3143fa9a17b0d7e28a32cb2bb0e8fc020,,XLauncher/FlashCtrl/JPEG/rdppm.cpp,0,
XLauncher_Unicode/FlashCtrl/JPEG/rdrle.cpp,third-party/middleware,normal player dependency,11667,43f196a35c9ca24b7e89f7ed79a3635c999480d649e619352d3c2443e5bbd932,,XLauncher/FlashCtrl/JPEG/rdrle.cpp,0,
XLauncher_Unicode/FlashCtrl/JPEG/rdswitch.cpp,third-party/middleware,normal player dependency,10023,502d52de18402176214439089c573ce7c7e262aa529443581980efde82f9cca9,,XLauncher/FlashCtrl/JPEG/rdswitch.cpp,0,
XLauncher_Unicode/FlashCtrl/JPEG/rdtarga.cpp,third-party/middleware,normal player dependency,14946,1b8bd18cca16065387254054c875b6e9dba577b5e3d7945082ce0bf6d01a1a0e,,XLauncher/FlashCtrl/JPEG/rdtarga.cpp,0,
XLauncher_Unicode/FlashCtrl/JPEG/wrbmp.cpp,third-party/middleware,normal player dependency,13904,d2b43abaceb0ec6f2a3ec8aeb78aed0e701e34108d19413cc2e6b664d17e8517,,XLauncher/FlashCtrl/JPEG/wrbmp.cpp,0,
XLauncher_Unicode/FlashCtrl/JPEG/wrgif.cpp,third-party/middleware,normal player dependency,15741,8f12acd068eab5ba4eb2d654cbc661b1558931f60c9525e4edac296e2d6ae7aa,,XLauncher/FlashCtrl/JPEG/wrgif.cpp,0,
XLauncher_Unicode/FlashCtrl/JPEG/wrjpgcom.cpp,third-party/middleware,normal player dependency,16183,58e160b2d78cb114aad39b0165b821c3d48fea378ab85df477fbc8a66d72d996,,XLauncher/FlashCtrl/JPEG/wrjpgcom.cpp,0,
XLauncher_Unicode/FlashCtrl/JPEG/wrppm.cpp,third-party/middleware,normal player dependency,8324,b687166efd2bd9376f37799f119acb632f39f0602eac98d598239a71ae52002a,,XLauncher/FlashCtrl/JPEG/wrppm.cpp,0,
XLauncher_Unicode/FlashCtrl/JPEG/wrrle.cpp,third-party/middleware,normal player dependency,9237,6f5acf34ceddaca1d87e56f3e8bd2f03db5f7fb923396e5ca1c6b7ea7250ec24,,XLauncher/FlashCtrl/JPEG/wrrle.cpp,0,
XLauncher_Unicode/FlashCtrl/JPEG/wrtarga.cpp,third-party/middleware,normal player dependency,7517,de2b96c2f88a7c204195de85abdff58c32471d67c4dce3f7eea2e40af83a521b,,XLauncher/FlashCtrl/JPEG/wrtarga.cpp,0,
XLauncher_Unicode/FlashCtrl/mcontext.h,third-party/middleware,normal player dependency,731,c6ee18eb20e1b4a16de811012b351054b8244942d91589b37a28dad9ef599b9b,,XFControl/mcontext.h;XLauncher/FlashCtrl/mcontext.h,0,
XLauncher_Unicode/FlashCtrl/memcop.cpp,third-party/middleware,normal player dependency,1359,c85f8f04068c2006b15445e9fe0e1205d74c736d79d98a0c38f85bf2afe407fa,,XFControl/memcop.cpp;XLauncher/FlashCtrl/memcop.cpp,0,
XLauncher_Unicode/FlashCtrl/memcop.h,third-party/middleware,normal player dependency,2178,5c2b7e82d58a7eee0991793829a446244d59291aa856e2ff2403f860ef10ee75,,XFControl/memcop.h;XLauncher/FlashCtrl/memcop.h,6,XLauncher_Unicode/FlashCtrl/bitbuf.cpp;XLauncher_Unicode/FlashCtrl/global.cpp;XLauncher_Unicode/FlashCtrl/memcop.cpp;XLauncher_Unicode/FlashCtrl/sbitmap.cpp;XLauncher_Unicode/FlashCtrl/splay.cpp;XLauncher_Unicode/FlashCtrl/splayer.cpp
XLauncher_Unicode/FlashCtrl/morphinter.cpp,third-party/middleware,normal player dependency,3101,06b32c0927ff05b16373ba92299a89220206010722fe720e1e0093975dd23447,,XFControl/morphinter.cpp;XLauncher/FlashCtrl/morphinter.cpp,0,
XLauncher_Unicode/FlashCtrl/morphinter.h,third-party/middleware,normal player dependency,1699,e2cb1a57057fc2c5b08ebb1ed247eb610c1ab24f9cdc2727d8c9c27898c3785d,,XFControl/morphinter.h;XLauncher/FlashCtrl/morphinter.h,3,XLauncher_Unicode/FlashCtrl/morphinter.cpp;XLauncher_Unicode/FlashCtrl/sobject.cpp;XLauncher_Unicode/FlashCtrl/splay.cpp
XLauncher_Unicode/FlashCtrl/mp3decifc.h,third-party/middleware,normal player dependency,6691,941bfdd977f9dd76e980c890c071f555ed1aa769e43b49da4c16a63e2e265fb5,,XFControl/mp3decifc.h;XLauncher/FlashCtrl/mp3decifc.h,1,XLauncher_Unicode/FlashCtrl/mp3decoder.h
XLauncher_Unicode/FlashCtrl/mp3decoder.cpp,third-party/middleware,normal player dependency,8152,824f1e165d7658f611be53722d06b508800e0870f4c46885efd8006dcc1e54fd,,XFControl/mp3decoder.cpp;XLauncher/FlashCtrl/mp3decoder.cpp,0,
XLauncher_Unicode/FlashCtrl/mp3decoder.h,third-party/middleware,normal player dependency,1659,56406a4517eb4ae57b66f10b198f1715177e5a0e4248e846c5d00d6788e3e02a,,XFControl/mp3decoder.h;XLauncher/FlashCtrl/mp3decoder.h,2,XLauncher_Unicode/FlashCtrl/mp3decoder.cpp;XLauncher_Unicode/FlashCtrl/sndcodec.cpp
XLauncher_Unicode/FlashCtrl/mp3sscdef.h,third-party/middleware,normal player dependency,5843,632bff3b5f095fd9452677d99ac073ac335d88e8b875827cf31ce18fc856c8d5,,XFControl/mp3sscdef.h;XLauncher/FlashCtrl/mp3sscdef.h,2,XLauncher_Unicode/FlashCtrl/mp3decifc.h;XLauncher_Unicode/FlashCtrl/mpegbitstream.h
XLauncher_Unicode/FlashCtrl/mp3streaminfo.h,third-party/middleware,normal player dependency,4649,7bc4d170a6c514bba2038688d96abc513e4765e60af9f6b55aacf77dbcff7ade,,XFControl/mp3streaminfo.h;XLauncher/FlashCtrl/mp3streaminfo.h,1,XLauncher_Unicode/FlashCtrl/mp3decifc.h
XLauncher_Unicode/FlashCtrl/mpegbitstream.h,third-party/middleware,normal player dependency,2168,7b114187a8e9c19fcc56d24c0c2fa1dfdb7a122b9741a3b0b26886685f23adc8,,XFControl/mpegbitstream.h;XLauncher/FlashCtrl/mpegbitstream.h,1,XLauncher_Unicode/FlashCtrl/mp3decoder.cpp
XLauncher_Unicode/FlashCtrl/mpegheader.h,third-party/middleware,normal player dependency,2783,92b30bf21730b5eaba5b75a68c9ac644173586382f3f02b53d54362ef009554f,,XFControl/mpegheader.h;XLauncher/FlashCtrl/mpegheader.h,1,XLauncher_Unicode/FlashCtrl/mpegbitstream.h
XLauncher_Unicode/FlashCtrl/raster.cpp,third-party/middleware,normal player dependency,117757,3aaf4d21a7a3aeb13b2c4ea819d8bf30f628ee2c81e83ae122ed72f44c506826,,XFControl/raster.cpp;XLauncher/FlashCtrl/raster.cpp,0,
XLauncher_Unicode/FlashCtrl/raster.h,third-party/middleware,normal player dependency,14376,49f1ff9070d7b4b19624accb3af69755d7208d08dddcbef521476f23f5b89435,,XFControl/raster.h;XLauncher/FlashCtrl/raster.h,6,XLauncher_Unicode/FlashCtrl/bitbuf.cpp;XLauncher_Unicode/FlashCtrl/morphinter.cpp;XLauncher_Unicode/FlashCtrl/raster.cpp;XLauncher_Unicode/FlashCtrl/sbitmap.cpp;XLauncher_Unicode/FlashCtrl/sdisplay.h;XLauncher_Unicode/FlashCtrl/sobject.h
XLauncher_Unicode/FlashCtrl/sbitmap.cpp,third-party/middleware,normal player dependency,8877,5bbced5e3f25a62f1abe661e0e0927b0e18064d89788fdadbef4adf0b8233ba7,,XFControl/sbitmap.cpp;XLauncher/FlashCtrl/sbitmap.cpp,0,
XLauncher_Unicode/FlashCtrl/sbitmap.h,third-party/middleware,normal player dependency,5668,624a3a04bf9cd8daf347322176edbaf89dd140463dc1b105cc7828185f7d70c3,,XFControl/sbitmap.h;XLauncher/FlashCtrl/sbitmap.h,6,XLauncher_Unicode/FlashCtrl/Bitbuf.h;XLauncher_Unicode/FlashCtrl/bitbuf.cpp;XLauncher_Unicode/FlashCtrl/morphinter.cpp;XLauncher_Unicode/FlashCtrl/raster.cpp;XLauncher_Unicode/FlashCtrl/raster.h;XLauncher_Unicode/FlashCtrl/sbitmap.cpp
XLauncher_Unicode/FlashCtrl/sdisplay.cpp,third-party/middleware,normal player dependency,35028,c1a4defe1b1fa7843535709177caa42d2179b723841115926c7b38f33b53c5fd,,XFControl/sdisplay.cpp;XLauncher/FlashCtrl/sdisplay.cpp,0,
XLauncher_Unicode/FlashCtrl/sdisplay.h,third-party/middleware,normal player dependency,6916,447b89709bbe6bd66e6255ed7f1fd0ca195108378dc9b4f3e503923b7775f261,,XFControl/sdisplay.h;XLauncher/FlashCtrl/sdisplay.h,1,XLauncher_Unicode/FlashCtrl/splay.h
XLauncher_Unicode/FlashCtrl/shape.h,third-party/middleware,normal player dependency,2005,e126bd89b84f286f5362eef6b51f15f589cf2fe8473219409df38b14693d8392,,XFControl/shape.h;XLauncher/FlashCtrl/shape.h,1,XLauncher_Unicode/FlashCtrl/raster.h
XLauncher_Unicode/FlashCtrl/sndcodec.cpp,third-party/middleware,normal player dependency,11359,c512700fb313968e41e1926b0862e942019a33a72f2336549e523e3e7ade17d5,,XFControl/sndcodec.cpp;XLauncher/FlashCtrl/sndcodec.cpp,0,
XLauncher_Unicode/FlashCtrl/sndcodec.h,third-party/middleware,normal player dependency,3763,03bdd4359d3da82a50af6df13f63c69610ccb152ebf20d99eae7e59f8a7c8581,,XFControl/sndcodec.h;XLauncher/FlashCtrl/sndcodec.h,3,XLauncher_Unicode/FlashCtrl/mp3decoder.h;XLauncher_Unicode/FlashCtrl/sndcodec.cpp;XLauncher_Unicode/FlashCtrl/sndmix.h
XLauncher_Unicode/FlashCtrl/sndmix.cpp,third-party/middleware,normal player dependency,26021,d5dc47d99eb2c00a87bc44a94c75164529a85c6c2ce2890f21f2253ea137778d,,XFControl/sndmix.cpp;XLauncher/FlashCtrl/sndmix.cpp,0,
XLauncher_Unicode/FlashCtrl/sndmix.h,third-party/middleware,normal player dependency,10805,9903c72c9f09ce7831da42d9feb8f14311aa46b910d2978dc7ee4c398c1b5935,,XFControl/sndmix.h;XLauncher/FlashCtrl/sndmix.h,6,XLauncher_Unicode/FlashCtrl/mp3decoder.cpp;XLauncher_Unicode/FlashCtrl/raster.cpp;XLauncher_Unicode/FlashCtrl/sndcodec.cpp;XLauncher_Unicode/FlashCtrl/sndmix.cpp;XLauncher_Unicode/FlashCtrl/sobject.h;XLauncher_Unicode/FlashCtrl/splay.h
XLauncher_Unicode/FlashCtrl/sobject.cpp,third-party/middleware,normal player dependency,30037,bb106eabb87605dbfc501e6d4c9ca2ec993d020bfe9f76e140a4a28c719726cd,,XFControl/sobject.cpp;XLauncher/FlashCtrl/sobject.cpp,0,
XLauncher_Unicode/FlashCtrl/sobject.h,third-party/middleware,normal player dependency,5057,1fb597c52cd15c40bff9195c3af7b022b2645446b83aefc435f504453f394ddd,,XFControl/sobject.h;XLauncher/FlashCtrl/sobject.h,7,XLauncher_Unicode/FlashCtrl/edittext.cpp;XLauncher_Unicode/FlashCtrl/sdisplay.cpp;XLauncher_Unicode/FlashCtrl/sdisplay.h;XLauncher_Unicode/FlashCtrl/sobject.cpp;XLauncher_Unicode/FlashCtrl/splay.cpp;XLauncher_Unicode/FlashCtrl/splayer.cpp;XLauncher_Unicode/FlashCtrl/sstroker.cpp
XLauncher_Unicode/FlashCtrl/splay.cpp,third-party/middleware,normal player dependency,85851,672e50dafa0795311133d4f694f2a13b8a076eab9312144d4f2971592a256efa,,XFControl/splay.cpp;XLauncher/FlashCtrl/splay.cpp,0,
XLauncher_Unicode/FlashCtrl/splay.h,third-party/middleware,normal player dependency,15564,233b1c88ab0a2d8e2094868f81dfc0191bad66c36f32302589dee527c4f6656f,,XFControl/splay.h;XLauncher/FlashCtrl/splay.h,8,XLauncher_Unicode/FlashCtrl/edittext.cpp;XLauncher_Unicode/FlashCtrl/sdisplay.cpp;XLauncher_Unicode/FlashCtrl/sndmix.cpp;XLauncher_Unicode/FlashCtrl/sobject.cpp;XLauncher_Unicode/FlashCtrl/splay.cpp;XLauncher_Unicode/FlashCtrl/splayer.cpp;XLauncher_Unicode/FlashCtrl/splayer.h;XLauncher_Unicode/FlashCtrl/sstroker.h
XLauncher_Unicode/FlashCtrl/splayer.cpp,third-party/middleware,normal player dependency,122682,bcab36c55f3bf081af5c7d170a79539dd2fab8ab8c1c825358c278d49808b35d,,XFControl/splayer.cpp;XLauncher/FlashCtrl/splayer.cpp,0,
XLauncher_Unicode/FlashCtrl/splayer.h,third-party/middleware,normal player dependency,20920,92be88edbc3b26726f82edc144e4f300019fe1a3e13874029bf2bba8cf24b3bd,,XFControl/splayer.h;XLauncher/FlashCtrl/splayer.h,6,XLauncher_Unicode/FlashCtrl/FlashStatic.cpp;XLauncher_Unicode/FlashCtrl/edittext.cpp;XLauncher_Unicode/FlashCtrl/sdisplay.cpp;XLauncher_Unicode/FlashCtrl/sobject.cpp;XLauncher_Unicode/FlashCtrl/splay.cpp;XLauncher_Unicode/FlashCtrl/splayer.cpp
XLauncher_Unicode/FlashCtrl/sstroker.cpp,third-party/middleware,normal player dependency,13936,b3dfd9d03ee3aae978473393b5ecba6c63fc3ca1c27e0e1a09974b3bc9f4d7ca,,XFControl/sstroker.cpp;XLauncher/FlashCtrl/sstroker.cpp,0,
XLauncher_Unicode/FlashCtrl/sstroker.h,third-party/middleware,normal player dependency,1480,2546cb8a5e75eebaadcca83f129ba3ea650cf5e2ffca7e7a4a979ac3ed803d5d,,XFControl/sstroker.h;XLauncher/FlashCtrl/sstroker.h,3,XLauncher_Unicode/FlashCtrl/edittext.cpp;XLauncher_Unicode/FlashCtrl/sobject.cpp;XLauncher_Unicode/FlashCtrl/sstroker.cpp
XLauncher_Unicode/FlashCtrl/stags.h,third-party/middleware,normal player dependency,14480,dc98cfd8591eb702bba1a225a2a94db77672ea95d4595bc07de3639213e80d5a,,XFControl/stags.h;XLauncher/FlashCtrl/stags.h,6,XLauncher_Unicode/FlashCtrl/edittext.cpp;XLauncher_Unicode/FlashCtrl/sdisplay.cpp;XLauncher_Unicode/FlashCtrl/sdisplay.h;XLauncher_Unicode/FlashCtrl/sobject.cpp;XLauncher_Unicode/FlashCtrl/splay.cpp;XLauncher_Unicode/FlashCtrl/splayer.cpp
XLauncher_Unicode/FlashCtrl/unixfonts.cpp,third-party/middleware,normal player dependency,1297149,f63996dcccdf84fb1ff865d1f57922a6aac40bace1d3cc424d78d6fcce841447,,XFControl/unixfonts.cpp;XLauncher/FlashCtrl/unixfonts.cpp,0,
XLauncher_Unicode/FlashCtrl/win32/debug.cpp,third-party/middleware,normal player dependency,1099,617c504eaef1444a274b603d78b713e839cc98c1b92836f55f37c9f9c2fc2d68,,XFControl/Win32/debug.cpp;XLauncher/FlashCtrl/win32/debug.cpp,0,
XLauncher_Unicode/FlashCtrl/win32/debug.h,third-party/middleware,normal player dependency,1685,d24fe676bd5d16b95f99d5e8770b5b6ae780d3394a135ddf8e6bf7172ebdda58,,XFControl/Win32/debug.h;XLauncher/FlashCtrl/win32/debug.h,2,XLauncher_Unicode/FlashCtrl/win32/Display.cpp;XLauncher_Unicode/FlashCtrl/win32/debug.cpp
XLauncher_Unicode/FlashCtrl/win32/Display.cpp,third-party/middleware,normal player dependency,6301,e1d7ce0b9e6ea8e45fbae61490261ebd19f026c297a43839590a56946af6731e,,XFControl/Win32/Display.cpp;XLauncher/FlashCtrl/win32/Display.cpp,0,
XLauncher_Unicode/FlashCtrl/win32/display.h,third-party/middleware,normal player dependency,6095,03a84edb2c2a326882250e1d1b1e40adc2d981049c4649b2f23c53237215ccc2,,XFControl/Win32/display.h;XLauncher/FlashCtrl/win32/display.h,1,XLauncher_Unicode/FlashCtrl/win32/Display.cpp
XLauncher_Unicode/FlashCtrl/win32/fixed.h,third-party/middleware,normal player dependency,7527,2a90b828f66f4e6a73f5fc223d44ce510cfec7f09efa476b0048944119668d8d,,XFControl/Win32/fixed.h;XFControl/fixed.h;XLauncher/FlashCtrl/fixed.h;XLauncher/FlashCtrl/win32/fixed.h,0,
XLauncher_Unicode/FlashCtrl/win32/FSControl.cpp,third-party/middleware,normal player dependency,11229,ed75e0427c6d770cdd6fe072027e29899fd64367f37a8f6a13349731d5fbe1e1,,XFControl/Win32/FSControl.cpp;XLauncher/FlashCtrl/win32/FSControl.cpp,0,
XLauncher_Unicode/FlashCtrl/win32/FSControl.h,third-party/middleware,normal player dependency,7310,b74f49a310a5753f02c125c7141590ddada84f7542c71b1d17939d969ee2e807,,XFControl/Win32/FSControl.h;XLauncher/FlashCtrl/win32/FSControl.h,3,XLauncher_Unicode/FlashCtrl/win32/Display.cpp;XLauncher_Unicode/FlashCtrl/win32/FSControl.cpp;XLauncher_Unicode/FlashCtrl/win32/palette.cpp
XLauncher_Unicode/FlashCtrl/win32/palette.cpp,third-party/middleware,normal player dependency,6523,e4ac4cfd4840bcf99043053a0a7f64ec7ca0a3b4d3cda803870101d703917989,,XFControl/Win32/palette.cpp;XLauncher/FlashCtrl/win32/palette.cpp,0,
XLauncher_Unicode/FlashCtrl/win32/palette.h,third-party/middleware,normal player dependency,1594,9e51e78eea4e4cf7468e5bd1cf6a9641d30070eccb2126cb9120e9fcc94f1d3a,,XFControl/Win32/palette.h;XLauncher/FlashCtrl/win32/palette.h,2,XLauncher_Unicode/FlashCtrl/win32/Display.cpp;XLauncher_Unicode/FlashCtrl/win32/palette.cpp
XLauncher_Unicode/FlashCtrl/win32/sound.cpp,third-party/middleware,normal player dependency,6329,d70ad85997e250b3c29bb30cb2928d48e8b45f705ac7c8a9af22246f4153b80e,,XFControl/Win32/sound.cpp;XLauncher/FlashCtrl/win32/sound.cpp;audio_sdk/asorg/src/AudioLib/Sound.cpp;audio_sdk/src/AudioLib/Sound.cpp;audio_sdk/src/AudioLib/src/AudioLib/Sound.cpp,0,
XLauncher_Unicode/FlashCtrl/win32/Sound.h,third-party/middleware,normal player dependency,3981,2e9d2fdf8ce258ee6f716cddc6ecefbb361fbf7ab1fc8a4cdb342abfabbe34fc,,XFControl/Win32/Sound.h;XLauncher/FlashCtrl/win32/Sound.h;audio_sdk/asorg/src/AudioLib/Sound.h;audio_sdk/src/AudioLib/Sound.h;audio_sdk/src/AudioLib/src/AudioLib/Sound.h,1,XLauncher_Unicode/FlashCtrl/win32/sound.cpp
XLauncher_Unicode/FlashCtrl/win32/util.cpp,third-party/middleware,normal player dependency,780,1a3ac401d8124d8ae1f3d57527343a57dbaf5d4a4c5d37fe243930ee1f386257,,XFControl/Win32/util.cpp;XLauncher/FlashCtrl/win32/util.cpp,0,
XLauncher_Unicode/FlashCtrl/win32/util.h,third-party/middleware,normal player dependency,1394,1ae8cd9502d051280a34c112ace747d7803ceabf1af8e75fe2ae1ecfd323bc0d,,XFControl/Win32/util.h;XLauncher/FlashCtrl/win32/util.h,2,XLauncher_Unicode/FlashCtrl/win32/FSControl.cpp;XLauncher_Unicode/FlashCtrl/win32/sound.cpp
XLauncher_Unicode/FlashCtrl/win32/version.h,third-party/middleware,normal player dependency,220,1577c85587fe90683db96631ff3a43a9823fddb9faa72cf2a324aacda7aa8fba,,XFControl/Win32/version.h;XLauncher/FlashCtrl/win32/version.h,1,XLauncher_Unicode/FlashCtrl/win32/FSControl.cpp
XLauncher_Unicode/FlashCtrl/zlib/adler32.c,third-party/middleware,normal player dependency,2237,ee13e3baecf7d6f9777a997601bcd0fb1056a8f6323ed7a99c6ce17bc644d07f,,XGamebase/src/libs/zlib/adler32.c;XLauncher/FlashCtrl/zlib/adler32.c,0,
XLauncher_Unicode/FlashCtrl/zlib/compress.c,third-party/middleware,normal player dependency,2489,e2966c82454e2caeb56b67e3a265f92bad947f87165809a8c488c4bfe3ba3299,,XGamebase/src/libs/zlib/compress.c;XLauncher/FlashCtrl/zlib/compress.c,0,
XLauncher_Unicode/FlashCtrl/zlib/crc32.c,third-party/middleware,normal player dependency,9722,e9b50066a4759f496d3fd6eadefd3cb7c8db786820d434d22a951765432df42e,,XGamebase/src/libs/zlib/crc32.c;XLauncher/FlashCtrl/zlib/crc32.c,0,
XLauncher_Unicode/FlashCtrl/zlib/crc32.h,third-party/middleware,normal player dependency,30568,b8252ca25db989e06910c09b031a328a18ab9c32fb3ab6e6f5c98c0e2b0089cb,,XLauncher/FlashCtrl/zlib/crc32.h,1,XLauncher_Unicode/FlashCtrl/zlib/crc32.c
XLauncher_Unicode/FlashCtrl/zlib/deflate.c,third-party/middleware,normal player dependency,54964,ea50b7b35082a6ad0b986f98766fef7c6130404f770dc0f21915bc5d113318e2,,XGamebase/src/libs/zlib/deflate.c;XLauncher/FlashCtrl/zlib/deflate.c,0,
XLauncher_Unicode/FlashCtrl/zlib/deflate.h,third-party/middleware,normal player dependency,11942,123d7d3fbd7516ec846021ee1e26708670c36eaa3d2e442d694888a714a8ce97,,XGamebase/src/libs/zlib/deflate.h;XLauncher/FlashCtrl/zlib/deflate.h,2,XLauncher_Unicode/FlashCtrl/zlib/deflate.c;XLauncher_Unicode/FlashCtrl/zlib/trees.c
XLauncher_Unicode/FlashCtrl/zlib/gzio.c,third-party/middleware,normal player dependency,30528,09fc2d3f0803127964edd1624a6044dff998ab7efab017710dd71e8240d5adf8,,XGamebase/src/libs/zlib/gzio.c;XLauncher/FlashCtrl/zlib/gzio.c,0,
XLauncher_Unicode/FlashCtrl/zlib/infback.c,third-party/middleware,normal player dependency,22038,bab4554d916b31e98c2d3f4a651d9fb80e40a16b67bbcfadb14329f3dd33876c,,XLauncher/FlashCtrl/zlib/infback.c,0,
XLauncher_Unicode/FlashCtrl/zlib/inffast.c,third-party/middleware,normal player dependency,12192,1ef14309006c253f32dd1adeef69a05ccf697dafaf4902cbcffc0325dcebdc94,,XGamebase/src/libs/zlib/inffast.c;XLauncher/FlashCtrl/zlib/inffast.c,0,
XLauncher_Unicode/FlashCtrl/zlib/inffast.h,third-party/middleware,normal player dependency,407,b338cc7381a11473014404298bc89c5c3d6d4f3f5bd4e5c7ca3a8c1c1216ad6a,,XGamebase/src/libs/zlib/inffast.h;XLauncher/FlashCtrl/zlib/inffast.h,3,XLauncher_Unicode/FlashCtrl/zlib/infback.c;XLauncher_Unicode/FlashCtrl/zlib/inffast.c;XLauncher_Unicode/FlashCtrl/zlib/inflate.c
XLauncher_Unicode/FlashCtrl/zlib/inffixed.h,third-party/middleware,normal player dependency,6343,88a340c8e628d56682a99c3a9a38e44fafeb8b4c609e0df85ea17c66011e0f42,,XGamebase/src/libs/zlib/inffixed.h;XLauncher/FlashCtrl/zlib/inffixed.h,2,XLauncher_Unicode/FlashCtrl/zlib/infback.c;XLauncher_Unicode/FlashCtrl/zlib/inflate.c
XLauncher_Unicode/FlashCtrl/zlib/inflate.c,third-party/middleware,normal player dependency,45355,4575c718113dfeb8573c8cc24f955b62a6a41c9ea06ca7b132d6175f502f52c6,,XGamebase/src/libs/zlib/inflate.c;XLauncher/FlashCtrl/zlib/inflate.c,0,
XLauncher_Unicode/FlashCtrl/zlib/inflate.h,third-party/middleware,normal player dependency,5802,1c9e8dfe9462d644d573c9c49674ef2b6ea44ec8b2ebf9d5683d75576ad9b17e,,XLauncher/FlashCtrl/zlib/inflate.h,3,XLauncher_Unicode/FlashCtrl/zlib/infback.c;XLauncher_Unicode/FlashCtrl/zlib/inffast.c;XLauncher_Unicode/FlashCtrl/zlib/inflate.c
XLauncher_Unicode/FlashCtrl/zlib/inftrees.c,third-party/middleware,normal player dependency,13338,22beb7ee3019c976bf084f71508fc814e76a04e689fa1470f0b15a386103e10c,,XGamebase/src/libs/zlib/inftrees.c;XLauncher/FlashCtrl/zlib/inftrees.c,0,
XLauncher_Unicode/FlashCtrl/zlib/inftrees.h,third-party/middleware,normal player dependency,2373,84167eec78c20778551311b8ef68980630dc0696473fc0109339e0955444a7e2,,XGamebase/src/libs/zlib/inftrees.h;XLauncher/FlashCtrl/zlib/inftrees.h,4,XLauncher_Unicode/FlashCtrl/zlib/infback.c;XLauncher_Unicode/FlashCtrl/zlib/inffast.c;XLauncher_Unicode/FlashCtrl/zlib/inflate.c;XLauncher_Unicode/FlashCtrl/zlib/inftrees.c
XLauncher_Unicode/FlashCtrl/zlib/trees.c,third-party/middleware,normal player dependency,44041,829e3e5f82392d3991027a36bda3b5aa1947fdb2b9a31a5a467267491c747b3d,,XGamebase/src/libs/zlib/trees.c;XLauncher/FlashCtrl/zlib/trees.c,0,
XLauncher_Unicode/FlashCtrl/zlib/trees.h,third-party/middleware,normal player dependency,8444,81579041310716219bbbf7c98849d91f5aeabdd7eadb1f8e9d7e2aa57724b58b,,XGamebase/src/libs/zlib/trees.h;XLauncher/FlashCtrl/zlib/trees.h,1,XLauncher_Unicode/FlashCtrl/zlib/trees.c
XLauncher_Unicode/FlashCtrl/zlib/uncompr.c,third-party/middleware,normal player dependency,2087,2eb29295ca49201b0b0a6448dfca8706d81a78b9dbdf8fa006f3f636e29a65fc,,XGamebase/src/libs/zlib/uncompr.c;XLauncher/FlashCtrl/zlib/uncompr.c,0,
XLauncher_Unicode/FlashCtrl/zlib/zconf.h,third-party/middleware,normal player dependency,8934,c13f743a4bf4d5f2c01a88624014f148bc7e985f6d4b9bda21646f5ad2cc067a,,XGamebase/src/libs/zlib/zconf.h;XLauncher/FlashCtrl/zlib/zconf.h;XPacker/Zip/zconf.h,1,XLauncher_Unicode/FlashCtrl/zlib/zlib.h
XLauncher_Unicode/FlashCtrl/zlib/zconf.in.h,third-party/middleware,normal player dependency,8934,c13f743a4bf4d5f2c01a88624014f148bc7e985f6d4b9bda21646f5ad2cc067a,,XLauncher/FlashCtrl/zlib/zconf.in.h,0,
XLauncher_Unicode/FlashCtrl/zlib/zlib.h,third-party/middleware,normal player dependency,57739,2f0d6a8760cfb070c373b3a6b5282107c1f9b84d57de7393780ddd76069a61fd,,XGamebase/src/libs/zlib/zlib.h;XLauncher/FlashCtrl/zlib/zlib.h;XPacker/Zip/zlib.h,7,XLauncher_Unicode/FlashCtrl/sbitmap.cpp;XLauncher_Unicode/FlashCtrl/splay.cpp;XLauncher_Unicode/FlashCtrl/unixfonts.cpp;XLauncher_Unicode/FlashCtrl/zlib/adler32.c;XLauncher_Unicode/FlashCtrl/zlib/compress.c;XLauncher_Unicode/FlashCtrl/zlib/uncompr.c;XLauncher_Unicode/FlashCtrl/zlib/zutil.h
XLauncher_Unicode/FlashCtrl/zlib/zutil.c,third-party/middleware,normal player dependency,7006,1271cf01df51105d0acc4b7aa21418012830b9b92e68fef18c066ad84f0fdac7,,XGamebase/src/libs/zlib/zutil.c;XLauncher/FlashCtrl/zlib/zutil.c,0,
XLauncher_Unicode/FlashCtrl/zlib/zutil.h,third-party/middleware,normal player dependency,6496,637bdd5b0f740c5e59cc07486fd5364d88d016427b65b0d2025d1fb92ae73997,,XGamebase/src/libs/zlib/zutil.h;XLauncher/FlashCtrl/zlib/zutil.h,8,XLauncher_Unicode/FlashCtrl/zlib/crc32.c;XLauncher_Unicode/FlashCtrl/zlib/deflate.h;XLauncher_Unicode/FlashCtrl/zlib/gzio.c;XLauncher_Unicode/FlashCtrl/zlib/infback.c;XLauncher_Unicode/FlashCtrl/zlib/inffast.c;XLauncher_Unicode/FlashCtrl/zlib/inflate.c;XLauncher_Unicode/FlashCtrl/zlib/inftrees.c;XLauncher_Unicode/FlashCtrl/zlib/zutil.c
XLauncher_Unicode/FTPOptionsDialog.cpp,launcher/patcher,normal player dependency,10040,ff60cc692c85431accda5bc75e84053c6ea49f4b46274eb7c839514b97d8bd21,,XLauncher/FTPOptionsDialog.cpp,0,
XLauncher_Unicode/FTPOptionsDialog.h,launcher/patcher,normal player dependency,2268,9e514ce0d5e1094d80f5ccdb6a07beedf4017a230e18ad6193187d062bdd8ca3,,XLauncher/FTPOptionsDialog.h,3,XLauncher_Unicode/FTPOptionsDialog.cpp;XLauncher_Unicode/SeverMessageDialog.h;XLauncher_Unicode/XLauncherDlg.cpp
XLauncher_Unicode/FTPTransferDlg.cpp,launcher/patcher,normal player dependency,25896,9e4b558b26913567c5c803b81bb1f50c73a141d17619551a6a5f724d6292b11e,,XLauncher/FTPTransferDlg.cpp,0,
XLauncher_Unicode/FTPTransferDlg.h,launcher/patcher,normal player dependency,4338,f66bf49f56dce44229bfe492a25e757c303942ac89fbdee943cd8e23e8b801fb,,XLauncher/FTPTransferDlg.h,2,XLauncher_Unicode/FTPTransferDlg.cpp;XLauncher_Unicode/XLauncherDlg.cpp
XLauncher_Unicode/GradientProgressCtrl.cpp,launcher/patcher,normal player dependency,11910,d358fca9774ad29984e8fc19e60c94980e28fd31acb5e91293095322a9b8ac15,,XLauncher/GradientProgressCtrl.cpp,0,
XLauncher_Unicode/GradientProgressCtrl.h,launcher/patcher,normal player dependency,2965,4b5101fcee204b3e0b2b9efcc5535611c193b361903ae446e1a767110c6376df,,XLauncher/GradientProgressCtrl.h,2,XLauncher_Unicode/GradientProgressCtrl.cpp;XLauncher_Unicode/XLauncherDlg.h
XLauncher_Unicode/KCBusyProgressCtrl.cpp,launcher/patcher,normal player dependency,17370,3fa861081f24742895ce15d7c2b11a0990a10301389d057126899433cefe6cec,,XLauncher/KCBusyProgressCtrl.cpp,0,
XLauncher_Unicode/KCBusyProgressCtrl.h,launcher/patcher,normal player dependency,8418,f9112ddbd0c757f2a651a196a0adc92559edb72cb4b920e2d15d33509d842c80,,XLauncher/KCBusyProgressCtrl.h,1,XLauncher_Unicode/KCBusyProgressCtrl.cpp
XLauncher_Unicode/Label.cpp,launcher/patcher,normal player dependency,29773,5fedb25bec13c26c496a9428e1e653becdf8a622871dbc1a09c317b5e4777d13,,XLauncher/Label.cpp;XPatch/Label.cpp,0,
XLauncher_Unicode/Label.h,launcher/patcher,normal player dependency,3386,e4d02f742dfafa410f31ce4cb31100972724ecdc8a9d580f68b16bb15d5ea8cd,,XLauncher/Label.h;XPatch/Label.h,5,XLauncher_Unicode/FTPTransferDlg.h;XLauncher_Unicode/Label.cpp;XLauncher_Unicode/ResChangeDialog.h;XLauncher_Unicode/XLauncherDlg.h;XLauncher_Unicode/noticedialog.h
XLauncher_Unicode/MacButtons.cpp,launcher/patcher,normal player dependency,75471,7005e2ed54beb1d357edad97c4fef59a9d80c6ad6b5f5556f44f7a0068a41831,,XLauncher/MacButtons.cpp,0,
XLauncher_Unicode/MacButtons.h,launcher/patcher,normal player dependency,9372,a80bbb4b651ce7f48bd14a24d05caa37228331a7c7ca7a02d8a33f0804ba4e50,,XLauncher/MacButtons.h,4,XLauncher_Unicode/FTPTransferDlg.h;XLauncher_Unicode/MacButtons.cpp;XLauncher_Unicode/ResChangeDialog.h;XLauncher_Unicode/SeverMessageDialog.h
XLauncher_Unicode/Markup.cpp,launcher/patcher,normal player dependency,81758,e6bae3a4c2c268340b569418aa60f05aa141925f70fd3cf1a41d262bf8ac0e23,,,0,
XLauncher_Unicode/Markup.h,launcher/patcher,normal player dependency,18515,916b19af52c9bdd055b8faa8baa4cd970c81903e8ce8e0ee320aa0905f487b12,,,2,XLauncher_Unicode/Markup.cpp;XLauncher_Unicode/XLauncherDlg.cpp
XLauncher_Unicode/memdc.h,launcher/patcher,normal player dependency,3079,371583c9db6f737d82aa37b3f94990444568222c52413155fd5b818f8d59e22a,,XLauncher/memdc.h,6,XLauncher_Unicode/BitmapSlider.h;XLauncher_Unicode/GradientProgressCtrl.h;XLauncher_Unicode/SkinHeaderCtrl.cpp;XLauncher_Unicode/SkinHorizontalScrollbar.h;XLauncher_Unicode/SkinVerticleScrollbar.h;XLauncher_Unicode/TextProgressCtrl.h
XLauncher_Unicode/noticedialog.cpp,launcher/patcher,normal player dependency,3477,786668dcc469c9d04aa70f1a9d0263da52143093a62b1b6c47e60026f39da5a2,,XLauncher/noticedialog.cpp,0,
XLauncher_Unicode/noticedialog.h,launcher/patcher,normal player dependency,1813,f8c3a477973bd398093f065e35c91aad4f8c334a283eeea7d47b98943cf90d53,,XLauncher/noticedialog.h,2,XLauncher_Unicode/XLauncherDlg.h;XLauncher_Unicode/noticedialog.cpp
XLauncher_Unicode/NotInstalledDialog.cpp,launcher/patcher,normal player dependency,4121,02376d628569fb819f9a0c958495310b3db5e59bdcce63208146d936f77af3e6,,XLauncher/NotInstalledDialog.cpp,0,
XLauncher_Unicode/NotInstalledDialog.h,launcher/patcher,normal player dependency,1390,a4908505d652b7c3479305944ab254512058c1b06256472e4645c312a58d3f0c,,XLauncher/NotInstalledDialog.h,2,XLauncher_Unicode/NotInstalledDialog.cpp;XLauncher_Unicode/XLauncherDlg.cpp
XLauncher_Unicode/Package.cpp,launcher/patcher,normal player dependency,37813,669e9c34bfca2f3d25b137bcde4125e56ce760720c86f0fef68eb7ddc4d522c3,,XLauncher/Package.cpp;XPacker/Package.cpp;XPatch/Package.cpp,0,
XLauncher_Unicode/Package.h,launcher/patcher,normal player dependency,2343,f1fcfa341e1c11b7daf67c8cfed77a9d95cf9947fb07a4c445c315ee3273b10f,,XLauncher/Package.h;XPacker/Package.h;XPatch/Package.h,4,XLauncher_Unicode/Package.cpp;XLauncher_Unicode/XLauncher.cpp;XLauncher_Unicode/XLauncherDlg.cpp;XLauncher_Unicode/noticedialog.h
XLauncher_Unicode/ProxyIBindStatusCallback.h,launcher/patcher,normal player dependency,2971,30a9c271b62c51c06e3d14818fd6d6d0c326d14915afd664b25f1c6441ed0ddd,,XLauncher/ProxyIBindStatusCallback.h,0,
XLauncher_Unicode/res/eu_interface (1).rc2,launcher/patcher,normal player dependency,390,d980c20b6dec8c28cc5ae0e1a745b6ec9d249f2a5b3fee0cd13f9a8f465a14bb,,,0,
XLauncher_Unicode/res/XLauncher.rc2,launcher/patcher,normal player dependency,388,b81c90481499f707980f99f3f3ddc2488d534fc984ce72730c7ce5ec1f4bb03f,,XLauncher/res/XLauncher.rc2,1,XLauncher_Unicode/XLauncher.rc
XLauncher_Unicode/ResChangeDialog.cpp,launcher/patcher,normal player dependency,18587,a4763f4447a9d2a4d32bbd954c7a74e7ddf14cab54679e3e5e9a51e7ef97b966,,,0,
XLauncher_Unicode/ResChangeDialog.h,launcher/patcher,normal player dependency,2029,a989d079ff6950d733a11e47fdfee07b69cd99dbce731ee6c1a520e690443ac8,,,2,XLauncher_Unicode/ResChangeDialog.cpp;XLauncher_Unicode/XLauncherDlg.cpp
XLauncher_Unicode/resource.h,launcher/patcher,normal player dependency,12886,bce0bee7d9b70c3bf095e2438b6c78156544bb6a7d60427ce0808732c939487b,,ChinaResource/resource.h;SetRegistry/SetRegistry/resource.h;SetRegistry/resource.h;XFileTransfer/resource.h;XLauncher/Resource.h;XPacker/Resource.h;XPatch/resource.h;qhtm sdk/resource.h;qhtm sdk/test/resource.h;resource.h,7,XLauncher_Unicode/FTPTransferDlg.cpp;XLauncher_Unicode/Package.cpp;XLauncher_Unicode/SkinHeaderCtrl.cpp;XLauncher_Unicode/SkinHorizontalScrollbar.cpp;XLauncher_Unicode/SkinVerticleScrollbar.cpp;XLauncher_Unicode/XLauncher.h;XLauncher_Unicode/XLauncher.rc
XLauncher_Unicode/SelectServer.cpp,launcher/patcher,normal player dependency,2514,f1ea5476e6b83346c12fb8958eb253ab4c61da43a911300c361efc13810d65fe,,XLauncher/SelectServer.cpp,0,
XLauncher_Unicode/SelectServer.h,launcher/patcher,normal player dependency,1404,c227391e00ad776ddd75434e381d05531ba6946df2971f9486653e811c3bee75,,XLauncher/SelectServer.h,2,XLauncher_Unicode/SelectServer.cpp;XLauncher_Unicode/XLauncherDlg.cpp
XLauncher_Unicode/SeverMessageDialog.cpp,launcher/patcher,normal player dependency,1830,9178cbb371f30b165d6e5fd2c18af6cb3c6b119bf02e19cc3d3aec3efa950b2c,,XLauncher/SeverMessageDialog.cpp;XPatch/SeverMessageDialog.cpp,0,
XLauncher_Unicode/SeverMessageDialog.h,launcher/patcher,normal player dependency,1482,b2c4624fec73884df264dddfdd83b2d77d6ac59c93f5ec2a619972a0b51a74a1,,XLauncher/SeverMessageDialog.h;XPatch/SeverMessageDialog.h,2,XLauncher_Unicode/SeverMessageDialog.cpp;XLauncher_Unicode/XLauncherDlg.cpp
XLauncher_Unicode/ShadeButtonST.cpp,launcher/patcher,normal player dependency,6860,30ecf855f8e7a9f63853db7c6e17e5e7ae4c2dddaf28b670dd444cb801e48253,,XLauncher/ShadeButtonST.cpp;XPatch/ShadeButtonST.cpp,0,
XLauncher_Unicode/ShadeButtonST.h,launcher/patcher,normal player dependency,1799,30fc6a7a6f95d974c0cd7825731476aabf4bf0a5eac1be6fd5afd2461084f71d,,XLauncher/ShadeButtonST.h;XPatch/ShadeButtonST.h,3,XLauncher_Unicode/ResChangeDialog.h;XLauncher_Unicode/ShadeButtonST.cpp;XLauncher_Unicode/XLauncherDlg.h
XLauncher_Unicode/SkinHeaderCtrl.cpp,launcher/patcher,normal player dependency,4059,118ff3ccbda876883a71a3c2e84725b7c57b7c37363504125d349f9c98aa14c3,,XLauncher/SkinHeaderCtrl.cpp,0,
XLauncher_Unicode/SkinHeaderCtrl.h,launcher/patcher,normal player dependency,1210,123244bc361b78bd50d49b661856abf757849d923d50d90b5ee2cb952950a3fe,,XLauncher/SkinHeaderCtrl.h,2,XLauncher_Unicode/SkinHeaderCtrl.cpp;XLauncher_Unicode/SkinListCtrl.h
XLauncher_Unicode/SkinHorizontalScrollbar.cpp,launcher/patcher,normal player dependency,6736,ee6f72ddb3949d541e0465de350c5f6540cf6967acd7d43d57aa170406e66b69,,XLauncher/SkinHorizontalScrollbar.cpp,0,
XLauncher_Unicode/SkinHorizontalScrollbar.h,launcher/patcher,normal player dependency,1741,69ca3b9c46dbe85884c50b60e51fa3183baf8f151caad7ff1f254093cea33a0d,,XLauncher/SkinHorizontalScrollbar.h,2,XLauncher_Unicode/SkinHorizontalScrollbar.cpp;XLauncher_Unicode/SkinListCtrl.h
XLauncher_Unicode/SkinListCtrl.cpp,launcher/patcher,normal player dependency,6974,d7e6b241deae4771e087712c25e3d71534bd8ec5d8c60dedf8c80c5918c82c4e,,XLauncher/SkinListCtrl.cpp,0,
XLauncher_Unicode/SkinListCtrl.h,launcher/patcher,normal player dependency,2025,63c4e3c52164aa83f0def92817d17a3d79906c07127a84f8afda21c8529a41f8,,XLauncher/SkinListCtrl.h,2,XLauncher_Unicode/SkinListCtrl.cpp;XLauncher_Unicode/XLauncherDlg.h
XLauncher_Unicode/SkinVerticleScrollbar.cpp,launcher/patcher,normal player dependency,7438,e61d61121f452734d2337087090b259e77e1158308f7558634cca70ad85a5552,,XLauncher/SkinVerticleScrollbar.cpp,0,
XLauncher_Unicode/SkinVerticleScrollbar.h,launcher/patcher,normal player dependency,1722,b62ae7075dd3e3b070951607331f04dfa3776fb623f4210f9173a938259624ae,,XLauncher/SkinVerticleScrollbar.h,2,XLauncher_Unicode/SkinListCtrl.h;XLauncher_Unicode/SkinVerticleScrollbar.cpp
XLauncher_Unicode/StdAfx.cpp,launcher/patcher,normal player dependency,234,c15d7dee829373db983c1dff1e08c1a1e899c50f31e0a31205e44970beb98721,,SetRegistry/SetRegistry/StdAfx.cpp;SetRegistry/StdAfx.cpp;StdAfx.cpp;XFControl/StdAfx.cpp;XFileTransfer/StdAfx.cpp;XLauncher/StdAfx.cpp;XPacker/StdAfx.cpp;XPatch/StdAfx.cpp;qhtm sdk/qhtm static link/stdafx.cpp;qhtm sdk/stdafx.cpp;qhtm sdk/test/stdafx.cpp,0,
XLauncher_Unicode/StdAfx.h,launcher/patcher,normal player dependency,1372,d4d2aa4336b0cbafc36f18abc5b75f07f50c770c087d082ea2500d873d05bfcd,,SetRegistry/SetRegistry/StdAfx.h;SetRegistry/StdAfx.h;StdAfx.h;XFControl/StdAfx.h;XFileTransfer/StdAfx.h;XLauncher/StdAfx.h;XPacker/StdAfx.h;XPatch/StdAfx.h;qhtm sdk/qhtm static link/stdafx.h;qhtm sdk/stdafx.h;qhtm sdk/test/stdafx.h,44,XLauncher_Unicode/BCMenu.cpp;XLauncher_Unicode/BitComboBox.cpp;XLauncher_Unicode/BitListBox.cpp;XLauncher_Unicode/BitmapDialog.cpp;XLauncher_Unicode/BitmapSlider.cpp;XLauncher_Unicode/BtnST.cpp;XLauncher_Unicode/CeXDib.cpp;XLauncher_Unicode/CheckVersionDlg.cpp;XLauncher_Unicode/DLGHTML.cpp;XLauncher_Unicode/Dib.cpp;XLauncher_Unicode/EnterSerialDlg.cpp;XLauncher_Unicode/FTPOptionsDialog.cpp;XLauncher_Unicode/FTPTransferDlg.cpp;XLauncher_Unicode/GradientProgressCtrl.cpp;XLauncher_Unicode/KCBusyProgressCtrl.cpp;XLauncher_Unicode/Label.cpp;XLauncher_Unicode/MacButtons.cpp;XLauncher_Unicode/Markup.cpp;XLauncher_Unicode/NotInstalledDialog.cpp;XLauncher_Unicode/Package.cpp;XLauncher_Unicode/ResChangeDialog.cpp;XLauncher_Unicode/SelectServer.cpp;XLauncher_Unicode/SeverMessageDialog.cpp;XLauncher_Unicode/ShadeButtonST.cpp;XLauncher_Unicode/SkinHeaderCtrl.cpp;XLauncher_Unicode/SkinHorizontalScrollbar.cpp;XLauncher_Unicode/SkinListCtrl.cpp;XLauncher_Unicode/SkinVerticleScrollbar.cpp;XLauncher_Unicode/StdAfx.cpp;XLauncher_Unicode/TcpInit.cpp;XLauncher_Unicode/TcpResource.cpp;XLauncher_Unicode/TcpService.cpp;XLauncher_Unicode/TextProgressCtrl.cpp;XLauncher_Unicode/WriteDir.cpp;XLauncher_Unicode/XBrowser.cpp;XLauncher_Unicode/XEncryption.cpp;XLauncher_Unicode/XFileDownload.cpp;XLauncher_Unicode/XLauncher.cpp;XLauncher_Unicode/XLauncherDlg.cpp;XLauncher_Unicode/XProgressBar.cpp;XLauncher_Unicode/XRegistry.cpp;XLauncher_Unicode/noticedialog.cpp;XLauncher_Unicode/webbrowser2.cpp;XLauncher_Unicode/xDib.cpp
XLauncher_Unicode/TcpInit.cpp,launcher/patcher,normal player dependency,13479,2fdf875fd133c6c637b908980079d4322abffb5c96c3aca62003e2fd268398ac,,XLauncher/TcpInit.cpp,0,
XLauncher_Unicode/TcpInit.h,launcher/patcher,normal player dependency,1296,fc2c1e6cc2c47b9919c81152b2c46738f5aa10c8b5a24fe7e352c3c46f2da7da,,XLauncher/TcpInit.h,1,XLauncher_Unicode/TcpInit.cpp
XLauncher_Unicode/TcpResource.cpp,launcher/patcher,normal player dependency,752,3bd0a9e165262d9ddafacf0cbeda33c07080aaf25de4a3e40c4a0019d4db22ea,,XLauncher/TcpResource.cpp,0,
XLauncher_Unicode/TcpResource.h,launcher/patcher,normal player dependency,2238,e107ccf92f6e593cecb6f72d97e985fe257bebb7c13c1d4dab27beea9ecc0a93,,XLauncher/TcpResource.h,2,XLauncher_Unicode/TcpResource.cpp;XLauncher_Unicode/TcpService.h
XLauncher_Unicode/TcpService.cpp,launcher/patcher,normal player dependency,766,563039720aaca8405ee5fe4b7090e48c2df2b11c0588b203ff7893b0f34a3a45,,XLauncher/TcpService.cpp,0,
XLauncher_Unicode/TcpService.h,launcher/patcher,normal player dependency,1372,dc2ef24925f67bddbcfdb0a6986649834b337f4faa238fbaeae536de71fc8d76,,XLauncher/TcpService.h,2,XLauncher_Unicode/TcpInit.cpp;XLauncher_Unicode/TcpService.cpp
XLauncher_Unicode/TextProgressCtrl.cpp,launcher/patcher,normal player dependency,9976,1a06038279271f43e57978dfb0d874c1aaed4c78d23fefb5614cad232bc1c70f,,XLauncher/TextProgressCtrl.cpp,0,
XLauncher_Unicode/TextProgressCtrl.h,launcher/patcher,normal player dependency,4274,60363aebef2455f96ffb0905125461653bb00cda1ed76dbbf458186eda21fd10,,XLauncher/TextProgressCtrl.h,2,XLauncher_Unicode/TextProgressCtrl.cpp;XLauncher_Unicode/XLauncherDlg.h
XLauncher_Unicode/webbrowser2.cpp,launcher/patcher,normal player dependency,10817,57c597a4fed03f794ac6058b6978f96009b5493bd8d55ecf002d151e7b55eba9,,XLauncher/webbrowser2.cpp,0,
XLauncher_Unicode/webbrowser2.h,launcher/patcher,normal player dependency,3645,00042ace198201ebd10bbe852101651092a64dd6cee2119cdad2e637579b1298,,XLauncher/webbrowser2.h,1,XLauncher_Unicode/webbrowser2.cpp
XLauncher_Unicode/WebController/custsite.cpp,launcher/patcher,normal player dependency,6774,892bebb766a3a659007742af16065a96c0f48d63553863107590a7df361f4a53,,XLauncher/WebController/custsite.cpp,0,
XLauncher_Unicode/WebController/custsite.h,launcher/patcher,normal player dependency,2978,d580b9ea55cc636aa7479fd20be74f7558189740592d62dbda6d3423607a18bf,,XLauncher/WebController/custsite.h,2,XLauncher_Unicode/WebController/custsite.cpp;XLauncher_Unicode/XLauncher.cpp
XLauncher_Unicode/WebController/idispimp.cpp,launcher/patcher,normal player dependency,3304,c88708f682b0c7903acdf5e573f1f3ebbfa780ac546bb49f3cef92c3f56c6458,,XLauncher/WebController/idispimp.cpp,0,
XLauncher_Unicode/WebController/idispimp.h,launcher/patcher,normal player dependency,1291,bdec689248b19c240fd54d7a5ec732220e614925fe1a595b22860e1f521fa492,,XLauncher/WebController/idispimp.h,3,XLauncher_Unicode/WebController/custsite.h;XLauncher_Unicode/WebController/idispimp.cpp;XLauncher_Unicode/XLauncher.h
XLauncher_Unicode/WebController/webbro.cpp,launcher/patcher,normal player dependency,10392,c8606751dca99d305353485596285f7c69e841c2062aaa6b47a61fbba31356fc,,XLauncher/WebController/webbro.cpp,0,
XLauncher_Unicode/WebController/webbro.h,launcher/patcher,normal player dependency,3786,f9503698a489fcc7066ab5b1749fab754979e27821c6fa3caacd25e608feda85,,XLauncher/WebController/webbro.h,3,XLauncher_Unicode/WebController/webbro.cpp;XLauncher_Unicode/XLauncherDlg.h;XLauncher_Unicode/noticedialog.h
XLauncher_Unicode/WriteDir.cpp,launcher/patcher,normal player dependency,1994,3cd0278f3c1c9f4beaf5e625287f0706804cc618294a2311c1ef53153a1f0672,,XLauncher/WriteDir.cpp,0,
XLauncher_Unicode/WriteDir.h,launcher/patcher,normal player dependency,37,5ac681ebdc8a076e094ac2f6aec60688a88bba211021a8e695cf98176373d1ee,,XLauncher/WriteDir.h,1,XLauncher_Unicode/WriteDir.cpp
XLauncher_Unicode/ww2protocol.h,launcher/patcher,normal player dependency,44523,29df16820e3f1a89b5c94d607b050f1a1c2e032abe3e41df86d4290a01c51730,,XLauncher/ww2protocol.h,3,XLauncher_Unicode/TcpInit.h;XLauncher_Unicode/TcpResource.h;XLauncher_Unicode/TcpService.h
XLauncher_Unicode/XBrowser.cpp,launcher/patcher,normal player dependency,23289,6a5d1a92d69a8d5829a832441ef823a5b308c256f69e3a0ba406c4519f13e36f,,XLauncher/XBrowser.cpp,0,
XLauncher_Unicode/XBrowser.h,launcher/patcher,normal player dependency,6897,a6a9ec626931a56ae0cdef5092dbfc4d67dd5697418b392dc62553e7b7e44fc5,,XLauncher/XBrowser.h,3,XLauncher_Unicode/XBrowser.cpp;XLauncher_Unicode/XLauncherDlg.h;XLauncher_Unicode/noticedialog.h
XLauncher_Unicode/xDib.cpp,launcher/patcher,normal player dependency,15033,2e6366a4fc5b4e947be87a52af4b32079184dbd5ee0467e51de71d21a7a625f8,,XLauncher/xDib.cpp;XPatch/xDib.cpp,0,
XLauncher_Unicode/xDib.h,launcher/patcher,normal player dependency,2154,d24396f0a7c2fd043749649d1eef8f33cb2d579a737d767896c071444c47bf80,,XLauncher/xDib.h;XPatch/xDib.h,1,XLauncher_Unicode/xDib.cpp
XLauncher_Unicode/XEncryption.cpp,launcher/patcher,normal player dependency,9979,038fcf5d84f8603dd1a3b0511c2ae7205a168a2cd4d9ab14d29166069a1d2769,,XLauncher/XEncryption.cpp,0,
XLauncher_Unicode/XEncryption.h,launcher/patcher,normal player dependency,1240,ba4dda4ee7c64da53c9c01c6354f94e0f24c63a8909838109820866e7528be30,,XLauncher/XEncryption.h,3,XLauncher_Unicode/EnterSerialDlg.cpp;XLauncher_Unicode/XEncryption.cpp;XLauncher_Unicode/XLauncherDlg.cpp
XLauncher_Unicode/XEncryptiondata.h,launcher/patcher,normal player dependency,2090,72224a6010c1f244269d3144c90a1a828ac4be557886a6f1670914f6722d2f42,,XLauncher/XEncryptiondata.h,3,XLauncher_Unicode/EnterSerialDlg.cpp;XLauncher_Unicode/XEncryption.cpp;XLauncher_Unicode/XLauncherDlg.cpp
XLauncher_Unicode/XFileDownload.cpp,launcher/patcher,normal player dependency,2426,40338a2ae75527c799b4abb36158b5f8c4c40f47c84135708d921630aa364f4e,,XLauncher/XFileDownload.cpp,0,
XLauncher_Unicode/XFileDownload.h,launcher/patcher,normal player dependency,524,737c79545ca9aa09c4781a1656ea5fafed4e26288d4baf55de43064ee6a93d75,,XLauncher/XFileDownload.h,2,XLauncher_Unicode/XFileDownload.cpp;XLauncher_Unicode/XLauncherDlg.cpp
XLauncher_Unicode/XLauncher.cpp,launcher/patcher,normal player dependency,9640,39fedc956b9053f3f6a22208845d87ad1c8312a8732b69fa5bb5111d77c73ccf,,XLauncher/XLauncher.cpp,0,
XLauncher_Unicode/XLauncher.h,launcher/patcher,normal player dependency,1557,e8c938098e71367eee457ce034ce7079a6b64f1f56bef22475cfff6d631760e3,,XLauncher/XLauncher.h,15,XLauncher_Unicode/BitmapDialog.cpp;XLauncher_Unicode/CheckVersionDlg.cpp;XLauncher_Unicode/EnterSerialDlg.cpp;XLauncher_Unicode/FTPOptionsDialog.cpp;XLauncher_Unicode/FTPTransferDlg.cpp;XLauncher_Unicode/NotInstalledDialog.cpp;XLauncher_Unicode/ResChangeDialog.cpp;XLauncher_Unicode/SelectServer.cpp;XLauncher_Unicode/SeverMessageDialog.cpp;XLauncher_Unicode/WebController/custsite.cpp;XLauncher_Unicode/XFileDownload.cpp;XLauncher_Unicode/XLauncher.cpp;XLauncher_Unicode/XLauncherDlg.cpp;XLauncher_Unicode/XProgressBar.cpp;XLauncher_Unicode/noticedialog.cpp
XLauncher_Unicode/XLauncher.rc,launcher/patcher,normal player dependency,45695,334d1adb19e43bb95bfff5a41270b176b167e23e0e10be90084831034f25a942,,XLauncher/XLauncher.rc,0,
XLauncher_Unicode/XLauncherDlg.cpp,launcher/patcher,normal player dependency,207972,133a2d75c1df585b0ead69921941d06e0e89b5ba7681bf710eb331af9a7b6c4c,,,0,
XLauncher_Unicode/XLauncherDlg.h,launcher/patcher,normal player dependency,14247,1149a4e73b4f814b3c6eb313fe5f7e2a2b97182c25ac433a89733b4377153cb5,,XLauncher/XLauncherDlg.h,5,XLauncher_Unicode/FTPTransferDlg.cpp;XLauncher_Unicode/Package.cpp;XLauncher_Unicode/SelectServer.cpp;XLauncher_Unicode/XLauncher.cpp;XLauncher_Unicode/XLauncherDlg.cpp
XLauncher_Unicode/XProgressBar.cpp,launcher/patcher,normal player dependency,549,6e335055add4fd1cab43d70e4ed1484efb7539df5121e7f411744dfdb2210fcf,,XLauncher/XProgressBar.cpp,0,
XLauncher_Unicode/XProgressBar.h,launcher/patcher,normal player dependency,583,ca89a5a1eae02725b3e043f8626d14c791b52e455d29949e50cce9262ed7f6d5,,XLauncher/XProgressBar.h,1,XLauncher_Unicode/XProgressBar.cpp
XLauncher_Unicode/XRegistry.cpp,launcher/patcher,normal player dependency,18509,9e5770825a3985ec8dfa9368fc3a459f8d542c3ae47af4c9fe52408befdc5107,,XKernel/XUtilities/XRegistry.cpp;XLauncher/XRegistry.cpp;XPatch/XRegistry.cpp,0,
XLauncher_Unicode/XRegistry.h,launcher/patcher,normal player dependency,3746,bd9f73a22cfb2f5b3eadd20f104905e77e45910ec28b1ba82e910f706bb77761,,XKernel/XRegistry.h;XLauncher/XRegistry.h;XPatch/XRegistry.h,8,XLauncher_Unicode/FTPOptionsDialog.cpp;XLauncher_Unicode/NotInstalledDialog.cpp;XLauncher_Unicode/SelectServer.cpp;XLauncher_Unicode/StdAfx.h;XLauncher_Unicode/XEncryption.cpp;XLauncher_Unicode/XLauncherDlg.cpp;XLauncher_Unicode/XLauncherDlg.h;XLauncher_Unicode/XRegistry.cpp
XLauncher_Unicode/XRegistryDef.h,launcher/patcher,normal player dependency,3922,5c8ff1f66f9bb313738ce80c52ba31f0b1ab83565372c2f19b62650504966911,,DataStructure/XRegistryDef.h;XLauncher/XRegistryDef.h,1,XLauncher_Unicode/XRegistry.h
XLauncher_Unicode/Zip/AutoBuffer.cpp,launcher/patcher,normal player dependency,1972,78d240f35d2ed072a2f058ab8c5c1531630d85e3254041e3794fc2ceb1d0e32b,,XLauncher/Zip/AutoBuffer.cpp;XPacker/Zip/AutoBuffer.cpp,0,
XLauncher_Unicode/Zip/AutoBuffer.h,launcher/patcher,normal player dependency,950,7fb359c4d684c33f829eeed99979bcac00527d33436362167d1e86c30110fdbb,,XLauncher/Zip/AutoBuffer.h;XPacker/Zip/AutoBuffer.h,6,XLauncher_Unicode/Zip/AutoBuffer.cpp;XLauncher_Unicode/Zip/CentralDir.h;XLauncher_Unicode/Zip/FileHeader.cpp;XLauncher_Unicode/Zip/FileHeader.h;XLauncher_Unicode/Zip/ZipInternalInfo.h;XLauncher_Unicode/Zip/ZipStorage.h
XLauncher_Unicode/Zip/BigFile.cpp,launcher/patcher,normal player dependency,960,9699d19de19e6d63e95772a062ef9defebb37c65b8b02f4b7f0c41e1946f3a97,,XLauncher/Zip/BigFile.cpp;XPacker/Zip/BigFile.cpp,0,
XLauncher_Unicode/Zip/BigFile.h,launcher/patcher,normal player dependency,563,d03b91556cbde6b38fff0953da60b785069d9361f558b9e5b300bae5dd474412,,XLauncher/Zip/BigFile.h;XPacker/Zip/BigFile.h,2,XLauncher_Unicode/Zip/BigFile.cpp;XLauncher_Unicode/Zip/ZipStorage.h
XLauncher_Unicode/Zip/CentralDir.cpp,launcher/patcher,normal player dependency,13415,10b14eb8de3c019ca99fe6801e63cc2aa029da9be818b570a3c691e3f9dad50a,,XLauncher/Zip/CentralDir.cpp;XPacker/Zip/CentralDir.cpp,0,
XLauncher_Unicode/Zip/CentralDir.h,launcher/patcher,normal player dependency,2307,2f39e97d9710f78782810f3d0ac4d82154416a9696134b261ab23587d9c5c484,,XLauncher/Zip/CentralDir.h;XPacker/Zip/CentralDir.h,2,XLauncher_Unicode/Zip/CentralDir.cpp;XLauncher_Unicode/Zip/ZipArchive.h
XLauncher_Unicode/Zip/FileHeader.cpp,launcher/patcher,normal player dependency,8139,144d65b719d381364fb28a23e099a3db7291248623bfae6d36a60e1df8b90102,,XLauncher/Zip/FileHeader.cpp;XPacker/Zip/FileHeader.cpp,0,
XLauncher_Unicode/Zip/FileHeader.h,launcher/patcher,normal player dependency,2765,fabfb6be0dbe35486ba2dd35371791f2258cc7ae1507acc62a39293a8271df8f,,XLauncher/Zip/FileHeader.h;XPacker/Zip/FileHeader.h,2,XLauncher_Unicode/Zip/CentralDir.h;XLauncher_Unicode/Zip/FileHeader.cpp
XLauncher_Unicode/Zip/ZipArchive.cpp,launcher/patcher,normal player dependency,23186,cbeb2dd67f1841e5a61f13fc669801cd8f1077454091669bd8d627833c3a9377,,XLauncher/Zip/ZipArchive.cpp;XPacker/Zip/ZipArchive.cpp,0,
XLauncher_Unicode/Zip/ZipArchive.h,launcher/patcher,normal player dependency,20648,e19b7fb688a75a673f963c6ae8a3fb2de269411d993438646d15094139fdaaf8,,XLauncher/Zip/ZipArchive.h;XPacker/Zip/ZipArchive.h,4,XLauncher_Unicode/XLauncherDlg.cpp;XLauncher_Unicode/Zip/CentralDir.cpp;XLauncher_Unicode/Zip/ZipArchive.cpp;XLauncher_Unicode/Zip/ZipStorage.cpp
XLauncher_Unicode/Zip/ZipException.cpp,launcher/patcher,normal player dependency,1963,b2b9e730c84dce5ceef2e0d85714ecd4ec8e59875bf8be94d5bd02d5c382b3b2,,XLauncher/Zip/ZipException.cpp;XPacker/Zip/ZipException.cpp,0,
XLauncher_Unicode/Zip/ZipException.h,launcher/patcher,normal player dependency,2197,d8a4c32137f469292de1fc12b426ee507da727c8e415eab5178a7073d35c03f7,,XLauncher/Zip/ZipException.h;XPacker/Zip/ZipException.h,4,XLauncher_Unicode/Zip/CentralDir.h;XLauncher_Unicode/Zip/FileHeader.h;XLauncher_Unicode/Zip/ZipArchive.h;XLauncher_Unicode/Zip/ZipException.cpp
XLauncher_Unicode/Zip/ZipInternalInfo.cpp,launcher/patcher,normal player dependency,756,2198abbce2958726ecf2663f92c5de6e1d3f8284c1c545b45f7c694a5cf4105d,,XLauncher/Zip/ZipInternalInfo.cpp;XPacker/Zip/ZipInternalInfo.cpp,0,
XLauncher_Unicode/Zip/ZipInternalInfo.h,launcher/patcher,normal player dependency,939,a53742d66e4a2ee97a326a72aac4788b1081848379e38247b682f41023c7a665,,XLauncher/Zip/ZipInternalInfo.h;XPacker/Zip/ZipInternalInfo.h,2,XLauncher_Unicode/Zip/ZipArchive.h;XLauncher_Unicode/Zip/ZipInternalInfo.cpp
XLauncher_Unicode/Zip/ZipStorage.cpp,launcher/patcher,normal player dependency,9840,509c58f4ff8c7bec3b8d598f8de3257b9908b8e34f4d8dbbafddcdd69887ccee,,XLauncher/Zip/ZipStorage.cpp;XPacker/Zip/ZipStorage.cpp,0,
XLauncher_Unicode/Zip/ZipStorage.h,launcher/patcher,normal player dependency,4166,a1e910795ae5f1cb537afcf18ba4793ef006572eb68bd45d6c1e4fc2e7490b3f,,XLauncher/Zip/ZipStorage.h;XPacker/Zip/ZipStorage.h,3,XLauncher_Unicode/Zip/FileHeader.h;XLauncher_Unicode/Zip/ZipArchive.h;XLauncher_Unicode/Zip/ZipStorage.cpp
XPatch_Unicode/BitmapDialog.cpp,normal/shared source,normal player dependency,12377,ea642af19518af05c11051d9eab7707c01f45e8e815d6458fdffba8aa1502a9e,,XLauncher/BitmapDialog.cpp;XPatch/BitmapDialog.cpp,0,
XPatch_Unicode/BitmapDialog.h,normal/shared source,normal player dependency,3073,cf54f5eda4af12c3cea374fe31462947d557f8c77606e2246cea08eec7b3cf79,,XLauncher/BitmapDialog.h;XPatch/BitmapDialog.h,2,XPatch_Unicode/BitmapDialog.cpp;XPatch_Unicode/XPatchDlg.h
XPatch_Unicode/BtnST.cpp,normal/shared source,normal player dependency,30249,5aea315924a1acfc4fcd37702bf5fdd1b1c542f7b169fcdcd4d83593e33eab89,,XLauncher/BtnST.cpp;XPatch/BtnST.cpp,0,
XPatch_Unicode/BtnST.h,normal/shared source,normal player dependency,5446,565d5994109d729abaed2270ffd2296f291a70404aa83645f8ade43fbc64445e,,XLauncher/BtnST.h;XPatch/BtnST.h,2,XPatch_Unicode/BtnST.cpp;XPatch_Unicode/XPatchDlg.h
XPatch_Unicode/CeXDib.cpp,normal/shared source,normal player dependency,8351,b7afb8c5ff968e46b0a160ae708f4e8adeedad4335234bc6c1d7f8620abed674,,XLauncher/CeXDib.cpp,0,
XPatch_Unicode/CeXDib.h,normal/shared source,normal player dependency,2232,1cff0233fa70c6243989a395efbfdf4a7c622026deb990705388f8de4d4765b6,,XLauncher/CeXDib.h,2,XPatch_Unicode/CeXDib.cpp;XPatch_Unicode/ShadeButtonST.h
XPatch_Unicode/Dib.cpp,normal/shared source,normal player dependency,30248,02a359cc5370a182fcd2423f3f04861dfb3dc2f04a5b41e277efba05d422d099,,XLauncher/Dib.cpp;XPatch/Dib.cpp,0,
XPatch_Unicode/DIB.h,normal/shared source,normal player dependency,3233,f3242ca0d630b777df342d67d5dd703efa04406225ec34210fad904cf028b06c,,XLauncher/DIB.h;XPatch/DIB.h,2,XPatch_Unicode/Dib.cpp;XPatch_Unicode/SeverMessageDialog.h
XPatch_Unicode/Label.cpp,normal/shared source,normal player dependency,29773,5fedb25bec13c26c496a9428e1e653becdf8a622871dbc1a09c317b5e4777d13,,XLauncher/Label.cpp;XPatch/Label.cpp,0,
XPatch_Unicode/Label.h,normal/shared source,normal player dependency,3386,e4d02f742dfafa410f31ce4cb31100972724ecdc8a9d580f68b16bb15d5ea8cd,,XLauncher/Label.h;XPatch/Label.h,2,XPatch_Unicode/Label.cpp;XPatch_Unicode/XPatchDlg.h
XPatch_Unicode/Package.cpp,normal/shared source,normal player dependency,33858,9df7d0e35a9950ade1c63709c265b464d6fea4956a595129b1b1af654522dccd,,XLauncher/Package.cpp;XPacker/Package.cpp;XPatch/Package.cpp,0,
XPatch_Unicode/Package.h,normal/shared source,normal player dependency,2298,f4178f8bc5875508eec4fbcc7b24a5114dd64873af55743ebc581760c280e006,,XLauncher/Package.h;XPacker/Package.h;XPatch/Package.h,2,XPatch_Unicode/Package.cpp;XPatch_Unicode/XPatchDlg.cpp
XPatch_Unicode/RegStringDefine.h,normal/shared source,normal player dependency,949,62cb7a229bc9066bc0ea76a9539024de0a5b06e512755950403f7f2496d80153,,SetRegistry/RegStringDefine.h;SetRegistry/SetRegistry/RegStringDefine.h;XPatch/RegStringDefine.h,2,XPatch_Unicode/Package.cpp;XPatch_Unicode/XPatchDlg.cpp
XPatch_Unicode/res/XPatch.rc2,normal/shared source,normal player dependency,390,79ca32d721aae0940c4d6d35c87feae5ecc1066fa3397106cfc16e8b77989573,,XPatch/res/XPatch.rc2,1,XPatch_Unicode/XPatch.rc
XPatch_Unicode/resource.h,normal/shared source,normal player dependency,1594,49f3f163b631ab53b3f59e05dbb501f92fc29db499e6abf286f707d5a523b20e,,ChinaResource/resource.h;SetRegistry/SetRegistry/resource.h;SetRegistry/resource.h;XFileTransfer/resource.h;XLauncher/Resource.h;XPacker/Resource.h;XPatch/resource.h;qhtm sdk/resource.h;qhtm sdk/test/resource.h;resource.h,3,XPatch_Unicode/Package.cpp;XPatch_Unicode/XPatch.h;XPatch_Unicode/XPatch.rc
XPatch_Unicode/SeverMessageDialog.cpp,normal/shared source,normal player dependency,1976,afc7098221db0b79fe8179557339d5e4a5be9f8377d9eae2d66cdad5dfffde08,,XLauncher/SeverMessageDialog.cpp;XPatch/SeverMessageDialog.cpp,0,
XPatch_Unicode/SeverMessageDialog.h,normal/shared source,normal player dependency,1379,7a81fa2a0852f07e15bd4a6e1bb1a9b9cbe7dad17ff538d7387efcb739ef9776,,XLauncher/SeverMessageDialog.h;XPatch/SeverMessageDialog.h,2,XPatch_Unicode/SeverMessageDialog.cpp;XPatch_Unicode/XPatchDlg.cpp
XPatch_Unicode/ShadeButtonST.cpp,normal/shared source,normal player dependency,6860,30ecf855f8e7a9f63853db7c6e17e5e7ae4c2dddaf28b670dd444cb801e48253,,XLauncher/ShadeButtonST.cpp;XPatch/ShadeButtonST.cpp,0,
XPatch_Unicode/ShadeButtonST.h,normal/shared source,normal player dependency,1787,f7de692c6c757a4773ca8f39bfeab009fcb2f9a0959b84a6b749b0b85e0d08c0,,XLauncher/ShadeButtonST.h;XPatch/ShadeButtonST.h,1,XPatch_Unicode/ShadeButtonST.cpp
XPatch_Unicode/StdAfx.cpp,normal/shared source,normal player dependency,231,a11fe3555745fb7f5001116ad40b0df98b96cda219d419d1dd8d8ec622d18294,,SetRegistry/SetRegistry/StdAfx.cpp;SetRegistry/StdAfx.cpp;StdAfx.cpp;XFControl/StdAfx.cpp;XFileTransfer/StdAfx.cpp;XLauncher/StdAfx.cpp;XPacker/StdAfx.cpp;XPatch/StdAfx.cpp;qhtm sdk/qhtm static link/stdafx.cpp;qhtm sdk/stdafx.cpp;qhtm sdk/test/stdafx.cpp,0,
XPatch_Unicode/StdAfx.h,normal/shared source,normal player dependency,1122,04d89a575a99c4fcadfb495cd34a329585ca3b1d7474e2bbe67236637de6e4e0,,SetRegistry/SetRegistry/StdAfx.h;SetRegistry/StdAfx.h;StdAfx.h;XFControl/StdAfx.h;XFileTransfer/StdAfx.h;XLauncher/StdAfx.h;XPacker/StdAfx.h;XPatch/StdAfx.h;qhtm sdk/qhtm static link/stdafx.h;qhtm sdk/stdafx.h;qhtm sdk/test/stdafx.h,13,XPatch_Unicode/BitmapDialog.cpp;XPatch_Unicode/BtnST.cpp;XPatch_Unicode/CeXDib.cpp;XPatch_Unicode/Dib.cpp;XPatch_Unicode/Label.cpp;XPatch_Unicode/Package.cpp;XPatch_Unicode/SeverMessageDialog.cpp;XPatch_Unicode/ShadeButtonST.cpp;XPatch_Unicode/StdAfx.cpp;XPatch_Unicode/XPatch.cpp;XPatch_Unicode/XPatchDlg.cpp;XPatch_Unicode/XRegistry.cpp;XPatch_Unicode/xDib.cpp
XPatch_Unicode/xDib.cpp,normal/shared source,normal player dependency,15033,2e6366a4fc5b4e947be87a52af4b32079184dbd5ee0467e51de71d21a7a625f8,,XLauncher/xDib.cpp;XPatch/xDib.cpp,0,
XPatch_Unicode/xDib.h,normal/shared source,normal player dependency,2154,d24396f0a7c2fd043749649d1eef8f33cb2d579a737d767896c071444c47bf80,,XLauncher/xDib.h;XPatch/xDib.h,1,XPatch_Unicode/xDib.cpp
XPatch_Unicode/XPatch.cpp,normal/shared source,normal player dependency,2442,d4e69075fa4e6b377598441717eecd6f47ae0d2c2a62398894a6df2ed221e499,,XPatch/XPatch.cpp,0,
XPatch_Unicode/XPatch.h,normal/shared source,normal player dependency,1275,a9d7e026b531c4c2cd114e2b7e7de018820394c110b7eff252019b0de36d41c3,,XPatch/XPatch.h,3,XPatch_Unicode/SeverMessageDialog.cpp;XPatch_Unicode/XPatch.cpp;XPatch_Unicode/XPatchDlg.cpp
XPatch_Unicode/XPatch.rc,normal/shared source,normal player dependency,7607,95886d7f3cb2134f40a2f47402882e93efa5f56d22b76c7d22baaed61f2fd278,,XPatch/XPatch.rc,0,
XPatch_Unicode/XPatchDlg.cpp,normal/shared source,normal player dependency,34380,31982fbae52002e9ac24b94603cd3a6ac1f621559ce8c0dcff464f697a9e1a3f,,XPatch/XPatchDlg.cpp,0,
XPatch_Unicode/XPatchDlg.h,normal/shared source,normal player dependency,3986,f5c4652a72d3c8fc7e23aa6a2f07ea56484ec0d8c09c2f771e975f7df730e1eb,,XPatch/XPatchDlg.h,3,XPatch_Unicode/Package.cpp;XPatch_Unicode/XPatch.cpp;XPatch_Unicode/XPatchDlg.cpp
XPatch_Unicode/XRegistry.cpp,normal/shared source,normal player dependency,18601,1805bd7deeafa7a5daef24930da0fe20a424fe725b8b59f965952bad464f4c69,,XKernel/XUtilities/XRegistry.cpp;XLauncher/XRegistry.cpp;XPatch/XRegistry.cpp,0,
XPatch_Unicode/XRegistry.h,normal/shared source,normal player dependency,3729,92c3f95bfb72a88565b7c14eedc5022a8f0a157dddaa1742925d2bececc62237,,XKernel/XRegistry.h;XLauncher/XRegistry.h;XPatch/XRegistry.h,4,XPatch_Unicode/Package.cpp;XPatch_Unicode/StdAfx.h;XPatch_Unicode/XPatchDlg.cpp;XPatch_Unicode/XRegistry.cpp
XPatch_Unicode/Zip/adler32.c,normal/shared source,normal player dependency,2237,ee13e3baecf7d6f9777a997601bcd0fb1056a8f6323ed7a99c6ce17bc644d07f,,XGamebase/src/libs/zlib/adler32.c;XLauncher/FlashCtrl/zlib/adler32.c,0,
XPatch_Unicode/Zip/AutoBuffer.cpp,normal/shared source,normal player dependency,1975,3cca8f410150ade030482cf224d5dfc1f0c4a7e9fbab97bd6edfc184c4ee32fb,,XLauncher/Zip/AutoBuffer.cpp;XPacker/Zip/AutoBuffer.cpp,0,
XPatch_Unicode/Zip/AutoBuffer.h,normal/shared source,normal player dependency,950,7fb359c4d684c33f829eeed99979bcac00527d33436362167d1e86c30110fdbb,,XLauncher/Zip/AutoBuffer.h;XPacker/Zip/AutoBuffer.h,6,XPatch_Unicode/Zip/AutoBuffer.cpp;XPatch_Unicode/Zip/CentralDir.h;XPatch_Unicode/Zip/FileHeader.cpp;XPatch_Unicode/Zip/FileHeader.h;XPatch_Unicode/Zip/ZipInternalInfo.h;XPatch_Unicode/Zip/ZipStorage.h
XPatch_Unicode/Zip/BigFile.cpp,normal/shared source,normal player dependency,963,0f84bf9b340a90c5286f9b42e8d6a0c2b2528ed72a59d7f9480410153869e637,,XLauncher/Zip/BigFile.cpp;XPacker/Zip/BigFile.cpp,0,
XPatch_Unicode/Zip/BigFile.h,normal/shared source,normal player dependency,563,d03b91556cbde6b38fff0953da60b785069d9361f558b9e5b300bae5dd474412,,XLauncher/Zip/BigFile.h;XPacker/Zip/BigFile.h,2,XPatch_Unicode/Zip/BigFile.cpp;XPatch_Unicode/Zip/ZipStorage.h
XPatch_Unicode/Zip/CentralDir.cpp,normal/shared source,normal player dependency,13418,0515759041dc67bd72bc5279c424cca8ccac19e19043d26ea94d3d0223054e55,,XLauncher/Zip/CentralDir.cpp;XPacker/Zip/CentralDir.cpp,0,
XPatch_Unicode/Zip/CentralDir.h,normal/shared source,normal player dependency,2307,2f39e97d9710f78782810f3d0ac4d82154416a9696134b261ab23587d9c5c484,,XLauncher/Zip/CentralDir.h;XPacker/Zip/CentralDir.h,2,XPatch_Unicode/Zip/CentralDir.cpp;XPatch_Unicode/Zip/ZipArchive.h
XPatch_Unicode/Zip/compress.c,normal/shared source,normal player dependency,2489,e2966c82454e2caeb56b67e3a265f92bad947f87165809a8c488c4bfe3ba3299,,XGamebase/src/libs/zlib/compress.c;XLauncher/FlashCtrl/zlib/compress.c,0,
XPatch_Unicode/Zip/crc32.c,normal/shared source,normal player dependency,9722,e9b50066a4759f496d3fd6eadefd3cb7c8db786820d434d22a951765432df42e,,XGamebase/src/libs/zlib/crc32.c;XLauncher/FlashCtrl/zlib/crc32.c,0,
XPatch_Unicode/Zip/crc32.h,normal/shared source,normal player dependency,30568,b8252ca25db989e06910c09b031a328a18ab9c32fb3ab6e6f5c98c0e2b0089cb,,XLauncher/FlashCtrl/zlib/crc32.h,1,XPatch_Unicode/Zip/crc32.c
XPatch_Unicode/Zip/deflate.c,normal/shared source,normal player dependency,54964,ea50b7b35082a6ad0b986f98766fef7c6130404f770dc0f21915bc5d113318e2,,XGamebase/src/libs/zlib/deflate.c;XLauncher/FlashCtrl/zlib/deflate.c,0,
XPatch_Unicode/Zip/deflate.h,normal/shared source,normal player dependency,11942,123d7d3fbd7516ec846021ee1e26708670c36eaa3d2e442d694888a714a8ce97,,XGamebase/src/libs/zlib/deflate.h;XLauncher/FlashCtrl/zlib/deflate.h,2,XPatch_Unicode/Zip/deflate.c;XPatch_Unicode/Zip/trees.c
XPatch_Unicode/Zip/FileHeader.cpp,normal/shared source,normal player dependency,8142,5268ae65847c49bcfff39aa1852f5a5a4304a1dd9c2182f065d3fdbfdba513a6,,XLauncher/Zip/FileHeader.cpp;XPacker/Zip/FileHeader.cpp,0,
XPatch_Unicode/Zip/FileHeader.h,normal/shared source,normal player dependency,2765,fabfb6be0dbe35486ba2dd35371791f2258cc7ae1507acc62a39293a8271df8f,,XLauncher/Zip/FileHeader.h;XPacker/Zip/FileHeader.h,2,XPatch_Unicode/Zip/CentralDir.h;XPatch_Unicode/Zip/FileHeader.cpp
XPatch_Unicode/Zip/gzio.c,normal/shared source,normal player dependency,30528,09fc2d3f0803127964edd1624a6044dff998ab7efab017710dd71e8240d5adf8,,XGamebase/src/libs/zlib/gzio.c;XLauncher/FlashCtrl/zlib/gzio.c,0,
XPatch_Unicode/Zip/infback.c,normal/shared source,normal player dependency,22038,bab4554d916b31e98c2d3f4a651d9fb80e40a16b67bbcfadb14329f3dd33876c,,XLauncher/FlashCtrl/zlib/infback.c,0,
XPatch_Unicode/Zip/inffast.c,normal/shared source,normal player dependency,12192,1ef14309006c253f32dd1adeef69a05ccf697dafaf4902cbcffc0325dcebdc94,,XGamebase/src/libs/zlib/inffast.c;XLauncher/FlashCtrl/zlib/inffast.c,0,
XPatch_Unicode/Zip/inffast.h,normal/shared source,normal player dependency,407,b338cc7381a11473014404298bc89c5c3d6d4f3f5bd4e5c7ca3a8c1c1216ad6a,,XGamebase/src/libs/zlib/inffast.h;XLauncher/FlashCtrl/zlib/inffast.h,3,XPatch_Unicode/Zip/infback.c;XPatch_Unicode/Zip/inffast.c;XPatch_Unicode/Zip/inflate.c
XPatch_Unicode/Zip/inffixed.h,normal/shared source,normal player dependency,6343,88a340c8e628d56682a99c3a9a38e44fafeb8b4c609e0df85ea17c66011e0f42,,XGamebase/src/libs/zlib/inffixed.h;XLauncher/FlashCtrl/zlib/inffixed.h,2,XPatch_Unicode/Zip/infback.c;XPatch_Unicode/Zip/inflate.c
XPatch_Unicode/Zip/inflate.c,normal/shared source,normal player dependency,45355,4575c718113dfeb8573c8cc24f955b62a6a41c9ea06ca7b132d6175f502f52c6,,XGamebase/src/libs/zlib/inflate.c;XLauncher/FlashCtrl/zlib/inflate.c,0,
XPatch_Unicode/Zip/inflate.h,normal/shared source,normal player dependency,5802,1c9e8dfe9462d644d573c9c49674ef2b6ea44ec8b2ebf9d5683d75576ad9b17e,,XLauncher/FlashCtrl/zlib/inflate.h,3,XPatch_Unicode/Zip/infback.c;XPatch_Unicode/Zip/inffast.c;XPatch_Unicode/Zip/inflate.c
XPatch_Unicode/Zip/inftrees.c,normal/shared source,normal player dependency,13338,22beb7ee3019c976bf084f71508fc814e76a04e689fa1470f0b15a386103e10c,,XGamebase/src/libs/zlib/inftrees.c;XLauncher/FlashCtrl/zlib/inftrees.c,0,
XPatch_Unicode/Zip/inftrees.h,normal/shared source,normal player dependency,2373,84167eec78c20778551311b8ef68980630dc0696473fc0109339e0955444a7e2,,XGamebase/src/libs/zlib/inftrees.h;XLauncher/FlashCtrl/zlib/inftrees.h,4,XPatch_Unicode/Zip/infback.c;XPatch_Unicode/Zip/inffast.c;XPatch_Unicode/Zip/inflate.c;XPatch_Unicode/Zip/inftrees.c
XPatch_Unicode/Zip/trees.c,normal/shared source,normal player dependency,44041,829e3e5f82392d3991027a36bda3b5aa1947fdb2b9a31a5a467267491c747b3d,,XGamebase/src/libs/zlib/trees.c;XLauncher/FlashCtrl/zlib/trees.c,0,
XPatch_Unicode/Zip/trees.h,normal/shared source,normal player dependency,8444,81579041310716219bbbf7c98849d91f5aeabdd7eadb1f8e9d7e2aa57724b58b,,XGamebase/src/libs/zlib/trees.h;XLauncher/FlashCtrl/zlib/trees.h,1,XPatch_Unicode/Zip/trees.c
XPatch_Unicode/Zip/uncompr.c,normal/shared source,normal player dependency,2087,2eb29295ca49201b0b0a6448dfca8706d81a78b9dbdf8fa006f3f636e29a65fc,,XGamebase/src/libs/zlib/uncompr.c;XLauncher/FlashCtrl/zlib/uncompr.c,0,
XPatch_Unicode/Zip/zconf.h,normal/shared source,normal player dependency,8934,c13f743a4bf4d5f2c01a88624014f148bc7e985f6d4b9bda21646f5ad2cc067a,,XGamebase/src/libs/zlib/zconf.h;XLauncher/FlashCtrl/zlib/zconf.h;XPacker/Zip/zconf.h,1,XPatch_Unicode/Zip/zlib.h
XPatch_Unicode/Zip/zconf.in.h,normal/shared source,normal player dependency,8934,c13f743a4bf4d5f2c01a88624014f148bc7e985f6d4b9bda21646f5ad2cc067a,,XLauncher/FlashCtrl/zlib/zconf.in.h,0,
XPatch_Unicode/Zip/ZipArchive.cpp,normal/shared source,normal player dependency,23189,14cf787e515ef7ad485d4d368113dea111c97340090ffebee472310be977912c,,XLauncher/Zip/ZipArchive.cpp;XPacker/Zip/ZipArchive.cpp,0,
XPatch_Unicode/Zip/ZipArchive.h,normal/shared source,normal player dependency,20648,e19b7fb688a75a673f963c6ae8a3fb2de269411d993438646d15094139fdaaf8,,XLauncher/Zip/ZipArchive.h;XPacker/Zip/ZipArchive.h,4,XPatch_Unicode/XPatchDlg.cpp;XPatch_Unicode/Zip/CentralDir.cpp;XPatch_Unicode/Zip/ZipArchive.cpp;XPatch_Unicode/Zip/ZipStorage.cpp
XPatch_Unicode/Zip/ZipException.cpp,normal/shared source,normal player dependency,1966,8ad41dea9f0e0e52db17f59567a91d13bd9c231a57dd98d26344aab74315016d,,XLauncher/Zip/ZipException.cpp;XPacker/Zip/ZipException.cpp,0,
XPatch_Unicode/Zip/ZipException.h,normal/shared source,normal player dependency,2197,d8a4c32137f469292de1fc12b426ee507da727c8e415eab5178a7073d35c03f7,,XLauncher/Zip/ZipException.h;XPacker/Zip/ZipException.h,4,XPatch_Unicode/Zip/CentralDir.h;XPatch_Unicode/Zip/FileHeader.h;XPatch_Unicode/Zip/ZipArchive.h;XPatch_Unicode/Zip/ZipException.cpp
XPatch_Unicode/Zip/ZipInternalInfo.cpp,normal/shared source,normal player dependency,759,8d6534c3431e828b6e0b8f1c7f56657d5c2b20a72dcb08c16b82c86bdb8a38f7,,XLauncher/Zip/ZipInternalInfo.cpp;XPacker/Zip/ZipInternalInfo.cpp,0,
XPatch_Unicode/Zip/ZipInternalInfo.h,normal/shared source,normal player dependency,939,a53742d66e4a2ee97a326a72aac4788b1081848379e38247b682f41023c7a665,,XLauncher/Zip/ZipInternalInfo.h;XPacker/Zip/ZipInternalInfo.h,2,XPatch_Unicode/Zip/ZipArchive.h;XPatch_Unicode/Zip/ZipInternalInfo.cpp
XPatch_Unicode/Zip/ZipStorage.cpp,normal/shared source,normal player dependency,9843,5323af026db6fcb501ac2fec2a9d316c376daa42ff28a1d2cc36774a3d0b354c,,XLauncher/Zip/ZipStorage.cpp;XPacker/Zip/ZipStorage.cpp,0,
XPatch_Unicode/Zip/ZipStorage.h,normal/shared source,normal player dependency,4166,a1e910795ae5f1cb537afcf18ba4793ef006572eb68bd45d6c1e4fc2e7490b3f,,XLauncher/Zip/ZipStorage.h;XPacker/Zip/ZipStorage.h,3,XPatch_Unicode/Zip/FileHeader.h;XPatch_Unicode/Zip/ZipArchive.h;XPatch_Unicode/Zip/ZipStorage.cpp
XPatch_Unicode/Zip/zlib.h,normal/shared source,normal player dependency,57739,2f0d6a8760cfb070c373b3a6b5282107c1f9b84d57de7393780ddd76069a61fd,,XGamebase/src/libs/zlib/zlib.h;XLauncher/FlashCtrl/zlib/zlib.h;XPacker/Zip/zlib.h,6,XPatch_Unicode/Zip/FileHeader.cpp;XPatch_Unicode/Zip/ZipInternalInfo.h;XPatch_Unicode/Zip/adler32.c;XPatch_Unicode/Zip/compress.c;XPatch_Unicode/Zip/uncompr.c;XPatch_Unicode/Zip/zutil.h
XPatch_Unicode/Zip/zutil.c,normal/shared source,normal player dependency,7006,1271cf01df51105d0acc4b7aa21418012830b9b92e68fef18c066ad84f0fdac7,,XGamebase/src/libs/zlib/zutil.c;XLauncher/FlashCtrl/zlib/zutil.c,0,
XPatch_Unicode/Zip/zutil.h,normal/shared source,normal player dependency,6496,637bdd5b0f740c5e59cc07486fd5364d88d016427b65b0d2025d1fb92ae73997,,XGamebase/src/libs/zlib/zutil.h;XLauncher/FlashCtrl/zlib/zutil.h,8,XPatch_Unicode/Zip/crc32.c;XPatch_Unicode/Zip/deflate.h;XPatch_Unicode/Zip/gzio.c;XPatch_Unicode/Zip/infback.c;XPatch_Unicode/Zip/inffast.c;XPatch_Unicode/Zip/inflate.c;XPatch_Unicode/Zip/inftrees.c;XPatch_Unicode/Zip/zutil.c
XProcess/_XProc_ProcessDefine.h,normal player/game process,normal player dependency,21381,d9df4031a3f45913fc71695bec33e3367c6d9211692c3f5a45d0384a2d0d40c1,,,0,
XProcess/_XWindow_MatchPR.cpp,normal player/game process,normal player dependency,454,efc0f0342b91445b53887be32f6a84a8fa38fd0f286d3f7aea53448bc9f58361,,,0,
XProcess/_XWindow_MatchPR.h,normal player/game process,normal player dependency,550,48a243ecb1373d30a9acf8962df390a1dfa07848cc150d933f79371589f3de25,,,1,XProcess/_XWindow_MatchPR.cpp
XProcess/_XWindow_TestServerNotice.cpp,normal player/game process,normal player dependency,516,b13804bef7c531af0cbb7e8b3c8fe8c5018f9a459e7b94a10ffc15013f209907,,,0,
XProcess/RenderTest_XProc_SelectCharacter.cpp,normal player/game process,normal player dependency,154081,1aeee4efe05f930b1d803fe13b74896a6b38e73087d7b3af0ec709f38851f568,,,0,
XProcess/vssver.scc,normal player/game process,normal player dependency,2464,0d8e8560f85239fc405a7458f9801a8964db8fab70b34dd65641329fc962517f,,MeshControl/vssver.scc,0,
XProcess/XMnDStructInfo.h,normal player/game process,normal player dependency,1882,ee6d08cb19e2351b9db3ea269cd8373670c19ba1e4870275c4057bd7d89e2ceb,,,4,Network/XNetwork_MasternDisciple.cpp;XProcess/XWindow_MessengerDialog.h;XProcess/XWindow_MnDGroup.h;XProcess/XWindow_NPCMnDInfo.h
XProcess/XProc_MainGame.cpp,normal player/game process,normal player dependency,728228,0aaa45e049e70306704444c354d36512f64234277824901eb71aad674c663fec,,,0,
XProcess/XProc_MainGame.h,normal player/game process,shared by GM and normal,23431,b890501070a877016f5d6b6b49e1485c9f0b0f7c24152bc6e042a9e8e94d44d3,,,6,EmperorOfDragons.h;XProcess/XProc_Loading.cpp;XProcess/XProc_MainGame.cpp;XProcess/XProc_MainGameCallBackFunctions.cpp;XProcess/XProc_MainGameMessageHandler.cpp;XProcess/XProc_ZeroLevel.cpp
XProcess/XProc_MainGameCallBackFunctions.cpp,normal player/game process,normal player dependency,57690,59f9e7b7419ad2a37646339b0f545320f4db327819b90073b706d68e87f449aa,,,0,
XProcess/XProc_MainGameDef.h,normal player/game process,shared by GM and normal,5961,f9c017bd7b8c37df4e4830540a5380c297957ed0f913239384f25baf355a6169,,,12,DataStructure/XLocalUser.cpp;DataStructure/XMob.cpp;DataStructure/XMob.h;DataStructure/XUser.cpp;Filtering/XWordFilteringManager.cpp;XControl/XMessageBox.cpp;XProcess/EODDEF_GlobalObject.h;XProcess/EODEXTDEF_GlobalObject.h;XProcess/XMessageWindow.cpp;XProcess/XProc_Loading.cpp;XProcess/XProc_MainGame.h;XProcess/XProc_ZeroLevel.h
XProcess/XWindow_Elixir.cpp,normal player/game process,normal player dependency,695,a80e39cb27d53d6523442bbe7f6da45409232bb6caa6dece52a828c9e79d023d,,,0,
XProcess/XWindow_Elixir.h,normal player/game process,normal player dependency,784,3d289d00719743d9be3fd767e89a28e4827a32d833dcaf88622a3e50e92185ae,,,1,XProcess/XWindow_Elixir.cpp
XProcess/XWindow_ItemDropConfirm.cpp,normal player/game process,normal player dependency,8946,743841094ecf94cb507d0b87f143ae69360c9ef7e8b6a16f826e5870202fc130,,,0,
XProcess/XWindow_ItemDropConfirm.h,normal player/game process,normal player dependency,1522,464db056bdc219c034c04e228e403f2c08e9297e453fac7a24735a98febe248b,,,1,XProcess/XWindow_ItemDropConfirm.cpp
XProcess/XWindow_ItemTooltip.cpp,normal player/game process,normal player dependency,39136,488e0d38aeae07b6e43961e04603bd1be5689e9ec93f0b2244972769c10924ad,,,0,
XProcess/XWindow_ItemTooltip.h,normal player/game process,normal player dependency,2962,7aab9ac6b7786b4478654361298e3e31fdb3efc5b1f06d8e1dbee33bc7b7965e,,,1,XProcess/XWindow_ItemTooltip.cpp
XProcess/XWindow_MatchInfo.cpp,normal player/game process,normal player dependency,5192,d7fa88ec4abaf1f794da0e109c4c19471b7cc47218d0d6c7c1b32a024470fa60,,,0,
XProcess/XWindow_MatchInfo.h,normal player/game process,normal player dependency,949,c3e97483382c3258a5659240289e39298ace3a9e477488a79923fcf230b80410,,,1,XProcess/XWindow_MatchInfo.cpp
XProcess/XWindow_MatchWindow.cpp,normal player/game process,normal player dependency,6688,26f42c7e5a00861f4943ca848cccccf8e39e1aa0e4733c36b4d6da69df2585fa,,,0,
XProcess/XWindow_MatchWindow.h,normal player/game process,normal player dependency,1279,bb916746a58c0f824b9da6da5021541a3a11f0449f6a47175501c614e7fd9e5a,,,1,XProcess/XWindow_MatchWindow.cpp
XProcess/XWindow_MnDCurrentPoint.cpp,normal player/game process,normal player dependency,5185,7200f00bea327390601592966f3c7d591fd7e10914cb5b7c09dc20b84aec6fe5,,,0,
XProcess/XWindow_MnDCurrentPoint.h,normal player/game process,normal player dependency,1242,9ff06d9d76da2ba4a6a1a9ae87055cd2b2e0033343f80a595e32ed56002cbb0c,,,6,XProcess/XProc_FirstLoad.cpp;XProcess/XProc_MainGame.cpp;XProcess/XWindow_MnDCurrentPoint.cpp;XProcess/XWindow_RecallItem.cpp;XProcess/XWindow_SmeltItem.cpp;XProcess/XWindow_SystemMsgDefault.cpp
XProcess/XWindow_MnDGroup.cpp,normal player/game process,normal player dependency,54277,be73953ee2344ed6b0dbb59aa52ff4e0a91e0797a115cc372c5aa88381fe0548,,,0,
XProcess/XWindow_MnDGroup.h,normal player/game process,normal player dependency,3116,aa57483a280bf145e6ecb4ff5b319a9dc0bb380f02d20800cc83ccc9b8613d29,,,5,DataStructure/XLocalUser.cpp;Network/XNetwork_MasternDisciple.cpp;XProcess/XProc_MainGameMessageHandler.cpp;XProcess/XWindow_Group.cpp;XProcess/XWindow_MnDGroup.cpp
XProcess/XWindow_MnDTotalPoint.cpp,normal player/game process,normal player dependency,5164,6d2a781d89b730517ce600ba93be695e3dcf6f148c8ab3c4a4e68ac546734a18,,,0,
XProcess/XWindow_MnDTotalPoint.h,normal player/game process,normal player dependency,1225,f66a3931c26f658158ad623ef1439f5f730cdec7ddd558a8fc243b3be4ab2303,,,6,XProcess/XProc_FirstLoad.cpp;XProcess/XProc_MainGame.cpp;XProcess/XWindow_MnDTotalPoint.cpp;XProcess/XWindow_RecallItem.cpp;XProcess/XWindow_SmeltItem.cpp;XProcess/XWindow_SystemMsgDefault.cpp
XProcess/XWindow_NPCMnDInfo.cpp,normal player/game process,normal player dependency,12618,f66f9d8c6505cf5d5abff14925b12a558770ea1f07acc36e552af800195bd1e5,,,0,
XProcess/XWindow_NPCMnDInfo.h,normal player/game process,normal player dependency,951,081b632f9f79c0c77826c5699cd2447d2e5cfd514b0c05e4f0dc23bee086c394,,,4,XProcess/XProc_FirstLoad.cpp;XProcess/XProc_MainGame.cpp;XProcess/XProc_MainGameMessageHandler.cpp;XProcess/XWindow_NPCMnDInfo.cpp
XProcess/XWindow_NPCSkillTooltip.cpp,normal player/game process,normal player dependency,31714,bcf9cf53e0d0b717a223a1d28ce041ff0d2f480317bd30cb0cc72da18679342d,,,0,
XProcess/XWindow_NPCSkillTooltip.h,normal player/game process,normal player dependency,2325,2a3017eb715d6eafae8eb62247e250cb1036980c2fd977a8e7ec8683f5f86041,,,1,XProcess/XWindow_NPCSkillTooltip.cpp
XProcess/XWindow_QSlot.cpp,normal player/game process,normal player dependency,50570,58da8bd32799832459a2774a6fc113be84f17ef702e5bbda172b1c51d8b0b07f,,,0,
XProcess/XWindow_QSlot.h,normal player/game process,normal player dependency,4382,97103a9effb9e04dccd8dac564c12f6365aa91da8659ae8c72c3b474e083253c,,,2,XProcess/XWindow_FSWindow.cpp;XProcess/XWindow_QSlot.cpp
XProcess/XWindow_SkillTooltip.cpp,normal player/game process,normal player dependency,33458,7de246e9049190502496cdaaa6293c023a86d9d4ca6a631a04c00ad411e5501d,,,0,
XProcess/XWindow_SkillTooltip.h,normal player/game process,normal player dependency,3097,1833356095652bf2a592ba206d13be5ee1d3fd121c01474be0235f30c942c837,,,1,XProcess/XWindow_SkillTooltip.cpp
XProcess/XWindow_TargetInfoSelect.cpp,normal player/game process,normal player dependency,3562,49c0c5b85bf402127b5b9bd464e5cf1dcf8e0a6c2dd9ca62b8b0194b0269a32f,,,0,
XProcess/XWindow_TargetInfoSelect.h,normal player/game process,normal player dependency,884,329c73f0a84e6195d6985d5ec1734901da45af61befe9a93f255a98df048eee0,,,4,XProcess/XProc_FirstLoad.cpp;XProcess/XProc_MainGameMessageHandler.cpp;XProcess/XWindow_MonsterStatus.cpp;XProcess/XWindow_TargetInfoSelect.cpp
XProcess/XWindow_TradeItemTooltip.cpp,normal player/game process,normal player dependency,45681,8b51925f60ecb31113aec75700677f75ceaaa89294195cc51321794a806a8d7f,,,0,
XProcess/XWindow_TradeItemTooltip.h,normal player/game process,normal player dependency,3160,822edad636e6f3f1395fa7c37441e73b4360b19e49c27f1b5358fdf6295cd82d,,,1,XProcess/XWindow_TradeItemTooltip.cpp
XProcess/XWindow_WeaponUpgrade.cpp,normal player/game process,normal player dependency,20365,2911d995662ea0c4b0c557797862ff5b864b289d77fb0f775f93c74c179b9c7c,,,0,
XProcess/XWindow_WeaponUpgrade.h,normal player/game process,normal player dependency,1939,f700dd644951f63a8d41d033d0c64ba00566b7c5ecebf1ebde5eb739dec981ee,,,1,XProcess/XWindow_WeaponUpgrade.cpp
XProcess/xwndow_trainingspell.cpp,normal player/game process,normal player dependency,1309,20c9484c4a72fdf9134807791d6860b5d4fd8a915ee97f6d96c0828b339cd1ab,,,0,
