github_path,category,dependency_partition,size,sha256,archive_identical_elsewhere,archive_same_basename_elsewhere,included_by_count,included_by
audio_sdk/asorg/include/AudioLib/vssver.scc,resource/config/other,unclassified/non-code,256,b92c001de3192eb199c5633abdaddae3ded7eabd7f86e0117bc7ffb52758b291,,MeshControl/vssver.scc,0,
audio_sdk/asorg/include/AudioScript/vssver.scc,resource/config/other,unclassified/non-code,80,662c92a4b824f9c0b52ce5f95a4d30623fc2d58b9b888ba5b8bc5af95709ae8d,,MeshControl/vssver.scc,0,
audio_sdk/asorg/include/vssver.scc,resource/config/other,unclassified/non-code,48,4b82b1eee5ba2898fbde04169311dea2daac2c6806506f503c8a128b3100c7fa,,MeshControl/vssver.scc,0,
audio_sdk/asorg/lib/vssver.scc,resource/config/other,unclassified/non-code,96,1899f063bf1b30ad873202f7d59a4f8bdcfb4ffbeb358d07c412d7f7eae24e02,,MeshControl/vssver.scc,0,
audio_sdk/asorg/src/AudioLib/AudioLib.dsw,resource/config/other,unclassified/non-code,638,1c7ecd2ea88a142aafd800c3d0f7745c80cc4b5883a79dbd1c73e89428384d52,,,0,
audio_sdk/asorg/src/AudioLib/AudioLib.ncb,generated/build artifact,unclassified/non-code,197632,2d1f833b107e0840a26ef346eb8fad0af53ebc33573b94c47372b4f96156ce02,,,0,
audio_sdk/asorg/src/AudioLib/AudioLib.opt,resource/config/other,unclassified/non-code,54784,7abcf277bb9176fc5cee5573f1cb9c1f820b5347e6e280001f58c33108ecef6d,,,0,
audio_sdk/asorg/src/AudioLib/except/vssver.scc,resource/config/other,unclassified/non-code,128,c2ee96a77bdf0ae59d9f780841ad27fcd5b0e924b9a02e51573de209b3f2e9b3,,MeshControl/vssver.scc,0,
audio_sdk/asorg/src/AudioLib/vssver.scc,resource/config/other,unclassified/non-code,736,55d39449ec1a77e89aef2dc6c787c9f90f04376f745ffe01449f5b1945b23c83,,MeshControl/vssver.scc,0,
audio_sdk/asorg/src/AudioScript/vssver.scc,resource/config/other,unclassified/non-code,336,8ee96f24435242723318c6f15b1f33bebca0e4986ed8e1be61f1b47407b2b6a3,,MeshControl/vssver.scc,0,
audio_sdk/doc/GAP Audio System/Doc/HTML - English/vssver.scc,resource/config/other,unclassified/non-code,1808,850ee40b23ecd314d84a31d8c3c5e9152f3ca0bdc7588d1a737e00fee00b6345,,MeshControl/vssver.scc,0,
audio_sdk/doc/GAP Audio System/vssver.scc,resource/config/other,unclassified/non-code,96,d42e24e05644f9e093404839bb9e5a5e6b434236a983dd63d27295b99fb97a2e,,MeshControl/vssver.scc,0,
audio_sdk/doc/vssver.scc,resource/config/other,unclassified/non-code,48,f3f5fa56b62fd291e295432acad3a2f507285df8b46b636a28f54c0d515d4a54,,MeshControl/vssver.scc,0,
audio_sdk/include/AudioLib/vssver.scc,resource/config/other,unclassified/non-code,256,5562f9482e4f069f76842bd6040f41e3fcc7405b6bde18f95fd0baa8693b0dce,,MeshControl/vssver.scc,0,
audio_sdk/include/AudioScript/vssver.scc,resource/config/other,unclassified/non-code,368,66da70dcab0ac6de6a3bd8aadb4d26166bddbb8e5735289e617921b1450ba040,,MeshControl/vssver.scc,0,
audio_sdk/include/vssver.scc,resource/config/other,unclassified/non-code,48,9b896e8da9734c957312a60e1c9c77ad75d06a95b7369237e3805cde5d13bce4,,MeshControl/vssver.scc,0,
audio_sdk/lib/vssver.scc,resource/config/other,unclassified/non-code,96,a99f127eb6b1d483b2af86786b1c45b58bae72b18aad75163887fb7f79f2a608,,MeshControl/vssver.scc,0,
audio_sdk/src/AudioLib/except/vssver.scc,resource/config/other,unclassified/non-code,128,1b7669d8ad14726224bb5689b80cea3ed59fdc6b38445d5f6f79398848a138b5,,MeshControl/vssver.scc,0,
audio_sdk/src/AudioLib/include/AudioLib/vssver.scc,resource/config/other,unclassified/non-code,256,cc53ad004a76e2371bba0c6585b5332beb2e7f100906c40497ab653c5afe5f9e,,MeshControl/vssver.scc,0,
audio_sdk/src/AudioLib/src/AudioLib/vssver.scc,resource/config/other,unclassified/non-code,688,7e583d98c34f9773b1ea1266efbcea1b9f4c0181bb8e6133efd031f6afbaa60c,,MeshControl/vssver.scc,0,
audio_sdk/src/AudioLib/vssver.scc,resource/config/other,unclassified/non-code,800,08f88c86e397940c18e33516081e6a90fffa79dbdfafc9bb6fd62cce875308b2,,MeshControl/vssver.scc,0,
audio_sdk/src/AudioScript/AudioScript/vssver.scc,resource/config/other,unclassified/non-code,384,0fc93dcb1a4c982bca2586a08a1868a02d1e6a3fe2e04d3332139db9c7199df7,,MeshControl/vssver.scc,0,
audio_sdk/src/AudioScript/vssver.scc,resource/config/other,unclassified/non-code,368,8825ad4817e08bcb4ccb02a07456081b3e55d3bf058bb44762e8ca9039624e80,,MeshControl/vssver.scc,0,
audio_sdk/src/vssver.scc,resource/config/other,unclassified/non-code,384,e76e734467417f63084cdf5796ff95dbc3c0c477b99a50b2542ea8b95bb5f1d0,,MeshControl/vssver.scc,0,
Compiled/KR/release/XGamebase/adler32.obj,generated/build artifact,unclassified/non-code,1686,3b4b814d29774135d9c571f6366e4344c40139d355cfc85e2a5dcb618df08c71,,Compiled/KR/release_gm/XGamebase/adler32.obj;Compiled/TH/release_gm/XGamebase/adler32.obj,0,
Compiled/KR/release/XGamebase/adler32.sbr,generated/build artifact,unclassified/non-code,3910,ce15e3826aa57c351720b0e4bd1367bcabbe706cd52800f7c32ac2adde063440,,Compiled/KR/release_gm/XGamebase/adler32.sbr;Compiled/TH/release_gm/XGamebase/adler32.sbr,0,
Compiled/KR/release/XGamebase/baseprim.obj,generated/build artifact,unclassified/non-code,28710,cb66f593fed22d66aae6b40b2f114791308e06cf979831676fefe47e1156b612,,Compiled/KR/release_gm/XGamebase/baseprim.obj;Compiled/TH/release_gm/XGamebase/baseprim.obj,0,
Compiled/KR/release/XGamebase/baseprim.sbr,generated/build artifact,unclassified/non-code,983222,388d85fc7e8a69d92f373832e166b05d106a7dc1b8c059f131eefadbe27a6241,,Compiled/KR/release_gm/XGamebase/baseprim.sbr;Compiled/TH/release_gm/XGamebase/baseprim.sbr,0,
Compiled/KR/release/XGamebase/bitmap.obj,generated/build artifact,unclassified/non-code,18212,10740d7ae56b565b60aed04156945ea1970272462106ee9870d799d048e9886c,,Compiled/KR/release_gm/XGamebase/bitmap.obj;Compiled/TH/release_gm/XGamebase/bitmap.obj,0,
Compiled/KR/release/XGamebase/bitmap.sbr,generated/build artifact,unclassified/non-code,957478,97f1d65b8e7c317b3e8a48aa61e97f17464884c20fe5153ae574caccb4e3e307,,Compiled/KR/release_gm/XGamebase/bitmap.sbr;Compiled/TH/release_gm/XGamebase/bitmap.sbr,0,
Compiled/KR/release/XGamebase/blit.obj,generated/build artifact,unclassified/non-code,25990,984261e54ee0ea156c4e2b5168c90cbbdcb79bdade612be6377463498b2d6775,,Compiled/KR/release_gm/XGamebase/blit.obj;Compiled/TH/release_gm/XGamebase/blit.obj,0,
Compiled/KR/release/XGamebase/blit.sbr,generated/build artifact,unclassified/non-code,981524,f7830070de1666a1de871c5adfa86d971e97bcedd5b45ca9670d24c2b3193d92,,Compiled/KR/release_gm/XGamebase/blit.sbr;Compiled/TH/release_gm/XGamebase/blit.sbr,0,
Compiled/KR/release/XGamebase/blitmain.obj,generated/build artifact,unclassified/non-code,35135,a0b1be38e313617c2b29e58a14b7d92fdb11768a451811dc636008122f0d33f8,,Compiled/KR/release_gm/XGamebase/blitmain.obj;Compiled/TH/release_gm/XGamebase/blitmain.obj,0,
Compiled/KR/release/XGamebase/blitmain.sbr,generated/build artifact,unclassified/non-code,983064,1f7bafbb997cd07e736bbef339525ba62354dcb460e31b890855552f6499e8ea,,Compiled/KR/release_gm/XGamebase/blitmain.sbr;Compiled/TH/release_gm/XGamebase/blitmain.sbr,0,
Compiled/KR/release/XGamebase/bmp.obj,generated/build artifact,unclassified/non-code,25317,36f2101f156ae03e96056b15d984fefde508849fcbec37355625a32453c9b44b,,Compiled/KR/release_gm/XGamebase/bmp.obj;Compiled/TH/release_gm/XGamebase/bmp.obj,0,
Compiled/KR/release/XGamebase/bmp.sbr,generated/build artifact,unclassified/non-code,977760,c0791f3182b7ee08b6211e04c940072bef260da86108382deb1bd069784c989e,,Compiled/KR/release_gm/XGamebase/bmp.sbr;Compiled/TH/release_gm/XGamebase/bmp.sbr,0,
Compiled/KR/release/XGamebase/bmpconv.obj,generated/build artifact,unclassified/non-code,17498,35e70c41540e42bd2057059d64b2135fe9a964621dab16e0e8cad1700e55e2b5,,Compiled/KR/release_gm/XGamebase/bmpconv.obj;Compiled/TH/release_gm/XGamebase/bmpconv.obj,0,
Compiled/KR/release/XGamebase/bmpconv.sbr,generated/build artifact,unclassified/non-code,957330,89b6b28ebc3c7771dc255f8b3c70aceedbac4dbd862dae743509acf2453d7569,,Compiled/KR/release_gm/XGamebase/bmpconv.sbr;Compiled/TH/release_gm/XGamebase/bmpconv.sbr,0,
Compiled/KR/release/XGamebase/bmpfiles.obj,generated/build artifact,unclassified/non-code,27376,6606270eb9fc9d01e15d2b356af3727dcc3504a75abf6d8d051d1ab7e06c581e,,Compiled/KR/release_gm/XGamebase/bmpfiles.obj;Compiled/TH/release_gm/XGamebase/bmpfiles.obj,0,
Compiled/KR/release/XGamebase/bmpfiles.sbr,generated/build artifact,unclassified/non-code,975555,302966c9165f1c1fbc28f2e6c92512b81c6eae0ab2b68c82d96bcaca2f67a1a4,,Compiled/KR/release_gm/XGamebase/bmpfiles.sbr;Compiled/TH/release_gm/XGamebase/bmpfiles.sbr,0,
Compiled/KR/release/XGamebase/bmputils.obj,generated/build artifact,unclassified/non-code,19174,802adc0e415fb4bbb356ceaefc1ab9663483c9a7eb449072d81706e0d39b0c22,,Compiled/KR/release_gm/XGamebase/bmputils.obj;Compiled/TH/release_gm/XGamebase/bmputils.obj,0,
Compiled/KR/release/XGamebase/bmputils.sbr,generated/build artifact,unclassified/non-code,961034,fa83d8ba0fba5504c3ac45dd26e75876a301898e1f2d28442925e1d620edd2c2,,Compiled/KR/release_gm/XGamebase/bmputils.sbr;Compiled/TH/release_gm/XGamebase/bmputils.sbr,0,
Compiled/KR/release/XGamebase/bmpvtbl.obj,generated/build artifact,unclassified/non-code,18138,fad867db260234f7ab74a9efa2788af29f034a935083dc8af8a721fed68c4901,,Compiled/KR/release_gm/XGamebase/bmpvtbl.obj;Compiled/TH/release_gm/XGamebase/bmpvtbl.obj,0,
Compiled/KR/release/XGamebase/bmpvtbl.sbr,generated/build artifact,unclassified/non-code,959513,fbf2fde678aa17425bc6b824c3c2985d04d74335b7b4b5d63ae4130f4a45f952,,Compiled/KR/release_gm/XGamebase/bmpvtbl.sbr;Compiled/TH/release_gm/XGamebase/bmpvtbl.sbr,0,
Compiled/KR/release/XGamebase/colorpal.obj,generated/build artifact,unclassified/non-code,53988,a9444c8cc6d8311d59c8f7a4dee37bfd5655ac2a16fe0cbdc892a5f4375c6a1e,,Compiled/KR/release_gm/XGamebase/colorpal.obj;Compiled/TH/release_gm/XGamebase/colorpal.obj,0,
Compiled/KR/release/XGamebase/colorpal.sbr,generated/build artifact,unclassified/non-code,990762,696f849e8c486decde45e90f1585e7eaf529b598a7a8cd113058a8c01f2b7a06,,Compiled/KR/release_gm/XGamebase/colorpal.sbr;Compiled/TH/release_gm/XGamebase/colorpal.sbr,0,
Compiled/KR/release/XGamebase/compress.obj,generated/build artifact,unclassified/non-code,2552,64ee73554b8205089be7d9b481df3b3a42243ed308408df928ae96ce0ce62c5a,,Compiled/KR/release_gm/XGamebase/compress.obj;Compiled/TH/release_gm/XGamebase/compress.obj,0,
Compiled/KR/release/XGamebase/compress.sbr,generated/build artifact,unclassified/non-code,3734,265d487d5e5b327d412185df133476278dc1459497df727e0e331e6d17a74d08,,Compiled/KR/release_gm/XGamebase/compress.sbr;Compiled/TH/release_gm/XGamebase/compress.sbr,0,
Compiled/KR/release/XGamebase/crc32.obj,generated/build artifact,unclassified/non-code,3439,b36943de61e8737e2f381ffd6c01588a21c75ef944038b38babebbe10dbd0da7,,Compiled/KR/release_gm/XGamebase/crc32.obj;Compiled/TH/release_gm/XGamebase/crc32.obj,0,
Compiled/KR/release/XGamebase/crc32.sbr,generated/build artifact,unclassified/non-code,3712,e8ab207bd3cc07c550d1cdc302461c248f61a1cf3011067beb4c23958bef6865,,Compiled/KR/release_gm/XGamebase/crc32.sbr;Compiled/TH/release_gm/XGamebase/crc32.sbr,0,
Compiled/KR/release/XGamebase/deflate.obj,generated/build artifact,unclassified/non-code,20061,6f78a73f47a42d6849ede06153be9248961675a0ab6791d8e45acadd805e4939,,Compiled/KR/release_gm/XGamebase/deflate.obj;Compiled/TH/release_gm/XGamebase/deflate.obj,0,
Compiled/KR/release/XGamebase/deflate.sbr,generated/build artifact,unclassified/non-code,21541,ee950494451851b1450a3a5536e4b2af81f8a2997ab8ee35380e7ba29637be94,,Compiled/KR/release_gm/XGamebase/deflate.sbr;Compiled/TH/release_gm/XGamebase/deflate.sbr,0,
Compiled/KR/release/XGamebase/gif.obj,generated/build artifact,unclassified/non-code,29353,eae3054dbfd0202436a62d94acb0e15d872ff02cfc43a50be36de58b8fc80eec,,Compiled/KR/release_gm/XGamebase/gif.obj;Compiled/TH/release_gm/XGamebase/gif.obj,0,
Compiled/KR/release/XGamebase/gif.sbr,generated/build artifact,unclassified/non-code,977866,3286c048bc0f88969b7c518b1c577713b57c2321cd228632e6999716135c72bd,,Compiled/KR/release_gm/XGamebase/gif.sbr;Compiled/TH/release_gm/XGamebase/gif.sbr,0,
Compiled/KR/release/XGamebase/gzio.obj,generated/build artifact,unclassified/non-code,21306,b8360b0c5dae3896257b468f0ad543cacd8fde50ea8e986e40c2338ff6c37481,,Compiled/KR/release_gm/XGamebase/gzio.obj;Compiled/TH/release_gm/XGamebase/gzio.obj,0,
Compiled/KR/release/XGamebase/gzio.sbr,generated/build artifact,unclassified/non-code,20310,f7b50791114135cc46d0cbaeb6ac2e915065cd6918e82c570dad5298e9b29dc9,,Compiled/KR/release_gm/XGamebase/gzio.sbr;Compiled/TH/release_gm/XGamebase/gzio.sbr,0,
Compiled/KR/release/XGamebase/infblock.obj,generated/build artifact,unclassified/non-code,12090,55de4a209ed7fe45dcdd85888f7bca8b15f6dc04bf1bd5b1fdbc7161688abac2,,Compiled/KR/release_gm/XGamebase/infblock.obj;Compiled/TH/release_gm/XGamebase/infblock.obj,0,
Compiled/KR/release/XGamebase/infblock.sbr,generated/build artifact,unclassified/non-code,17536,60b2e980d255b68b79fa5926b18387080b27029774290a71f094696119accf63,,Compiled/KR/release_gm/XGamebase/infblock.sbr;Compiled/TH/release_gm/XGamebase/infblock.sbr,0,
Compiled/KR/release/XGamebase/infcodes.obj,generated/build artifact,unclassified/non-code,6905,4af8e6bb933db808a038da2adf4344f2637a79ab48f9285a6e7ccb2518ae9bd5,,Compiled/KR/release_gm/XGamebase/infcodes.obj;Compiled/TH/release_gm/XGamebase/infcodes.obj,0,
Compiled/KR/release/XGamebase/infcodes.sbr,generated/build artifact,unclassified/non-code,16162,760ecdaf73d121dd48a3e96ecb9f6db93ddc66ea41ddf60f272659f187c581ce,,Compiled/KR/release_gm/XGamebase/infcodes.sbr;Compiled/TH/release_gm/XGamebase/infcodes.sbr,0,
Compiled/KR/release/XGamebase/inffast.obj,generated/build artifact,unclassified/non-code,3503,3d15c89eb64fb5a5e1b47d957e47055b92f6b1fc1be3bb21ad053cecf5c4b7d6,,Compiled/KR/release_gm/XGamebase/inffast.obj;Compiled/TH/release_gm/XGamebase/inffast.obj,0,
Compiled/KR/release/XGamebase/inffast.sbr,generated/build artifact,unclassified/non-code,14132,9a3efe885e50126748467cc7ad4cafa25c96d0d46ef5cde4e20af49bd912f443,,Compiled/KR/release_gm/XGamebase/inffast.sbr;Compiled/TH/release_gm/XGamebase/inffast.sbr,0,
Compiled/KR/release/XGamebase/inflate.obj,generated/build artifact,unclassified/non-code,10630,e28b1704bb916522688a00088cceabea57b069ef64da0f51eee2a9c27dd624ea,,Compiled/KR/release_gm/XGamebase/inflate.obj;Compiled/TH/release_gm/XGamebase/inflate.obj,0,
Compiled/KR/release/XGamebase/inflate.sbr,generated/build artifact,unclassified/non-code,13719,358853b1e3ceacc1b3350e27911dc4e0e6fc7dcd8715459fb805b30d89ad1b70,,Compiled/KR/release_gm/XGamebase/inflate.sbr;Compiled/TH/release_gm/XGamebase/inflate.sbr,0,
Compiled/KR/release/XGamebase/inftrees.obj,generated/build artifact,unclassified/non-code,13318,f19d7c16e18f7290601f136c64d6e79e4e037f654896bcbcd5c0a6134bec8b49,,Compiled/KR/release_gm/XGamebase/inftrees.obj;Compiled/TH/release_gm/XGamebase/inftrees.obj,0,
Compiled/KR/release/XGamebase/inftrees.sbr,generated/build artifact,unclassified/non-code,13791,2b4d5a1041d5116ace52434c5e92134b8e8cfcd2bc08870eaa8eac44215778e7,,Compiled/KR/release_gm/XGamebase/inftrees.sbr;Compiled/TH/release_gm/XGamebase/inftrees.sbr,0,
Compiled/KR/release/XGamebase/infutil.obj,generated/build artifact,unclassified/non-code,2361,8ee78c2286d1762be24a814474d4130273ddafce184a7777b880be945a29ab54,,Compiled/KR/release_gm/XGamebase/infutil.obj;Compiled/TH/release_gm/XGamebase/infutil.obj,0,
Compiled/KR/release/XGamebase/infutil.sbr,generated/build artifact,unclassified/non-code,12879,f609aa26573fc991e226a4894434152e5ee772d8fb2a093c7ce762e8494e47fd,,Compiled/KR/release_gm/XGamebase/infutil.sbr;Compiled/TH/release_gm/XGamebase/infutil.sbr,0,
Compiled/KR/release/XGamebase/jcapimin.obj,generated/build artifact,unclassified/non-code,8321,efc24e1f2e29ff06015090d2f44cdf0e633737acec54492b29c3868cbe7f9da1,,Compiled/KR/release_gm/XGamebase/jcapimin.obj;Compiled/TH/release_gm/XGamebase/jcapimin.obj,0,
Compiled/KR/release/XGamebase/jcapimin.sbr,generated/build artifact,unclassified/non-code,31879,fd3f379e248dd5b7203ef5803d593310e45ad1cdf09b4f937a02cecb2afcf3c9,,Compiled/KR/release_gm/XGamebase/jcapimin.sbr;Compiled/TH/release_gm/XGamebase/jcapimin.sbr,0,
Compiled/KR/release/XGamebase/jcapistd.obj,generated/build artifact,unclassified/non-code,4636,dda4910444f6cc2bd3826fe062cffdbb14fdb699b80e8f3c1891707d4d0f1dca,,Compiled/KR/release_gm/XGamebase/jcapistd.obj;Compiled/TH/release_gm/XGamebase/jcapistd.obj,0,
Compiled/KR/release/XGamebase/jcapistd.sbr,generated/build artifact,unclassified/non-code,30967,f90560eb6ccbe5a41821c4d4752f68d6c718d26d8af33e5cc39ed2032bd8b56e,,Compiled/KR/release_gm/XGamebase/jcapistd.sbr;Compiled/TH/release_gm/XGamebase/jcapistd.sbr,0,
Compiled/KR/release/XGamebase/jccoefct.obj,generated/build artifact,unclassified/non-code,8933,d4e73aa0bdc9efeff39ae10554d943e9110eb0ff386945d5b098b93109128ecf,,Compiled/KR/release_gm/XGamebase/jccoefct.obj;Compiled/TH/release_gm/XGamebase/jccoefct.obj,0,
Compiled/KR/release/XGamebase/jccoefct.sbr,generated/build artifact,unclassified/non-code,33437,e318eb35686d3c67ae7bafbe38963b30788cfc506381c5bb746bbdc43349e975,,Compiled/KR/release_gm/XGamebase/jccoefct.sbr;Compiled/TH/release_gm/XGamebase/jccoefct.sbr,0,
Compiled/KR/release/XGamebase/jccolor.obj,generated/build artifact,unclassified/non-code,10300,98d0ca8f2feec320d3641ab69f235c9d63c21d355936b80792f8b9d8fad2a7c9,,Compiled/KR/release_gm/XGamebase/jccolor.obj;Compiled/TH/release_gm/XGamebase/jccolor.obj,0,
Compiled/KR/release/XGamebase/jccolor.sbr,generated/build artifact,unclassified/non-code,34105,9975e94356947e90d7fcb551661155be12e75cb259787afb2a2da48269829d34,,Compiled/KR/release_gm/XGamebase/jccolor.sbr;Compiled/TH/release_gm/XGamebase/jccolor.sbr,0,
Compiled/KR/release/XGamebase/jcdctmgr.obj,generated/build artifact,unclassified/non-code,7926,a0dfab5178ac14abdff3142007e686daf8492748bda779cc6a82b980e6f74935,,Compiled/KR/release_gm/XGamebase/jcdctmgr.obj;Compiled/TH/release_gm/XGamebase/jcdctmgr.obj,0,
Compiled/KR/release/XGamebase/jcdctmgr.sbr,generated/build artifact,unclassified/non-code,33653,87539cad42fe0a63d7501bbcb2f0e228fdd10d83e71b17ec098c924d3a2c970c,,Compiled/KR/release_gm/XGamebase/jcdctmgr.sbr;Compiled/TH/release_gm/XGamebase/jcdctmgr.sbr,0,
Compiled/KR/release/XGamebase/jchuff.obj,generated/build artifact,unclassified/non-code,15681,89b48efda605cc5d898f899a4350bdfdbc7ccb54df69e8d126df876301222607,,Compiled/KR/release_gm/XGamebase/jchuff.obj;Compiled/TH/release_gm/XGamebase/jchuff.obj,0,
Compiled/KR/release/XGamebase/jchuff.sbr,generated/build artifact,unclassified/non-code,36243,efb8b066ccd97775c8196f5c06f5ad44b34f3c68703819b0d5ea7f262b738888,,Compiled/KR/release_gm/XGamebase/jchuff.sbr;Compiled/TH/release_gm/XGamebase/jchuff.sbr,0,
Compiled/KR/release/XGamebase/jcinit.obj,generated/build artifact,unclassified/non-code,3393,97cf62b84b40dcfc6e3d69667d5e5e53dac4d1b4b2e5b82de3f2be2d2535df67,,Compiled/KR/release_gm/XGamebase/jcinit.obj;Compiled/TH/release_gm/XGamebase/jcinit.obj,0,
Compiled/KR/release/XGamebase/jcinit.sbr,generated/build artifact,unclassified/non-code,30349,8f146e5c0e1b472b48a626390b3873c2579f9d17deeb048d0a06a5f5236d41c2,,Compiled/KR/release_gm/XGamebase/jcinit.sbr;Compiled/TH/release_gm/XGamebase/jcinit.sbr,0,
Compiled/KR/release/XGamebase/jcmainct.obj,generated/build artifact,unclassified/non-code,4372,3ee683432a6c864863f5e41cf0c9d57f515054db2c0c9b048390a4238bb0c3ca,,Compiled/KR/release_gm/XGamebase/jcmainct.obj;Compiled/TH/release_gm/XGamebase/jcmainct.obj,0,
Compiled/KR/release/XGamebase/jcmainct.sbr,generated/build artifact,unclassified/non-code,31062,5832fd060a03c6c1ac9563430c707d1efab64a20bca19b2f8db6a7bd3a317e1f,,Compiled/KR/release_gm/XGamebase/jcmainct.sbr;Compiled/TH/release_gm/XGamebase/jcmainct.sbr,0,
Compiled/KR/release/XGamebase/jcmarker.obj,generated/build artifact,unclassified/non-code,16198,2688e1cbf0169e49fa353f3fbb76caa7aca8cf4de472eb508374b603a7523165,,Compiled/KR/release_gm/XGamebase/jcmarker.obj;Compiled/TH/release_gm/XGamebase/jcmarker.obj,0,
Compiled/KR/release/XGamebase/jcmarker.sbr,generated/build artifact,unclassified/non-code,34610,6f102a751ecbea4625825e62d4adf045f30e89210bc5dc1e207ab39d87c7ed91,,Compiled/KR/release_gm/XGamebase/jcmarker.sbr;Compiled/TH/release_gm/XGamebase/jcmarker.sbr,0,
Compiled/KR/release/XGamebase/jcmaster.obj,generated/build artifact,unclassified/non-code,10766,996dc2228483f0ca493b2a222ecc0abf0a3ea36690178415436c5afa89974d9e,,Compiled/KR/release_gm/XGamebase/jcmaster.obj;Compiled/TH/release_gm/XGamebase/jcmaster.obj,0,
Compiled/KR/release/XGamebase/jcmaster.sbr,generated/build artifact,unclassified/non-code,34168,a88c2d3c1deb3273afac500b52b598d7031f290bc6babe7262585ccf3d85108c,,Compiled/KR/release_gm/XGamebase/jcmaster.sbr;Compiled/TH/release_gm/XGamebase/jcmaster.sbr,0,
Compiled/KR/release/XGamebase/jcomapi.obj,generated/build artifact,unclassified/non-code,3985,0b6e6e34d6fdd74b08eac98510b07420fc69652bb92c713a72a9acf2726c8fb2,,Compiled/KR/release_gm/XGamebase/jcomapi.obj;Compiled/TH/release_gm/XGamebase/jcomapi.obj;XLauncher/Release/jcomapi.obj,0,
Compiled/KR/release/XGamebase/jcomapi.sbr,generated/build artifact,unclassified/non-code,30594,2c3f4e897ec46d368d1164c82254b3462a1f165cc1a4ef17d787f53c8e90d275,,Compiled/KR/release_gm/XGamebase/jcomapi.sbr;Compiled/TH/release_gm/XGamebase/jcomapi.sbr;XLauncher/Release/jcomapi.sbr,0,
Compiled/KR/release/XGamebase/jcparam.obj,generated/build artifact,unclassified/non-code,16143,3cdd241b3101c909bd8f82911c4ca3062a382d04647b6d1e0f4cefe17d458b7e,,Compiled/KR/release_gm/XGamebase/jcparam.obj;Compiled/TH/release_gm/XGamebase/jcparam.obj,0,
Compiled/KR/release/XGamebase/jcparam.sbr,generated/build artifact,unclassified/non-code,34240,ffd2d658788ed49ce011c6ff700a34e3b9120b64eeba02ed23a55c05c9a7db70,,Compiled/KR/release_gm/XGamebase/jcparam.sbr;Compiled/TH/release_gm/XGamebase/jcparam.sbr,0,
Compiled/KR/release/XGamebase/jcphuff.obj,generated/build artifact,unclassified/non-code,15686,c65499adfd004c511c52d294672f633070698731bd1c23387057e0b6f2f0e6f2,,Compiled/KR/release_gm/XGamebase/jcphuff.obj;Compiled/TH/release_gm/XGamebase/jcphuff.obj,0,
Compiled/KR/release/XGamebase/jcphuff.sbr,generated/build artifact,unclassified/non-code,35589,39faadf4887e880aed7730ef934f3fc2ef89c7c6dd2be3ca8af4df986743c1d8,,Compiled/KR/release_gm/XGamebase/jcphuff.sbr;Compiled/TH/release_gm/XGamebase/jcphuff.sbr,0,
Compiled/KR/release/XGamebase/jcprepct.obj,generated/build artifact,unclassified/non-code,7784,77f5dd9a156b0695808c99dbf9a7e6bff3be858493e1b5bd03cb4e59c1096c37,,Compiled/KR/release_gm/XGamebase/jcprepct.obj;Compiled/TH/release_gm/XGamebase/jcprepct.obj,0,
Compiled/KR/release/XGamebase/jcprepct.sbr,generated/build artifact,unclassified/non-code,32671,caf271e24a76aea422d6b7123195bfeb6a79e97c128fec2531a286e3ba120919,,Compiled/KR/release_gm/XGamebase/jcprepct.sbr;Compiled/TH/release_gm/XGamebase/jcprepct.sbr,0,
Compiled/KR/release/XGamebase/jcsample.obj,generated/build artifact,unclassified/non-code,11704,15656e9fc60f31e23bfb09ba2ca7027ce6ea7ce423d062fca9c111fd24d6fcda,,Compiled/KR/release_gm/XGamebase/jcsample.obj;Compiled/TH/release_gm/XGamebase/jcsample.obj,0,
Compiled/KR/release/XGamebase/jcsample.sbr,generated/build artifact,unclassified/non-code,34762,a0c018e7b756d77ccdb8c20314546734a6c6e81cf3c33333a0bfc67ad7f05db0,,Compiled/KR/release_gm/XGamebase/jcsample.sbr;Compiled/TH/release_gm/XGamebase/jcsample.sbr,0,
Compiled/KR/release/XGamebase/jctrans.obj,generated/build artifact,unclassified/non-code,9017,07ba55f89d588edcb17642c701b6737222ffffb3c4401426382a3bd891ebc2f7,,Compiled/KR/release_gm/XGamebase/jctrans.obj;Compiled/TH/release_gm/XGamebase/jctrans.obj,0,
Compiled/KR/release/XGamebase/jctrans.sbr,generated/build artifact,unclassified/non-code,32841,4292750797752702917d35cccd6ee4f3a0cc5b61aeaf8463d28cfb548008d571,,Compiled/KR/release_gm/XGamebase/jctrans.sbr;Compiled/TH/release_gm/XGamebase/jctrans.sbr,0,
Compiled/KR/release/XGamebase/jdapimin.obj,generated/build artifact,unclassified/non-code,9175,a885cccf08d163920b11298ae77b5a0f6328d900493279d4354a1ca869328446,,Compiled/KR/release_gm/XGamebase/jdapimin.obj;Compiled/TH/release_gm/XGamebase/jdapimin.obj;XLauncher/Release/jdapimin.obj,0,
Compiled/KR/release/XGamebase/jdapimin.sbr,generated/build artifact,unclassified/non-code,32284,5621b8cbbfdf2eb116f99b11c53fac6e6678cd784df2301d141bbe26f354dd2b,,Compiled/KR/release_gm/XGamebase/jdapimin.sbr;Compiled/TH/release_gm/XGamebase/jdapimin.sbr;XLauncher/Release/jdapimin.sbr,0,
Compiled/KR/release/XGamebase/jdapistd.obj,generated/build artifact,unclassified/non-code,6646,636701a26338bd18d7b87076128c03f0581b70e18cab4cd2a8096a5a7065eef8,,Compiled/KR/release_gm/XGamebase/jdapistd.obj;Compiled/TH/release_gm/XGamebase/jdapistd.obj;XLauncher/Release/jdapistd.obj,0,
Compiled/KR/release/XGamebase/jdapistd.sbr,generated/build artifact,unclassified/non-code,31684,9e8e7c4a080ee37b68298fff681e4c50b9756add006cbca1a13046dd9c5de7d2,,Compiled/KR/release_gm/XGamebase/jdapistd.sbr;Compiled/TH/release_gm/XGamebase/jdapistd.sbr;XLauncher/Release/jdapistd.sbr,0,
Compiled/KR/release/XGamebase/jdatadst.obj,generated/build artifact,unclassified/non-code,4139,b92a1da917ecaf19d1824f196154d02d174f456a50cbbf195ae9b302a85c1e6b,,Compiled/KR/release_gm/XGamebase/jdatadst.obj;Compiled/TH/release_gm/XGamebase/jdatadst.obj,0,
Compiled/KR/release/XGamebase/jdatadst.sbr,generated/build artifact,unclassified/non-code,25521,c768f0788e9ff51971108183f1e8cfdc08675812262ca283ee13d88574e8ec1f,,Compiled/KR/release_gm/XGamebase/jdatadst.sbr;Compiled/TH/release_gm/XGamebase/jdatadst.sbr,0,
Compiled/KR/release/XGamebase/jdatasrc.obj,generated/build artifact,unclassified/non-code,4631,026f02b525962100adb47d08f524cb45376f007a60b3b594af30b602dd170a69,,Compiled/KR/release_gm/XGamebase/jdatasrc.obj;Compiled/TH/release_gm/XGamebase/jdatasrc.obj,0,
Compiled/KR/release/XGamebase/jdatasrc.sbr,generated/build artifact,unclassified/non-code,25626,9a3b80cc0efe6749bc7601b16daaa1c5a810352e002bb3cba3cb6f2ce01c3a25,,Compiled/KR/release_gm/XGamebase/jdatasrc.sbr;Compiled/TH/release_gm/XGamebase/jdatasrc.sbr,0,
Compiled/KR/release/XGamebase/jdcoefct.obj,generated/build artifact,unclassified/non-code,13852,7fb54a5a47d4bdae45bf9372e33b0c61a8a55ff99eeeec6cb207c86c04bbb501,,Compiled/KR/release_gm/XGamebase/jdcoefct.obj;Compiled/TH/release_gm/XGamebase/jdcoefct.obj;XLauncher/Release/jdcoefct.obj,0,
Compiled/KR/release/XGamebase/jdcoefct.sbr,generated/build artifact,unclassified/non-code,36056,83dc0fe30d59c85ed72a9449344cf857569b00599419d0d956b5998c0a8d30b3,,Compiled/KR/release_gm/XGamebase/jdcoefct.sbr;Compiled/TH/release_gm/XGamebase/jdcoefct.sbr;XLauncher/Release/jdcoefct.sbr,0,
Compiled/KR/release/XGamebase/jdcolor.obj,generated/build artifact,unclassified/non-code,9348,9399e2d598c4531ae77e8984abd7b5b34cffeb983a4c0d66f2f0f9cb85417809,,Compiled/KR/release_gm/XGamebase/jdcolor.obj;Compiled/TH/release_gm/XGamebase/jdcolor.obj;XLauncher/Release/jdcolor.obj,0,
Compiled/KR/release/XGamebase/jdcolor.sbr,generated/build artifact,unclassified/non-code,33452,68fb7c3d60818f4353b122535a928fe74a6a8c991aaceb51be3451aa328a8d33,,Compiled/KR/release_gm/XGamebase/jdcolor.sbr;Compiled/TH/release_gm/XGamebase/jdcolor.sbr;XLauncher/Release/jdcolor.sbr,0,
Compiled/KR/release/XGamebase/jddctmgr.obj,generated/build artifact,unclassified/non-code,5199,5ed3d6cf8147c39c7e147f6acef51bc8c08ea5c8f2427efb3f4b7b8a7da667a9,,Compiled/KR/release_gm/XGamebase/jddctmgr.obj;Compiled/TH/release_gm/XGamebase/jddctmgr.obj;XLauncher/Release/jddctmgr.obj,0,
Compiled/KR/release/XGamebase/jddctmgr.sbr,generated/build artifact,unclassified/non-code,32249,1b9e02b36ca2fddf70b9d567117acbe206426e9020daf98b6e2cf952afdcc597,,Compiled/KR/release_gm/XGamebase/jddctmgr.sbr;Compiled/TH/release_gm/XGamebase/jddctmgr.sbr;XLauncher/Release/jddctmgr.sbr,0,
Compiled/KR/release/XGamebase/jdhuff.obj,generated/build artifact,unclassified/non-code,11065,171e8b3b9a07f872506e1aa560848dbc069f666930a8d3e808330c00f0362b41,,Compiled/KR/release_gm/XGamebase/jdhuff.obj;Compiled/TH/release_gm/XGamebase/jdhuff.obj;XLauncher/Release/jdhuff.obj,0,
Compiled/KR/release/XGamebase/jdhuff.sbr,generated/build artifact,unclassified/non-code,35198,f44ec91719d5213df597313081ef846540c73dafa819b76da86e38dfee2c52b9,,Compiled/KR/release_gm/XGamebase/jdhuff.sbr;Compiled/TH/release_gm/XGamebase/jdhuff.sbr;XLauncher/Release/jdhuff.sbr,0,
Compiled/KR/release/XGamebase/jdinput.obj,generated/build artifact,unclassified/non-code,8280,c6ad4ca411d0b9dff2d730df58884d4276bd01d5e132889f582b0c5246a63148,,Compiled/KR/release_gm/XGamebase/jdinput.obj;Compiled/TH/release_gm/XGamebase/jdinput.obj;XLauncher/Release/jdinput.obj,0,
Compiled/KR/release/XGamebase/jdinput.sbr,generated/build artifact,unclassified/non-code,32431,585947f39371e42b17107f3e754e9bfa91da29d1fb8d398e4da05780a15575cb,,Compiled/KR/release_gm/XGamebase/jdinput.sbr;Compiled/TH/release_gm/XGamebase/jdinput.sbr;XLauncher/Release/jdinput.sbr,0,
Compiled/KR/release/XGamebase/jdmainct.obj,generated/build artifact,unclassified/non-code,9421,56aeaac69b2ea089797b6e04f66cc9f866340c0b8f55cf5eb26b2583dc9a04b0,,Compiled/KR/release_gm/XGamebase/jdmainct.obj;Compiled/TH/release_gm/XGamebase/jdmainct.obj;XLauncher/Release/jdmainct.obj,0,
Compiled/KR/release/XGamebase/jdmainct.sbr,generated/build artifact,unclassified/non-code,33484,a6fd322e20c4448d0d1c071f74a4d63201fbb7b6a133c6553994133318dc734a,,Compiled/KR/release_gm/XGamebase/jdmainct.sbr;Compiled/TH/release_gm/XGamebase/jdmainct.sbr;XLauncher/Release/jdmainct.sbr,0,
Compiled/KR/release/XGamebase/jdmarker.obj,generated/build artifact,unclassified/non-code,24779,ef4264b06b9bf21a872f87e3ab641a03c30193de303f756dc815e2a7f07b00dc,,Compiled/KR/release_gm/XGamebase/jdmarker.obj;Compiled/TH/release_gm/XGamebase/jdmarker.obj;XLauncher/Release/jdmarker.obj,0,
Compiled/KR/release/XGamebase/jdmarker.sbr,generated/build artifact,unclassified/non-code,42326,a2d76efb568e147b77c0cef2f4a4bb46cd902c50e1b431671f12a7c06138ae18,,Compiled/KR/release_gm/XGamebase/jdmarker.sbr;Compiled/TH/release_gm/XGamebase/jdmarker.sbr;XLauncher/Release/jdmarker.sbr,0,
Compiled/KR/release/XGamebase/jdmaster.obj,generated/build artifact,unclassified/non-code,9816,2d42825e4970db3428efeae8e8e885925c6169c9223321f9e43d9cf2a7e4b2e8,,Compiled/KR/release_gm/XGamebase/jdmaster.obj;Compiled/TH/release_gm/XGamebase/jdmaster.obj;XLauncher/Release/jdmaster.obj,0,
Compiled/KR/release/XGamebase/jdmaster.sbr,generated/build artifact,unclassified/non-code,32979,277125e923a91752803cd7b75c81b57b508ca4bd526ec27b527e0942b675c0d0,,Compiled/KR/release_gm/XGamebase/jdmaster.sbr;Compiled/TH/release_gm/XGamebase/jdmaster.sbr;XLauncher/Release/jdmaster.sbr,0,
Compiled/KR/release/XGamebase/jdmerge.obj,generated/build artifact,unclassified/non-code,8486,31f2fdc0d4a54e508adc5f15a4005a0d906a5c163fce431683b3db1faf289491,,Compiled/KR/release_gm/XGamebase/jdmerge.obj;Compiled/TH/release_gm/XGamebase/jdmerge.obj,0,
Compiled/KR/release/XGamebase/jdmerge.sbr,generated/build artifact,unclassified/non-code,33806,95812a5a75d25e5f882766f8cde27bae355b4540b991cf359d220a0d08b37c7d,,Compiled/KR/release_gm/XGamebase/jdmerge.sbr;Compiled/TH/release_gm/XGamebase/jdmerge.sbr,0,
Compiled/KR/release/XGamebase/jdphuff.obj,generated/build artifact,unclassified/non-code,12209,d5c751e1874bea6fc92555d7054849f91f83d04e3fe11b81c0ec07e971932c60,,Compiled/KR/release_gm/XGamebase/jdphuff.obj;Compiled/TH/release_gm/XGamebase/jdphuff.obj,0,
Compiled/KR/release/XGamebase/jdphuff.sbr,generated/build artifact,unclassified/non-code,35891,b8c7c302db119921dbaf2c24b19626f67220a659c86aa3bbbccb526275b03c98,,Compiled/KR/release_gm/XGamebase/jdphuff.sbr;Compiled/TH/release_gm/XGamebase/jdphuff.sbr,0,
Compiled/KR/release/XGamebase/jdpostct.obj,generated/build artifact,unclassified/non-code,6266,20837f7e655608aa93b69fd0820e4d0ca3304966ac5a920d83d95c52eafcab90,,Compiled/KR/release_gm/XGamebase/jdpostct.obj;Compiled/TH/release_gm/XGamebase/jdpostct.obj;XLauncher/Release/jdpostct.obj,0,
Compiled/KR/release/XGamebase/jdpostct.sbr,generated/build artifact,unclassified/non-code,32273,db2ac933408d2e80d08a7d8e1bef0e47079572264c8ceb393040090278c8e7ef,,Compiled/KR/release_gm/XGamebase/jdpostct.sbr;Compiled/TH/release_gm/XGamebase/jdpostct.sbr;XLauncher/Release/jdpostct.sbr,0,
Compiled/KR/release/XGamebase/jdsample.obj,generated/build artifact,unclassified/non-code,10736,b65781fcb92a30e8418cbcbd8593b3ef29cc7af8dfe915151e4a6076d9534fe6,,Compiled/KR/release_gm/XGamebase/jdsample.obj;Compiled/TH/release_gm/XGamebase/jdsample.obj;XLauncher/Release/jdsample.obj,0,
Compiled/KR/release/XGamebase/jdsample.sbr,generated/build artifact,unclassified/non-code,34118,25f10e00285c98d1f8e5d1500c3ad1956508dbcc06ce8b41b0ccd1a7403d5cd3,,Compiled/KR/release_gm/XGamebase/jdsample.sbr;Compiled/TH/release_gm/XGamebase/jdsample.sbr;XLauncher/Release/jdsample.sbr,0,
Compiled/KR/release/XGamebase/jdtrans.obj,generated/build artifact,unclassified/non-code,3617,4a0c4de3459bdc4b74ba96f2d3e16646789d08f4acb440aaf7405a888ceaf1d4,,Compiled/KR/release_gm/XGamebase/jdtrans.obj;Compiled/TH/release_gm/XGamebase/jdtrans.obj,0,
Compiled/KR/release/XGamebase/jdtrans.sbr,generated/build artifact,unclassified/non-code,30722,68d384ad09d7c980d4507e1ad5eec0d32e72de6067b45cbade37e61129a3a605,,Compiled/KR/release_gm/XGamebase/jdtrans.sbr;Compiled/TH/release_gm/XGamebase/jdtrans.sbr,0,
Compiled/KR/release/XGamebase/jerror.obj,generated/build artifact,unclassified/non-code,30450,9cd9512deb33f2d976bce85e971d107945ede6061aceb58c6ac7c3fb1aefebf4,,Compiled/KR/release_gm/XGamebase/jerror.obj;Compiled/TH/release_gm/XGamebase/jerror.obj,0,
Compiled/KR/release/XGamebase/jerror.sbr,generated/build artifact,unclassified/non-code,26635,ab43b36d97e4347a649e5475e84ffa59c01497447f0107f382f2308839b96c08,,Compiled/KR/release_gm/XGamebase/jerror.sbr;Compiled/TH/release_gm/XGamebase/jerror.sbr,0,
Compiled/KR/release/XGamebase/jfdctflt.obj,generated/build artifact,unclassified/non-code,4058,c0ee2daecadb68386fafd4b624f304e68dca1990e003cc4eb5fde7ad3ffeb15f,,Compiled/KR/release_gm/XGamebase/jfdctflt.obj;Compiled/TH/release_gm/XGamebase/jfdctflt.obj,0,
Compiled/KR/release/XGamebase/jfdctflt.sbr,generated/build artifact,unclassified/non-code,32123,cebcea5e21fe7f8c96717fb848acce8b7aa202c4c7df7ae529f55ac136fca64f,,Compiled/KR/release_gm/XGamebase/jfdctflt.sbr;Compiled/TH/release_gm/XGamebase/jfdctflt.sbr,0,
Compiled/KR/release/XGamebase/jfdctfst.obj,generated/build artifact,unclassified/non-code,3290,e30ee6c2d8ebf6b818adf99c096d6df8274789bedd848474546b2dd85b31246d,,Compiled/KR/release_gm/XGamebase/jfdctfst.obj;Compiled/TH/release_gm/XGamebase/jfdctfst.obj,0,
Compiled/KR/release/XGamebase/jfdctfst.sbr,generated/build artifact,unclassified/non-code,32476,81732f359f64f18b443cf175764cd3bf9d1141a309314187970848e32f0ab9a7,,Compiled/KR/release_gm/XGamebase/jfdctfst.sbr;Compiled/TH/release_gm/XGamebase/jfdctfst.sbr,0,
Compiled/KR/release/XGamebase/jfdctint.obj,generated/build artifact,unclassified/non-code,3752,812998bf1308fe84b909fd0b4a84706e01893fa7d43d47227fe1bb61c324c67e,,Compiled/KR/release_gm/XGamebase/jfdctint.obj;Compiled/TH/release_gm/XGamebase/jfdctint.obj;XLauncher/Release/jfdctint.obj,0,
Compiled/KR/release/XGamebase/jfdctint.sbr,generated/build artifact,unclassified/non-code,33181,ae218397deb9be48862607d6966c7677b4b2c995b6a86a03fe8b4d412a988267,,Compiled/KR/release_gm/XGamebase/jfdctint.sbr;Compiled/TH/release_gm/XGamebase/jfdctint.sbr;XLauncher/Release/jfdctint.sbr,0,
Compiled/KR/release/XGamebase/jidctflt.obj,generated/build artifact,unclassified/non-code,4958,7631f929122c1948513d7429e2ec9a803d420dbe8c2599d7b74c19c5387249a2,,Compiled/KR/release_gm/XGamebase/jidctflt.obj;Compiled/TH/release_gm/XGamebase/jidctflt.obj,0,
Compiled/KR/release/XGamebase/jidctflt.sbr,generated/build artifact,unclassified/non-code,32909,562038ef4ce94d9d2ded1795804e2521d93aed923d1000dca2bee5dc00c512fc,,Compiled/KR/release_gm/XGamebase/jidctflt.sbr;Compiled/TH/release_gm/XGamebase/jidctflt.sbr,0,
Compiled/KR/release/XGamebase/jidctfst.obj,generated/build artifact,unclassified/non-code,4417,e609c7d2f461b7917cb40c6b8057d3e216dbf55ab127b22bd1c844b29f241def,,Compiled/KR/release_gm/XGamebase/jidctfst.obj;Compiled/TH/release_gm/XGamebase/jidctfst.obj,0,
Compiled/KR/release/XGamebase/jidctfst.sbr,generated/build artifact,unclassified/non-code,33502,f468fcbd128c9728c032bdc0f903d69eff0ca1bf67ff802021252caaa19b0b36,,Compiled/KR/release_gm/XGamebase/jidctfst.sbr;Compiled/TH/release_gm/XGamebase/jidctfst.sbr,0,
Compiled/KR/release/XGamebase/jidctint.obj,generated/build artifact,unclassified/non-code,4691,1075f3337a9624085f31db4a6abb73a3d6503dee99ab9505590ff9d966f00501,,Compiled/KR/release_gm/XGamebase/jidctint.obj;Compiled/TH/release_gm/XGamebase/jidctint.obj;XLauncher/Release/jidctint.obj,0,
Compiled/KR/release/XGamebase/jidctint.sbr,generated/build artifact,unclassified/non-code,34064,2492a484c73c914284acde087ec667bfea6d67575e8fd36b3806ab9dc5eed240,,Compiled/KR/release_gm/XGamebase/jidctint.sbr;Compiled/TH/release_gm/XGamebase/jidctint.sbr;XLauncher/Release/jidctint.sbr,0,
Compiled/KR/release/XGamebase/jidctred.obj,generated/build artifact,unclassified/non-code,5667,73c6b4867f4d8faa4ef0916ce39f7580ca89082b5f2c5551cdda7814391bd1eb,,Compiled/KR/release_gm/XGamebase/jidctred.obj;Compiled/TH/release_gm/XGamebase/jidctred.obj,0,
Compiled/KR/release/XGamebase/jidctred.sbr,generated/build artifact,unclassified/non-code,34497,72f1e5cd2ae5e251a813fea455ef864c53675d606c95b706f7133370502a9cc8,,Compiled/KR/release_gm/XGamebase/jidctred.sbr;Compiled/TH/release_gm/XGamebase/jidctred.sbr,0,
Compiled/KR/release/XGamebase/jmemmgr.obj,generated/build artifact,unclassified/non-code,16718,9d4513df476fafcab0e1ba8b8c4e595e08d88a6a2fc00c711517855d0f1b9af4,,Compiled/KR/release_gm/XGamebase/jmemmgr.obj;Compiled/TH/release_gm/XGamebase/jmemmgr.obj;XLauncher/Release/jmemmgr.obj,0,
Compiled/KR/release/XGamebase/jmemmgr.sbr,generated/build artifact,unclassified/non-code,39200,c2f96125374c8254610d4b8a52847178248d0316305fbfc06721475489508581,,Compiled/KR/release_gm/XGamebase/jmemmgr.sbr;Compiled/TH/release_gm/XGamebase/jmemmgr.sbr;XLauncher/Release/jmemmgr.sbr,0,
Compiled/KR/release/XGamebase/jmemnobs.obj,generated/build artifact,unclassified/non-code,6355,014d8cdcf56b5cf8a4853449a2b48fb897361dfd673f7d6fd58d1705c62c2fe1,,Compiled/KR/release_gm/XGamebase/jmemnobs.obj;Compiled/TH/release_gm/XGamebase/jmemnobs.obj;XLauncher/Release/jmemnobs.obj,0,
Compiled/KR/release/XGamebase/jmemnobs.sbr,generated/build artifact,unclassified/non-code,31566,5a921f178e0082bd8ccfadb45da66617185ddedaf5350e5f36bbbdedbf4a6a18,,Compiled/KR/release_gm/XGamebase/jmemnobs.sbr;Compiled/TH/release_gm/XGamebase/jmemnobs.sbr;XLauncher/Release/jmemnobs.sbr,0,
Compiled/KR/release/XGamebase/jpg.obj,generated/build artifact,unclassified/non-code,21346,1107f776cb53e034874bb98526ab7fd0ab7462262c6a76699b1d5fbdeb384a29,,Compiled/KR/release_gm/XGamebase/jpg.obj;Compiled/TH/release_gm/XGamebase/jpg.obj,0,
Compiled/KR/release/XGamebase/jpg.sbr,generated/build artifact,unclassified/non-code,975441,660bb7444d834e1a98e4c92097fc97318d97bacb2956a7435dfb96175c1db361,,Compiled/KR/release_gm/XGamebase/jpg.sbr;Compiled/TH/release_gm/XGamebase/jpg.sbr,0,
Compiled/KR/release/XGamebase/jquant1.obj,generated/build artifact,unclassified/non-code,17294,e19acbdcb29984a733d77f03f6688162628c5d305d781d1af48b7a519ed3d411,,Compiled/KR/release_gm/XGamebase/jquant1.obj;Compiled/TH/release_gm/XGamebase/jquant1.obj,0,
Compiled/KR/release/XGamebase/jquant1.sbr,generated/build artifact,unclassified/non-code,36820,3ea5c9a0aeb900970afe66f4ed1516319979ed48f825acade5cc11d27f4b4f8a,,Compiled/KR/release_gm/XGamebase/jquant1.sbr;Compiled/TH/release_gm/XGamebase/jquant1.sbr,0,
Compiled/KR/release/XGamebase/jquant2.obj,generated/build artifact,unclassified/non-code,21042,ea7c79db4b5292db4a7e626ba18928fffac95a93c8b8b6f854a9512d42a65951,,Compiled/KR/release_gm/XGamebase/jquant2.obj;Compiled/TH/release_gm/XGamebase/jquant2.obj,0,
Compiled/KR/release/XGamebase/jquant2.sbr,generated/build artifact,unclassified/non-code,41300,654a7119b1a466375c471e374381d00d4b7e66beec8763aa2aa46a7d784827a0,,Compiled/KR/release_gm/XGamebase/jquant2.sbr;Compiled/TH/release_gm/XGamebase/jquant2.sbr,0,
Compiled/KR/release/XGamebase/jutils.obj,generated/build artifact,unclassified/non-code,5182,978d7bb11739ca3453c38e78f5d21b3057e37febda64f123fe0e27f023f1c675,,Compiled/KR/release_gm/XGamebase/jutils.obj;Compiled/TH/release_gm/XGamebase/jutils.obj;XLauncher/Release/jutils.obj,0,
Compiled/KR/release/XGamebase/jutils.sbr,generated/build artifact,unclassified/non-code,30847,81c11089501f95e8ce82e3c115510fa94afcb40e23188dbfab4b73df9e20db8e,,Compiled/KR/release_gm/XGamebase/jutils.sbr;Compiled/TH/release_gm/XGamebase/jutils.sbr;XLauncher/Release/jutils.sbr,0,
Compiled/KR/release/XGamebase/libpng.obj,generated/build artifact,unclassified/non-code,22095,ecd38b09ba48a4f36a1b187723a7130e9253af1c0026611706aa0ae6dc2f2463,,Compiled/KR/release_gm/XGamebase/libpng.obj;Compiled/TH/release_gm/XGamebase/libpng.obj,0,
Compiled/KR/release/XGamebase/libpng.sbr,generated/build artifact,unclassified/non-code,55499,1808b2c81cccb7cc042d4da6d81c1881cfd02260cc6bfc49e5689a4828a8879d,,Compiled/KR/release_gm/XGamebase/libpng.sbr;Compiled/TH/release_gm/XGamebase/libpng.sbr,0,
Compiled/KR/release/XGamebase/pal.obj,generated/build artifact,unclassified/non-code,16344,d3c2bec564559ad92ff7f03d014a4ce95d7edc949ecc69ff0b3cca2ff9473ee6,,Compiled/KR/release_gm/XGamebase/pal.obj;Compiled/TH/release_gm/XGamebase/pal.obj,0,
Compiled/KR/release/XGamebase/pal.sbr,generated/build artifact,unclassified/non-code,973143,df400f27a2261d5270f1046020bebe1b6e1985be7a97863a99a6288b9266b741,,Compiled/KR/release_gm/XGamebase/pal.sbr;Compiled/TH/release_gm/XGamebase/pal.sbr,0,
Compiled/KR/release/XGamebase/pcx.obj,generated/build artifact,unclassified/non-code,19234,1beb7156e861e511d41c3415c42cd29b7cd0dcd923a48492e6b5e852ae0793ae,,Compiled/KR/release_gm/XGamebase/pcx.obj;Compiled/TH/release_gm/XGamebase/pcx.obj,0,
Compiled/KR/release/XGamebase/pcx.sbr,generated/build artifact,unclassified/non-code,974959,34c2ff43b34d37a2b83e34fcb3fa0017ba5f921397f333d6a447b34aa7e55179,,Compiled/KR/release_gm/XGamebase/pcx.sbr;Compiled/TH/release_gm/XGamebase/pcx.sbr,0,
Compiled/KR/release/XGamebase/png.obj,generated/build artifact,unclassified/non-code,18753,a79eb45fd6002226a8d4d17535d75a837a5370b899ef61a448006504322b2a86,,Compiled/KR/release_gm/XGamebase/png.obj;Compiled/TH/release_gm/XGamebase/png.obj,0,
Compiled/KR/release/XGamebase/png.sbr,generated/build artifact,unclassified/non-code,1005319,1e3b0279ab1d40b90e8f689b107083950327b1acb93a63077d0f59cb2f238213,,Compiled/KR/release_gm/XGamebase/png.sbr;Compiled/TH/release_gm/XGamebase/png.sbr,0,
Compiled/KR/release/XGamebase/pngerror.obj,generated/build artifact,unclassified/non-code,8583,2aa39451fdf42ef7f369b1215c96f49e5a66c7270a39b628beb11e97950a3cec,,Compiled/KR/release_gm/XGamebase/pngerror.obj;Compiled/TH/release_gm/XGamebase/pngerror.obj,0,
Compiled/KR/release/XGamebase/pngerror.sbr,generated/build artifact,unclassified/non-code,52382,97c79db42bd2a714c9668855748addb9a48779a75b14ea2a502ca99d684f7bf5,,Compiled/KR/release_gm/XGamebase/pngerror.sbr;Compiled/TH/release_gm/XGamebase/pngerror.sbr,0,
Compiled/KR/release/XGamebase/pnggccrd.obj,generated/build artifact,unclassified/non-code,2232,467699cd9a35156b32d45bcd73669106c35e20daba3331f13dd62c65cd494399,,Compiled/KR/release_gm/XGamebase/pnggccrd.obj;Compiled/TH/release_gm/XGamebase/pnggccrd.obj,0,
Compiled/KR/release/XGamebase/pnggccrd.sbr,generated/build artifact,unclassified/non-code,51127,d76aedf50dd3146c501b6d7d1faddbb0197cd1937cd48b4796af8d884cf32c17,,Compiled/KR/release_gm/XGamebase/pnggccrd.sbr;Compiled/TH/release_gm/XGamebase/pnggccrd.sbr,0,
Compiled/KR/release/XGamebase/pngget.obj,generated/build artifact,unclassified/non-code,30885,2b73e0f73d941f9725b703f1b92d7cbc3dd299845ecf19567d72998455c7279e,,Compiled/KR/release_gm/XGamebase/pngget.obj;Compiled/TH/release_gm/XGamebase/pngget.obj,0,
Compiled/KR/release/XGamebase/pngget.sbr,generated/build artifact,unclassified/non-code,58257,ccad9cd93efd8be8ec28ac4cbe73ac314f9e980c25d5a6b3bca8c2ca5ffd7a12,,Compiled/KR/release_gm/XGamebase/pngget.sbr;Compiled/TH/release_gm/XGamebase/pngget.sbr,0,
Compiled/KR/release/XGamebase/pngmem.obj,generated/build artifact,unclassified/non-code,6112,fbe02d693b87b2ff5e58c79712a114b8ed9df6c1a307284144e3172f830be129,,Compiled/KR/release_gm/XGamebase/pngmem.obj;Compiled/TH/release_gm/XGamebase/pngmem.obj,0,
Compiled/KR/release/XGamebase/pngmem.sbr,generated/build artifact,unclassified/non-code,51947,bb9591bd1b985fd376f24a0a5add51ebfe2b288ec47d1dbcbf5a6a8c0637f32c,,Compiled/KR/release_gm/XGamebase/pngmem.sbr;Compiled/TH/release_gm/XGamebase/pngmem.sbr,0,
Compiled/KR/release/XGamebase/pngpread.obj,generated/build artifact,unclassified/non-code,32517,600c041026b445a4f9937264894dece6fa70ac318f7491027a179bfff7a2a2c8,,Compiled/KR/release_gm/XGamebase/pngpread.obj;Compiled/TH/release_gm/XGamebase/pngpread.obj,0,
Compiled/KR/release/XGamebase/pngpread.sbr,generated/build artifact,unclassified/non-code,59299,46708593825cfeab24118216e11d0ff917c2146ef7e0a28e04027f04b18d22a5,,Compiled/KR/release_gm/XGamebase/pngpread.sbr;Compiled/TH/release_gm/XGamebase/pngpread.sbr,0,
Compiled/KR/release/XGamebase/pngread.obj,generated/build artifact,unclassified/non-code,28015,f7793579bce22cda4bbcf091d798d5134b9bdbc301f578cffd19939d6856f2f9,,Compiled/KR/release_gm/XGamebase/pngread.obj;Compiled/TH/release_gm/XGamebase/pngread.obj,0,
Compiled/KR/release/XGamebase/pngread.sbr,generated/build artifact,unclassified/non-code,57954,fd2752d38c02fbf04b1110a348b0cefbc9a0bb9bc048db60459ec939d359d088,,Compiled/KR/release_gm/XGamebase/pngread.sbr;Compiled/TH/release_gm/XGamebase/pngread.sbr,0,
Compiled/KR/release/XGamebase/pngrio.obj,generated/build artifact,unclassified/non-code,5076,5e046bd17a1c1fcce84f931e82ba9a2a5cbe91d81f2ee16bf4cb633915099820,,Compiled/KR/release_gm/XGamebase/pngrio.obj;Compiled/TH/release_gm/XGamebase/pngrio.obj,0,
Compiled/KR/release/XGamebase/pngrio.sbr,generated/build artifact,unclassified/non-code,51580,344a922eeef85d6d2317745309a2fb97fb2e0843c25fc6f66c5f5fd1c2eba88c,,Compiled/KR/release_gm/XGamebase/pngrio.sbr;Compiled/TH/release_gm/XGamebase/pngrio.sbr,0,
Compiled/KR/release/XGamebase/pngrtran.obj,generated/build artifact,unclassified/non-code,57561,cdffbd032a930f044d3807f4bd781f3e4a856c2af836c19759b77541a35c2653,,Compiled/KR/release_gm/XGamebase/pngrtran.obj;Compiled/TH/release_gm/XGamebase/pngrtran.obj,0,
Compiled/KR/release/XGamebase/pngrtran.sbr,generated/build artifact,unclassified/non-code,78809,c78b99827e6b6ca4b3db2daef5a9c7fa749c6ab812bc0501e2887e5149b5d7dd,,Compiled/KR/release_gm/XGamebase/pngrtran.sbr;Compiled/TH/release_gm/XGamebase/pngrtran.sbr,0,
Compiled/KR/release/XGamebase/pngrutil.obj,generated/build artifact,unclassified/non-code,68527,6c39bafd1fece4e730cb749f95cf4721b303cfe98f399a0f7da3c01418e7c115,,Compiled/KR/release_gm/XGamebase/pngrutil.obj;Compiled/TH/release_gm/XGamebase/pngrutil.obj,0,
Compiled/KR/release/XGamebase/pngrutil.sbr,generated/build artifact,unclassified/non-code,69541,cac9e5489d2a5d1707290322eea5f42d7a861cb949ae3c97f71e4d4ba9f446aa,,Compiled/KR/release_gm/XGamebase/pngrutil.sbr;Compiled/TH/release_gm/XGamebase/pngrutil.sbr,0,
Compiled/KR/release/XGamebase/pngset.obj,generated/build artifact,unclassified/non-code,25577,17bbc5cd1b87e60531d9e68b904f8b28851fd59599eadfa0322ea25a0d594ca6,,Compiled/KR/release_gm/XGamebase/pngset.obj;Compiled/TH/release_gm/XGamebase/pngset.obj,0,
Compiled/KR/release/XGamebase/pngset.sbr,generated/build artifact,unclassified/non-code,58637,de6c6ceaa4f094836ed1344fa52f5deeeef19af28f74732c712ac5cb92a2c1a3,,Compiled/KR/release_gm/XGamebase/pngset.sbr;Compiled/TH/release_gm/XGamebase/pngset.sbr,0,
Compiled/KR/release/XGamebase/pngtrans.obj,generated/build artifact,unclassified/non-code,14430,b34f9c9dc0b0e9c69a2fd2466066edef39e594281d44c46f2f8c5edb62c8c9d2,,Compiled/KR/release_gm/XGamebase/pngtrans.obj;Compiled/TH/release_gm/XGamebase/pngtrans.obj,0,
Compiled/KR/release/XGamebase/pngtrans.sbr,generated/build artifact,unclassified/non-code,54366,fbe473e4dffa54f6805d7351d5df339537efe9a69c0ed6b962e0767b45d79876,,Compiled/KR/release_gm/XGamebase/pngtrans.sbr;Compiled/TH/release_gm/XGamebase/pngtrans.sbr,0,
Compiled/KR/release/XGamebase/pngvcrd.obj,generated/build artifact,unclassified/non-code,2231,804e516ed6b48d929a9191ebd0a683d82a454f7495c410f170e2c7a9068b2c9a,,Compiled/KR/release_gm/XGamebase/pngvcrd.obj;Compiled/TH/release_gm/XGamebase/pngvcrd.obj,0,
Compiled/KR/release/XGamebase/pngvcrd.sbr,generated/build artifact,unclassified/non-code,51126,e70300cf2a4ed76ff2408f983f588b12e9a3c8acfab55870525b893c09429ce8,,Compiled/KR/release_gm/XGamebase/pngvcrd.sbr;Compiled/TH/release_gm/XGamebase/pngvcrd.sbr,0,
Compiled/KR/release/XGamebase/pngwio.obj,generated/build artifact,unclassified/non-code,6331,4f9539e8c53ff21572f2ae645c4edb28be233e2958a329689573da8b0de78574,,Compiled/KR/release_gm/XGamebase/pngwio.obj;Compiled/TH/release_gm/XGamebase/pngwio.obj,0,
Compiled/KR/release/XGamebase/pngwio.sbr,generated/build artifact,unclassified/non-code,51782,afe43d91a99e47e1e6e94b2a4881f5a93a2aa11cb8d889d1d88d59c9aa2be834,,Compiled/KR/release_gm/XGamebase/pngwio.sbr;Compiled/TH/release_gm/XGamebase/pngwio.sbr,0,
Compiled/KR/release/XGamebase/pngwrite.obj,generated/build artifact,unclassified/non-code,31631,2495c522a47f0b41a9587228e1c79bc2a8617990e9fe6cbe5a75f1b837792598,,Compiled/KR/release_gm/XGamebase/pngwrite.obj;Compiled/TH/release_gm/XGamebase/pngwrite.obj,0,
Compiled/KR/release/XGamebase/pngwrite.sbr,generated/build artifact,unclassified/non-code,58562,199237fefef4bc539e09e45d8d8b931c8181a487299cd4033f656bd707bf1c95,,Compiled/KR/release_gm/XGamebase/pngwrite.sbr;Compiled/TH/release_gm/XGamebase/pngwrite.sbr,0,
Compiled/KR/release/XGamebase/pngwtran.obj,generated/build artifact,unclassified/non-code,8418,a2ff30a340e8e35a09100f9358af6993a555b865a688e17ecd0fbc7566eb12de,,Compiled/KR/release_gm/XGamebase/pngwtran.obj;Compiled/TH/release_gm/XGamebase/pngwtran.obj,0,
Compiled/KR/release/XGamebase/pngwtran.sbr,generated/build artifact,unclassified/non-code,54801,8c0db6a8da9dca582933f411886bc2b1210a5d36e77573c1f39d769bb15695e9,,Compiled/KR/release_gm/XGamebase/pngwtran.sbr;Compiled/TH/release_gm/XGamebase/pngwtran.sbr,0,
Compiled/KR/release/XGamebase/pngwutil.obj,generated/build artifact,unclassified/non-code,56468,b7fa996d2a409e3b130315f17a6a5cd531bd84bd07de91d492fec08c2c9691e3,,Compiled/KR/release_gm/XGamebase/pngwutil.obj;Compiled/TH/release_gm/XGamebase/pngwutil.obj,0,
Compiled/KR/release/XGamebase/pngwutil.sbr,generated/build artifact,unclassified/non-code,68591,e88715c12eaaf1b254d877fca9bffe6229b7a7017a32440d46dcaf04c0e2c2bc,,Compiled/KR/release_gm/XGamebase/pngwutil.sbr;Compiled/TH/release_gm/XGamebase/pngwutil.sbr,0,
Compiled/KR/release/XGamebase/prim.obj,generated/build artifact,unclassified/non-code,20394,2761b1a889741098e0eab4231b423f38a465da1cee5cb6c9331a147d6b9199ad,,Compiled/KR/release_gm/XGamebase/prim.obj;Compiled/TH/release_gm/XGamebase/prim.obj,0,
Compiled/KR/release/XGamebase/prim.sbr,generated/build artifact,unclassified/non-code,980415,af21f5eed83b8f2bb02b8b89df5eaa0a18747b81f42001ec51d11082bba6c315,,Compiled/KR/release_gm/XGamebase/prim.sbr;Compiled/TH/release_gm/XGamebase/prim.sbr,0,
Compiled/KR/release/XGamebase/quantize.obj,generated/build artifact,unclassified/non-code,22332,b7d480dd21725fa34b33b18e81458c0159fe1b68b78049947bc5c289af014900,,Compiled/KR/release_gm/XGamebase/quantize.obj;Compiled/TH/release_gm/XGamebase/quantize.obj,0,
Compiled/KR/release/XGamebase/quantize.sbr,generated/build artifact,unclassified/non-code,977306,c3946ba885dd3349a3b5deee4863578f39d7736191e41a469ac25c4578a76562,,Compiled/KR/release_gm/XGamebase/quantize.sbr;Compiled/TH/release_gm/XGamebase/quantize.sbr,0,
Compiled/KR/release/XGamebase/rw_mem.obj,generated/build artifact,unclassified/non-code,17846,216292d75f7be8cb9700e4863168c69bea8908d9ead0dfa7adde93d5de69a9b7,,Compiled/KR/release_gm/XGamebase/rw_mem.obj;Compiled/TH/release_gm/XGamebase/rw_mem.obj,0,
Compiled/KR/release/XGamebase/rw_mem.sbr,generated/build artifact,unclassified/non-code,974151,bbf5e65c46ae88858cfa5ec68d8d1fee45ed94ce320cd8254bbe516bd9a1354c,,Compiled/KR/release_gm/XGamebase/rw_mem.sbr;Compiled/TH/release_gm/XGamebase/rw_mem.sbr,0,
Compiled/KR/release/XGamebase/rw_stdio.obj,generated/build artifact,unclassified/non-code,18418,c63fa00c70a6c8df996b1fa5c913beec25766066da5860dbacfbc013b521c1bb,,Compiled/KR/release_gm/XGamebase/rw_stdio.obj;Compiled/TH/release_gm/XGamebase/rw_stdio.obj,0,
Compiled/KR/release/XGamebase/rw_stdio.sbr,generated/build artifact,unclassified/non-code,973612,731f1efc8778073603cd0dba5460d2513fe954a225f77e8e11f610e41a24f4d1,,Compiled/KR/release_gm/XGamebase/rw_stdio.sbr;Compiled/TH/release_gm/XGamebase/rw_stdio.sbr,0,
Compiled/KR/release/XGamebase/rwops.obj,generated/build artifact,unclassified/non-code,29435,12c7fca0a7929f7c1009d23063f51391fe5af0a2aa428b5af9d13e4351461ac0,,Compiled/KR/release_gm/XGamebase/rwops.obj;Compiled/TH/release_gm/XGamebase/rwops.obj,0,
Compiled/KR/release/XGamebase/rwops.sbr,generated/build artifact,unclassified/non-code,976072,1f460d355b5c9b80f5723a0317ce487494fdae7eae2f896061970f738ac6ca60,,Compiled/KR/release_gm/XGamebase/rwops.sbr;Compiled/TH/release_gm/XGamebase/rwops.sbr,0,
Compiled/KR/release/XGamebase/tga.obj,generated/build artifact,unclassified/non-code,25193,4c914a608ba5b09d326cd0184c34fb5ea8d05f3e83e42257365a6e526f5f0d00,,Compiled/KR/release_gm/XGamebase/tga.obj;Compiled/TH/release_gm/XGamebase/tga.obj,0,
Compiled/KR/release/XGamebase/tga.sbr,generated/build artifact,unclassified/non-code,976829,9607037778069933abcc9f60cb187cb1ebf6e605db2f5fce22b751fc0b57d0a2,,Compiled/KR/release_gm/XGamebase/tga.sbr;Compiled/TH/release_gm/XGamebase/tga.sbr,0,
Compiled/KR/release/XGamebase/trees.obj,generated/build artifact,unclassified/non-code,25356,3b2a2153a2761b1a56008d3f04c8656777c96864cc41ccaf2089d43f397507c8,,Compiled/KR/release_gm/XGamebase/trees.obj;Compiled/TH/release_gm/XGamebase/trees.obj,0,
Compiled/KR/release/XGamebase/trees.sbr,generated/build artifact,unclassified/non-code,23086,820f858e5cab7262b589fddb84244c0d5ef8eb2b081fd0e7ce9eef63ef6a72c0,,Compiled/KR/release_gm/XGamebase/trees.sbr;Compiled/TH/release_gm/XGamebase/trees.sbr,0,
Compiled/KR/release/XGamebase/uncompr.obj,generated/build artifact,unclassified/non-code,1925,d159b59832ff7144eef6f3a77cf8ae8c5a4f088f5c1c441d74e8b5055c359542,,Compiled/KR/release_gm/XGamebase/uncompr.obj;Compiled/TH/release_gm/XGamebase/uncompr.obj,0,
Compiled/KR/release/XGamebase/uncompr.sbr,generated/build artifact,unclassified/non-code,3595,bd191f0b4fba452f311eaacb95743324cc72beaff17b88b19a26520e23edcf7b,,Compiled/KR/release_gm/XGamebase/uncompr.sbr;Compiled/TH/release_gm/XGamebase/uncompr.sbr,0,
Compiled/KR/release/XGamebase/vc60.idb,generated/build artifact,unclassified/non-code,205824,f8c5c9a18e0ca8ac158cd7c59c47b60351800d37634db64e74bd7e69b21dcdba,,Compiled/KR/release_gm/XGamebase/vc60.idb;Compiled/KR/release_gm/XKernel/vc60.idb;Compiled/TH/release_gm/XGamebase/vc60.idb;Compiled/TH/release_gm/XKernel/vc60.idb,0,
Compiled/KR/release/XGamebase/vc60.pdb,generated/build artifact,unclassified/non-code,143360,c416c5a5a0ea3b7109a1b226e4a9fe1421b6129c4388d4efe25101ae1d6dc892,,Compiled/KR/release_gm/XGamebase/vc60.pdb;Compiled/KR/release_gm/XKernel/vc60.pdb;Compiled/TH/release_gm/XGamebase/vc60.pdb;Compiled/TH/release_gm/XKernel/vc60.pdb,0,
Compiled/KR/release/XGamebase/xconfig.obj,generated/build artifact,unclassified/non-code,26719,d86aa5ac2704600a551ab867eb9a89eda2a6add699eaffb5409f5a8c7e0cef47,,Compiled/KR/release_gm/XGamebase/xconfig.obj;Compiled/TH/release_gm/XGamebase/xconfig.obj,0,
Compiled/KR/release/XGamebase/xconfig.sbr,generated/build artifact,unclassified/non-code,975956,4defe86769e00914a9be4d14b159cae1600be3263248e859c2639511f65c1402,,Compiled/KR/release_gm/XGamebase/xconfig.sbr;Compiled/TH/release_gm/XGamebase/xconfig.sbr,0,
Compiled/KR/release/XGamebase/xerror.obj,generated/build artifact,unclassified/non-code,13426,ce1ef126920f6b98b2404b1a3a2dc46d553004ef4ec82013d8568863830bb160,,Compiled/KR/release_gm/XGamebase/xerror.obj;Compiled/TH/release_gm/XGamebase/xerror.obj,0,
Compiled/KR/release/XGamebase/xerror.sbr,generated/build artifact,unclassified/non-code,975572,bed6c45a4c0b255dedc40b11c324ea437ed27d8d19c27e2224053b946422d78e,,Compiled/KR/release_gm/XGamebase/xerror.sbr;Compiled/TH/release_gm/XGamebase/xerror.sbr,0,
Compiled/KR/release/XGamebase/xfile.obj,generated/build artifact,unclassified/non-code,26844,e4b0ba78b2b9bb95424af8ce0b674227c16bec4da1f7768caf201473c321ee33,,Compiled/KR/release_gm/XGamebase/xfile.obj;Compiled/TH/release_gm/XGamebase/xfile.obj,0,
Compiled/KR/release/XGamebase/xfile.sbr,generated/build artifact,unclassified/non-code,978930,8b6ba13e6b20f04a4ad4636ef3a0306e5dfebe165ca14254b777207287db0696,,Compiled/KR/release_gm/XGamebase/xfile.sbr;Compiled/TH/release_gm/XGamebase/xfile.sbr,0,
Compiled/KR/release/XGamebase/xgamebase.obj,generated/build artifact,unclassified/non-code,23801,25e731831618c51178921a489b4223fb0d3b95c7f7b410bb4dbb2ca9f9922044,,Compiled/KR/release_gm/XGamebase/xgamebase.obj;Compiled/TH/release_gm/XGamebase/xgamebase.obj,0,
Compiled/KR/release/XGamebase/xgamebase.sbr,generated/build artifact,unclassified/non-code,977436,f09344d5196ca6ecf743deaf02fa1ed6ee5ec45bf4e8c16a4c19288a5c4566d0,,Compiled/KR/release_gm/XGamebase/xgamebase.sbr;Compiled/TH/release_gm/XGamebase/xgamebase.sbr,0,
Compiled/KR/release/XGamebase/xlibc.obj,generated/build artifact,unclassified/non-code,12213,40e1ab79d84f7f0adf2c55de9ebb90aa413f35ba217cbdd293304d493db22e26,,Compiled/KR/release_gm/XGamebase/xlibc.obj;Compiled/TH/release_gm/XGamebase/xlibc.obj,0,
Compiled/KR/release/XGamebase/xlibc.sbr,generated/build artifact,unclassified/non-code,972313,a03a9dbffd7d8233505bba6483c486347be2ead4f4a1028cf456b1a8d550332d,,Compiled/KR/release_gm/XGamebase/xlibc.sbr;Compiled/TH/release_gm/XGamebase/xlibc.sbr,0,
Compiled/KR/release/XGamebase/xlog.obj,generated/build artifact,unclassified/non-code,18035,e8e86b1d3fe8a538b6416c1f816a9a713686a46272cb5bbdf31e5325710518af,,Compiled/KR/release_gm/XGamebase/xlog.obj;Compiled/TH/release_gm/XGamebase/xlog.obj,0,
Compiled/KR/release/XGamebase/xlog.sbr,generated/build artifact,unclassified/non-code,976572,e37814adbabf3de9f6e2871a52f8edb8994c070eadb3a05aa3231edc6c78d6cc,,Compiled/KR/release_gm/XGamebase/xlog.sbr;Compiled/TH/release_gm/XGamebase/xlog.sbr,0,
Compiled/KR/release/XGamebase/xmisc.obj,generated/build artifact,unclassified/non-code,13760,d550c2617b0a6ee53201046ed19e5cfba4d14bb1d34231054ab38e4308ea9b9b,,Compiled/KR/release_gm/XGamebase/xmisc.obj;Compiled/TH/release_gm/XGamebase/xmisc.obj,0,
Compiled/KR/release/XGamebase/xmisc.sbr,generated/build artifact,unclassified/non-code,979408,9a06863221ea7b825aed920dbfc0e3391ef49e193c9d64d05721ca586fce88ce,,Compiled/KR/release_gm/XGamebase/xmisc.sbr;Compiled/TH/release_gm/XGamebase/xmisc.sbr,0,
Compiled/KR/release/XGamebase/xos.obj,generated/build artifact,unclassified/non-code,18065,53200c308c376f36f645f28740a7e8459693ab46292a5e21cfa216603f8042a7,,Compiled/KR/release_gm/XGamebase/xos.obj;Compiled/TH/release_gm/XGamebase/xos.obj,0,
Compiled/KR/release/XGamebase/xos.sbr,generated/build artifact,unclassified/non-code,976008,458c661b62751c0a71f51e75f2c68c293ae1cd256c63901db8759b1f2952d963,,Compiled/KR/release_gm/XGamebase/xos.sbr;Compiled/TH/release_gm/XGamebase/xos.sbr,0,
Compiled/KR/release/XGamebase/xrandom.obj,generated/build artifact,unclassified/non-code,16051,63b28c7046f5290ab258852db9c619de9f368524a76314f35d2674ea695a30d1,,Compiled/KR/release_gm/XGamebase/xrandom.obj;Compiled/TH/release_gm/XGamebase/xrandom.obj,0,
Compiled/KR/release/XGamebase/xrandom.sbr,generated/build artifact,unclassified/non-code,972877,02d1f0bcb2b8a5782e36f23227932069871f412a80f21a30aee9bf1728ece8f4,,Compiled/KR/release_gm/XGamebase/xrandom.sbr;Compiled/TH/release_gm/XGamebase/xrandom.sbr,0,
Compiled/KR/release/XGamebase/xtimer.obj,generated/build artifact,unclassified/non-code,21632,d6c4ce4025d49e4202fb6cc22e6d60bcd74377a055f3f2eb55c1d940403f0abb,,Compiled/JP/debug/XKernel/XTimer.obj;Compiled/KR/release_gm/XGamebase/xtimer.obj;Compiled/KR/release_gm/XKernel/XTimer.obj;Compiled/TH/release_gm/XGamebase/xtimer.obj;Compiled/TH/release_gm/XKernel/XTimer.obj,0,
Compiled/KR/release/XGamebase/xtimer.sbr,generated/build artifact,unclassified/non-code,977055,d1a64a2274a744800afcc73a7bbfcdaf6051d88180bc0079f7df10a16fa0aeb0,,Compiled/KR/release_gm/XGamebase/xtimer.sbr;Compiled/KR/release_gm/XKernel/XTimer.sbr;Compiled/TH/release_gm/XGamebase/xtimer.sbr;Compiled/TH/release_gm/XKernel/XTimer.sbr,0,
Compiled/KR/release/XGamebase/xunicode.obj,generated/build artifact,unclassified/non-code,16144,2aacc78d50602d0b5943d46c757f4961d88f08c1d70dd5061dd449dbd85d691e,,Compiled/KR/release_gm/XGamebase/xunicode.obj;Compiled/TH/release_gm/XGamebase/xunicode.obj,0,
Compiled/KR/release/XGamebase/xunicode.sbr,generated/build artifact,unclassified/non-code,973196,c709775907cbb3bda24a0027c742098bffc140ec3c335da65a7678d12e2d6941,,Compiled/KR/release_gm/XGamebase/xunicode.sbr;Compiled/TH/release_gm/XGamebase/xunicode.sbr,0,
Compiled/KR/release/XGamebase/xwfile.obj,generated/build artifact,unclassified/non-code,20587,8aa9693fb980e65ba2b1331f7279d898ec1f6f9f9f403d99e2d7968d3b2f9f7f,,Compiled/KR/release_gm/XGamebase/xwfile.obj;Compiled/TH/release_gm/XGamebase/xwfile.obj,0,
Compiled/KR/release/XGamebase/xwfile.sbr,generated/build artifact,unclassified/non-code,977349,da4a9cfac900b6ad4bc31bc61756c105cbbabb8de56664a0d2e03c78051102a7,,Compiled/KR/release_gm/XGamebase/xwfile.sbr;Compiled/TH/release_gm/XGamebase/xwfile.sbr,0,
Compiled/KR/release/XGamebase/xwsystem.obj,generated/build artifact,unclassified/non-code,21515,22d61c087a906e77b5b97ac9966dc37cbab23ebdc1adac8a9ef269f771ef822f,,Compiled/KR/release_gm/XGamebase/xwsystem.obj;Compiled/TH/release_gm/XGamebase/xwsystem.obj,0,
Compiled/KR/release/XGamebase/xwsystem.sbr,generated/build artifact,unclassified/non-code,977387,96cdb08a38c263999bfb71eeeaa30d0c219281ca16691649257d037b711c7241,,Compiled/KR/release_gm/XGamebase/xwsystem.sbr;Compiled/TH/release_gm/XGamebase/xwsystem.sbr,0,
Compiled/KR/release/XGamebase/xwtimer.obj,generated/build artifact,unclassified/non-code,14465,d2c0260c391bafb8c0c6ce5ef25ec3939e451f6a68333a3f6f85785cef103af2,,Compiled/KR/release_gm/XGamebase/xwtimer.obj;Compiled/TH/release_gm/XGamebase/xwtimer.obj,0,
Compiled/KR/release/XGamebase/xwtimer.sbr,generated/build artifact,unclassified/non-code,975603,9929074f072872521d81523db26e856ca44001c7fa3d703b6cbf23884bb3c768,,Compiled/KR/release_gm/XGamebase/xwtimer.sbr;Compiled/TH/release_gm/XGamebase/xwtimer.sbr,0,
Compiled/KR/release/XGamebase/zutil.obj,generated/build artifact,unclassified/non-code,4696,ee3e247b055962f404c5a8045284292abf967ef1d81380dbb75e81b38006e6d3,,Compiled/KR/release_gm/XGamebase/zutil.obj;Compiled/TH/release_gm/XGamebase/zutil.obj,0,
Compiled/KR/release/XGamebase/zutil.sbr,generated/build artifact,unclassified/non-code,10655,70ea160df8d2f54f3eb7a743332e84d344d60f95c331e08604df8d0a5e584b31,,Compiled/KR/release_gm/XGamebase/zutil.sbr;Compiled/TH/release_gm/XGamebase/zutil.sbr,0,
Compiled/KR/release/XKernel/d3dfont.obj,generated/build artifact,unclassified/non-code,38795,b1ceb5bf7187ffbe70a94ce17b4e236bacccc305f28a45f608101e99b72532d4,,Compiled/JP/debug/XKernel/d3dfont.obj,0,
Compiled/KR/release/XKernel/d3dfont.sbr,generated/build artifact,unclassified/non-code,1020553,4daf26df20f1e220c9e57890a4aa826e101c3c5eca5c2d841e35201531a039bc,,,0,
Compiled/KR/release/XKernel/d3dutil.obj,generated/build artifact,unclassified/non-code,84033,32b288b99369480141e5eec24b90a60ba0f3e13cabba21bdcfc11455869486bd,,,0,
Compiled/KR/release/XKernel/d3dutil.sbr,generated/build artifact,unclassified/non-code,2054615,7be656ed9c2552654edbf4ab5824a08ffd0282af8ec4b3d730ac149c88a96747,,,0,
Compiled/KR/release/XKernel/dsutil.obj,generated/build artifact,unclassified/non-code,91624,8af5e12849bb2bcde9d4b9c87ff8a5fc1a7ae7d99eb356a8044e1ba30d1f8c35,,,0,
Compiled/KR/release/XKernel/dsutil.sbr,generated/build artifact,unclassified/non-code,2041106,8abfc8fb014d96cc8b1dcf8887fc425722473cded0115e9dfea6d834b24e39b0,,,0,
Compiled/KR/release/XKernel/dxutil.obj,generated/build artifact,unclassified/non-code,40865,a5fce75c7d604300a44f84179d04953607a04818a3d946b3bf192c5efc76aa8f,,Compiled/JP/debug/XKernel/dxutil.obj;Compiled/KR/release_gm/XKernel/dxutil.obj;Compiled/TH/release_gm/XKernel/dxutil.obj,0,
Compiled/KR/release/XKernel/dxutil.sbr,generated/build artifact,unclassified/non-code,520141,99024e2870d4aab6995f2e29533572ad1947e0368643d8e5a8a8c0bea24dd9de,,Compiled/KR/release_gm/XKernel/dxutil.sbr;Compiled/TH/release_gm/XKernel/dxutil.sbr,0,
Compiled/KR/release/XKernel/LoadThread.obj,generated/build artifact,unclassified/non-code,90818,2ff16a8e3fa26b637f31cd6f25217b32b4b09cc42102615c31b4c30398cd3300,,,0,
Compiled/KR/release/XKernel/LoadThread.sbr,generated/build artifact,unclassified/non-code,2145140,6b7029ad5cbdf392da98ac9971fb6b976502f99c2cf43df456fa757b74ea1e23,,,0,
Compiled/KR/release/XKernel/vc60.idb,generated/build artifact,unclassified/non-code,164864,5bf5b55fc489e09f2f1fc39a2ffff3fdb4f94abe23fe63fe8bd9f81222a47413,,Compiled/KR/release_gm/XGamebase/vc60.idb;Compiled/KR/release_gm/XKernel/vc60.idb;Compiled/TH/release_gm/XGamebase/vc60.idb;Compiled/TH/release_gm/XKernel/vc60.idb,0,
Compiled/KR/release/XKernel/vc60.pdb,generated/build artifact,unclassified/non-code,610304,329acbaf15f214d1a7150831f60865c15b7aafa8819adf5cba69cf90c131b21d,,Compiled/KR/release_gm/XGamebase/vc60.pdb;Compiled/KR/release_gm/XKernel/vc60.pdb;Compiled/TH/release_gm/XGamebase/vc60.pdb;Compiled/TH/release_gm/XKernel/vc60.pdb,0,
Compiled/KR/release/XKernel/X3DApp.obj,generated/build artifact,unclassified/non-code,204769,af1e049a90d37012f2d655869bbb384557ddc7286548f84394a872e6a8b9e071,,,0,
Compiled/KR/release/XKernel/X3DApp.sbr,generated/build artifact,unclassified/non-code,2063873,6cea5f6ca46eca364ee116424f4de636cf61ada80dd9d588e46e3da5b1cd3a16,,,0,
Compiled/KR/release/XKernel/X3DSettings.obj,generated/build artifact,unclassified/non-code,56870,392d40ecf293c6279414a802774287b753d35ecd95223fa744fe0d6a43539dfa,,Compiled/JP/debug/XKernel/X3DSettings.obj,0,
Compiled/KR/release/XKernel/X3DSettings.sbr,generated/build artifact,unclassified/non-code,1241377,51ab4cce0eae613deaa34c575d471ec2db0b1fddea1dea7f2c3ae74f8022220f,,,0,
Compiled/KR/release/XKernel/X3DUFont.obj,generated/build artifact,unclassified/non-code,53148,06da925a8c507a991febf73374d81bed4b826811c9482db1123c5c0746db90cd,,,0,
Compiled/KR/release/XKernel/X3DUFont.sbr,generated/build artifact,unclassified/non-code,2030193,6ef5fd461cb02c50da89fff6a344392f5eeea770d28d4b46a7d1c478455d2e6d,,,0,
Compiled/KR/release/XKernel/XBallGauge.obj,generated/build artifact,unclassified/non-code,56458,05dd79810756e4a8f4a566de8d1726ef4f479a918fdfa7f53bc75ed1ffb8f7c0,,,0,
Compiled/KR/release/XKernel/XBallGauge.sbr,generated/build artifact,unclassified/non-code,2031744,470057d53d54ebac3955d1b06c97a236603ce48d28bc8569bccde8d9ca5f49d8,,,0,
Compiled/KR/release/XKernel/XBillboard.obj,generated/build artifact,unclassified/non-code,68894,0478b7dfd119891513cb90343517dffc43be667299a5001dfc7cb0a63874edc9,,,0,
Compiled/KR/release/XKernel/XBillboard.sbr,generated/build artifact,unclassified/non-code,2036719,4984e9c8af1f1963a7f43ea8d016df7296a4bf1df35330a92ce4a258ea8cf446,,,0,
Compiled/KR/release/XKernel/XButton.obj,generated/build artifact,unclassified/non-code,78863,e7f96fb63be2f38edec753659d5a38f7ee8ec57800d96e3df58b348af94ee165,,,0,
Compiled/KR/release/XKernel/XButton.sbr,generated/build artifact,unclassified/non-code,2035763,0ab0bf3e4f9d21f6261fb5bb8f64e8ba0d388962c25013faaf1343bc831e4ce0,,,0,
Compiled/KR/release/XKernel/XCamera.obj,generated/build artifact,unclassified/non-code,27878,5b0d79245b6401a64778d3798cea53abb91e0ae4ce01ccd6d99d1ea40114ff29,,Compiled/JP/debug/XKernel/XCamera.obj,0,
Compiled/KR/release/XKernel/XCamera.sbr,generated/build artifact,unclassified/non-code,1226779,761200b3c85d3aeefd317fa8f204946a1f719db07ae5335d91198df6e3b1d918,,,0,
Compiled/KR/release/XKernel/XCheckButton.obj,generated/build artifact,unclassified/non-code,77302,80f322fc3d19e209b57d1a32fcf1b5bc367b48296a2761f0c2d34ddc6e21713d,,,0,
Compiled/KR/release/XKernel/XCheckButton.sbr,generated/build artifact,unclassified/non-code,2034190,f3d7f2b06ba60dd54a7cf4b63fc99f02f522d05cc206ca4e85d00b4a65652b05,,,0,
Compiled/KR/release/XKernel/XCollide.obj,generated/build artifact,unclassified/non-code,35777,8714563f82fa55310f36f02d04be070548e1044f978e3d4206dbba7ed8d40057,,Compiled/JP/debug/XKernel/XCollide.obj,0,
Compiled/KR/release/XKernel/XCollide.sbr,generated/build artifact,unclassified/non-code,1011013,fbdaa1741b5926f213d7257f074ef8a2af0ff586ac5756326dc14b8669242469,,,0,
Compiled/KR/release/XKernel/XCollideMath.obj,generated/build artifact,unclassified/non-code,69118,61a22f203cb32dd723c8b9e61dcc342e8e2f5712dbce32142a89f7d679dad303,,,0,
Compiled/KR/release/XKernel/XCollideMath.sbr,generated/build artifact,unclassified/non-code,2039273,5f45f4df654b17623d3662dbe18ec6675841ab7143ac99cae5763cad0a6937f3,,,0,
Compiled/KR/release/XKernel/XCompress.obj,generated/build artifact,unclassified/non-code,9825,2922f1f4a966fc9b890494f8900949ee69f00aa1be99a7ed42bdbfdf6144e690,,Compiled/JP/debug/XKernel/XCompress.obj;Compiled/KR/release_gm/XKernel/XCompress.obj;Compiled/TH/release_gm/XKernel/XCompress.obj,0,
Compiled/KR/release/XKernel/XCompress.sbr,generated/build artifact,unclassified/non-code,447773,2412a022dc7d03fb0b303350c3863fccf2cd773c2f3c10732df2bd2f6e836709,,Compiled/KR/release_gm/XKernel/XCompress.sbr;Compiled/TH/release_gm/XKernel/XCompress.sbr,0,
Compiled/KR/release/XKernel/XCrypto.obj,generated/build artifact,unclassified/non-code,50194,3b66e211a231e1a2e9ee863f69ed73fb21ca6b16264627bd6bcfc62bcde13d99,,,0,
Compiled/KR/release/XKernel/XCrypto.sbr,generated/build artifact,unclassified/non-code,2032234,26c91e4af9d1ae18220c433dec77608b4967ebc23cf50cb5827aa88352fd2edc,,,0,
Compiled/KR/release/XKernel/XDeviceEnum.obj,generated/build artifact,unclassified/non-code,43419,eac224f7358aadae33eaa3e70a6de97f19a451ee7070172d0d727e55680ee7db,,Compiled/JP/debug/XKernel/XDeviceEnum.obj;Compiled/KR/release_gm/XKernel/XDeviceEnum.obj,0,
Compiled/KR/release/XKernel/XDeviceEnum.sbr,generated/build artifact,unclassified/non-code,1047666,2e2f23a244d0230d662747f7510f2f9b914996ce535c73373662e79ba1b47c5b,,Compiled/KR/release_gm/XKernel/XDeviceEnum.sbr,0,
Compiled/KR/release/XKernel/XDialogs.obj,generated/build artifact,unclassified/non-code,27224,253bbaabc09ce5b3cfa77200265109bf0d376701bb45565c3697522c5f6b8759,,Compiled/JP/debug/XKernel/XDialogs.obj,0,
Compiled/KR/release/XKernel/XDialogs.sbr,generated/build artifact,unclassified/non-code,1270132,e3d865f8a3c6e0b320ebf432c56a9c0d383c54ea4672bf3670ca9f840bde9292,,,0,
Compiled/KR/release/XKernel/XEigen.obj,generated/build artifact,unclassified/non-code,27428,61075a85386590234c375801a91a24a958d7db69b5aff8c5d1d23de153be8234,,Compiled/JP/debug/XKernel/XEigen.obj;Compiled/KR/release_gm/XKernel/XEigen.obj;Compiled/TH/release_gm/XKernel/XEigen.obj,0,
Compiled/KR/release/XKernel/XEigen.sbr,generated/build artifact,unclassified/non-code,458042,d10bd78cba19323cde3e66fed092a20c89b699fe92b6a7b6e2999e208c4acaf5,,Compiled/KR/release_gm/XKernel/XEigen.sbr;Compiled/TH/release_gm/XKernel/XEigen.sbr,0,
Compiled/KR/release/XKernel/XEncryptor.obj,generated/build artifact,unclassified/non-code,62790,c8f01ac573793d154635b5720a99cdb0c5dca8025f2ace1b0e3f5c7d21b654ee,,,0,
Compiled/KR/release/XKernel/XEncryptor.sbr,generated/build artifact,unclassified/non-code,2034204,d1ac36739adf5eb1f42bb5203fd7f4694087798342dac8bb2e53e52ca2b0891f,,,0,
Compiled/KR/release/XKernel/XError.obj,generated/build artifact,unclassified/non-code,56811,a322f98ee5584d4a8187fe71631615159a56fd54a4c1894a40d12bfb618f073b,,Compiled/KR/release_gm/XGamebase/xerror.obj;Compiled/TH/release_gm/XGamebase/xerror.obj,0,
Compiled/KR/release/XKernel/XError.sbr,generated/build artifact,unclassified/non-code,2030374,6811c67ed404159f93575c28b67f2bf2ef112ba601daf280b16d2acd5a451262,,Compiled/KR/release_gm/XGamebase/xerror.sbr;Compiled/TH/release_gm/XGamebase/xerror.sbr,0,
Compiled/KR/release/XKernel/XException.obj,generated/build artifact,unclassified/non-code,10701,a1eb6a2d4fa1ce00e2afbe4f3aab17829ed3907ba8c6dd8ffce00ca475fe8291,,Compiled/JP/debug/XKernel/XException.obj;Compiled/KR/release_gm/XKernel/XException.obj;Compiled/TH/release_gm/XKernel/XException.obj,0,
Compiled/KR/release/XKernel/XException.sbr,generated/build artifact,unclassified/non-code,449147,fcbd16443a3b0a86fda8c77e3bd84d3191b8b368d88c13ffb045c14023f9b41d,,Compiled/KR/release_gm/XKernel/XException.sbr;Compiled/TH/release_gm/XKernel/XException.sbr,0,
Compiled/KR/release/XKernel/XExceptionHandler.obj,generated/build artifact,unclassified/non-code,22387,41e19dc1e6686ecfa3901155275f21d7b5bd9b3a8f67ab9e418a11d2a4c986e5,,Compiled/JP/debug/XKernel/XExceptionHandler.obj;Compiled/KR/release_gm/XKernel/XExceptionHandler.obj;Compiled/TH/release_gm/XKernel/XExceptionHandler.obj,0,
Compiled/KR/release/XKernel/XExceptionHandler.sbr,generated/build artifact,unclassified/non-code,956761,6d4bbb971886a60e9d53d2d4d295d8faff366cd8bcc99658e9fa79473354ffb0,,Compiled/KR/release_gm/XKernel/XExceptionHandler.sbr;Compiled/TH/release_gm/XKernel/XExceptionHandler.sbr,0,
Compiled/KR/release/XKernel/XExceptionReporter.obj,generated/build artifact,unclassified/non-code,49508,0b957390696380e5baa0c8b854a02b930a450fc0ee39e3babb5010e85a722a37,,Compiled/JP/debug/XKernel/XExceptionReporter.obj;Compiled/KR/release_gm/XKernel/XExceptionReporter.obj;Compiled/TH/release_gm/XKernel/XExceptionReporter.obj,0,
Compiled/KR/release/XKernel/XExceptionReporter.sbr,generated/build artifact,unclassified/non-code,1010656,ca828e76a84927892360fd733f0631da689d9910cff13c741f5490d73db1602b,,Compiled/KR/release_gm/XKernel/XExceptionReporter.sbr;Compiled/TH/release_gm/XKernel/XExceptionReporter.sbr,0,
Compiled/KR/release/XKernel/XFastCode.obj,generated/build artifact,unclassified/non-code,18050,046d81d474cd07f182b551596c9d1837234e0a62d74e1c7c0d6a485798e0d348,,Compiled/JP/debug/XKernel/XFastCode.obj;Compiled/KR/release_gm/XKernel/XFastCode.obj;Compiled/TH/release_gm/XKernel/XFastCode.obj,0,
Compiled/KR/release/XKernel/XFastCode.sbr,generated/build artifact,unclassified/non-code,452208,275b2871e9b51f6bd4b0cb1975a638d55439df9490fdec9e2223a9381873e66d,,Compiled/KR/release_gm/XKernel/XFastCode.sbr;Compiled/TH/release_gm/XKernel/XFastCode.sbr,0,
Compiled/KR/release/XKernel/XFont.obj,generated/build artifact,unclassified/non-code,118479,aa5ddde3f3d2e440fa4d3b9e8696ff141ceac3f719fbd488c17b2c91049ee6fa,,,0,
Compiled/KR/release/XKernel/XFont.sbr,generated/build artifact,unclassified/non-code,2055651,c64b1dfcba379b13fa1647db428e36377b54406644a5a7b52fc1b197f88835a1,,,0,
Compiled/KR/release/XKernel/XGetWinVer.obj,generated/build artifact,unclassified/non-code,8910,aa875b2081b2a63585e17a3f015a7a967c17b7f0f263b7a4dcdb47398d56c822,,Compiled/JP/debug/XKernel/XGetWinVer.obj;Compiled/KR/release_gm/XKernel/XGetWinVer.obj;Compiled/TH/release_gm/XKernel/XGetWinVer.obj,0,
Compiled/KR/release/XKernel/XGetWinVer.sbr,generated/build artifact,unclassified/non-code,447549,007ccf22b277e4cf99e6ef40b5403325f9d4797699df37d4b48d220b93004399,,Compiled/KR/release_gm/XKernel/XGetWinVer.sbr;Compiled/TH/release_gm/XKernel/XGetWinVer.sbr,0,
Compiled/KR/release/XKernel/XGUIControlCenter.obj,generated/build artifact,unclassified/non-code,63475,16ccba8fab174360473407190d17be469dbc6d54048a02f3eb312bbba1c303f2,,,0,
Compiled/KR/release/XKernel/XGUIControlCenter.sbr,generated/build artifact,unclassified/non-code,2034665,fcb42febc73ccf2b5999ed991dc699a5aca3677a4ba3dc94f006e0c2895aaade,,,0,
Compiled/KR/release/XKernel/XGUIObject.obj,generated/build artifact,unclassified/non-code,57688,2a2c6e42b81feffcf5a72a0f793bdc1fc0edb23bc1679204a61d081d94d20ae4,,,0,
Compiled/KR/release/XKernel/XGUIObject.sbr,generated/build artifact,unclassified/non-code,2029255,12bb55acd263c2048e14e394e865d916d5709b992134743bb6fae64f2939de92,,,0,
Compiled/KR/release/XKernel/XHSlider.obj,generated/build artifact,unclassified/non-code,67603,6011d4af4a8b599934a042148ad9f7b37e1760447a9a16ccf364d78eae5c52b6,,,0,
Compiled/KR/release/XKernel/XHSlider.sbr,generated/build artifact,unclassified/non-code,2033417,20f7eee3e186f05b4f67ef6f0a79fb944976f1858107963a5018170d0f44f4fa,,,0,
Compiled/KR/release/XKernel/XImageStatic.obj,generated/build artifact,unclassified/non-code,71373,21f0ef83234155b8dacb9498339371011ec5d26323500935943a97d11713afeb,,,0,
Compiled/KR/release/XKernel/XImageStatic.sbr,generated/build artifact,unclassified/non-code,2033709,eb1032437e7ce8f07d8d8a4decab9474e2f484f24d1d1a7a85fdd248bbb3fdeb,,,0,
Compiled/KR/release/XKernel/XIME.obj,generated/build artifact,unclassified/non-code,182485,1ba9ce749386f9778cce462d45a1f07588312db90bf725e08e52a045e3284771,,,0,
Compiled/KR/release/XKernel/XIME.sbr,generated/build artifact,unclassified/non-code,2074547,d4965476cef0cd1b34eac477f662a7be0a8683e78e6b3f5b2d85f5b86c5b5900,,,0,
Compiled/KR/release/XKernel/XInput.obj,generated/build artifact,unclassified/non-code,31769,e1effd0c565b9c967617f2da65271023cccb9e756fd7f37a18d34a1eaa9f5d0e,,Compiled/JP/debug/XKernel/XInput.obj,0,
Compiled/KR/release/XKernel/XInput.sbr,generated/build artifact,unclassified/non-code,1334385,c55cbbaf113172abd099d53e8852cc8d90f2b2c507c1f5e198e04b8ad5e35f45,,,0,
Compiled/KR/release/XKernel/XItem.obj,generated/build artifact,unclassified/non-code,7529,fd13a0268422ca74937783bfe4e474fcf2d1146273d7bd092a03ac43377a2304,,Compiled/JP/debug/XKernel/XItem.obj;Compiled/KR/release_gm/XKernel/XItem.obj;Compiled/TH/release_gm/XKernel/XItem.obj;SetRegistry/Release/Xitem.obj;XPacker/Release/Xitem.obj,0,
Compiled/KR/release/XKernel/XItem.sbr,generated/build artifact,unclassified/non-code,446493,0ff54d43ae935e6ba3d0f50e5fed6106e4a99e19b28c7e2823d7490326309c1d,,Compiled/KR/release_gm/XKernel/XItem.sbr;Compiled/TH/release_gm/XKernel/XItem.sbr;SetRegistry/Release/Xitem.sbr;XPacker/Release/Xitem.sbr,0,
Compiled/KR/release/XKernel/XKernel.obj,generated/build artifact,unclassified/non-code,126627,d7d83081caa8adc405403c0c7cc015d053ab706b9486564728954ef07b17e937,,,0,
Compiled/KR/release/XKernel/XKernel.sbr,generated/build artifact,unclassified/non-code,2160686,bac722093fb031ae6d42e37d551c77befffa3385345380769cc918284b4a93b2,,,0,
Compiled/KR/release/XKernel/XList.obj,generated/build artifact,unclassified/non-code,15473,0668a69d518370902d06c1bb45b422d8be6300d726df70ab627407f7b4d7d0e8,,Compiled/JP/debug/XKernel/XList.obj;Compiled/KR/release_gm/XKernel/XList.obj;Compiled/TH/release_gm/XKernel/XList.obj;SetRegistry/Release/Xlist.obj;XPacker/Release/Xlist.obj,0,
Compiled/KR/release/XKernel/XList.sbr,generated/build artifact,unclassified/non-code,449730,4ba876833583c027baa4e6e7704799600d66180e6d110968f04cfc10a73d20d9,,Compiled/KR/release_gm/XKernel/XList.sbr;Compiled/TH/release_gm/XKernel/XList.sbr;SetRegistry/Release/Xlist.sbr;XPacker/Release/Xlist.sbr,0,
Compiled/KR/release/XKernel/XListBox.obj,generated/build artifact,unclassified/non-code,110679,e7fc77cec2f4a41811d8cb7e21fdefa02d6b7cbeb9ceae8159d8da15af8af487,,,0,
Compiled/KR/release/XKernel/XListBox.sbr,generated/build artifact,unclassified/non-code,2044467,6ea3c20f994dc7328ff700d9a4d2ed58203388a08b2b8c5069e823493a1acd4e,,,0,
Compiled/KR/release/XKernel/XMeshMath.obj,generated/build artifact,unclassified/non-code,87155,d180381ed004f8db8feb8a03dc2f5e8b6ff9fece213f103588b931e06692d4b5,,,0,
Compiled/KR/release/XKernel/XMeshMath.sbr,generated/build artifact,unclassified/non-code,2044959,71a859e00378c5d059daa41357ca5d2f213d8d6d1569a566cb4dc3b0a9dbc441,,,0,
Compiled/KR/release/XKernel/XMiniVersion.obj,generated/build artifact,unclassified/non-code,15839,c6af7e3726f943cf63e7ccb59329a0b9fbbdaf6e32d52f81bc9e853fe4cb21ab,,Compiled/JP/debug/XKernel/XMiniVersion.obj;Compiled/KR/release_gm/XKernel/XMiniVersion.obj;Compiled/TH/release_gm/XKernel/XMiniVersion.obj,0,
Compiled/KR/release/XKernel/XMiniVersion.sbr,generated/build artifact,unclassified/non-code,449682,93ce463f38ebe18caa326ae96d2fed67e8b4c5638fff25474bf6feb991cd9fcf,,Compiled/KR/release_gm/XKernel/XMiniVersion.sbr;Compiled/TH/release_gm/XKernel/XMiniVersion.sbr,0,
Compiled/KR/release/XKernel/XMString.obj,generated/build artifact,unclassified/non-code,59330,1bf60ba181d3b8a29b7b3335d84a657f2487e3575db54abe266f0d5883e2c602,,,0,
Compiled/KR/release/XKernel/XMString.sbr,generated/build artifact,unclassified/non-code,2031484,c49d01d45e26ac61d17cbc79ec4663b019f055c7eaae04b004c4462424fbf29d,,,0,
Compiled/KR/release/XKernel/XObb.obj,generated/build artifact,unclassified/non-code,137452,83eb4c5b73447c2adc26d41b18041f2f9b889fb4a060dc90acd6581b6c8792bd,,,0,
Compiled/KR/release/XKernel/XObb.sbr,generated/build artifact,unclassified/non-code,2074241,c1f643069e8a488712bd2b05f8cce82dff93bf5b763606956b5cf804c7845617,,,0,
Compiled/KR/release/XKernel/XPackage.obj,generated/build artifact,unclassified/non-code,127487,088006acebe5b7b03fdf705ed3aa7d07ec13591322eb57e4b55a0a53997cf671,,,0,
Compiled/KR/release/XKernel/XPackage.sbr,generated/build artifact,unclassified/non-code,2077792,aab190997a5b08267e48358408d2d7a9702d7fd56f48b6ab506531a4653f2c17,,,0,
Compiled/KR/release/XKernel/XProcess.obj,generated/build artifact,unclassified/non-code,72241,164dbcfd7174b48e73c0ba564c8160de564904ce5a91103c33545336bd044558,,,0,
Compiled/KR/release/XKernel/XProcess.sbr,generated/build artifact,unclassified/non-code,2034954,707f1efd4febc2cb8be3b848eadc3d634fbe076da66c608f7862ce3d8865129f,,,0,
Compiled/KR/release/XKernel/XRegistry.obj,generated/build artifact,unclassified/non-code,96815,161788e2dc708f58c6d4c7c56020d54788e93fea3ef5686249afaec92de5b27d,,Compiled/JP/debug/XKernel/XRegistry.obj;Compiled/KR/release_gm/XKernel/XRegistry.obj;Compiled/TH/release_gm/XKernel/XRegistry.obj;XLauncher/Release/XRegistry.obj;XPatch/Release/XRegistry.obj,0,
Compiled/KR/release/XKernel/XRegistry.sbr,generated/build artifact,unclassified/non-code,750501,0822449d4d937d496d641916bef3fe055495539450f6aaf0b79df38df771941c,,Compiled/KR/release_gm/XKernel/XRegistry.sbr;Compiled/TH/release_gm/XKernel/XRegistry.sbr;XLauncher/Release/XRegistry.sbr;XPatch/Release/XRegistry.sbr,0,
Compiled/KR/release/XKernel/XRenderStyleManager.obj,generated/build artifact,unclassified/non-code,128851,25fd8c5085f47b604915efc863a44009cf1032bd5d3cfac40cbc12bcd213bae4,,,0,
Compiled/KR/release/XKernel/XRenderStyleManager.sbr,generated/build artifact,unclassified/non-code,2065719,f8eda063104e2908003d52c094abf74e44da0fba2ea60de3daef76c0ea4dba61,,,0,
Compiled/KR/release/XKernel/XScrollBar.obj,generated/build artifact,unclassified/non-code,73385,04e03dcf42f87216cede9462de9999ed945e5fb03f0de5d9c7e90cfd2d28c00d,,,0,
Compiled/KR/release/XKernel/XScrollBar.sbr,generated/build artifact,unclassified/non-code,2034975,6bb48ba1ea9058488f8b2658b3720b76c49cfbf368a37d3ff253604e65feda8c,,,0,
Compiled/KR/release/XKernel/XStatic.obj,generated/build artifact,unclassified/non-code,75871,e5443b514f386452661f7400d1fe253606793c460a786830417ec9c5eeb483eb,,,0,
Compiled/KR/release/XKernel/XStatic.sbr,generated/build artifact,unclassified/non-code,2037746,fdcd0878d457ee1a1425b920106703ed3b5cd4acfaaa99605d83a8d31748bbfa,,,0,
Compiled/KR/release/XKernel/XStickGauge.obj,generated/build artifact,unclassified/non-code,75282,dcc74b05cbe086320a7dc2fe83e78caadf980be3b176ebfe0c9dbc6fe555608a,,,0,
Compiled/KR/release/XKernel/XStickGauge.sbr,generated/build artifact,unclassified/non-code,2035906,e643fa4c6f016c566e7059b4aaa7103a60914df3c47289b9db536ecf9dae3f0a,,,0,
Compiled/KR/release/XKernel/XStringDataBase.obj,generated/build artifact,unclassified/non-code,96348,2eb4441c007ff973af85246dd242dc8bad016f4b7e499e9fa83e3cb871be94fb,,,0,
Compiled/KR/release/XKernel/XStringDataBase.sbr,generated/build artifact,unclassified/non-code,2051472,9f829e1997011e5ee07df77fa32026c429b0907d9ae4dd8519f92f77c1f2604b,,,0,
Compiled/KR/release/XKernel/XStringItem.obj,generated/build artifact,unclassified/non-code,15809,dbc36322bddc426cd7e02934dfd1689c7859270105fd92adaf6c2a56d6682366,,Compiled/JP/debug/XKernel/XStringItem.obj;Compiled/KR/release_gm/XKernel/XStringItem.obj;Compiled/TH/release_gm/XKernel/XStringItem.obj,0,
Compiled/KR/release/XKernel/XStringItem.sbr,generated/build artifact,unclassified/non-code,449612,f44f993db66d26d68bddb3006dc50fdf42bd09b325e3d1249fa7e53cf08f4c34,,Compiled/KR/release_gm/XKernel/XStringItem.sbr;Compiled/TH/release_gm/XKernel/XStringItem.sbr,0,
Compiled/KR/release/XKernel/XTexture.obj,generated/build artifact,unclassified/non-code,69445,eb1990c157fdaad012da4c9e87e968ad197d478ae4c4889d30485f8bfd6ddd5a,,,0,
Compiled/KR/release/XKernel/XTexture.sbr,generated/build artifact,unclassified/non-code,2036305,15ac4912407982057ea5962475e4a2cb683f6361c4f6a92120d171f050d26a8e,,,0,
Compiled/KR/release/XKernel/XTextureController.obj,generated/build artifact,unclassified/non-code,83799,1894060d93d99d78841703152a33e89763017f8582fe38313848eead907c0770,,,0,
Compiled/KR/release/XKernel/XTextureController.sbr,generated/build artifact,unclassified/non-code,2103080,e2e735ce02a89e0fbde64b645b65be2c5c469cea2b29b8b7882f4023d558485d,,,0,
Compiled/KR/release/XKernel/XTextureManager.obj,generated/build artifact,unclassified/non-code,131015,d722ed364bc0277cd66f2b5364370743bdaecd38aaa4c59657c3a73317f52c25,,,0,
Compiled/KR/release/XKernel/XTextureManager.sbr,generated/build artifact,unclassified/non-code,2097961,654c338d1f145ac563381b15e61273bc555b4c30cb0ef0c3a740876809d16012,,,0,
Compiled/KR/release/XKernel/XTextureObjectController.obj,generated/build artifact,unclassified/non-code,79598,1622a2b530c267febcaddfd3fa9ae868afdcc3d3019c058138b7593e802797b6,,,0,
Compiled/KR/release/XKernel/XTextureObjectController.sbr,generated/build artifact,unclassified/non-code,2120994,cd436cb2073f810f61ec7204fc3553c6d6cf0c6b1f9d21f7c36441f966c05689,,,0,
Compiled/KR/release/XKernel/XTimeCounter.obj,generated/build artifact,unclassified/non-code,52432,9e82e0ed8976102c2a01ef48d1c2e52bd04fd5cedfb6093b001643e516f89aca,,,0,
Compiled/KR/release/XKernel/XTimeCounter.sbr,generated/build artifact,unclassified/non-code,2029559,5ed2065c7c099576640f393af66ef64e48b7e0c68a399559575ab35e6aa3e8b9,,,0,
Compiled/KR/release/XKernel/XTimer.obj,generated/build artifact,unclassified/non-code,10524,88cebeedfd85f301d7fe071924c60aa5abc7eaa37e50e389c8f752d48f0ac4e3,,Compiled/JP/debug/XKernel/XTimer.obj;Compiled/KR/release_gm/XGamebase/xtimer.obj;Compiled/KR/release_gm/XKernel/XTimer.obj;Compiled/TH/release_gm/XGamebase/xtimer.obj;Compiled/TH/release_gm/XKernel/XTimer.obj,0,
Compiled/KR/release/XKernel/XTimer.sbr,generated/build artifact,unclassified/non-code,504275,eb0c14a7226e74cac11196945e1121904f7945bde0ccdc0e3552867d5c810cb9,,Compiled/KR/release_gm/XGamebase/xtimer.sbr;Compiled/KR/release_gm/XKernel/XTimer.sbr;Compiled/TH/release_gm/XGamebase/xtimer.sbr;Compiled/TH/release_gm/XKernel/XTimer.sbr,0,
Compiled/KR/release/XKernel/XToolTip.obj,generated/build artifact,unclassified/non-code,72912,e63340fd259107db47ee4fced22e0dddfa320244efab61b9ab400043002f225c,,,0,
Compiled/KR/release/XKernel/XToolTip.sbr,generated/build artifact,unclassified/non-code,2034090,2fdfc9055eec47f1521f545f72482e1a9cd9d8b9cfad69b84fb348542be613ab,,,0,
Compiled/KR/release/XKernel/XTreeBox.obj,generated/build artifact,unclassified/non-code,113325,4fd8d46956180b13f6d9aa9c9bd6b0c5558d6a711bfc3444872508b3d2156432,,,0,
Compiled/KR/release/XKernel/XTreeBox.sbr,generated/build artifact,unclassified/non-code,2043655,f5906d5fd2c5f1b3ba59f1555de5042c109d0a31416f8273c7e5cd1250cbe004,,,0,
Compiled/KR/release/XKernel/XUnicodeConv.obj,generated/build artifact,unclassified/non-code,84275,7de27deb0631bb4fc6867987ee27ef23beabb982140f6ce0d4af5821562e4982,,,0,
Compiled/KR/release/XKernel/XUnicodeConv.sbr,generated/build artifact,unclassified/non-code,2040645,c3cd08c9dfc750ea0670108260e83fd2d2eaa274603a19212a3e94fbe4c7b5b6,,,0,
Compiled/KR/release/XKernel/XUnicodeFont.obj,generated/build artifact,unclassified/non-code,120842,ec5c567ad69c80f9a976c4fb98d9f0fc8108312ff8bf3e2e8e3310653964f3e1,,,0,
Compiled/KR/release/XKernel/XUnicodeFont.sbr,generated/build artifact,unclassified/non-code,2059163,2da8a81c13386caa88e913a7e6efd00b363d8521b35ffa81c5270aa1d1c6ea2b,,,0,
Compiled/KR/release/XKernel/XUtils.obj,generated/build artifact,unclassified/non-code,13395,ea5b2e4d01415dc492abc368322744e157fb6540fa0cf9f26241d6e41aa2d3e6,,Compiled/JP/debug/XKernel/XUtils.obj,0,
Compiled/KR/release/XKernel/XUtils.sbr,generated/build artifact,unclassified/non-code,1221403,1b03ef43d77320f4163ae402f7bfd911279257d4ad9d6ea4eb7294e7018c21d9,,,0,
Compiled/KR/release/XKernel/XVSlider.obj,generated/build artifact,unclassified/non-code,64216,d3272d9bbd69ea6c021f31b78199adb090ceaad9550ab3fbb8549d7983570deb,,,0,
Compiled/KR/release/XKernel/XVSlider.sbr,generated/build artifact,unclassified/non-code,2031693,1d79cd93614fa5903e4b599f64d44a3a3cc502714cbf27b6ed669ccf43fb912b,,,0,
Compiled/KR/release/XKernel/XVSPrintf.obj,generated/build artifact,unclassified/non-code,61942,271eb6614c4f5e3df6690ae089d3de5e394b21c64d07f5184265f576f5e0560b,,,0,
Compiled/KR/release/XKernel/XVSPrintf.sbr,generated/build artifact,unclassified/non-code,2038111,338354cdb77457da9cec91414f8ec521cb947c5f089f45f9b9ec9728d86319ca,,,0,
Compiled/KR/release/XKernel/XWindow.obj,generated/build artifact,unclassified/non-code,96124,b87058c4cd95b48ccedb146d61d62d112b7d11c9592e21042747af599522caa7,,,0,
Compiled/KR/release/XKernel/XWindow.sbr,generated/build artifact,unclassified/non-code,2039988,59f628c928a406910938310934cf18a28ec3500a9793d51484d9a7816506cfc4,,,0,
Compiled/KR/release/XKernel/XWindow_IME.obj,generated/build artifact,unclassified/non-code,84617,83a163e39d5c8ef046aa27630416d28bf1983eb3f6536430197a612a7ac41d3d,,,0,
Compiled/KR/release/XKernel/XWindow_IME.sbr,generated/build artifact,unclassified/non-code,2032466,496fbbfb1c7e3bb86ffd7fce0db712f9852d01a91421bf4db95b26f2ecf7909d,,,0,
Compiled/KR/release/XKernel/XWindowManager.obj,generated/build artifact,unclassified/non-code,80360,4e9dea87adb5f1c62fca5bc7d17793c182ef502252ae743a5bceaf7c37bb6e1c,,,0,
Compiled/KR/release/XKernel/XWindowManager.sbr,generated/build artifact,unclassified/non-code,2045926,7866141b4a4d46b0a1b02bafd5a75c15c70dce9d1542333cc4b252a0eed34c5b,,,0,
DataStructure/Notice/vssver.scc,resource/config/other,unclassified/non-code,96,fd34c7bed3e5a1feeafdbcabe95bab06b7276b3dfd39622cf00e91cd6d083ebe,,MeshControl/vssver.scc,0,
DataStructure/vssver.scc,resource/config/other,unclassified/non-code,784,f0b721367aeb77e0d04edf1e710e924dbbece25fbef92c88300f992ec6aee244,,MeshControl/vssver.scc,0,
DataStructure/XCastle.cpp,normal/shared source,normal player dependency,30816,69410aa19ced537ad1dc1b114b7eccf1bec792ba00287508a86734b63b10cf40,,,0,
DataStructure/XCastle.h,normal/shared source,normal player dependency,6084,89a92663c78f7bf33f6836b6324991f2e7f7d3c991a5a89fa5c9bbf43e08610f,,,1,DataStructure/XCastle.cpp
DataStructure/XFlag.cpp,normal/shared source,normal player dependency,6884,cb65bbd51609c93a85279fbbd6f4ff39f8da3cfb9b0432e0b35088fc24e670e8,,,0,
DataStructure/XFlag.h,normal/shared source,normal player dependency,1586,1af61e48ceab21539fb206657b449516ee3475ee4b00266ff9cf4bd28e9b472d,,,1,DataStructure/XFlag.cpp
EmperorOfDragons.aps,resource/config/other,unclassified/non-code,105752,4d7fb00622e02d3d36036311b6f4be805a3105000b0c830e449b782b2239f659,,,0,
EmperorOfDragons.dep,resource/config/other,unclassified/non-code,209513,603715dcd5f789e9799abba71a60cb839840d6da46181a166a2f6301ad1ff7d2,,,0,
Filtering/vssver.scc,shared engine/internal library,unclassified/non-code,128,0e255c49f8bf4d26b454491e8dc1c8f68d0dbe5b62891c10a45bbbe5c444b8bf,,MeshControl/vssver.scc,0,
Library/AHClientInterface.lib,third-party/middleware,unclassified/non-code,156854,e32c3fa44ff18d07785ed841acb88f20a7373d386b5bf37f5a0cf7fd67596620,,,0,
Library/ApexClient.h,third-party/middleware,normal player dependency,687,98099f5938c1c74b884c3eb164d2f0ce44af112c6588ddbab0e4e97eccdb2b1d,,,1,Network/XNetwork.cpp
Library/BinkSDK/bink.h,third-party/middleware,normal player dependency,30941,a6ef49a8c494b6e0f7b7f361e54be79605c7eb5f7c9ee1deccbcfec957faa660,,,2,Library/BinkSDK/binktextures.h;XIGAADWrapper/XWindow_BinkStatic.h
Library/BinkSDK/binktextures.h,third-party/middleware,normal player dependency,7155,c2ced3a38e1ac4bed3964444cb4585b242304834e0e24c54da2a0eebcd7526ba,,,0,
Library/BinkSDK/binkw32.dll,third-party/middleware,unclassified/non-code,166912,d776b5b874a80add5b3307de732ca41b2b6982142ab41b44f940f86da002ce62,,,0,
Library/BinkSDK/binkw32.lib,third-party/middleware,unclassified/non-code,16048,174bd8888d66cfd969f147498e118d6c79f57bc4ccf17f2c3eda6c9042f22726,,,0,
Library/BinkSDK/dx9rad3d.cpp,third-party/middleware,normal player dependency,50657,e3d3ec90858de2f5056bedef813a871ac6bc4ecb5b6a73b612c0910b096bf9e1,,,0,
Library/BinkSDK/rad3d.h,third-party/middleware,normal player dependency,4295,dd62a3fa47cab76d0eb3ae764a5b455e0eb5fea0c200a7df351448a6bed74bdf,,,2,Library/BinkSDK/dx9rad3d.cpp;XIGAADWrapper/XWindow_BinkStatic.h
Library/BinkSDK/radbase.h,third-party/middleware,normal player dependency,18575,5eef758e828464a34321d1416c91f00cb843e35166505efbb92a6da75798ceaa,,,2,Library/BinkSDK/bink.h;Library/BinkSDK/rad3d.h
Library/BinkSDK/vssver.scc,third-party/middleware,unclassified/non-code,160,b8c0175a723dbd918f3ec8b331399bfd34f8239c51a862a45800f7aefcc204cb,,MeshControl/vssver.scc,0,
Library/CWebPage/_XWebPage.lib,third-party/middleware,unclassified/non-code,3096,ff55e962d1351acfead19ab58fbb5208730f4f08a8c0cae6c3a7b14b1b15e470,,,0,
Library/CWebPage/vssver.scc,third-party/middleware,unclassified/non-code,80,0ef83fd71991f6fd7734a8725f0efc7a12a9cfd3c01f13c855dad2b66cbcd505,,MeshControl/vssver.scc,0,
Library/CWebPage/XWebPage.h,third-party/middleware,normal player dependency,693,6f59e531b766b0619d22c1d294cdadb8e4ede55e334aa13eb1c463f491c5e4c3,,,8,EmperorOfDragons.cpp;MeshControl/XRenderStateControl.cpp;Network/XNetwork.cpp;XProcess/XProc_FirstLoad.cpp;XProcess/XProc_Loading.cpp;XProcess/XProc_MainGame.cpp;XProcess/XProc_MainGameMessageHandler.cpp;XProcess/XWindow_CashMall.cpp
Library/CWebPage/XWebPage.lib,third-party/middleware,unclassified/non-code,3084,b7d761dc7449438fbc445c302900148826ee02ebe58bf6e7b81df2f14921b4c2,,,0,
Library/dbghelp.lib,third-party/middleware,unclassified/non-code,28278,33dab36fbc5532c9486ec1de2cb7891516b22453b12ea1193fb597042efb3236,,,0,
Library/FMod/3.74/fmod.h,third-party/middleware,normal player dependency,72687,0188c2c5718f9f227bccc765d9a51f397716d34c003142a81be5ea8a96c7d526,,,1,Library/FMod/3.74/fmoddyn.h
Library/FMod/3.74/fmod_errors.h,third-party/middleware,normal player dependency,1689,7a0644b95f21666d98713390476218a560cf8f67222de3c812dd48252b742858,,,0,
Library/FMod/3.74/fmoddyn.h,third-party/middleware,normal player dependency,39080,a7f4489a2aed21771e0f6b63795039fc49b875f3977e304082fef1cc905b3535,,,0,
Library/FMod/3.74/fmodvc.lib,third-party/middleware,unclassified/non-code,58058,560aaa3e34d3fa2ced9fbdac35486595bc53f65922e6a11667633b819253b6ad,,,0,
Library/FMod/3.74/wincompat.h,third-party/middleware,normal player dependency,1438,1f60d0a40906c81c7b856025e71245226bc205c96d0259a92da6638cf5e305d6,,,0,
Library/FMod/3.75/fmod.h,third-party/middleware,normal player dependency,73410,921c31be692202e1954311e5f24e57a5332972852a0bc392ae4c8f5fb007b210,,,1,Library/FMod/3.75/fmoddyn.h
Library/FMod/3.75/fmod_errors.h,third-party/middleware,normal player dependency,1689,7a0644b95f21666d98713390476218a560cf8f67222de3c812dd48252b742858,,,0,
Library/FMod/3.75/fmoddyn.h,third-party/middleware,normal player dependency,39326,31c18f290cf0e9665ec3dc143d49deacd4b3d24e2d52d64e73470e7848c125f8,,,0,
Library/FMod/3.75/fmodvc.lib,third-party/middleware,unclassified/non-code,58896,d5a9cd205cc54f4b5d6692a97551bb99b0d00a60b175a58aaa3512c6a9f20ce2,,,0,
Library/FMod/3.75/wincompat.h,third-party/middleware,normal player dependency,1438,1f60d0a40906c81c7b856025e71245226bc205c96d0259a92da6638cf5e305d6,,,0,
Library/FMod/fmod.h,third-party/middleware,normal player dependency,72687,0188c2c5718f9f227bccc765d9a51f397716d34c003142a81be5ea8a96c7d526,,,1,Library/FMod/fmoddyn.h
Library/FMod/fmod_errors.h,third-party/middleware,normal player dependency,1689,7a0644b95f21666d98713390476218a560cf8f67222de3c812dd48252b742858,,,0,
Library/FMod/fmoddyn.h,third-party/middleware,normal player dependency,39080,a7f4489a2aed21771e0f6b63795039fc49b875f3977e304082fef1cc905b3535,,,0,
Library/FMod/fmodvc.lib,third-party/middleware,unclassified/non-code,58058,560aaa3e34d3fa2ced9fbdac35486595bc53f65922e6a11667633b819253b6ad,,,0,
Library/FMod/vssver.scc,third-party/middleware,unclassified/non-code,112,072f4393d5d79c0aedf8ecf2657f7a46ab5817600d157d6d11ebf60e60d6e112,,MeshControl/vssver.scc,0,
Library/FMod/wincompat.h,third-party/middleware,normal player dependency,1438,1f60d0a40906c81c7b856025e71245226bc205c96d0259a92da6638cf5e305d6,,,0,
Library/HShield.lib,third-party/middleware,unclassified/non-code,45020,02c0472069e415ec417ac6f04ea06c6ae112614506fcbbd836de121693b13a47,,,0,
Library/HSUpChk.lib,third-party/middleware,unclassified/non-code,82136,b0e4f3b8be84fb2831d10a9dc7fe0f18b9269fd1d894d6d487c696de014cebfd,,,0,
Library/KR/NexonADBalloonLib.lib,third-party/middleware,unclassified/non-code,118464,3ea52c1d652e4a175fe0a2bbcb515e22bb33746e89df0ccb6c0b6f7b94eafd1b,,,0,
Library/KR/NexonADBalloonLib_D.lib,third-party/middleware,unclassified/non-code,139734,6b132db0e4b2c8c100d48a090ecf97199986a777b16e25ddc0c228135afe2541,,,0,
Library/KR/NexonADBalloonLib_GM.lib,third-party/middleware,unclassified/non-code,118474,9471b0385be5ae1af25141f3681a326d2b715019a157f5b1a636c463d17853ef,,,0,
Library/KR/vssver.scc,third-party/middleware,unclassified/non-code,64,fcb1d167102b1472a01de42ae565d75d7f17444128e4f360a89e6a5166a48649,,MeshControl/vssver.scc,0,
Library/KR/XFControl.exp,third-party/middleware,unclassified/non-code,692,db3d445476fb250594380f773b2deb140cc6b19c0e9f8e5ab9ec638cd0fa96a1,,,0,
Library/KR/XFControl.lib,third-party/middleware,unclassified/non-code,2150,c53bcbf54567fb01b27d1feed9717ba39bff90335d0caefe827be4ceaa7efa58,,,0,
Library/KR/XFControl_GM.exp,third-party/middleware,unclassified/non-code,705,d422e46146293c3092073ba22ffd408086182077d454d79b653a72d77de0b0b2,,,0,
Library/KR/XFControl_GM.lib,third-party/middleware,unclassified/non-code,2220,9762755f30a4fc8ae220f4f7954bdb9b0cf55416a84b2002f108f30103237ab5,,,0,
Library/KR/XFControl_RD.exp,third-party/middleware,unclassified/non-code,705,9ef2d31691746ec38cb18e74cd9861ed65695981629b54ee510202d31726580f,,,0,
Library/KR/XFControl_RD.lib,third-party/middleware,unclassified/non-code,2220,4bdca11311986d8e6750bd7333e924e2d84983e83f65b6dd35952c1bd32bbd0f,,,0,
Library/KR/XFControl_RD.pdb,generated/build artifact,unclassified/non-code,1541120,f90189d699b1369c1e2ca11004d1dee6b3f57690ce47e06e687fff8f004c08b0,,,0,
Library/KR/XGamebase.lib,third-party/middleware,unclassified/non-code,1860782,a52e56566ac0848c26bb6dfe9101a3d38f59c4b5b6d79a8d5c8c5ddb9f95aa68,,Library/US/XGamebase.lib,0,
Library/KR/XGamebase_RD.lib,third-party/middleware,unclassified/non-code,1744886,9c485c3150ed1b23a024e302e3129025af3d125cf900d641decfa72c2dc8ba9c,,,0,
Library/KR/XKernel.lib,third-party/middleware,unclassified/non-code,4894380,21bef9a706bbc3382dbb0a138772a1b8a059d9ea98f7025165a81f454a6c7119,,,0,
Library/KR/XKernel_GM.lib,third-party/middleware,unclassified/non-code,4876146,e310632ba5d00231485564668f5d9ee064789ce3a7c7a5f9df616d6c8bc32c67,,,0,
Library/KR/XKernel_RD.lib,third-party/middleware,unclassified/non-code,5369762,3b223f756a6a0e9b085f35509784a1e250b0e5c794d608afed9af7a1b7bdd208,,,0,
Library/mac3l.lib,third-party/middleware,unclassified/non-code,17926,b547059c412df007b2d0f6a45c6f9aaff5875da73cbe3b453837a61791030e3e,,,0,
Library/mac3r.lib,third-party/middleware,unclassified/non-code,17926,60d410a480f4f29d67db95579e80784e5cf0d414d2d3e2898711f4c86dcb2222,,,0,
Library/NPGameLib.h,third-party/middleware,shared by GM and normal,10325,c4ddc4544e9dce73592dd687f76bdf763e281483168794b594c418af596a0fb2,,,2,EmperorOfDragons.cpp;Network/packet_for_ctrl_gms.h
Library/NPGameLib.lib,third-party/middleware,unclassified/non-code,211734,50c9609b7439e9469bec821b13df0cf214ee6d47676224142d783505799b55ba,,,0,
Library/NPGameLib_DE.lib,third-party/middleware,unclassified/non-code,212364,8071bd8be0eafc8fd31d77347974022848a75d28ac2e395559f38d0bf918c3c6,,,0,
Library/NPGameLib_SE.lib,third-party/middleware,unclassified/non-code,229994,1f5b5a3299a9682091ccb6d739da4a0ac4996b1c517702681a4fc950eab3c8b2,,,0,
Library/old_NPGameLib_SE.lib,third-party/middleware,unclassified/non-code,209644,0e5c2b82e09483e0bc7ec8885e7b058b5da10990f2f4dfa41d404389dd653ed3,,,0,
Library/QHTM.lib,third-party/middleware,unclassified/non-code,10942,3ad242de9f97cf5dbfbd3edcbbea4c9cb433278ce1c3c3508ab29d8c31dc55d1,,,0,
Library/QHtm/QHTM.dll,third-party/middleware,unclassified/non-code,405504,9e622b880d9afc7076a8c008272528bfea21ec3d2e95b354795246cd48b29e53,,,0,
Library/QHtm/qhtm.h,third-party/middleware,normal player dependency,21444,3ca9196b83b38299dad870febd767b9e8f1de3fbc3441e651b8658b342e68cd0,,qhtm sdk/qhtm.h,0,
Library/QHtm/QHTM.lib,third-party/middleware,unclassified/non-code,10942,b3d9d5badcceb19e90fa8ced0366558de87f998f561f865b863a6f85bdac2f67,,,0,
Library/QHtm/QHTMU.dll,third-party/middleware,unclassified/non-code,421888,d878412b165d004b1e5e1fcd63f8bc0c3889f874aa31b1d060e3d1f7d30e371a,,,0,
Library/QHtm/QHTMU.lib,third-party/middleware,unclassified/non-code,10970,69475fd1f5e6d2013e724c45463748f4be359253140def19d0465dbe3ab888d2,,,0,
Library/QHtm/vssver.scc,third-party/middleware,unclassified/non-code,64,3a5ba6984324f18b7d495fce0a09de9fd5eda3771916d8725697ccfada49aa4f,,MeshControl/vssver.scc,0,
Library/QHTM_FullSource1967/bin/1.jpg,third-party/middleware,unclassified/non-code,66159,ee5b29a305308189102349c082ce44d0e032c39b3c7bab3d0a4d9c3adc9238ef,,,0,
Library/QHTM_FullSource1967/bin/11.HTML,third-party/middleware,unclassified/non-code,1469,e292f31a6aef7c7d8b1093bf0eaea006d608d9c3d66fa027e5018ffc1516705e,,,0,
Library/QHTM_FullSource1967/bin/15-1.jpg,third-party/middleware,unclassified/non-code,58767,3ee6a087c5acb46c2c7521e5563fdbd4864d63e521b46e2d1702252e6fe1ff29,,,0,
Library/QHTM_FullSource1967/bin/15-2.jpg,third-party/middleware,unclassified/non-code,64800,6fd315daf2fb5f504216e4ca22d12a4d78c3168d6abffdd43c207a28bff73669,,,0,
Library/QHTM_FullSource1967/bin/15-3.jpg,third-party/middleware,unclassified/non-code,60714,ae8c7c0dff5b409dc89ff3421b426c624e349060241e8bf737340644505ea408,,,0,
Library/QHTM_FullSource1967/bin/1welcome.html,third-party/middleware,unclassified/non-code,2845,9c3eed7540df74f342bf87e3916e68bd4ef605623d9b0338c863a161ded9cb22,,,0,
Library/QHTM_FullSource1967/bin/27.JPG,third-party/middleware,unclassified/non-code,121145,66da493cd54e0d2025755db947c0d726386d4167e49a208116173825fedd42d7,,,0,
Library/QHTM_FullSource1967/bin/2welcome.html,third-party/middleware,unclassified/non-code,2712,e2baa0c382daf3249b9ab8e3a649e0e7b9d5c335b9f7fcfef25c781159782d7a,,,0,
Library/QHTM_FullSource1967/bin/49-1.jpg,third-party/middleware,unclassified/non-code,26477,dbeb980c6fa12f86b024b8c51ec948f0a20e1454116b96cb8d9adb31585976d4,,,0,
Library/QHTM_FullSource1967/bin/49-2.JPG,third-party/middleware,unclassified/non-code,77736,967deeebd28192f568c17626d57fc50c325c78d7bff60104479c1a8e3ffd16c9,,,0,
Library/QHTM_FullSource1967/bin/49-3.jpg,third-party/middleware,unclassified/non-code,73588,a5a67d4a092b6b39517da5c65002686e2982b3ed12c453f42553d32ee4fcc145,,,0,
Library/QHTM_FullSource1967/bin/71-1.jpg,third-party/middleware,unclassified/non-code,52045,e35809cafc724e085bff49611a0f53597e6f6257aff4d2a86caf4d2e0c2b1a11,,,0,
Library/QHTM_FullSource1967/bin/71-2.jpg,third-party/middleware,unclassified/non-code,39483,36113beb28f816e6fe3a267da9ded9fe2ece08306fd8fda042cedda6cb5dcabe,,,0,
Library/QHTM_FullSource1967/bin/72.jpg,third-party/middleware,unclassified/non-code,43289,02e17ba479a3f652666cf5786840cace49f04da64a0349a96497ffb0a5b6698e,,,0,
Library/QHTM_FullSource1967/bin/84-1.jpg,third-party/middleware,unclassified/non-code,33358,d14f877540089e9b12d64cc66a65f22af31351658c2f06db79b46638987febae,,,0,
Library/QHTM_FullSource1967/bin/_welcome.html,third-party/middleware,unclassified/non-code,1444,b0b79d246de1281cdc67bf8f89213b29d7a57fc369a97e63b33c0551ac3aa737,,,0,
Library/QHTM_FullSource1967/bin/about.html,third-party/middleware,unclassified/non-code,1094,37651a198bae731ec03a1a7baecab3c5d4f881fb9a480d658e71806c1dca6071,,,0,
Library/QHTM_FullSource1967/bin/APIExample.exe,third-party/middleware,unclassified/non-code,57344,c49fb15f5993da7504066cdb5865f116cd0bc657d280ff0e06865c38a1d9685d,,,0,
Library/QHTM_FullSource1967/bin/APIExample.plg,third-party/middleware,unclassified/non-code,1371,5f156666efac1d3a44795bb6358bf083593cbe02e443dcc638206ff55323aa4c,,,0,
Library/QHTM_FullSource1967/bin/bg.jpg,third-party/middleware,unclassified/non-code,15910,bd0ded97b4bf9e70b3fb4a4b57913f749220365c17dcce0dcdf2d9923a695412,,,0,
Library/QHTM_FullSource1967/bin/bg2.jpg,third-party/middleware,unclassified/non-code,145422,1734235ba84fd0034b3aa637d22dcce978527923a25840cca9eb757060f262b5,,,0,
Library/QHTM_FullSource1967/bin/DataSource.lib,third-party/middleware,unclassified/non-code,14010,42eac15e87991589fb1d8651380c9e4e8ae09d4249ed119c00209fab40a1c93a,,,0,
Library/QHTM_FullSource1967/bin/DataSourceD.lib,third-party/middleware,unclassified/non-code,92906,e1012d500be0c25c31e159b3da6a4a9bb0c2a46c8817ba5e351d9a3f1d226a9c,,,0,
Library/QHTM_FullSource1967/bin/DataSourceU.lib,third-party/middleware,unclassified/non-code,14106,41e34f1845fb5d46a6edc75134a4c215e5ebf7f29e698caea2be7f2206554fe7,,,0,
Library/QHTM_FullSource1967/bin/DebugHlp.lib,third-party/middleware,unclassified/non-code,16546,c2d18057f79212fdeb303be236ef7675cfcb9f0cb13ac28184c1fe7ce44c7ecd,,,0,
Library/QHTM_FullSource1967/bin/DebugHlpd.lib,third-party/middleware,unclassified/non-code,96330,b96698df4381dff6646a97912a8153235d33bf31b7e93b2dd844ddc1d48e1cee,,,0,
Library/QHTM_FullSource1967/bin/DebugHlpU.lib,third-party/middleware,unclassified/non-code,16580,9ba76175d782e9d26f7377e2c2fa9f75b700e693c3ed6ca29816b44fe35a9ada,,,0,
Library/QHTM_FullSource1967/bin/fonts.html,third-party/middleware,unclassified/non-code,1618,2901f8312183a22344c8e7768b7f06a2213f14c93a30668df790ddf5ce3b2203,,qhtm sdk/test/test files/misc/fonts.html,0,
Library/QHTM_FullSource1967/bin/guitools.lib,third-party/middleware,unclassified/non-code,101048,9368e64069407d878c7db2a62563a730421940fb99ded87b2bc07b921cdfce47,,,0,
Library/QHTM_FullSource1967/bin/guitoolsD.lib,third-party/middleware,unclassified/non-code,646518,4c1b314768a7382b03aaaecf3dce38f498d9e0d0e22c7e2d0ce4f692aea486d5,,,0,
Library/QHTM_FullSource1967/bin/guitoolsU.lib,third-party/middleware,unclassified/non-code,111154,825d1ce3e56ab963dd082f3939673df09a95b6fcc93c6078dbd44e9ef8768678,,,0,
Library/QHTM_FullSource1967/bin/Headings.html,third-party/middleware,unclassified/non-code,306,a743ad00b57429f9a40366db2da4d7bdddb33da318c8e5d277f38619b308f327,,qhtm sdk/test/test files/misc/headings.html,0,
Library/QHTM_FullSource1967/bin/hyperlink.html,third-party/middleware,unclassified/non-code,1430,d67a13a372361a7c83f15766cbb198b74f2670c1f9e8003c3547f9c7521ef6da,,,0,
Library/QHTM_FullSource1967/bin/images.html,third-party/middleware,unclassified/non-code,2713,c73829345206d48126e7e1af1a90d7a0a6c584718e9b75a5a3180f619494d8fc,,,0,
Library/QHTM_FullSource1967/bin/ImgLib.lib,third-party/middleware,unclassified/non-code,382246,bc6965074012c623a8c617874ad0e3ede91787aa13194a1acc9aa6a437fb7a38,,,0,
Library/QHTM_FullSource1967/bin/ImgLibD.lib,third-party/middleware,unclassified/non-code,723484,d8ea296f3b09b975e327682b9de7d9b633bc120cf47e07afe9722496dab65a7e,,,0,
Library/QHTM_FullSource1967/bin/ImgLibU.lib,third-party/middleware,unclassified/non-code,383180,5f44cb35c8cc889d521cd420134cfd99e69b8c709c3b64b834c2fa71a269c450,,,0,
Library/QHTM_FullSource1967/bin/jpeglib.lib,third-party/middleware,unclassified/non-code,232924,4eb5962e48d2f0bb140ad64a8b3c73d00fb4514e83fc481d7df6e3bcd74980fb,,,0,
Library/QHTM_FullSource1967/bin/jpeglibD.lib,third-party/middleware,unclassified/non-code,185084,b48eb0a8be66024b42a96c6c25067f5efbcf8e8c4d92e6b471dfee288e03670a,,,0,
Library/QHTM_FullSource1967/bin/jpeglibU.lib,third-party/middleware,unclassified/non-code,233678,ea81b1bf8982266843025e1ae7e5e4119e7ebc8d9c17d43f4a8c668a667abf66,,,0,
Library/QHTM_FullSource1967/bin/libpng.lib,third-party/middleware,unclassified/non-code,329360,f7ba17a41453bd7def77f19fae1049d4fc60900d749656952e5fc266ddcf0ea8,,,0,
Library/QHTM_FullSource1967/bin/libpngD.lib,third-party/middleware,unclassified/non-code,654802,8e119b543506b85447b8137655b1202c5b675e46f86e6bd6a2ccb886122337cd,,,0,
Library/QHTM_FullSource1967/bin/libpngU.lib,third-party/middleware,unclassified/non-code,329678,b0e56af2beae63efb704f29cdb08a2a3b98e1fc93ed98dca2ee947dc8a24453b,,,0,
Library/QHTM_FullSource1967/bin/lists.html,third-party/middleware,unclassified/non-code,610,8ec7f021e2090075bc033be3980a44a6665452de0080b8c2d9f60cf8d9cd7f43,,,0,
Library/QHTM_FullSource1967/bin/none.gif,third-party/middleware,unclassified/non-code,49,8f69e10876805b747a3ad08a818d46ac7e731b1af417ea6e259d9b6b7deb65c5,,,0,
Library/QHTM_FullSource1967/bin/QHTM.dll,third-party/middleware,unclassified/non-code,364626,349d87c7033bd4479c600f007ff4c906ca14b5f08996ae6c4f3078deb7093b57,,,0,
Library/QHTM_FullSource1967/bin/QHTM.exp,third-party/middleware,unclassified/non-code,2958,1a9adfcabfa018ddd1a1f08ee20d123d283ac5dd0ae11fc1a09545c38e026391,,,0,
Library/QHTM_FullSource1967/bin/QHTM.lib,third-party/middleware,unclassified/non-code,10942,9128b76be18d06fcaae64659b91e9c5212c7d0ad94cce73f3123e7c727bce7c3,,,0,
Library/QHTM_FullSource1967/bin/QHTM.pdb,generated/build artifact,unclassified/non-code,427008,6b2253d5b39cc9cb049cbec5df6529813cb091cdf65f3cd3d6de5f6c9df1bd01,,,0,
Library/QHTM_FullSource1967/bin/QHTMd.dll,third-party/middleware,unclassified/non-code,1437779,ce07bf79dcfacdbc8a633f9d6949914c6870605034410510998e5285b72afe88,,,0,
Library/QHTM_FullSource1967/bin/QHTMd.exp,third-party/middleware,unclassified/non-code,2958,91be439d82206dd33c9bec0cabd37ebdd683411cabcf1acdf578e1e373f7608b,,,0,
Library/QHTM_FullSource1967/bin/QHTMd.ilk,generated/build artifact,unclassified/non-code,1582500,5e6e0372c0013d8fc4bcf63de65daa0eda2c21e7a645a8d593ce6467a94f7d38,,,0,
Library/QHTM_FullSource1967/bin/QHTMd.lib,third-party/middleware,unclassified/non-code,10942,5f1d575b655f4621c510337d5f5dc5a31e44648526f40c0619470d3599b61cb9,,,0,
Library/QHTM_FullSource1967/bin/QHTMd.pdb,generated/build artifact,unclassified/non-code,2728960,d7bf655c9e60796944134ccd679f938c8d8724a7e10cbf961eec8b1539995173,,,0,
Library/QHTM_FullSource1967/bin/QHTMU.dll,third-party/middleware,unclassified/non-code,421888,1c6fefb7f3697154f712c72ab4115f9eddf6ee88ae9f4f8169608d3840049ebe,,,0,
Library/QHTM_FullSource1967/bin/QHTMU.exp,third-party/middleware,unclassified/non-code,2960,f2d34397a971407542a6cf52addeb77e70a59def6b42ebf6f3914b3a18beea3e,,,0,
Library/QHTM_FullSource1967/bin/QHTMU.lib,third-party/middleware,unclassified/non-code,10970,31b86a148e8e08379b65a386da39a66dac0c710ba66770143f1d8ced33f2e469,,,0,
Library/QHTM_FullSource1967/bin/styles.html,third-party/middleware,unclassified/non-code,644,fa00f0e3a700962f7aad9ca25997a964082b0466f8c0e44aa9fc1e8f48921314,,qhtm sdk/test/test files/misc/styles.html,0,
Library/QHTM_FullSource1967/bin/tables.html,third-party/middleware,unclassified/non-code,2696,2cb8f3644b290a2b3dcf7f790e1a82209af90b28d76e21992a79b45de17aa509,,,0,
Library/QHTM_FullSource1967/bin/TITLE.gif,third-party/middleware,unclassified/non-code,4096,2703cf0012eb175114b85862714cd495ad78ac780e4ae03a25026e81767f2b3e,,,0,
Library/QHTM_FullSource1967/bin/title.jpg,third-party/middleware,unclassified/non-code,20416,29447b96e5d05084264a149d1cea7e1dde175e2df3e544cf332c2952adb81e43,,,0,
Library/QHTM_FullSource1967/bin/tw11.HTML,third-party/middleware,unclassified/non-code,1718,7e0aca5a7ab9200eb03a37f27f8bbf0fce45261f0e4fb5d34554ff1088237770,,,0,
Library/QHTM_FullSource1967/bin/welcome.html,third-party/middleware,unclassified/non-code,1317,f3b1d336a0d4ee071180f728e8df07b71443f2e05021ff1ed4154f769ca9d69d,,qhtm sdk/test/test files/misc/welcome.html,0,
Library/QHTM_FullSource1967/bin/ZLib.lib,third-party/middleware,unclassified/non-code,82204,75d41f98cb34c02b6d7fd91a574a801513abc349ef1311ed45c24f39de96a2e0,,,0,
Library/QHTM_FullSource1967/bin/ZLibD.lib,third-party/middleware,unclassified/non-code,180876,dc886ea99dd4c65a6f4a81c8abe39d119246070d797944ceb35c1aaf9b2ec690,,,0,
Library/QHTM_FullSource1967/bin/ZLibU.lib,third-party/middleware,unclassified/non-code,82268,c9c4aebefba12026e15f6a470d2681d2352b8a3faf50298aa01e21c064ddce45,,,0,
Library/QHTM_FullSource1967/components/array.h,third-party/middleware,normal player dependency,3538,46bdecbe87d8c5a91042a941833c74cfe0727a96071dcf04996d8e3850bfbbe7,,,0,
Library/QHTM_FullSource1967/components/array.inl,third-party/middleware,normal player dependency,5045,2c0245d016b23209bd377f87f1d63e100b224b82a8c961c0a4a6ad19906916cf,,,1,Library/QHTM_FullSource1967/components/array.h
Library/QHTM_FullSource1967/components/common.h,third-party/middleware,normal player dependency,586,03f7e61bd97dd9d01d9755731ab57519fed30ec5c50933b0ff3c8af5c6650d68,,audio_sdk/asorg/include/AudioLib/Common.h;audio_sdk/include/AudioLib/Common.h;audio_sdk/src/AudioLib/include/AudioLib/Common.h,0,
Library/QHTM_FullSource1967/components/datasource/bufferdatasource.cpp,third-party/middleware,normal player dependency,1407,e875e4632ef2b4205bfa0ac0d567c4831a7debbc62007636532dc9a85c8a6caf,,,0,
Library/QHTM_FullSource1967/components/datasource/bufferdatasource.h,third-party/middleware,normal player dependency,1066,0307169183d94ec8a1318a802fb39209246f5ba0fbf9c6068c1e246af524d212,,,2,Library/QHTM_FullSource1967/components/datasource/bufferdatasource.cpp;Library/QHTM_FullSource1967/components/datasource/resourcedatasource.h
Library/QHTM_FullSource1967/components/datasource/DataSource.dsp,third-party/middleware,unclassified/non-code,5832,5178df0a4175415c7f16847a953e12b2ac7fadd48532f7cf0eea4ce08740aa41,,,0,
Library/QHTM_FullSource1967/components/datasource/DataSource___Win32_Release_Unicode/BufferDataSource.obj,generated/build artifact,unclassified/non-code,3365,a732a2be83ba4764df8ee84224af7c707f85136389b5a77a748d134d569b1586,,,0,
Library/QHTM_FullSource1967/components/datasource/DataSource___Win32_Release_Unicode/DataSource.pch,third-party/middleware,unclassified/non-code,1870984,2d6b79b86900aaa04f13173d808e7b13f291278419581529cd6f3b5b80393de1,,,0,
Library/QHTM_FullSource1967/components/datasource/DataSource___Win32_Release_Unicode/DataSourceABC.obj,generated/build artifact,unclassified/non-code,642,35b6dbc811a582e5a6c053c802dbb29cde9cb240bd32826a3ee3d846161859a8,,,0,
Library/QHTM_FullSource1967/components/datasource/DataSource___Win32_Release_Unicode/FileDataSource.obj,generated/build artifact,unclassified/non-code,3837,44530ac9b0e0d42bfd3d3ffce0f38c2464dc41d03a32b199a6cfeedd351f44e0,,,0,
Library/QHTM_FullSource1967/components/datasource/DataSource___Win32_Release_Unicode/ResourceDataSource.obj,generated/build artifact,unclassified/non-code,2895,6bc07d6a68a4c88997289d29f85f218dd6fdc9643e0f580f6233403dd537856f,,,0,
Library/QHTM_FullSource1967/components/datasource/DataSource___Win32_Release_Unicode/StdAfx.obj,generated/build artifact,unclassified/non-code,284,714fb795a00e0402091dbd9b040e94f772d0dc9916a27f2e6927eb2c49683480,,SetRegistry/Release/StdAfx.obj;XFileTransfer/Release/StdAfx.obj;XLauncher/Release/StdAfx.obj;XPacker/Release/StdAfx.obj;XPatch/Release/StdAfx.obj,0,
Library/QHTM_FullSource1967/components/datasource/DataSource___Win32_Release_Unicode/vc60.idb,generated/build artifact,unclassified/non-code,41984,48848b295524cc9c74569104d761ce5c8646de9d42d773b1754d2460edcfe7d5,,Compiled/KR/release_gm/XGamebase/vc60.idb;Compiled/KR/release_gm/XKernel/vc60.idb;Compiled/TH/release_gm/XGamebase/vc60.idb;Compiled/TH/release_gm/XKernel/vc60.idb,0,
Library/QHTM_FullSource1967/components/datasource/datasourceabc.cpp,third-party/middleware,normal player dependency,688,62c2847021b5e3192ddf6cb91220207c74faef034747a0134b32c24822252c63,,,0,
Library/QHTM_FullSource1967/components/datasource/datasourceabc.h,third-party/middleware,normal player dependency,1198,6bf3a5957fe70dfe383333e58546afef7758f5111e43e67320e3ffccd4d3774f,,,3,Library/QHTM_FullSource1967/components/datasource/bufferdatasource.h;Library/QHTM_FullSource1967/components/datasource/datasourceabc.cpp;Library/QHTM_FullSource1967/components/datasource/filedatasource.h
Library/QHTM_FullSource1967/components/datasource/Debug/BufferDataSource.obj,generated/build artifact,unclassified/non-code,9412,4e62d38673159b9034946184a19184ff93bde31060618ef4371d89369d5e84fe,,,0,
Library/QHTM_FullSource1967/components/datasource/Debug/DataSource.pch,generated/build artifact,unclassified/non-code,1988204,f0638a446d53daf9160397417dfcee707ef4c1a05d1dee2324e5de9733fa139e,,,0,
Library/QHTM_FullSource1967/components/datasource/Debug/DataSourceABC.obj,generated/build artifact,unclassified/non-code,2846,2d7dee4b6cd3c63a442ecf45fd44571385c3e13a1d11f0b88ab7b24fb59f714b,,,0,
Library/QHTM_FullSource1967/components/datasource/Debug/FileDataSource.obj,generated/build artifact,unclassified/non-code,12170,5f5ad892ecf42cb36f4da486299aca3e057562e75e81a56df922fec5bcb0ef3d,,,0,
Library/QHTM_FullSource1967/components/datasource/Debug/ResourceDataSource.obj,generated/build artifact,unclassified/non-code,8038,6adb7f4e69fad1c4d2fdda0353699ed100c8ed076bdc6f51db33dd343a630874,,,0,
Library/QHTM_FullSource1967/components/datasource/Debug/StdAfx.obj,generated/build artifact,unclassified/non-code,56096,5a65b21283ebb7a0d2acf7e542ab68f2696f7105ee0b532b06f7d0846d30a799,,SetRegistry/Release/StdAfx.obj;XFileTransfer/Release/StdAfx.obj;XLauncher/Release/StdAfx.obj;XPacker/Release/StdAfx.obj;XPatch/Release/StdAfx.obj,0,
Library/QHTM_FullSource1967/components/datasource/Debug/vc60.idb,generated/build artifact,unclassified/non-code,91136,1da7810fab8d4763bf750d0a5fd58312273ba56eac9286c12079fcb926dc7179,,Compiled/KR/release_gm/XGamebase/vc60.idb;Compiled/KR/release_gm/XKernel/vc60.idb;Compiled/TH/release_gm/XGamebase/vc60.idb;Compiled/TH/release_gm/XKernel/vc60.idb,0,
Library/QHTM_FullSource1967/components/datasource/Debug/vc60.pdb,generated/build artifact,unclassified/non-code,184320,4b7927e74d0ecaaa86e76e2ddc217be7df0a043b6b33235c5764de9c3496fb2c,,Compiled/KR/release_gm/XGamebase/vc60.pdb;Compiled/KR/release_gm/XKernel/vc60.pdb;Compiled/TH/release_gm/XGamebase/vc60.pdb;Compiled/TH/release_gm/XKernel/vc60.pdb,0,
Library/QHTM_FullSource1967/components/datasource/filedatasource.cpp,third-party/middleware,normal player dependency,1819,569dd1163c4ac4249ed72755cdf92530ca44b9b96136bb320d756374faffa24f,,,0,
Library/QHTM_FullSource1967/components/datasource/filedatasource.h,third-party/middleware,normal player dependency,936,cc87da826f22742af3a0d29589a03bcfc4d635ae401873eaa071ab20032ce72c,,,1,Library/QHTM_FullSource1967/components/datasource/filedatasource.cpp
Library/QHTM_FullSource1967/components/datasource/readme.txt,third-party/middleware,unclassified/non-code,859,edee682be270dcf31a7e73998d8418ec2dfe9c4a3629bfa61aeb7bb59abc475a,,ReadMe.txt;SetRegistry/ReadMe.txt;SetRegistry/SetRegistry/ReadMe.txt;XFControl/Win32/ReadMe.txt;XFileTransfer/ReadMe.txt;XLauncher/ReadMe.txt;XPacker/ReadMe.txt;XPatch/ReadMe.txt;qhtm sdk/qhtm static link/readme.txt;qhtm sdk/test/readme.txt,0,
Library/QHTM_FullSource1967/components/datasource/Release/BufferDataSource.obj,generated/build artifact,unclassified/non-code,3364,c94acff2cf9cad0d072e067d6edf40bda970961da49a571f6c08b6cbc9d28398,,,0,
Library/QHTM_FullSource1967/components/datasource/Release/DataSource.pch,generated/build artifact,unclassified/non-code,1860372,2e19accf06f0bbc2f774604de518d9beecccbf7c315e2a5d2d59ad0907d3534d,,,0,
Library/QHTM_FullSource1967/components/datasource/Release/DataSourceABC.obj,generated/build artifact,unclassified/non-code,641,6a5a14b380aca74ddd8fe10050ac5272a839516ff9473143f525b2ddb0264a42,,,0,
Library/QHTM_FullSource1967/components/datasource/Release/FileDataSource.obj,generated/build artifact,unclassified/non-code,3923,86512a0c0d8d34e0fea662d7aff879ef1ffb66ea8b0405a83daed322ed598d3e,,,0,
Library/QHTM_FullSource1967/components/datasource/Release/ResourceDataSource.obj,generated/build artifact,unclassified/non-code,2894,121ea1b169613fb263b24288dafc843540006a5a3f3d87b0b478f1b68091bad4,,,0,
Library/QHTM_FullSource1967/components/datasource/Release/StdAfx.obj,generated/build artifact,unclassified/non-code,266,6c8abd0c94f87ee45c3a9f6a0574561ded8cc98c5c81f733c3a91669710a2e12,,SetRegistry/Release/StdAfx.obj;XFileTransfer/Release/StdAfx.obj;XLauncher/Release/StdAfx.obj;XPacker/Release/StdAfx.obj;XPatch/Release/StdAfx.obj,0,
Library/QHTM_FullSource1967/components/datasource/Release/vc60.idb,generated/build artifact,unclassified/non-code,41984,c43838f72780364fd5b0075d8c749065b28e441e9c835a654c0e1ac829125261,,Compiled/KR/release_gm/XGamebase/vc60.idb;Compiled/KR/release_gm/XKernel/vc60.idb;Compiled/TH/release_gm/XGamebase/vc60.idb;Compiled/TH/release_gm/XKernel/vc60.idb,0,
Library/QHTM_FullSource1967/components/datasource/resourcedatasource.cpp,third-party/middleware,normal player dependency,1296,30527349b3217275067c87a67e56ebbd7a793beb454b372031ba95bf84aa5b98,,,0,
Library/QHTM_FullSource1967/components/datasource/resourcedatasource.h,third-party/middleware,normal player dependency,1011,0c6fa5df7f20039cb617960c3367026dc392f57a25bf20320a8b8e2118068468,,,1,Library/QHTM_FullSource1967/components/datasource/resourcedatasource.cpp
Library/QHTM_FullSource1967/components/datasource/stdafx.cpp,third-party/middleware,normal player dependency,202,091e39f89e7aa51a5280879c8ccfeb5925d2aa62d664325dca98da8f2d8ccea7,,SetRegistry/SetRegistry/StdAfx.cpp;SetRegistry/StdAfx.cpp;StdAfx.cpp;XFControl/StdAfx.cpp;XFileTransfer/StdAfx.cpp;XLauncher/StdAfx.cpp;XPacker/StdAfx.cpp;XPatch/StdAfx.cpp;qhtm sdk/qhtm static link/stdafx.cpp;qhtm sdk/stdafx.cpp;qhtm sdk/test/stdafx.cpp,0,
Library/QHTM_FullSource1967/components/datasource/stdafx.h,third-party/middleware,normal player dependency,769,7697899c0cbaede0bdbccf0587b849c62ca3b3f1c4027edbb47fa422e11cb62c,,SetRegistry/SetRegistry/StdAfx.h;SetRegistry/StdAfx.h;StdAfx.h;XFControl/StdAfx.h;XFileTransfer/StdAfx.h;XLauncher/StdAfx.h;XPacker/StdAfx.h;XPatch/StdAfx.h;qhtm sdk/qhtm static link/stdafx.h;qhtm sdk/stdafx.h;qhtm sdk/test/stdafx.h,5,Library/QHTM_FullSource1967/components/datasource/bufferdatasource.cpp;Library/QHTM_FullSource1967/components/datasource/datasourceabc.cpp;Library/QHTM_FullSource1967/components/datasource/filedatasource.cpp;Library/QHTM_FullSource1967/components/datasource/resourcedatasource.cpp;Library/QHTM_FullSource1967/components/datasource/stdafx.cpp
Library/QHTM_FullSource1967/components/debughlp/apifailure.cpp,third-party/middleware,normal player dependency,3139,dc8feadec581d5e374e0fca21cf630d53147b854194bc1f56c915d8cdb34de83,,,0,
Library/QHTM_FullSource1967/components/debughlp/assertfailed.cpp,third-party/middleware,normal player dependency,2567,05dc8b8f252e9f9ca85b8287a8f2dcc8968fb44fc3d4b804ad9ad4485f7c5c04,,,0,
Library/QHTM_FullSource1967/components/debughlp/debughlp.cpp,third-party/middleware,normal player dependency,1911,6fb8f6307fc993ea0a817cc990afb94613b7e968745281eafe27f3b1341de194,,,0,
Library/QHTM_FullSource1967/components/debughlp/DebugHlp.dsp,third-party/middleware,unclassified/non-code,5846,fe3bf2fd52ece09e7bb1476bf3b90583ddb9d0f4d6741ab68cdbd523a7e839bc,,,0,
Library/QHTM_FullSource1967/components/debughlp/debughlp.h,third-party/middleware,normal player dependency,6277,0f1ea484c4daeedf3014b943a8345fd68505104871ab2b9586bf2650c39d7935,,,12,Library/QHTM_FullSource1967/components/debughlp/apifailure.cpp;Library/QHTM_FullSource1967/components/debughlp/assertfailed.cpp;Library/QHTM_FullSource1967/components/debughlp/debughlp.cpp;Library/QHTM_FullSource1967/components/debughlp/trace.cpp;Library/QHTM_FullSource1967/components/guitools/palette.cpp;Library/QHTM_FullSource1967/components/platform/platform.h;Library/QHTM_FullSource1967/components/qhtm/aquireimage.cpp;Library/QHTM_FullSource1967/components/qhtm/decodecharset.cpp;Library/QHTM_FullSource1967/components/qhtm/getfontsizeaspixels.cpp;Library/QHTM_FullSource1967/components/qhtm/htmlparsebase.cpp;Library/QHTM_FullSource1967/components/qhtm/simplestring.cpp;Library/QHTM_FullSource1967/components/qhtm/tablelayout.cpp
Library/QHTM_FullSource1967/components/debughlp/readme.txt,third-party/middleware,unclassified/non-code,2861,9691c274c69071b7ca42b0321f6a6afc4ed0071e60f19d957523733e753f32be,,ReadMe.txt;SetRegistry/ReadMe.txt;SetRegistry/SetRegistry/ReadMe.txt;XFControl/Win32/ReadMe.txt;XFileTransfer/ReadMe.txt;XLauncher/ReadMe.txt;XPacker/ReadMe.txt;XPatch/ReadMe.txt;qhtm sdk/qhtm static link/readme.txt;qhtm sdk/test/readme.txt,0,
Library/QHTM_FullSource1967/components/debughlp/Release/ApiFailure.obj,generated/build artifact,unclassified/non-code,1775,ace1986af6563f97128e680ca0b10f0dfdca5e329f8f418c22925868d3ff266f,,,0,
Library/QHTM_FullSource1967/components/debughlp/Release/AssertFailed.obj,generated/build artifact,unclassified/non-code,1582,356bda938184f7d6d7a16c98842c0bc2f0a2f51f618cf1556d54936a403fe3a5,,,0,
Library/QHTM_FullSource1967/components/debughlp/Release/DebugHlp.obj,generated/build artifact,unclassified/non-code,443,b7768216e98a7b3ff765cbabdd3818b03d604b0cb22b74f36fe6b9f528b7cd29,,,0,
Library/QHTM_FullSource1967/components/debughlp/Release/DebugHlp.pch,generated/build artifact,unclassified/non-code,1889600,eb9dc8eec59cd18f7a495fcda5cd3b4044d5196901cf54567f7ae3288ce1af9b,,,0,
Library/QHTM_FullSource1967/components/debughlp/Release/StdAfx.obj,generated/build artifact,unclassified/non-code,266,d5a3b836926e379f83da4c36562be2999f050c0518686c8f19b620122de639d5,,SetRegistry/Release/StdAfx.obj;XFileTransfer/Release/StdAfx.obj;XLauncher/Release/StdAfx.obj;XPacker/Release/StdAfx.obj;XPatch/Release/StdAfx.obj,0,
Library/QHTM_FullSource1967/components/debughlp/Release/Trace.obj,generated/build artifact,unclassified/non-code,8268,4548509ae2a181bc53a5a954d298a99c91374fdc432ac8ee563c285f13aa31b2,,,0,
Library/QHTM_FullSource1967/components/debughlp/Release/vc60.idb,generated/build artifact,unclassified/non-code,50176,bad989362d6be645c647419322072bddc2976de8eca2deb18d1887d54c748667,,Compiled/KR/release_gm/XGamebase/vc60.idb;Compiled/KR/release_gm/XKernel/vc60.idb;Compiled/TH/release_gm/XGamebase/vc60.idb;Compiled/TH/release_gm/XKernel/vc60.idb,0,
Library/QHTM_FullSource1967/components/debughlp/Release/vmalprintf.obj,generated/build artifact,unclassified/non-code,1275,38dcfe765a10b674ef38f836f629d28efa4c42768b231e58ffe117f7f41b09ce,,,0,
Library/QHTM_FullSource1967/components/debughlp/stdafx.cpp,third-party/middleware,normal player dependency,287,aab907ada4f9c19daf936ba9c1be2b8974d8627a932cfe80d46710c039d43cb2,,SetRegistry/SetRegistry/StdAfx.cpp;SetRegistry/StdAfx.cpp;StdAfx.cpp;XFControl/StdAfx.cpp;XFileTransfer/StdAfx.cpp;XLauncher/StdAfx.cpp;XPacker/StdAfx.cpp;XPatch/StdAfx.cpp;qhtm sdk/qhtm static link/stdafx.cpp;qhtm sdk/stdafx.cpp;qhtm sdk/test/stdafx.cpp,0,
Library/QHTM_FullSource1967/components/debughlp/stdafx.h,third-party/middleware,normal player dependency,921,dbd8bb8fb81b32c4f387daed2be48bdd8badd4e64e612fbe08faafe8e5e36990,,SetRegistry/SetRegistry/StdAfx.h;SetRegistry/StdAfx.h;StdAfx.h;XFControl/StdAfx.h;XFileTransfer/StdAfx.h;XLauncher/StdAfx.h;XPacker/StdAfx.h;XPatch/StdAfx.h;qhtm sdk/qhtm static link/stdafx.h;qhtm sdk/stdafx.h;qhtm sdk/test/stdafx.h,6,Library/QHTM_FullSource1967/components/debughlp/apifailure.cpp;Library/QHTM_FullSource1967/components/debughlp/assertfailed.cpp;Library/QHTM_FullSource1967/components/debughlp/debughlp.cpp;Library/QHTM_FullSource1967/components/debughlp/stdafx.cpp;Library/QHTM_FullSource1967/components/debughlp/trace.cpp;Library/QHTM_FullSource1967/components/debughlp/vmalprintf.cpp
Library/QHTM_FullSource1967/components/debughlp/trace.cpp,third-party/middleware,normal player dependency,5930,dbdb18899729b8bfd36b179124891eb60bacc00698b6a374b5aab5ae33f82606,,,0,
Library/QHTM_FullSource1967/components/debughlp/vmalprintf.cpp,third-party/middleware,normal player dependency,2697,7289cb227fab04307c5991fa698a262d0a5b5a20f6f8d6553b9d4cfe084371ee,,,0,
Library/QHTM_FullSource1967/components/guitools/compatibledc.h,third-party/middleware,normal player dependency,682,77f2bbae0a3cf39948ff1dd0787cf63c5cfdecc4dcf216bfd700a85831b6658d,,,3,Library/QHTM_FullSource1967/components/guitools/dib.cpp;Library/QHTM_FullSource1967/components/guitools/dibcreatecopy.cpp;Library/QHTM_FullSource1967/components/guitools/dibdrawbitmapontous.cpp
Library/QHTM_FullSource1967/components/guitools/createroundcornerregion.cpp,third-party/middleware,normal player dependency,1504,e13ebf01170443e45feaab97236eaae1a65964ce992e5364cf45012ca0aea632,,,0,
Library/QHTM_FullSource1967/components/guitools/dib.cpp,third-party/middleware,normal player dependency,10659,d929b8cc335863ac1074328a31abfe72c3aa2ba7a1f6829ad123f6b3fce23810,,XLauncher/Dib.cpp;XPatch/Dib.cpp,0,
Library/QHTM_FullSource1967/components/guitools/dib.h,third-party/middleware,normal player dependency,3798,d0704ae62e6d5f875c7cbd5c3efd8e84f540dac93413a37a0fe2ac58ce346542,,XLauncher/DIB.h;XPatch/DIB.h,23,Library/QHTM_FullSource1967/components/guitools/dib.cpp;Library/QHTM_FullSource1967/components/guitools/dibalphablend.cpp;Library/QHTM_FullSource1967/components/guitools/dibblur.cpp;Library/QHTM_FullSource1967/components/guitools/dibcleartocolour.cpp;Library/QHTM_FullSource1967/components/guitools/dibconverttograyscale.cpp;Library/QHTM_FullSource1967/components/guitools/dibcreatecopy.cpp;Library/QHTM_FullSource1967/components/guitools/dibcreateregionfromtransparency.cpp;Library/QHTM_FullSource1967/components/guitools/dibcreateresized.cpp;Library/QHTM_FullSource1967/components/guitools/dibdrawbitmapontous.cpp;Library/QHTM_FullSource1967/components/guitools/dibdrawline.cpp;Library/QHTM_FullSource1967/components/guitools/dibdrawtransparent.cpp;Library/QHTM_FullSource1967/components/guitools/dibdrawwithalphachannel.cpp;Library/QHTM_FullSource1967/components/guitools/dibfillrect.cpp;Library/QHTM_FullSource1967/components/guitools/dibgetpixel.cpp;Library/QHTM_FullSource1967/components/guitools/dibgradientfilllefttoright.cpp;Library/QHTM_FullSource1967/components/guitools/dibgradientfilltoptobottom.cpp;Library/QHTM_FullSource1967/components/guitools/dibputpixel.cpp;Library/QHTM_FullSource1967/components/guitools/dibputpixelblend.cpp;Library/QHTM_FullSource1967/components/guitools/dibrectangle.cpp;Library/QHTM_FullSource1967/components/guitools/dibsetcolourtransparent.cpp;Library/QHTM_FullSource1967/components/guitools/drawbitmapshadow.cpp;Library/QHTM_FullSource1967/components/guitools/drawcontext.h;Library/QHTM_FullSource1967/components/guitools/guitools.h
Library/QHTM_FullSource1967/components/guitools/dibalphablend.cpp,third-party/middleware,normal player dependency,1941,576377dc46494596d56053fd616d6abd102f7e522a0e8a81b9629cc3e135805b,,,0,
Library/QHTM_FullSource1967/components/guitools/dibblur.cpp,third-party/middleware,normal player dependency,1507,11a9aa640f887099ff7d00d31852c511fd1d24ceeeec9e9e7586d0c10d3b39cf,,,0,
Library/QHTM_FullSource1967/components/guitools/dibcleartocolour.cpp,third-party/middleware,normal player dependency,849,1d98ad721354481911993cefc54748f8588b19bb01ee9281d9e8f7d64169d277,,,0,
Library/QHTM_FullSource1967/components/guitools/dibconverttograyscale.cpp,third-party/middleware,normal player dependency,1049,901c36fc98dffc63b8add01b055a33cf2a22f95052c0f07cc53e6eb07b32ba8e,,,0,
Library/QHTM_FullSource1967/components/guitools/dibcreatecopy.cpp,third-party/middleware,normal player dependency,1162,fe23c59633013f784351211ff648fe0de915768f05b3db8d339fe2d4d91aecf9,,,0,
Library/QHTM_FullSource1967/components/guitools/dibcreateregionfromtransparency.cpp,third-party/middleware,normal player dependency,1322,8366dfc65ee1d066fe07a5591215dc4ba8a76aecae021135cf7010ffd9aa1264,,,0,
Library/QHTM_FullSource1967/components/guitools/dibcreateresized.cpp,third-party/middleware,normal player dependency,7016,a8d5eec0f1216c6d84829e6c165d403555549a55b9ad4b5d16dab728918f262e,,,0,
Library/QHTM_FullSource1967/components/guitools/dibdrawbitmapontous.cpp,third-party/middleware,normal player dependency,1028,a5768e4545832c398948d73854a623ae1a5df21000fc97f2bb0d16400666d285,,,0,
Library/QHTM_FullSource1967/components/guitools/dibdrawline.cpp,third-party/middleware,normal player dependency,2670,46e8b514ed3ca62e100b7c0fa3bf1490249338019e3358ab1ef27879318dc6a0,,,0,
Library/QHTM_FullSource1967/components/guitools/dibdrawtransparent.cpp,third-party/middleware,normal player dependency,1309,c279fe94861c4371ac23adccd3e97d32af7f2a60c8c47e88d7f6584957a840eb,,,0,
Library/QHTM_FullSource1967/components/guitools/dibdrawwithalphachannel.cpp,third-party/middleware,normal player dependency,1282,96218bed41bf4f1e8953a39a59ee390b62af789dc24247941f55655ed1a2a097,,,0,
Library/QHTM_FullSource1967/components/guitools/dibfillrect.cpp,third-party/middleware,normal player dependency,1447,93232a6d3bd00b896cddbf440486a62a5019e1303af260afb2cec57cd16b9f59,,,0,
Library/QHTM_FullSource1967/components/guitools/dibgetpixel.cpp,third-party/middleware,normal player dependency,816,fbf9a18882c257d029d9117fe82a4fad3feb936b8156a4def23abd483e1246c2,,,0,
Library/QHTM_FullSource1967/components/guitools/dibgradientfilllefttoright.cpp,third-party/middleware,normal player dependency,1271,d87783f1b9c2dde62fd0018a3ee2a9f9b27a6f9b28c8e0e25c138d415bfa6d8b,,,0,
Library/QHTM_FullSource1967/components/guitools/dibgradientfilltoptobottom.cpp,third-party/middleware,normal player dependency,1700,15fce849a9dfc6550e9297a10b3172ef17cee85e133714da54edb4f981df94af,,,0,
Library/QHTM_FullSource1967/components/guitools/dibputpixel.cpp,third-party/middleware,normal player dependency,783,33a4db1467db18f2b570e4643027d5629f98385b408c54614793174bc5c462ba,,,0,
Library/QHTM_FullSource1967/components/guitools/dibputpixelblend.cpp,third-party/middleware,normal player dependency,1056,0b7bff02d7a3adb11dae31a8406cafc4119208bccc57d02579a2af3b146b1b49,,,0,
Library/QHTM_FullSource1967/components/guitools/dibrectangle.cpp,third-party/middleware,normal player dependency,1672,7c8101ac9fee693bf425d8aa42af270ebe061ecd1d8854b39d69bf20eee6877c,,,0,
Library/QHTM_FullSource1967/components/guitools/dibsetcolourtransparent.cpp,third-party/middleware,normal player dependency,1058,041c55e70c1450a80967b2e4cd6a378f0635873a705280db6346a184dd9d638d,,,0,
Library/QHTM_FullSource1967/components/guitools/drawbitmapshadow.cpp,third-party/middleware,normal player dependency,1988,e6dab0e636c707352124cadccec15005813ee2fed808b7337560e82f3406f79f,,,0,
Library/QHTM_FullSource1967/components/guitools/drawcontext.cpp,third-party/middleware,normal player dependency,16339,8ff6b4e2136a8ebd04c5cf8f8f191c443d3d4f78f490490e8b16b5965ed260b4,,,0,
Library/QHTM_FullSource1967/components/guitools/drawcontext.h,third-party/middleware,normal player dependency,7736,7dab0f0b288dbb3e85d99e6ca3382c5dd281f8c7be1c59c7a53383551ab967c8,,,4,Library/QHTM_FullSource1967/components/guitools/drawcontext.cpp;Library/QHTM_FullSource1967/components/guitools/gradientfill.h;Library/QHTM_FullSource1967/components/guitools/guibaseobject.h;Library/QHTM_FullSource1967/components/guitools/guitools.h
Library/QHTM_FullSource1967/components/guitools/drawcontext.inl,third-party/middleware,normal player dependency,4083,31473976f2092275df449547e9023bd7e20c61a55801c29c560d04eb041fa862,,,1,Library/QHTM_FullSource1967/components/guitools/drawcontext.h
Library/QHTM_FullSource1967/components/guitools/fontdef.h,third-party/middleware,normal player dependency,1475,26faf34816641732c5fbf06be75e2d8050a109eadd08a3d84ba19ef0908805eb,,,1,Library/QHTM_FullSource1967/components/guitools/drawcontext.h
Library/QHTM_FullSource1967/components/guitools/gradientfill.cpp,third-party/middleware,normal player dependency,2583,b47300938dbe49a4925d0b1fe92c621be548221b23ae7093704b9a7d2e3514d4,,,0,
Library/QHTM_FullSource1967/components/guitools/gradientfill.h,third-party/middleware,normal player dependency,1024,50120788f3a1d90ab56a05ec7c1ac082b67753dd8efb3d7a05760d4728b77264,,,1,Library/QHTM_FullSource1967/components/guitools/guitools.h
Library/QHTM_FullSource1967/components/guitools/guibaseobject.cpp,third-party/middleware,normal player dependency,4089,908a12211c2d435ea932eb086861473eb6dbf7147bf6c06df3a3377adf07257c,,,0,
Library/QHTM_FullSource1967/components/guitools/guibaseobject.h,third-party/middleware,normal player dependency,3281,6cd5898840cc90e979678d1682b35564e7955f551e02a76c25c7a729a0b5f622,,,1,Library/QHTM_FullSource1967/components/guitools/guibaseobject.cpp
Library/QHTM_FullSource1967/components/guitools/guibasewindowobject.cpp,third-party/middleware,normal player dependency,7972,f79894f0c8ce00a2872d74b34e871259eff950fc9e477ec87be09b0970051455,,,0,
Library/QHTM_FullSource1967/components/guitools/guibasewindowobject.h,third-party/middleware,normal player dependency,4097,96e568be86af5a9f48ca3beadecbf0b6d4c17d2674334c7e23dec9b0588973b7,,,1,Library/QHTM_FullSource1967/components/guitools/guibasewindowobject.cpp
Library/QHTM_FullSource1967/components/guitools/guihotmixin.h,third-party/middleware,normal player dependency,993,13a6c2d0bdd8da191107ff28a8dbbe1ff2d219091038b0cae050c0f51b59f2a0,,,0,
Library/QHTM_FullSource1967/components/guitools/guitools.dsp,third-party/middleware,unclassified/non-code,8154,d6a1e5f4ebae43ca1f536ea0be3db5529c321d7c3cffff5e5185b2c8c8d7a820,,,0,
Library/QHTM_FullSource1967/components/guitools/guitools.h,third-party/middleware,normal player dependency,1127,087955c2f06864bd0349a870b564ff2abdfde6ad04b1906453c2dfbd3a8aea12,,,3,Library/QHTM_FullSource1967/components/guitools/createroundcornerregion.cpp;Library/QHTM_FullSource1967/components/guitools/gradientfill.cpp;Library/QHTM_FullSource1967/components/guitools/radialgradient.cpp
Library/QHTM_FullSource1967/components/guitools/guitooltip.cpp,third-party/middleware,normal player dependency,2786,8fbf8b07a50fd7c0d9c6551068a8fe0772d22cc052c5c1cf28d60f97f605b279,,,0,
Library/QHTM_FullSource1967/components/guitools/guitooltip.h,third-party/middleware,normal player dependency,971,4fac47af35fc36097300742598be2b1cd028804d98c03a6bb089505a36dcd5e3,,,1,Library/QHTM_FullSource1967/components/guitools/guitooltip.cpp
Library/QHTM_FullSource1967/components/guitools/handlemousewheelregisteredmessage.cpp,third-party/middleware,normal player dependency,2748,5a1732509a825f6e7c33a9354f963a494c0b843b76d5ea2584762889c487eb1b,,qhtm sdk/handlemousewheelregisteredmessage.cpp,0,
Library/QHTM_FullSource1967/components/guitools/palette.cpp,third-party/middleware,normal player dependency,2493,0b6ebbfbcb1feb3cf31a8ee4131108a0918efa1776f955f8e296c85e499845eb,,XFControl/Win32/palette.cpp;XLauncher/FlashCtrl/win32/palette.cpp,0,
Library/QHTM_FullSource1967/components/guitools/palette.h,third-party/middleware,normal player dependency,440,624e685bae348f7253a1d798b5f7ff139e597821bfce0ddb0fe28df94232051c,,XFControl/Win32/palette.h;XLauncher/FlashCtrl/win32/palette.h,3,Library/QHTM_FullSource1967/components/guitools/drawcontext.h;Library/QHTM_FullSource1967/components/guitools/guitools.h;Library/QHTM_FullSource1967/components/guitools/palette.cpp
Library/QHTM_FullSource1967/components/guitools/radialgradient.cpp,third-party/middleware,normal player dependency,2147,ef2c46f1ac96fd48d23de45f9b46d37d8ec3184795792127eb071f7da29d1966,,,0,
Library/QHTM_FullSource1967/components/guitools/readme.txt,third-party/middleware,unclassified/non-code,729,4fe21c468947d5213f5fff4c3e587c5f272062e614f130a9ecfecc0f615486a7,,ReadMe.txt;SetRegistry/ReadMe.txt;SetRegistry/SetRegistry/ReadMe.txt;XFControl/Win32/ReadMe.txt;XFileTransfer/ReadMe.txt;XLauncher/ReadMe.txt;XPacker/ReadMe.txt;XPatch/ReadMe.txt;qhtm sdk/qhtm static link/readme.txt;qhtm sdk/test/readme.txt,0,
Library/QHTM_FullSource1967/components/guitools/Release/CreateRoundCornerRegion.asm,generated/build artifact,unclassified/non-code,7301,6b854ace53448faca8f9827cddba6cfbaad3410379e73605f9af23c2894f9f63,,,0,
Library/QHTM_FullSource1967/components/guitools/Release/CreateRoundCornerRegion.obj,generated/build artifact,unclassified/non-code,1121,7240de4c1a5b88787b1e56d95a0b8d8cad9dcc38a9277bc70aa5715d1be9d5a9,,,0,
Library/QHTM_FullSource1967/components/guitools/Release/CreateRoundCornerRegion.sbr,generated/build artifact,unclassified/non-code,29531,421385632491ed9050da1162ec00266182558ecab0401eb11a2df6ae11b789d4,,,0,
Library/QHTM_FullSource1967/components/guitools/Release/DIB.asm,generated/build artifact,unclassified/non-code,50972,0fade98ea00a2b4a80b33a6d863d2fa2b92bc5e63213a6fa4e704d0f47c019b4,,,0,
Library/QHTM_FullSource1967/components/guitools/Release/DIB.obj,generated/build artifact,unclassified/non-code,7528,01c52756bc1f8437a9916ac59e4d7b50fede65575dc78dcd240f481b0dbf5ae1,,XLauncher/Release/Dib.obj;XPatch/Release/Dib.obj,0,
Library/QHTM_FullSource1967/components/guitools/Release/DIB.sbr,generated/build artifact,unclassified/non-code,27532,58370a5ffab51f2af50bb463925b83fff353f6591358bc78bb067133903a0242,,XLauncher/Release/Dib.sbr;XPatch/Release/Dib.sbr,0,
Library/QHTM_FullSource1967/components/guitools/Release/DIBAlphaBlend.asm,generated/build artifact,unclassified/non-code,8462,64eff4c2d732c6fc19724f34f3db75db0027eabff58ebf17da14a6598610a8bb,,,0,
Library/QHTM_FullSource1967/components/guitools/Release/DIBAlphaBlend.obj,generated/build artifact,unclassified/non-code,1094,b13e5a50883cb0d98fb0c602b562f2f26b5bd5717e9f63792ef18c761f664c93,,,0,
Library/QHTM_FullSource1967/components/guitools/Release/DIBAlphaBlend.sbr,generated/build artifact,unclassified/non-code,20395,97a84c132c97ade5035f729ddb16f73fc126c68bde939ff45d8b1498b78a4f35,,,0,
Library/QHTM_FullSource1967/components/guitools/Release/DIBBlur.asm,generated/build artifact,unclassified/non-code,19680,83ede1544ede7f391c0697d80eeca42b4245670f527a03090219cbe78416febe,,,0,
Library/QHTM_FullSource1967/components/guitools/Release/DIBBlur.obj,generated/build artifact,unclassified/non-code,3314,348b929c3be559a796471de53ab449d7563fc858cd4510487a3daa37cdf4acdc,,,0,
Library/QHTM_FullSource1967/components/guitools/Release/DIBBlur.sbr,generated/build artifact,unclassified/non-code,22646,7f1e8af946ae2e3831bb7fd1e58b223d2415ff3ed27830eb2a455f300407cb8e,,,0,
Library/QHTM_FullSource1967/components/guitools/Release/DIBClearToColour.asm,generated/build artifact,unclassified/non-code,3616,beedb90b00d5976e1d9b2bef80997532206f0ea6898a5d3d2a82904104148a17,,,0,
Library/QHTM_FullSource1967/components/guitools/Release/DIBClearToColour.obj,generated/build artifact,unclassified/non-code,549,d12dede0862e8b9f5344491b7a1f4dcb13a6c11cde6021b35a02757a8ca3e50f,,,0,
Library/QHTM_FullSource1967/components/guitools/Release/DIBClearToColour.sbr,generated/build artifact,unclassified/non-code,19814,c7ac374c881e15101ebf9928342a11c651c103138f7142bf9070f35f0e3e08e3,,,0,
Library/QHTM_FullSource1967/components/guitools/Release/DIBConvertToGrayScale.asm,generated/build artifact,unclassified/non-code,3990,5ccb7ed3bac34fdf9b84d3f722296b3fddbad784ec6dfb62f0451957a1db063b,,,0,
Library/QHTM_FullSource1967/components/guitools/Release/DIBConvertToGrayScale.obj,generated/build artifact,unclassified/non-code,570,2a8f2503be7a575c490b9c482ca22f2ff9120788c2be0a19b7bf3d4359d327ee,,,0,
Library/QHTM_FullSource1967/components/guitools/Release/DIBConvertToGrayScale.sbr,generated/build artifact,unclassified/non-code,19830,e70b85a07b8fef8252da843a89f2151a71c2f38c6f2c79bc3c66704ea4cdb913,,,0,
Library/QHTM_FullSource1967/components/guitools/Release/DIBCreateCopy.asm,generated/build artifact,unclassified/non-code,5837,69cae22157dcc6298f39d3eeea9e5442340ac8048b17202e64b062d474a85e1b,,,0,
Library/QHTM_FullSource1967/components/guitools/Release/DIBCreateCopy.obj,generated/build artifact,unclassified/non-code,1188,b91ad5441933e63844d44662878788fccf27dd8dc18a99a4406f1f3bb19fda69,,,0,
Library/QHTM_FullSource1967/components/guitools/Release/DIBCreateCopy.sbr,generated/build artifact,unclassified/non-code,19986,85a37ee898e7dae2d57863654bef76224b39e47ddc6c9aa1526b7039f7b9ebac,,,0,
Library/QHTM_FullSource1967/components/guitools/Release/DIBCreateRegionFromTransparency.asm,generated/build artifact,unclassified/non-code,17860,a402fd490ce7869ad287496b922131fa042780043636df90d034af596c02017a,,,0,
Library/QHTM_FullSource1967/components/guitools/Release/DIBCreateRegionFromTransparency.obj,generated/build artifact,unclassified/non-code,2724,1a1c17b738705062ec6ebab6b4de9c44c8de4eaf7e8c8c45b00b56d6d6107094,,,0,
Library/QHTM_FullSource1967/components/guitools/Release/DIBCreateRegionFromTransparency.sbr,generated/build artifact,unclassified/non-code,24791,bb25706126203f7d3ca0deebc1c58b23c43e95158f52f00080193ab9a16ab275,,,0,
Library/QHTM_FullSource1967/components/guitools/Release/DIBCreateResized.asm,generated/build artifact,unclassified/non-code,30770,56cc1889d70f51396482aa1c358f182ad20447398a5e171f7a048174531f7011,,,0,
Library/QHTM_FullSource1967/components/guitools/Release/DIBCreateResized.obj,generated/build artifact,unclassified/non-code,3142,821978c5763207db9d6707d23e8d0de7662360b031860d2c8b0a328e04090e81,,,0,
Library/QHTM_FullSource1967/components/guitools/Release/DIBCreateResized.sbr,generated/build artifact,unclassified/non-code,22542,ba3ece3d9b4eaf07fa620e0b7b51b0332bb9c4f0654e7a131633eece59618e3e,,,0,
Library/QHTM_FullSource1967/components/guitools/Release/DIBDrawBitmapOntoUs.asm,generated/build artifact,unclassified/non-code,4609,4d6500ef4f15fc157ec49b2486eb5e28a7418dd2cb6cb5a94d74f86cb64e4a66,,,0,
Library/QHTM_FullSource1967/components/guitools/Release/DIBDrawBitmapOntoUs.obj,generated/build artifact,unclassified/non-code,993,9cb9bc3c90d2a7eda49a8971116bc8213fada41d7d7e3e5d395beb7b80916b69,,,0,
Library/QHTM_FullSource1967/components/guitools/Release/DIBDrawBitmapOntoUs.sbr,generated/build artifact,unclassified/non-code,20055,65ae0b543d28902b101f79ee5b6903c7f9aa5396214e17a7ccb88aa8316e2b51,,,0,
Library/QHTM_FullSource1967/components/guitools/Release/DIBDrawLine.asm,generated/build artifact,unclassified/non-code,7441,51adb0007eb99e89da18b1014708afea57ca863159316594359ea456565fad52,,,0,
Library/QHTM_FullSource1967/components/guitools/Release/DIBDrawLine.obj,generated/build artifact,unclassified/non-code,773,cd3048675a59892ddbcbfc8b8a44b2e0f7399c33debc63c2cf30cde993bdf63d,,,0,
Library/QHTM_FullSource1967/components/guitools/Release/DIBDrawLine.sbr,generated/build artifact,unclassified/non-code,20014,d68835920e87b4a795f7a7d8bd1638a4590699c47866cf3e7d4284dec1f23193,,,0,
Library/QHTM_FullSource1967/components/guitools/Release/DIBDrawTransparent.asm,generated/build artifact,unclassified/non-code,5735,64c115b389f8ac43b4509b6ba58876524f8e84859242f6cdf3adc35b28e58f7e,,,0,
Library/QHTM_FullSource1967/components/guitools/Release/DIBDrawTransparent.obj,generated/build artifact,unclassified/non-code,845,8c708a99355ff5c9250b961cb08db448cb73047eda178c6f76b3eb196a9a44a5,,,0,
Library/QHTM_FullSource1967/components/guitools/Release/DIBDrawTransparent.sbr,generated/build artifact,unclassified/non-code,20097,0f07868dbaa0981f5b196f973e96805db38655aa91e1a5f7843e7f4703407481,,,0,
Library/QHTM_FullSource1967/components/guitools/Release/DIBDrawWithAlphaChannel.asm,generated/build artifact,unclassified/non-code,6053,163974e2efe137b0adb3ed21357afce0313a47b5266060e62c2d424cfadbf957,,,0,
Library/QHTM_FullSource1967/components/guitools/Release/DIBDrawWithAlphaChannel.obj,generated/build artifact,unclassified/non-code,893,01568158dfb737cdd09108c093d6925e393bd9eaef8c054e9cf470b064cd777d,,,0,
Library/QHTM_FullSource1967/components/guitools/Release/DIBDrawWithAlphaChannel.sbr,generated/build artifact,unclassified/non-code,20087,825cd4b609fb73e84808101dea354f7b0a2464245285b8bac981bfc3cd4b2ffc,,,0,
Library/QHTM_FullSource1967/components/guitools/Release/DIBFillRect.asm,generated/build artifact,unclassified/non-code,5636,13622867fbae0740ce3a6022ea3340cc7d57bb94b654af398af1176f08949e2a,,,0,
Library/QHTM_FullSource1967/components/guitools/Release/DIBFillRect.obj,generated/build artifact,unclassified/non-code,704,96f7e0951c291ac78a2b7d517c30da2dd40c728f69c29d733e16e7f954af39f7,,,0,
Library/QHTM_FullSource1967/components/guitools/Release/DIBFillRect.sbr,generated/build artifact,unclassified/non-code,19991,63f3ec8c3e2498006d533ad84bc7b811f9380bc8003412341bb39c2bad2337d8,,,0,
Library/QHTM_FullSource1967/components/guitools/Release/DIBGetPixel.asm,generated/build artifact,unclassified/non-code,3599,80ca38a4ba005c0ff48616b145a600aef435e596f272a5b67ee7283c505060e5,,,0,
Library/QHTM_FullSource1967/components/guitools/Release/DIBGetPixel.obj,generated/build artifact,unclassified/non-code,531,554099d1f1858d8820faf5f404e4b9bbea71d27af9968edf8511eb9a84f9f904,,,0,
Library/QHTM_FullSource1967/components/guitools/Release/DIBGetPixel.sbr,generated/build artifact,unclassified/non-code,19769,dc567b532006f9b661f18f5a276626c2c231e02a18424a8d2979c6d077c9dc71,,,0,
Library/QHTM_FullSource1967/components/guitools/Release/DIBGradientFillLeftToRight.asm,generated/build artifact,unclassified/non-code,6104,3af29181831e223534f4a7b84a954bd5ce386e5e90679c8dd3911315f9b58a68,,,0,
Library/QHTM_FullSource1967/components/guitools/Release/DIBGradientFillLeftToRight.obj,generated/build artifact,unclassified/non-code,862,8e27d349ba02bbb2e35f2f70ac0767be7ab4cd5ed92f5d8c3d67933bc94657ff,,,0,
Library/QHTM_FullSource1967/components/guitools/Release/DIBGradientFillLeftToRight.sbr,generated/build artifact,unclassified/non-code,20038,45dc09a99da623412152caaf9967e0845e0414e18a877bdf5a0bcd30cb799b14,,,0,
Library/QHTM_FullSource1967/components/guitools/Release/DIBGradientFillTopToBottom.asm,generated/build artifact,unclassified/non-code,7923,903bfcafd138201b1808e8d7f5c3e136916fe2a50f0447bcf0cd791317d5fdea,,,0,
Library/QHTM_FullSource1967/components/guitools/Release/DIBGradientFillTopToBottom.obj,generated/build artifact,unclassified/non-code,922,79d546fceb569fa9b4b094603c61ead0ff8a0d6f19f81e162cc8ce25dda929d5,,,0,
Library/QHTM_FullSource1967/components/guitools/Release/DIBGradientFillTopToBottom.sbr,generated/build artifact,unclassified/non-code,20341,5f92114e6edcf618d0f3216d5c32d835cfb0eba59abd0aa919ed58a47b5f11d8,,,0,
Library/QHTM_FullSource1967/components/guitools/Release/DIBPutPixel.asm,generated/build artifact,unclassified/non-code,3383,a22ece1cc83af07dcadf6a24108291a7e6a8a74bd381f1057e9fa1f97dfeef88,,,0,
Library/QHTM_FullSource1967/components/guitools/Release/DIBPutPixel.obj,generated/build artifact,unclassified/non-code,514,fd6b034cac1f5589312d302b6e6b9ab99724165deede57dfa3beec295dffc5c6,,,0,
Library/QHTM_FullSource1967/components/guitools/Release/DIBPutPixel.sbr,generated/build artifact,unclassified/non-code,19766,7dc5e7eb04c94bb0c760151064fb0b5d01774e93aa4d79148b2364094fde8ab9,,,0,
Library/QHTM_FullSource1967/components/guitools/Release/DIBPutPixelBlend.asm,generated/build artifact,unclassified/non-code,4071,1d31504dcff863bbbaadc15230a9a3b4ee44481a5b6bf30e6aee344e6c612826,,,0,
Library/QHTM_FullSource1967/components/guitools/Release/DIBPutPixelBlend.obj,generated/build artifact,unclassified/non-code,599,28dafa907ec86eb60b10cd8dbea2506d69d26912a8126ccdd6fe629cd603dcdd,,,0,
Library/QHTM_FullSource1967/components/guitools/Release/DIBPutPixelBlend.sbr,generated/build artifact,unclassified/non-code,19874,0d2147de90099501e7260d739905745a7fcc5e2b277460861afcd4e1194dcf0a,,,0,
Library/QHTM_FullSource1967/components/guitools/Release/DIBRectangle.asm,generated/build artifact,unclassified/non-code,6716,9ac58c5c04e1dd3512c4518cf839c32ab1c40ba5829986df5f15200a14ef45ba,,,0,
Library/QHTM_FullSource1967/components/guitools/Release/DIBRectangle.obj,generated/build artifact,unclassified/non-code,867,7b648ba8a073a975f915e2399185a011df0e991b4c95f57746f76cf6448cadc2,,,0,
Library/QHTM_FullSource1967/components/guitools/Release/DIBRectangle.sbr,generated/build artifact,unclassified/non-code,20091,6f5dd500cba678e365841cc51d2e5044f0a8f000bda370d378f350a48b1da27d,,,0,
Library/QHTM_FullSource1967/components/guitools/Release/DIBSetColourTransparent.asm,generated/build artifact,unclassified/non-code,4564,6753b6046f2cb780ce8635817f2bf683d7fa094c105d109f3d472fa6482fd825,,,0,
Library/QHTM_FullSource1967/components/guitools/Release/DIBSetColourTransparent.obj,generated/build artifact,unclassified/non-code,593,7af452ad168e53f80270b8c2024479747636fe09db7dbb63fd3496369d92362e,,,0,
Library/QHTM_FullSource1967/components/guitools/Release/DIBSetColourTransparent.sbr,generated/build artifact,unclassified/non-code,19927,bdb2283b17208ba74d218c879bdebd536f0eb356ed251e71d96df7a9d00f0ff5,,,0,
Library/QHTM_FullSource1967/components/guitools/Release/DrawBitmapShadow.asm,generated/build artifact,unclassified/non-code,7563,04a75d6c48ebca088236425ef3dd62b9f8f8485a79c61551bde5e615ff8e156d,,,0,
Library/QHTM_FullSource1967/components/guitools/Release/DrawBitmapShadow.obj,generated/build artifact,unclassified/non-code,1130,15d15d671eec1079058077133c01dc026450c12a618fc94ea5ace2427e629198,,,0,
Library/QHTM_FullSource1967/components/guitools/Release/DrawBitmapShadow.sbr,generated/build artifact,unclassified/non-code,20550,c0b2ada5a86c4531f3110dfa9c78faeb0dae4e7259f399f14ce01f90c6716fa7,,,0,
Library/QHTM_FullSource1967/components/guitools/Release/drawcontext.asm,generated/build artifact,unclassified/non-code,96234,910f82aa6935cc63667ac9dcefcbc356e42ddb11c6ca05257b776d77e7fef7fa,,,0,
Library/QHTM_FullSource1967/components/guitools/Release/drawcontext.obj,generated/build artifact,unclassified/non-code,17553,ca7922f84b886c37f26a9710b08da3959a285cb8c9f4d5c01ca73e2c24216c54,,,0,
Library/QHTM_FullSource1967/components/guitools/Release/drawcontext.sbr,generated/build artifact,unclassified/non-code,51289,926e4cbd7afe4f3abb1296d923bd969bf7eda5a6a555a7760aa76cbce1ab785c,,,0,
Library/QHTM_FullSource1967/components/guitools/Release/GradientFill.asm,generated/build artifact,unclassified/non-code,14790,32292afd1b83ae2012b765bb433e202e1c1c9c102728c99466d9566b72dddab7,,,0,
Library/QHTM_FullSource1967/components/guitools/Release/GradientFill.obj,generated/build artifact,unclassified/non-code,2106,4c0e55f6bedc5921a5fa904b8663ac94cbaea33916dda5fd9f82b7cf92f4d0ed,,,0,
Library/QHTM_FullSource1967/components/guitools/Release/GradientFill.sbr,generated/build artifact,unclassified/non-code,30749,a8b3bcbe9b3fc50382f971f4a77c1058de8a11ab50825be3e271f7bebd37d4cd,,,0,
Library/QHTM_FullSource1967/components/guitools/Release/GuiBaseObject.asm,generated/build artifact,unclassified/non-code,31074,e918c400d964024cd9d1392521b697f332f30ba29a002c2288083fde0f2a0c08,,,0,
Library/QHTM_FullSource1967/components/guitools/Release/GuiBaseObject.obj,generated/build artifact,unclassified/non-code,5849,73d6da40867a5beb2a32424c15f1d98a2fa2aec975c8566febe1f7d8c563fa65,,,0,
Library/QHTM_FullSource1967/components/guitools/Release/GuiBaseObject.sbr,generated/build artifact,unclassified/non-code,37605,c8df7b09dcb159084561bcb4f77a3a4974fe0eb3b3e9bd17996a6b258f27757a,,,0,
Library/QHTM_FullSource1967/components/guitools/Release/GuiBaseWindowObject.asm,generated/build artifact,unclassified/non-code,62451,5096f2f44c2a799fc89e07abf40c1e001eafbac0764d3d41e8ccef7f0bb79520,,,0,
Library/QHTM_FullSource1967/components/guitools/Release/GuiBaseWindowObject.obj,generated/build artifact,unclassified/non-code,13045,aa796bc537627e0ed855313b6115a61a227d3994ca613553c8f0f7c5f1192de1,,,0,
Library/QHTM_FullSource1967/components/guitools/Release/GuiBaseWindowObject.sbr,generated/build artifact,unclassified/non-code,59034,311025e7c8060f87b945d0807581b037b93d110dc4c0f255f836369bf0460b3c,,,0,
Library/QHTM_FullSource1967/components/guitools/Release/guitools.pch,generated/build artifact,unclassified/non-code,4671772,fd38d675187f7a61e4ab6c56bfd13ec94a14814cfd3a5e245632253adca9aeab,,,0,
Library/QHTM_FullSource1967/components/guitools/Release/Guitooltip.asm,generated/build artifact,unclassified/non-code,11476,b4f9c451b3314938f26dd2381da8d05c684ffe4193a2922fac1dcbb223daaa14,,,0,
Library/QHTM_FullSource1967/components/guitools/Release/Guitooltip.obj,generated/build artifact,unclassified/non-code,2630,af1738f5099411ea93b4bd827a997b4e76691bce36d03f25ce6f54e755ad28a8,,,0,
Library/QHTM_FullSource1967/components/guitools/Release/Guitooltip.sbr,generated/build artifact,unclassified/non-code,78462,58d4b073793252c459546e4865132f08446333b2e0765ad0cdb928bb7b6f5bb6,,,0,
Library/QHTM_FullSource1967/components/guitools/Release/HandleMouseWheelRegisteredMessage.asm,generated/build artifact,unclassified/non-code,4873,7d21a706817ffb08deb86cbc759254caa38fa7e3ccc42f496b6bc09edbf4a771,,,0,
Library/QHTM_FullSource1967/components/guitools/Release/HandleMouseWheelRegisteredMessage.obj,generated/build artifact,unclassified/non-code,1021,a24ac71bf5ef50636fd2dbbd91fd6b2e919852dd1215d09949bb922b02626cbb,,,0,
Library/QHTM_FullSource1967/components/guitools/Release/HandleMouseWheelRegisteredMessage.sbr,generated/build artifact,unclassified/non-code,14462,a102791cb971d2e2389b9af55526b9a89461015f7f6919564c45cbd846ee6fa8,,,0,
Library/QHTM_FullSource1967/components/guitools/Release/palette.asm,generated/build artifact,unclassified/non-code,17826,1da2ce9ed02d842f4a30c3c48f585e31eb78517b73de06966de4d296b24c3a60,,,0,
Library/QHTM_FullSource1967/components/guitools/Release/palette.obj,generated/build artifact,unclassified/non-code,3863,d3a05195f546f10e2de071b1156dcd98fcdc1511f04658fbb53e095e97684099,,,0,
Library/QHTM_FullSource1967/components/guitools/Release/palette.sbr,generated/build artifact,unclassified/non-code,19791,046a3dbe8a58096ac65643690661c5350843fd32a2cdb1846c1741607fc8d625,,XLauncher/Release/palette.sbr,0,
Library/QHTM_FullSource1967/components/guitools/Release/RadialGradient.asm,generated/build artifact,unclassified/non-code,11692,5b3c5a3e3668fb45c207a4aeb9ab45b92aedd60c7581dd5b6ca12f4a3866b4a0,,,0,
Library/QHTM_FullSource1967/components/guitools/Release/RadialGradient.obj,generated/build artifact,unclassified/non-code,1297,b58060025240d313195eaf641e7f9a96f496dfbf506013656cb93221cded6df1,,,0,
Library/QHTM_FullSource1967/components/guitools/Release/RadialGradient.sbr,generated/build artifact,unclassified/non-code,33566,4fc08b9bbe5776a4c6683bd6046a388ca0330d7f7197a6f7ee069904dac80a0b,,,0,
Library/QHTM_FullSource1967/components/guitools/Release/StdAfx.asm,generated/build artifact,unclassified/non-code,560,688e0de326b9cecb726a8d2fb65aecc46764185d5214504c8fb5af3663aae8a7,,,0,
Library/QHTM_FullSource1967/components/guitools/Release/StdAfx.obj,generated/build artifact,unclassified/non-code,308,c1ef7769268d45487332cfa3e83e63591336bb9a509b4b7da987d1d0a23329c1,,SetRegistry/Release/StdAfx.obj;XFileTransfer/Release/StdAfx.obj;XLauncher/Release/StdAfx.obj;XPacker/Release/StdAfx.obj;XPatch/Release/StdAfx.obj,0,
Library/QHTM_FullSource1967/components/guitools/Release/StdAfx.sbr,generated/build artifact,unclassified/non-code,952734,bcd92c6d57b4e544a6134136530118ebd6c63a2e53341fed34774a98361561b6,,SetRegistry/Release/StdAfx.sbr;XFileTransfer/Release/StdAfx.sbr;XLauncher/Release/StdAfx.sbr;XPacker/Release/StdAfx.sbr;XPatch/Release/StdAfx.sbr,0,
Library/QHTM_FullSource1967/components/guitools/Release/vc60.idb,generated/build artifact,unclassified/non-code,91136,e44f5191e88b929c58b59e717dbd4402fffa8cf9de5f764a95dee937ec16bf75,,Compiled/KR/release_gm/XGamebase/vc60.idb;Compiled/KR/release_gm/XKernel/vc60.idb;Compiled/TH/release_gm/XGamebase/vc60.idb;Compiled/TH/release_gm/XKernel/vc60.idb,0,
Library/QHTM_FullSource1967/components/guitools/smoothanimationcalc.h,third-party/middleware,normal player dependency,1275,08df817059e1a76a38a7f3c67ce0954887d75567206ce5555ea20c119827a1c1,,,0,
Library/QHTM_FullSource1967/components/guitools/stdafx.cpp,third-party/middleware,normal player dependency,200,e47a0c6af1f65b4aeb57dab962127efa9b81d188ec6677c070fd5bf54ebbe3fb,,SetRegistry/SetRegistry/StdAfx.cpp;SetRegistry/StdAfx.cpp;StdAfx.cpp;XFControl/StdAfx.cpp;XFileTransfer/StdAfx.cpp;XLauncher/StdAfx.cpp;XPacker/StdAfx.cpp;XPatch/StdAfx.cpp;qhtm sdk/qhtm static link/stdafx.cpp;qhtm sdk/stdafx.cpp;qhtm sdk/test/stdafx.cpp,0,
Library/QHTM_FullSource1967/components/guitools/stdafx.h,third-party/middleware,normal player dependency,540,9607a82154442addf730fcfe4cd569a6a4c17514d0becfcbdf1cdac9fa87e291,,SetRegistry/SetRegistry/StdAfx.h;SetRegistry/StdAfx.h;StdAfx.h;XFControl/StdAfx.h;XFileTransfer/StdAfx.h;XLauncher/StdAfx.h;XPacker/StdAfx.h;XPatch/StdAfx.h;qhtm sdk/qhtm static link/stdafx.h;qhtm sdk/stdafx.h;qhtm sdk/test/stdafx.h,31,Library/QHTM_FullSource1967/components/guitools/createroundcornerregion.cpp;Library/QHTM_FullSource1967/components/guitools/dib.cpp;Library/QHTM_FullSource1967/components/guitools/dibalphablend.cpp;Library/QHTM_FullSource1967/components/guitools/dibblur.cpp;Library/QHTM_FullSource1967/components/guitools/dibcleartocolour.cpp;Library/QHTM_FullSource1967/components/guitools/dibconverttograyscale.cpp;Library/QHTM_FullSource1967/components/guitools/dibcreatecopy.cpp;Library/QHTM_FullSource1967/components/guitools/dibcreateregionfromtransparency.cpp;Library/QHTM_FullSource1967/components/guitools/dibcreateresized.cpp;Library/QHTM_FullSource1967/components/guitools/dibdrawbitmapontous.cpp;Library/QHTM_FullSource1967/components/guitools/dibdrawline.cpp;Library/QHTM_FullSource1967/components/guitools/dibdrawtransparent.cpp;Library/QHTM_FullSource1967/components/guitools/dibdrawwithalphachannel.cpp;Library/QHTM_FullSource1967/components/guitools/dibfillrect.cpp;Library/QHTM_FullSource1967/components/guitools/dibgetpixel.cpp;Library/QHTM_FullSource1967/components/guitools/dibgradientfilllefttoright.cpp;Library/QHTM_FullSource1967/components/guitools/dibgradientfilltoptobottom.cpp;Library/QHTM_FullSource1967/components/guitools/dibputpixel.cpp;Library/QHTM_FullSource1967/components/guitools/dibputpixelblend.cpp;Library/QHTM_FullSource1967/components/guitools/dibrectangle.cpp;Library/QHTM_FullSource1967/components/guitools/dibsetcolourtransparent.cpp;Library/QHTM_FullSource1967/components/guitools/drawbitmapshadow.cpp;Library/QHTM_FullSource1967/components/guitools/drawcontext.cpp;Library/QHTM_FullSource1967/components/guitools/gradientfill.cpp;Library/QHTM_FullSource1967/components/guitools/guibaseobject.cpp;Library/QHTM_FullSource1967/components/guitools/guibasewindowobject.cpp;Library/QHTM_FullSource1967/components/guitools/guitooltip.cpp;Library/QHTM_FullSource1967/components/guitools/handlemousewheelregisteredmessage.cpp;Library/QHTM_FullSource1967/components/guitools/palette.cpp;Library/QHTM_FullSource1967/components/guitools/radialgradient.cpp;Library/QHTM_FullSource1967/components/guitools/stdafx.cpp
Library/QHTM_FullSource1967/components/imglib/compatibledc.h,third-party/middleware,normal player dependency,638,08915b3d8f7be764911c7fd75d2ebfe526553fe99383b1addda96064f78c3e51,,,6,Library/QHTM_FullSource1967/components/imglib/decodebmp.cpp;Library/QHTM_FullSource1967/components/imglib/decodeico.cpp;Library/QHTM_FullSource1967/components/imglib/decodejpeg.cpp;Library/QHTM_FullSource1967/components/imglib/decodemng.cpp;Library/QHTM_FullSource1967/components/imglib/decodepcx.cpp;Library/QHTM_FullSource1967/components/imglib/decodepng.cpp
Library/QHTM_FullSource1967/components/imglib/config.h,third-party/middleware,normal player dependency,1082,3d8983a7bbb66d04a8337c962a39752259dd0feac5381089f3ac1386e0a1e434,,qhtm sdk/config.h,9,Library/QHTM_FullSource1967/components/imglib/decodebmp.cpp;Library/QHTM_FullSource1967/components/imglib/decodegif.cpp;Library/QHTM_FullSource1967/components/imglib/decodeico.cpp;Library/QHTM_FullSource1967/components/imglib/decodejpeg.cpp;Library/QHTM_FullSource1967/components/imglib/decodemng.cpp;Library/QHTM_FullSource1967/components/imglib/decodepcx.cpp;Library/QHTM_FullSource1967/components/imglib/decodepng.cpp;Library/QHTM_FullSource1967/components/imglib/dibloader.cpp;Library/QHTM_FullSource1967/components/imglib/image.cpp
Library/QHTM_FullSource1967/components/imglib/decodebmp.cpp,third-party/middleware,normal player dependency,4388,1f50f5030d3ad633aa9be713f24bc91d4d9a83482feda48e9b081461f5257be3,,,0,
Library/QHTM_FullSource1967/components/imglib/decodegif.cpp,third-party/middleware,normal player dependency,13406,cff91a3d69621a35fc7e9246a12963b313ac970516678064e7f005cdfe488de3,,,0,
Library/QHTM_FullSource1967/components/imglib/decodeico.cpp,third-party/middleware,normal player dependency,8343,17e84e797a352bd34025034eb3dd1b9ec228f29cc7834d82bfb52fc0044a1cd9,,,0,
Library/QHTM_FullSource1967/components/imglib/decodejpeg.cpp,third-party/middleware,normal player dependency,10315,3b31becf777125db8e7501e529bf9b5572fc84d1bf31ce2235647fc9b8eeca6f,,,0,
Library/QHTM_FullSource1967/components/imglib/decodemng.cpp,third-party/middleware,normal player dependency,7960,4cf77d6028372394d924986a8fb2666b73be95b3c9a674d9bbc90d2b35ccdda3,,,0,
Library/QHTM_FullSource1967/components/imglib/decodepcx.cpp,third-party/middleware,normal player dependency,7711,6f6f735a8c2e68381905d05b751e95dee731e0f5ec4865cf5579a928738a0f31,,,0,
Library/QHTM_FullSource1967/components/imglib/decodepng.cpp,third-party/middleware,normal player dependency,4710,a30263bdb66e4a80380e586a675f1ae3ee175238622c9196e0b6590b98fe099f,,,0,
Library/QHTM_FullSource1967/components/imglib/dibloader.cpp,third-party/middleware,normal player dependency,5898,164edf0453f00ba613046545e5d5ec4307f99a1e235f60f7f21dc64f8803d000,,,0,
Library/QHTM_FullSource1967/components/imglib/dibloader.h,third-party/middleware,normal player dependency,1859,f5fae93e2bb72d03f8ccf9db0cfd985153d07417d7bd3046b61b4d4e55889f4e,,,7,Library/QHTM_FullSource1967/components/imglib/decodebmp.cpp;Library/QHTM_FullSource1967/components/imglib/decodeico.cpp;Library/QHTM_FullSource1967/components/imglib/decodejpeg.cpp;Library/QHTM_FullSource1967/components/imglib/decodemng.cpp;Library/QHTM_FullSource1967/components/imglib/decodepcx.cpp;Library/QHTM_FullSource1967/components/imglib/decodepng.cpp;Library/QHTM_FullSource1967/components/imglib/dibloader.cpp
Library/QHTM_FullSource1967/components/imglib/frame.cpp,third-party/middleware,normal player dependency,726,6c23d33baa323d491b51943c64cf496cd12d7dfa4286f66307ea222601fc6ebe,,,0,
Library/QHTM_FullSource1967/components/imglib/gif.h,third-party/middleware,normal player dependency,1503,d4c787734b16c04253355ae98a653f11bf6a6583b5d9c2899ba62c5cd5890f88,,,1,Library/QHTM_FullSource1967/components/imglib/decodegif.cpp
Library/QHTM_FullSource1967/components/imglib/image.cpp,third-party/middleware,normal player dependency,6953,fa202fee2c29197235ecb513deda8371bad251f941cdaffaf0ecb8a8d7d9282a,,,0,
Library/QHTM_FullSource1967/components/imglib/imaglib.txt,third-party/middleware,unclassified/non-code,1518,be3d7ffd235a284a53ca02dfaf89eba913f9e19dbc06b2342c1e6b3a6cb06c69,,,0,
Library/QHTM_FullSource1967/components/imglib/ImgLib.dsp,third-party/middleware,unclassified/non-code,6508,068e70dc441d8f084b2c80e6b6abe3a62b20e2f9f0b88fcbe0022b33304f7af9,,,0,
Library/QHTM_FullSource1967/components/imglib/imglib.h,third-party/middleware,normal player dependency,1710,a596bc0b089c1a8fecf04c8a51d3fab81a891c7e6f9617091ec5c32016fd4354,,,8,Library/QHTM_FullSource1967/components/imglib/decodebmp.cpp;Library/QHTM_FullSource1967/components/imglib/decodegif.cpp;Library/QHTM_FullSource1967/components/imglib/decodeico.cpp;Library/QHTM_FullSource1967/components/imglib/decodejpeg.cpp;Library/QHTM_FullSource1967/components/imglib/decodemng.cpp;Library/QHTM_FullSource1967/components/imglib/decodepcx.cpp;Library/QHTM_FullSource1967/components/imglib/decodepng.cpp;Library/QHTM_FullSource1967/components/imglib/image.cpp
Library/QHTM_FullSource1967/components/imglib/imglibint.h,third-party/middleware,normal player dependency,1106,7824f432b747c027addaa97f9d2d4b26bb8a061f370a948295ee62a524e4652a,,,10,Library/QHTM_FullSource1967/components/imglib/decodebmp.cpp;Library/QHTM_FullSource1967/components/imglib/decodegif.cpp;Library/QHTM_FullSource1967/components/imglib/decodeico.cpp;Library/QHTM_FullSource1967/components/imglib/decodejpeg.cpp;Library/QHTM_FullSource1967/components/imglib/decodemng.cpp;Library/QHTM_FullSource1967/components/imglib/decodepcx.cpp;Library/QHTM_FullSource1967/components/imglib/decodepng.cpp;Library/QHTM_FullSource1967/components/imglib/dibloader.cpp;Library/QHTM_FullSource1967/components/imglib/frame.cpp;Library/QHTM_FullSource1967/components/imglib/image.cpp
Library/QHTM_FullSource1967/components/imglib/licence.txt,third-party/middleware,unclassified/non-code,1595,9e04876f7cafba8c00ac10a7eaa1c6cc2f6defbd084fff1a09a9eb0aa06536ca,,qhtm sdk/licence.txt,0,
Library/QHTM_FullSource1967/components/imglib/Release/DecodeBMP.obj,generated/build artifact,unclassified/non-code,2761,c29417cbd04c05407f1f3d848326536e971cf554cf613a55320d680b5d50de48,,,0,
Library/QHTM_FullSource1967/components/imglib/Release/DecodeGIF.obj,generated/build artifact,unclassified/non-code,9884,96165d814414668933dfa66bf46f364abf46353787c2276f8ed433091c3cfa74,,,0,
Library/QHTM_FullSource1967/components/imglib/Release/DecodeICO.obj,generated/build artifact,unclassified/non-code,4907,1cb160ffa13586bdafae47bd3eb5d2acf691fb52eeea7df39ec503745dd0e8e9,,,0,
Library/QHTM_FullSource1967/components/imglib/Release/DecodeJPEG.obj,generated/build artifact,unclassified/non-code,7522,53c5ef7886aea86e8faeef7731bcc52c2eb1bc49722f94532aaa931194401833,,,0,
Library/QHTM_FullSource1967/components/imglib/Release/DecodeMNG.obj,generated/build artifact,unclassified/non-code,6798,b6b1d1af9bef59e15051c186eb92d19d40b505e95cd5a8fc7cca813abfc88691,,,0,
Library/QHTM_FullSource1967/components/imglib/Release/DecodePCX.obj,generated/build artifact,unclassified/non-code,6499,961b7afd7650e6b7c71ac8ec0be6df9fd27ed27491bf1c73c7333110d4122cc3,,,0,
Library/QHTM_FullSource1967/components/imglib/Release/DecodePNG.obj,generated/build artifact,unclassified/non-code,4548,8b39313cdff0b9a899e85f0587bfed7b91f9d6047ede308c65436c330f21186d,,,0,
Library/QHTM_FullSource1967/components/imglib/Release/DibLoader.obj,generated/build artifact,unclassified/non-code,3984,27a3531324dcd1e8495bf2f6af5a8d3aecab6e9c50cd969cd8bf9a58bafe0e0a,,,0,
Library/QHTM_FullSource1967/components/imglib/Release/Frame.obj,generated/build artifact,unclassified/non-code,1339,635f57f79bbb7de95fc948306f5c2005aabd33090f115190330e1dcfc6a59406,,,0,
Library/QHTM_FullSource1967/components/imglib/Release/Image.obj,generated/build artifact,unclassified/non-code,11819,d9396afafbbdf3ecb31cac0d1683846b1f9d56f864f7506e3539c4d189d9592f,,,0,
Library/QHTM_FullSource1967/components/imglib/Release/ImgLib.pch,generated/build artifact,unclassified/non-code,1999576,c96ee0afb68581c9baf14962181f2e41968bf87beafa340a44ec284189e0ace9,,,0,
Library/QHTM_FullSource1967/components/imglib/Release/StdAfx.obj,generated/build artifact,unclassified/non-code,291,c74df333af006389a3481944e9a86459c3dd6f8ada47922d9546bcd40113e209,,SetRegistry/Release/StdAfx.obj;XFileTransfer/Release/StdAfx.obj;XLauncher/Release/StdAfx.obj;XPacker/Release/StdAfx.obj;XPatch/Release/StdAfx.obj,0,
Library/QHTM_FullSource1967/components/imglib/Release/vc60.idb,generated/build artifact,unclassified/non-code,58368,7d8d1ba1570eafe360e9ac080d159bf8e544884fe56a03c64d667eda90bd467e,,Compiled/KR/release_gm/XGamebase/vc60.idb;Compiled/KR/release_gm/XKernel/vc60.idb;Compiled/TH/release_gm/XGamebase/vc60.idb;Compiled/TH/release_gm/XKernel/vc60.idb,0,
Library/QHTM_FullSource1967/components/imglib/rifformat.h,third-party/middleware,normal player dependency,841,6a2706f0cd0b5638b5e4811631ae47f16386afb14cdebdf7fae511dced4aaf2d,,,0,
Library/QHTM_FullSource1967/components/imglib/stdafx.cpp,third-party/middleware,normal player dependency,199,e0dcfe399fd919ad35de57912abd805616ba6be38c587ba2ebdfe734f199e1d8,,SetRegistry/SetRegistry/StdAfx.cpp;SetRegistry/StdAfx.cpp;StdAfx.cpp;XFControl/StdAfx.cpp;XFileTransfer/StdAfx.cpp;XLauncher/StdAfx.cpp;XPacker/StdAfx.cpp;XPatch/StdAfx.cpp;qhtm sdk/qhtm static link/stdafx.cpp;qhtm sdk/stdafx.cpp;qhtm sdk/test/stdafx.cpp,0,
Library/QHTM_FullSource1967/components/imglib/stdafx.h,third-party/middleware,normal player dependency,1249,cd698700ecd893548c5eb671b6193cf774a60195c6699f8e84e70fa3da874e31,,SetRegistry/SetRegistry/StdAfx.h;SetRegistry/StdAfx.h;StdAfx.h;XFControl/StdAfx.h;XFileTransfer/StdAfx.h;XLauncher/StdAfx.h;XPacker/StdAfx.h;XPatch/StdAfx.h;qhtm sdk/qhtm static link/stdafx.h;qhtm sdk/stdafx.h;qhtm sdk/test/stdafx.h,11,Library/QHTM_FullSource1967/components/imglib/decodebmp.cpp;Library/QHTM_FullSource1967/components/imglib/decodegif.cpp;Library/QHTM_FullSource1967/components/imglib/decodeico.cpp;Library/QHTM_FullSource1967/components/imglib/decodejpeg.cpp;Library/QHTM_FullSource1967/components/imglib/decodemng.cpp;Library/QHTM_FullSource1967/components/imglib/decodepcx.cpp;Library/QHTM_FullSource1967/components/imglib/decodepng.cpp;Library/QHTM_FullSource1967/components/imglib/dibloader.cpp;Library/QHTM_FullSource1967/components/imglib/frame.cpp;Library/QHTM_FullSource1967/components/imglib/image.cpp;Library/QHTM_FullSource1967/components/imglib/stdafx.cpp
Library/QHTM_FullSource1967/components/jpeg-6b/jcapimin.c,third-party/middleware,normal player dependency,9121,5d7e394ac763f51bb13d6f049c65888d3b106bf54c01253807647745acdf6eac,,XGamebase/src/libs/jpeg/jcapimin.c,0,
Library/QHTM_FullSource1967/components/jpeg-6b/jcapistd.c,third-party/middleware,normal player dependency,5881,371517d8285ca47d286be53a6c1bf8f1a0372e12e6e7f7c84b324d7f441b6581,,XGamebase/src/libs/jpeg/jcapistd.c,0,
Library/QHTM_FullSource1967/components/jpeg-6b/jccoefct.c,third-party/middleware,normal player dependency,16400,3ae6713a9b2a3fe717703dcdcb37f5dfdf123c19736207b71c132c4e1caa7099,,XGamebase/src/libs/jpeg/jccoefct.c,0,
Library/QHTM_FullSource1967/components/jpeg-6b/jccolor.c,third-party/middleware,normal player dependency,14848,2c2b7417c2da845e5dcd959b4fb6264b8848c0de689d95dcc2a5b407ecaba5b5,,XGamebase/src/libs/jpeg/jccolor.c,0,
Library/QHTM_FullSource1967/components/jpeg-6b/jcdctmgr.c,third-party/middleware,normal player dependency,12469,58adbdb02c125057964569e56fad59df8dc7d61e751a476006c34e24c030d1dd,,XGamebase/src/libs/jpeg/jcdctmgr.c,0,
Library/QHTM_FullSource1967/components/jpeg-6b/jchuff.c,third-party/middleware,normal player dependency,28222,1255c27a8fae13ad2b53d5fa17697b3b7cdb4983f6bdbf96876326189d2efba0,,XGamebase/src/libs/jpeg/jchuff.c,0,
Library/QHTM_FullSource1967/components/jpeg-6b/jchuff.h,third-party/middleware,normal player dependency,1575,0aa206ea4abf0e68df14745c114fbe1db7705ce5c881b0964babf5acfbc38764,,XGamebase/src/libs/jpeg/jchuff.h;XLauncher/FlashCtrl/JPEG/jchuff.h,2,Library/QHTM_FullSource1967/components/jpeg-6b/jchuff.c;Library/QHTM_FullSource1967/components/jpeg-6b/jcphuff.c
Library/QHTM_FullSource1967/components/jpeg-6b/jcinit.c,third-party/middleware,normal player dependency,2349,31aa9f72d8e6250790328512ae9c646b3c2b32887f79fa3df01af7d5345e061c,,XGamebase/src/libs/jpeg/jcinit.c,0,
Library/QHTM_FullSource1967/components/jpeg-6b/jcmainct.c,third-party/middleware,normal player dependency,9168,a51f469b02429189ad0c5a52fb2d789d7025c1802b87168a9fe9180fc135c07e,,XGamebase/src/libs/jpeg/jcmainct.c,0,
Library/QHTM_FullSource1967/components/jpeg-6b/jcmarker.c,third-party/middleware,normal player dependency,17245,c4eadb83aeaa63df9a17364fbddb1df1b96fb1281f2d395dff6ec8371373cfcc,,XGamebase/src/libs/jpeg/jcmarker.c,0,
Library/QHTM_FullSource1967/components/jpeg-6b/jcmaster.c,third-party/middleware,normal player dependency,19889,44a467046fc8eee886359e1c738fb8289a5bb3533b06de62d332d5b409ddfb2b,,XGamebase/src/libs/jpeg/jcmaster.c,0,
Library/QHTM_FullSource1967/components/jpeg-6b/jcomapi.c,third-party/middleware,normal player dependency,3110,d8a79c2a19310e0bc918324d7174a1e1bc1b9e316f63fd90449abf46c041711d,,XGamebase/src/libs/jpeg/jcomapi.c,0,
Library/QHTM_FullSource1967/components/jpeg-6b/jconfig.h,third-party/middleware,normal player dependency,1333,1d0894775067d15163181f26d3039e24b34501ca7e5380dd2ddb8526dd05b250,,XGamebase/src/libs/jpeg/jconfig.h;XLauncher/FlashCtrl/JPEG/jconfig.h,2,Library/QHTM_FullSource1967/components/jpeg-6b/jinclude.h;Library/QHTM_FullSource1967/components/jpeg-6b/jpeglib.h
Library/QHTM_FullSource1967/components/jpeg-6b/jcparam.c,third-party/middleware,normal player dependency,21275,c24c98d067ba1424a578e91a0ab584533983eafbcc399d681895974225478629,,XGamebase/src/libs/jpeg/jcparam.c,0,
Library/QHTM_FullSource1967/components/jpeg-6b/jcphuff.c,third-party/middleware,normal player dependency,25115,7a428d6d13f786ba53d200ba96ab1fa3ff9f7dad61737ad96f3ce199b748c367,,XGamebase/src/libs/jpeg/jcphuff.c,0,
Library/QHTM_FullSource1967/components/jpeg-6b/jcprepct.c,third-party/middleware,normal player dependency,12073,4713a51fd7ecb9cc7c7162b30bc26243342361a4e083f43f2afbd10e977a92fc,,XGamebase/src/libs/jpeg/jcprepct.c,0,
Library/QHTM_FullSource1967/components/jpeg-6b/jcsample.c,third-party/middleware,normal player dependency,18859,8e0b73f54bafcd87f7117795de04987eb1a5a3ac74fb8d256833ceb59f8b31d4,,XGamebase/src/libs/jpeg/jcsample.c,0,
Library/QHTM_FullSource1967/components/jpeg-6b/jctrans.c,third-party/middleware,normal player dependency,13977,d548e4aea1e85dfd37ac1bf359df768480c82927a52ecd2356ef1ca0987f51a9,,XGamebase/src/libs/jpeg/jctrans.c,0,
Library/QHTM_FullSource1967/components/jpeg-6b/jdapimin.c,third-party/middleware,normal player dependency,12637,4f6e8865e4ef356b90131327f6fa847fb12e8ef03e823bde946d3e2f9d9356c3,,XGamebase/src/libs/jpeg/jdapimin.c,0,
Library/QHTM_FullSource1967/components/jpeg-6b/jdapistd.c,third-party/middleware,normal player dependency,9348,1b062e70e891819f4603f83baf49462ea737255a0c39df3ef941ef543f94fbab,,XGamebase/src/libs/jpeg/jdapistd.c,0,
Library/QHTM_FullSource1967/components/jpeg-6b/jdatadst.c,third-party/middleware,normal player dependency,5119,733388bac2d58328f8918d23ddfc9f1fc3d60b8a97ad90eb057920005c23cfc7,,XGamebase/src/libs/jpeg/jdatadst.c,0,
Library/QHTM_FullSource1967/components/jpeg-6b/jdatasrc.c,third-party/middleware,normal player dependency,7604,4de71c25304b1c3a2f19f62ba176122db78c4ac7147c2fc3fdf92532dce8f80d,,XGamebase/src/libs/jpeg/jdatasrc.c,0,
Library/QHTM_FullSource1967/components/jpeg-6b/jdcoefct.c,third-party/middleware,normal player dependency,25155,d84af1a89ea5f91d68607d5620a492f986b7515c141bc3666c5a70dc44df57db,,XGamebase/src/libs/jpeg/jdcoefct.c,0,
Library/QHTM_FullSource1967/components/jpeg-6b/jdcolor.c,third-party/middleware,normal player dependency,12962,de64bfa0416fa45c8a55cec82c7da468b329c3c3fc9cc55eb5f56509a80332cf,,XGamebase/src/libs/jpeg/jdcolor.c,0,
Library/QHTM_FullSource1967/components/jpeg-6b/jdct.h,third-party/middleware,normal player dependency,7041,4cde9d7c12ffc920e1dd525c6b7f41f88a3ea573af8c66a4b6d0d6ed3d7fd770,,XGamebase/src/libs/jpeg/jdct.h;XLauncher/FlashCtrl/JPEG/jdct.h,9,Library/QHTM_FullSource1967/components/jpeg-6b/jcdctmgr.c;Library/QHTM_FullSource1967/components/jpeg-6b/jddctmgr.c;Library/QHTM_FullSource1967/components/jpeg-6b/jfdctflt.c;Library/QHTM_FullSource1967/components/jpeg-6b/jfdctfst.c;Library/QHTM_FullSource1967/components/jpeg-6b/jfdctint.c;Library/QHTM_FullSource1967/components/jpeg-6b/jidctflt.c;Library/QHTM_FullSource1967/components/jpeg-6b/jidctfst.c;Library/QHTM_FullSource1967/components/jpeg-6b/jidctint.c;Library/QHTM_FullSource1967/components/jpeg-6b/jidctred.c
Library/QHTM_FullSource1967/components/jpeg-6b/jddctmgr.c,third-party/middleware,normal player dependency,8293,f50d9b1414b44782d4ef46761a53f930b06764468b4cbbf0bf0761ac0751defd,,XGamebase/src/libs/jpeg/jddctmgr.c,0,
Library/QHTM_FullSource1967/components/jpeg-6b/jdhuff.c,third-party/middleware,normal player dependency,20866,980d1bdeb8bc631a3528560a4f01bfae28efd8f3ecce4a76d32c97a71e6d1f52,,XGamebase/src/libs/jpeg/jdhuff.c,0,
Library/QHTM_FullSource1967/components/jpeg-6b/jdhuff.h,third-party/middleware,normal player dependency,8138,9474219e38bd98af7fd427e25462857854f3391fe4eaf329a0d0cb5e438e56f3,,XGamebase/src/libs/jpeg/jdhuff.h;XLauncher/FlashCtrl/JPEG/jdhuff.h,2,Library/QHTM_FullSource1967/components/jpeg-6b/jdhuff.c;Library/QHTM_FullSource1967/components/jpeg-6b/jdphuff.c
Library/QHTM_FullSource1967/components/jpeg-6b/jdinput.c,third-party/middleware,normal player dependency,13500,f1f6b042aa907fe622aa7c94b21d71e61f7f306e10988148c42cc7d50f667e76,,XGamebase/src/libs/jpeg/jdinput.c,0,
Library/QHTM_FullSource1967/components/jpeg-6b/jdmainct.c,third-party/middleware,normal player dependency,20366,f9a8331d0a58f6ae74bbfc27e9640d66afb067793586358e0bb47bdb7cb754df,,XGamebase/src/libs/jpeg/jdmainct.c,0,
Library/QHTM_FullSource1967/components/jpeg-6b/jdmarker.c,third-party/middleware,normal player dependency,41118,1200c42679f318768025f8e45457d02c5ce5dfecbd72b37dc0bd1da9adb4dba0,,XGamebase/src/libs/jpeg/jdmarker.c,0,
Library/QHTM_FullSource1967/components/jpeg-6b/jdmaster.c,third-party/middleware,normal player dependency,19710,c9f18a007511047a50db0b14c54e4d88c279571ec36824b70c3c20232ef7a8fe,,XGamebase/src/libs/jpeg/jdmaster.c,0,
Library/QHTM_FullSource1967/components/jpeg-6b/jdmerge.c,third-party/middleware,normal player dependency,13916,a47ca108ebf955104abbe3f9a64383532be2c70c6f956b5844b412f151f50453,,XGamebase/src/libs/jpeg/jdmerge.c,0,
Library/QHTM_FullSource1967/components/jpeg-6b/jdphuff.c,third-party/middleware,normal player dependency,20559,75db83bd4bf1f3f6f6fe7b1d2e195efcf5e3ab65597089807aaeeffbdb013627,,XGamebase/src/libs/jpeg/jdphuff.c,0,
Library/QHTM_FullSource1967/components/jpeg-6b/jdpostct.c,third-party/middleware,normal player dependency,9723,f873dd3a08eedee9a32c1e343cfbdc3380d2e245e1eab2c416d4e1a62cc9586e,,XGamebase/src/libs/jpeg/jdpostct.c,0,
Library/QHTM_FullSource1967/components/jpeg-6b/jdsample.c,third-party/middleware,normal player dependency,16381,acca64d28c61b87e77993dd0bd51d089ecd68f8989f93e7d17156314ca58670d,,XGamebase/src/libs/jpeg/jdsample.c,0,
Library/QHTM_FullSource1967/components/jpeg-6b/jdtrans.c,third-party/middleware,normal player dependency,5090,c97867f861168d81844a9c9fd8c0b643ce835534a605a93aaab758ec36c56d8a,,XGamebase/src/libs/jpeg/jdtrans.c,0,
Library/QHTM_FullSource1967/components/jpeg-6b/jerror.c,third-party/middleware,normal player dependency,7801,f215cc7948e628f4b3bf1f153ce1f460a65b0c4f9b5d4967e9cdc7ad95a3e265,,XGamebase/src/libs/jpeg/jerror.c,0,
Library/QHTM_FullSource1967/components/jpeg-6b/jerror.h,third-party/middleware,normal player dependency,13936,324f058e0dc17408ea83a8d47d0a7a1f6ba7553d653f709a9be275971f539fec,,XGamebase/src/libs/jpeg/jerror.h;XLauncher/FlashCtrl/JPEG/jerror.h,4,Library/QHTM_FullSource1967/components/jpeg-6b/jdatadst.c;Library/QHTM_FullSource1967/components/jpeg-6b/jdatasrc.c;Library/QHTM_FullSource1967/components/jpeg-6b/jerror.c;Library/QHTM_FullSource1967/components/jpeg-6b/jpeglib.h
Library/QHTM_FullSource1967/components/jpeg-6b/jfdctflt.c,third-party/middleware,normal player dependency,5486,07c7ec15785f5709515424da1b45deacfa822197b761e319f45fbaa45e17caf9,,XGamebase/src/libs/jpeg/jfdctflt.c,0,
Library/QHTM_FullSource1967/components/jpeg-6b/jfdctfst.c,third-party/middleware,normal player dependency,7578,1c28ec690d4a69bdc285eac01bef668e31866ad0018fe9b4f68bcdce8a9ec044,,XGamebase/src/libs/jpeg/jfdctfst.c,0,
Library/QHTM_FullSource1967/components/jpeg-6b/jfdctint.c,third-party/middleware,normal player dependency,11066,807dd95d59692db94d2fa23557d8a16e2a20cb4d851ba5a82f26fa1a674b52c8,,XGamebase/src/libs/jpeg/jfdctint.c,0,
Library/QHTM_FullSource1967/components/jpeg-6b/jidctflt.c,third-party/middleware,normal player dependency,8451,0988f6ba29f57b691dabdd3f0541839fb651dc74abd36c395130b12a30937155,,XGamebase/src/libs/jpeg/jidctflt.c,0,
Library/QHTM_FullSource1967/components/jpeg-6b/jidctfst.c,third-party/middleware,normal player dependency,13170,c864b3dcfe494f9c8bda25a6fa5fc0a330e636b32eb4bcb6febe8cb01ed1d433,,XGamebase/src/libs/jpeg/jidctfst.c,0,
Library/QHTM_FullSource1967/components/jpeg-6b/jidctint.c,third-party/middleware,normal player dependency,14815,3b7123ba9a66c10eb1f96d7432637b051278f3538d1b06884f9d21a39fd78f9a,,XGamebase/src/libs/jpeg/jidctint.c,0,
Library/QHTM_FullSource1967/components/jpeg-6b/jidctred.c,third-party/middleware,normal player dependency,13528,df25adc646b0fdd69aed54361928aeb36972a8293c917f8ec1b0d62e8f764252,,XGamebase/src/libs/jpeg/jidctred.c,0,
Library/QHTM_FullSource1967/components/jpeg-6b/jinclude.h,third-party/middleware,normal player dependency,3250,a6433e5ea0030f4bffd41bcc2f064008afd79de4270cf28494bd43d2fbc5da06,,XGamebase/src/libs/jpeg/jinclude.h;XLauncher/FlashCtrl/JPEG/jinclude.h,46,Library/QHTM_FullSource1967/components/jpeg-6b/jcapimin.c;Library/QHTM_FullSource1967/components/jpeg-6b/jcapistd.c;Library/QHTM_FullSource1967/components/jpeg-6b/jccoefct.c;Library/QHTM_FullSource1967/components/jpeg-6b/jccolor.c;Library/QHTM_FullSource1967/components/jpeg-6b/jcdctmgr.c;Library/QHTM_FullSource1967/components/jpeg-6b/jchuff.c;Library/QHTM_FullSource1967/components/jpeg-6b/jcinit.c;Library/QHTM_FullSource1967/components/jpeg-6b/jcmainct.c;Library/QHTM_FullSource1967/components/jpeg-6b/jcmarker.c;Library/QHTM_FullSource1967/components/jpeg-6b/jcmaster.c;Library/QHTM_FullSource1967/components/jpeg-6b/jcomapi.c;Library/QHTM_FullSource1967/components/jpeg-6b/jcparam.c;Library/QHTM_FullSource1967/components/jpeg-6b/jcphuff.c;Library/QHTM_FullSource1967/components/jpeg-6b/jcprepct.c;Library/QHTM_FullSource1967/components/jpeg-6b/jcsample.c;Library/QHTM_FullSource1967/components/jpeg-6b/jctrans.c;Library/QHTM_FullSource1967/components/jpeg-6b/jdapimin.c;Library/QHTM_FullSource1967/components/jpeg-6b/jdapistd.c;Library/QHTM_FullSource1967/components/jpeg-6b/jdatadst.c;Library/QHTM_FullSource1967/components/jpeg-6b/jdatasrc.c;Library/QHTM_FullSource1967/components/jpeg-6b/jdcoefct.c;Library/QHTM_FullSource1967/components/jpeg-6b/jdcolor.c;Library/QHTM_FullSource1967/components/jpeg-6b/jddctmgr.c;Library/QHTM_FullSource1967/components/jpeg-6b/jdhuff.c;Library/QHTM_FullSource1967/components/jpeg-6b/jdinput.c;Library/QHTM_FullSource1967/components/jpeg-6b/jdmainct.c;Library/QHTM_FullSource1967/components/jpeg-6b/jdmarker.c;Library/QHTM_FullSource1967/components/jpeg-6b/jdmaster.c;Library/QHTM_FullSource1967/components/jpeg-6b/jdmerge.c;Library/QHTM_FullSource1967/components/jpeg-6b/jdphuff.c;Library/QHTM_FullSource1967/components/jpeg-6b/jdpostct.c;Library/QHTM_FullSource1967/components/jpeg-6b/jdsample.c;Library/QHTM_FullSource1967/components/jpeg-6b/jdtrans.c;Library/QHTM_FullSource1967/components/jpeg-6b/jerror.c;Library/QHTM_FullSource1967/components/jpeg-6b/jfdctflt.c;Library/QHTM_FullSource1967/components/jpeg-6b/jfdctfst.c;Library/QHTM_FullSource1967/components/jpeg-6b/jfdctint.c;Library/QHTM_FullSource1967/components/jpeg-6b/jidctflt.c;Library/QHTM_FullSource1967/components/jpeg-6b/jidctfst.c;Library/QHTM_FullSource1967/components/jpeg-6b/jidctint.c;Library/QHTM_FullSource1967/components/jpeg-6b/jidctred.c;Library/QHTM_FullSource1967/components/jpeg-6b/jmemmgr.c;Library/QHTM_FullSource1967/components/jpeg-6b/jmemnobs.c;Library/QHTM_FullSource1967/components/jpeg-6b/jquant1.c;Library/QHTM_FullSource1967/components/jpeg-6b/jquant2.c;Library/QHTM_FullSource1967/components/jpeg-6b/jutils.c
Library/QHTM_FullSource1967/components/jpeg-6b/jmemmgr.c,third-party/middleware,normal player dependency,40988,2b57e48bb6dd369c2d46e5827cd1e2553d50e02b062d94c2c17725ca26b642e3,,XGamebase/src/libs/jpeg/jmemmgr.c,0,
Library/QHTM_FullSource1967/components/jpeg-6b/jmemnobs.c,third-party/middleware,normal player dependency,2772,0605c64556d298071473fc245fa9d83cf10b60022d5c5d2821a846b94aa1a9fb,,XGamebase/src/libs/jpeg/jmemnobs.c,0,
Library/QHTM_FullSource1967/components/jpeg-6b/jmemsys.h,third-party/middleware,normal player dependency,8230,dbe87b534bc93f9ea54492589e69307b492aff8a377fa3c9c8b54a54de488397,,XGamebase/src/libs/jpeg/jmemsys.h;XLauncher/FlashCtrl/JPEG/jmemsys.h,2,Library/QHTM_FullSource1967/components/jpeg-6b/jmemmgr.c;Library/QHTM_FullSource1967/components/jpeg-6b/jmemnobs.c
Library/QHTM_FullSource1967/components/jpeg-6b/jmorecfg.h,third-party/middleware,normal player dependency,12526,bb595425d8ca20e49d4ebd04f48290ec37569205f1904b94079f4255769da990,,XGamebase/src/libs/jpeg/jmorecfg.h;XLauncher/FlashCtrl/JPEG/jmorecfg.h,1,Library/QHTM_FullSource1967/components/jpeg-6b/jpeglib.h
Library/QHTM_FullSource1967/components/jpeg-6b/jpegint.h,third-party/middleware,normal player dependency,15712,f2fbbf47da9fe7cc9e4813235d71e1252ec4662e3ecb8823bd4d499492125153,,XGamebase/src/libs/jpeg/jpegint.h;XLauncher/FlashCtrl/JPEG/jpegint.h,1,Library/QHTM_FullSource1967/components/jpeg-6b/jpeglib.h
Library/QHTM_FullSource1967/components/jpeg-6b/jpeglib.dsp,third-party/middleware,unclassified/non-code,8119,b527c5df8f0c5bea991134ac6002dd855850beb8e5ce507e200629389bfa2abd,,,0,
Library/QHTM_FullSource1967/components/jpeg-6b/jpeglib.h,third-party/middleware,normal player dependency,46288,b7bdb03e6ba45c3223907ebdf4d1d1c0a7ddb50d30d79b126e3ef4f8a0a388b5,,XGamebase/src/libs/jpeg/jpeglib.h;XLauncher/FlashCtrl/JPEG/jpeglib.h,46,Library/QHTM_FullSource1967/components/jpeg-6b/jcapimin.c;Library/QHTM_FullSource1967/components/jpeg-6b/jcapistd.c;Library/QHTM_FullSource1967/components/jpeg-6b/jccoefct.c;Library/QHTM_FullSource1967/components/jpeg-6b/jccolor.c;Library/QHTM_FullSource1967/components/jpeg-6b/jcdctmgr.c;Library/QHTM_FullSource1967/components/jpeg-6b/jchuff.c;Library/QHTM_FullSource1967/components/jpeg-6b/jcinit.c;Library/QHTM_FullSource1967/components/jpeg-6b/jcmainct.c;Library/QHTM_FullSource1967/components/jpeg-6b/jcmarker.c;Library/QHTM_FullSource1967/components/jpeg-6b/jcmaster.c;Library/QHTM_FullSource1967/components/jpeg-6b/jcomapi.c;Library/QHTM_FullSource1967/components/jpeg-6b/jcparam.c;Library/QHTM_FullSource1967/components/jpeg-6b/jcphuff.c;Library/QHTM_FullSource1967/components/jpeg-6b/jcprepct.c;Library/QHTM_FullSource1967/components/jpeg-6b/jcsample.c;Library/QHTM_FullSource1967/components/jpeg-6b/jctrans.c;Library/QHTM_FullSource1967/components/jpeg-6b/jdapimin.c;Library/QHTM_FullSource1967/components/jpeg-6b/jdapistd.c;Library/QHTM_FullSource1967/components/jpeg-6b/jdatadst.c;Library/QHTM_FullSource1967/components/jpeg-6b/jdatasrc.c;Library/QHTM_FullSource1967/components/jpeg-6b/jdcoefct.c;Library/QHTM_FullSource1967/components/jpeg-6b/jdcolor.c;Library/QHTM_FullSource1967/components/jpeg-6b/jddctmgr.c;Library/QHTM_FullSource1967/components/jpeg-6b/jdhuff.c;Library/QHTM_FullSource1967/components/jpeg-6b/jdinput.c;Library/QHTM_FullSource1967/components/jpeg-6b/jdmainct.c;Library/QHTM_FullSource1967/components/jpeg-6b/jdmarker.c;Library/QHTM_FullSource1967/components/jpeg-6b/jdmaster.c;Library/QHTM_FullSource1967/components/jpeg-6b/jdmerge.c;Library/QHTM_FullSource1967/components/jpeg-6b/jdphuff.c;Library/QHTM_FullSource1967/components/jpeg-6b/jdpostct.c;Library/QHTM_FullSource1967/components/jpeg-6b/jdsample.c;Library/QHTM_FullSource1967/components/jpeg-6b/jdtrans.c;Library/QHTM_FullSource1967/components/jpeg-6b/jerror.c;Library/QHTM_FullSource1967/components/jpeg-6b/jfdctflt.c;Library/QHTM_FullSource1967/components/jpeg-6b/jfdctfst.c;Library/QHTM_FullSource1967/components/jpeg-6b/jfdctint.c;Library/QHTM_FullSource1967/components/jpeg-6b/jidctflt.c;Library/QHTM_FullSource1967/components/jpeg-6b/jidctfst.c;Library/QHTM_FullSource1967/components/jpeg-6b/jidctint.c;Library/QHTM_FullSource1967/components/jpeg-6b/jidctred.c;Library/QHTM_FullSource1967/components/jpeg-6b/jmemmgr.c;Library/QHTM_FullSource1967/components/jpeg-6b/jmemnobs.c;Library/QHTM_FullSource1967/components/jpeg-6b/jquant1.c;Library/QHTM_FullSource1967/components/jpeg-6b/jquant2.c;Library/QHTM_FullSource1967/components/jpeg-6b/jutils.c
Library/QHTM_FullSource1967/components/jpeg-6b/jquant1.c,third-party/middleware,normal player dependency,31294,556df5715cf5d915e5190066ff4e542a9911b651e45b34d322a6f6c2b0098fbc,,XGamebase/src/libs/jpeg/jquant1.c,0,
Library/QHTM_FullSource1967/components/jpeg-6b/jquant2.c,third-party/middleware,normal player dependency,48429,9b6844e18480d7003618e8f473a0900743d15fc8516aee7229a77adce470eb0b,,XGamebase/src/libs/jpeg/jquant2.c,0,
Library/QHTM_FullSource1967/components/jpeg-6b/jutils.c,third-party/middleware,normal player dependency,5240,2cab735c6ea1bca55f4c94a72c73035a0a161378403a6bd849b350df71db92d6,,XGamebase/src/libs/jpeg/jutils.c,0,
Library/QHTM_FullSource1967/components/jpeg-6b/jversion.h,third-party/middleware,normal player dependency,360,7a8c12a9d52f62342b46b64a8d91d148ae7b0398e9663ad03da3e0b882cd2f14,,XGamebase/src/libs/jpeg/jversion.h;XLauncher/FlashCtrl/JPEG/jversion.h,1,Library/QHTM_FullSource1967/components/jpeg-6b/jerror.c
Library/QHTM_FullSource1967/components/jpeg-6b/Release/obj/jcapimin.obj,generated/build artifact,unclassified/non-code,3360,17a3d8270ca0bba2ba84c1eb7694a8798464a07096968846f3a27012788509f2,,Compiled/KR/release_gm/XGamebase/jcapimin.obj;Compiled/TH/release_gm/XGamebase/jcapimin.obj,0,
Library/QHTM_FullSource1967/components/jpeg-6b/Release/obj/jcapistd.obj,generated/build artifact,unclassified/non-code,1563,37f6d58aac5a7fcaa7a1378ccfa784110cc6a688a3d67dc6634c83dba27ef648,,Compiled/KR/release_gm/XGamebase/jcapistd.obj;Compiled/TH/release_gm/XGamebase/jcapistd.obj,0,
Library/QHTM_FullSource1967/components/jpeg-6b/Release/obj/jccoefct.obj,generated/build artifact,unclassified/non-code,3911,447a6706ca90806f6249c7da725b0527701184bf6fe1b4954a2d26fa8efe4bd9,,Compiled/KR/release_gm/XGamebase/jccoefct.obj;Compiled/TH/release_gm/XGamebase/jccoefct.obj,0,
Library/QHTM_FullSource1967/components/jpeg-6b/Release/obj/jccolor.obj,generated/build artifact,unclassified/non-code,4308,0cc94e96322ac3b2ef36d14723aeac5aa0126d467b5599175ef05e1f34443396,,Compiled/KR/release_gm/XGamebase/jccolor.obj;Compiled/TH/release_gm/XGamebase/jccolor.obj,0,
Library/QHTM_FullSource1967/components/jpeg-6b/Release/obj/jcdctmgr.obj,generated/build artifact,unclassified/non-code,3711,16156cbc2a9e373a3dd8d55a51e75e7b669271b8f73896a145f99eae7ba01f20,,Compiled/KR/release_gm/XGamebase/jcdctmgr.obj;Compiled/TH/release_gm/XGamebase/jcdctmgr.obj,0,
Library/QHTM_FullSource1967/components/jpeg-6b/Release/obj/jchuff.obj,generated/build artifact,unclassified/non-code,7132,0ce9273c915d46d42b7d44aa24b5ba09fa0486b56484a327ad216a45793ee0db,,Compiled/KR/release_gm/XGamebase/jchuff.obj;Compiled/TH/release_gm/XGamebase/jchuff.obj,0,
Library/QHTM_FullSource1967/components/jpeg-6b/Release/obj/jcinit.obj,generated/build artifact,unclassified/non-code,1179,5587a4e71e4a5df889ea703978dd928f2fbfc235bc6e25f0749441b557ad6787,,Compiled/KR/release_gm/XGamebase/jcinit.obj;Compiled/TH/release_gm/XGamebase/jcinit.obj,0,
Library/QHTM_FullSource1967/components/jpeg-6b/Release/obj/jcmainct.obj,generated/build artifact,unclassified/non-code,1342,dd57a6dc4a6e542a3bdebfd0c2fcb6fa4fe13355fd5cdcc8ac2dd401b50ebc56,,Compiled/KR/release_gm/XGamebase/jcmainct.obj;Compiled/TH/release_gm/XGamebase/jcmainct.obj,0,
Library/QHTM_FullSource1967/components/jpeg-6b/Release/obj/jcmarker.obj,generated/build artifact,unclassified/non-code,7545,2e2789a7c3b7c142fb72aa1bea8a2158f4410a4b97307b18ee42ffc7444c4829,,Compiled/KR/release_gm/XGamebase/jcmarker.obj;Compiled/TH/release_gm/XGamebase/jcmarker.obj,0,
Library/QHTM_FullSource1967/components/jpeg-6b/Release/obj/jcmaster.obj,generated/build artifact,unclassified/non-code,5107,001812352268edfe618794e771950e9e6c1dfeee4142d74f0151c9d2e8edaae9,,Compiled/KR/release_gm/XGamebase/jcmaster.obj;Compiled/TH/release_gm/XGamebase/jcmaster.obj,0,
Library/QHTM_FullSource1967/components/jpeg-6b/Release/obj/jcomapi.obj,generated/build artifact,unclassified/non-code,1283,eb1f7751aa4085c1cd53d1eb19aaa885152b67eb9b4d64a74ced081f40f0dfee,,Compiled/KR/release_gm/XGamebase/jcomapi.obj;Compiled/TH/release_gm/XGamebase/jcomapi.obj;XLauncher/Release/jcomapi.obj,0,
Library/QHTM_FullSource1967/components/jpeg-6b/Release/obj/jcparam.obj,generated/build artifact,unclassified/non-code,8133,846636a0b5612d37b7f96ee893c9356c2bc7c66435acc09c1d743c71e818d0a9,,Compiled/KR/release_gm/XGamebase/jcparam.obj;Compiled/TH/release_gm/XGamebase/jcparam.obj,0,
Library/QHTM_FullSource1967/components/jpeg-6b/Release/obj/jcphuff.obj,generated/build artifact,unclassified/non-code,7204,e6e0245af0e5a9da6e8996b1d72722ff7650cd774d8b80fa4e02693f12af3ed3,,Compiled/KR/release_gm/XGamebase/jcphuff.obj;Compiled/TH/release_gm/XGamebase/jcphuff.obj,0,
Library/QHTM_FullSource1967/components/jpeg-6b/Release/obj/jcprepct.obj,generated/build artifact,unclassified/non-code,3165,257f4993638dd0ee61e998bce71d7d22e3b002ad11ddfe3a1c7137e84b29d299,,Compiled/KR/release_gm/XGamebase/jcprepct.obj;Compiled/TH/release_gm/XGamebase/jcprepct.obj,0,
Library/QHTM_FullSource1967/components/jpeg-6b/Release/obj/jcsample.obj,generated/build artifact,unclassified/non-code,5205,1c2e47e46968339f539ce74f21253878baa5c2f6446b9408ace9fbc9d5069d0a,,Compiled/KR/release_gm/XGamebase/jcsample.obj;Compiled/TH/release_gm/XGamebase/jcsample.obj,0,
Library/QHTM_FullSource1967/components/jpeg-6b/Release/obj/jctrans.obj,generated/build artifact,unclassified/non-code,3994,9fdba51776d07dc9947179c1c1ec1d7cbc598fffe729b82b76fa426d9b051cf0,,Compiled/KR/release_gm/XGamebase/jctrans.obj;Compiled/TH/release_gm/XGamebase/jctrans.obj,0,
Library/QHTM_FullSource1967/components/jpeg-6b/Release/obj/jdapimin.obj,generated/build artifact,unclassified/non-code,4056,4f34c4bc2bc5af001dc14b135f45a180598d7178b543284135a32eae99a14437,,Compiled/KR/release_gm/XGamebase/jdapimin.obj;Compiled/TH/release_gm/XGamebase/jdapimin.obj;XLauncher/Release/jdapimin.obj,0,
Library/QHTM_FullSource1967/components/jpeg-6b/Release/obj/jdapistd.obj,generated/build artifact,unclassified/non-code,2703,0e1394bbd885cb514465f00c6bbc85f7c3f9cdd2460c2fdbf35035b68981ed0b,,Compiled/KR/release_gm/XGamebase/jdapistd.obj;Compiled/TH/release_gm/XGamebase/jdapistd.obj;XLauncher/Release/jdapistd.obj,0,
Library/QHTM_FullSource1967/components/jpeg-6b/Release/obj/jdatadst.obj,generated/build artifact,unclassified/non-code,1552,8a2145a79def71c2b77cce65fa32b533a33e784049b78fef07db2a349dfd25f2,,Compiled/KR/release_gm/XGamebase/jdatadst.obj;Compiled/TH/release_gm/XGamebase/jdatadst.obj,0,
Library/QHTM_FullSource1967/components/jpeg-6b/Release/obj/jdatasrc.obj,generated/build artifact,unclassified/non-code,1803,ea7010cb1c60b2f9a8caf9580e08f65b404fa1ff759cdf19c9af5a68daf2b483,,Compiled/KR/release_gm/XGamebase/jdatasrc.obj;Compiled/TH/release_gm/XGamebase/jdatasrc.obj,0,
Library/QHTM_FullSource1967/components/jpeg-6b/Release/obj/jdcoefct.obj,generated/build artifact,unclassified/non-code,6682,746b48747ff9c20ad9f5ce6e18ec757e8ad32543bef6593921ca7b59a3bb183f,,Compiled/KR/release_gm/XGamebase/jdcoefct.obj;Compiled/TH/release_gm/XGamebase/jdcoefct.obj;XLauncher/Release/jdcoefct.obj,0,
Library/QHTM_FullSource1967/components/jpeg-6b/Release/obj/jdcolor.obj,generated/build artifact,unclassified/non-code,3913,9dc2b4c277a71b3d30d58de72fe7bf66d3993da42e19ddf79792104cad71593b,,Compiled/KR/release_gm/XGamebase/jdcolor.obj;Compiled/TH/release_gm/XGamebase/jdcolor.obj;XLauncher/Release/jdcolor.obj,0,
Library/QHTM_FullSource1967/components/jpeg-6b/Release/obj/jddctmgr.obj,generated/build artifact,unclassified/non-code,2327,be970a76064618feb094f587e5af1a5da5f42bfd28f2929156243b47ef5162b6,,Compiled/KR/release_gm/XGamebase/jddctmgr.obj;Compiled/TH/release_gm/XGamebase/jddctmgr.obj;XLauncher/Release/jddctmgr.obj,0,
Library/QHTM_FullSource1967/components/jpeg-6b/Release/obj/jdhuff.obj,generated/build artifact,unclassified/non-code,5173,6bedfbf80764d0df552aa8561eb7ad281a9902017be2d3540c6669834526d5bd,,Compiled/KR/release_gm/XGamebase/jdhuff.obj;Compiled/TH/release_gm/XGamebase/jdhuff.obj;XLauncher/Release/jdhuff.obj,0,
Library/QHTM_FullSource1967/components/jpeg-6b/Release/obj/jdinput.obj,generated/build artifact,unclassified/non-code,3726,72a87022ca0b92575ff49070924e25fca699f0b351dd3fbfb0dbea0b21b8031c,,Compiled/KR/release_gm/XGamebase/jdinput.obj;Compiled/TH/release_gm/XGamebase/jdinput.obj;XLauncher/Release/jdinput.obj,0,
Library/QHTM_FullSource1967/components/jpeg-6b/Release/obj/jdmainct.obj,generated/build artifact,unclassified/non-code,4079,c111a57b4430fe698b0482e9e0e18ab574e7df2515aea747b8f1ecd3915f8148,,Compiled/KR/release_gm/XGamebase/jdmainct.obj;Compiled/TH/release_gm/XGamebase/jdmainct.obj;XLauncher/Release/jdmainct.obj,0,
Library/QHTM_FullSource1967/components/jpeg-6b/Release/obj/jdmarker.obj,generated/build artifact,unclassified/non-code,13066,f27047c1c717b4a098007bc0e09c0a185c0d903ab7fc192b167d8dd1b19baf46,,Compiled/KR/release_gm/XGamebase/jdmarker.obj;Compiled/TH/release_gm/XGamebase/jdmarker.obj;XLauncher/Release/jdmarker.obj,0,
Library/QHTM_FullSource1967/components/jpeg-6b/Release/obj/jdmaster.obj,generated/build artifact,unclassified/non-code,4760,919e1105f0c0020d99a83d6ef1b448b2f05ae73ffdd35af2195e5fab6ebc2c51,,Compiled/KR/release_gm/XGamebase/jdmaster.obj;Compiled/TH/release_gm/XGamebase/jdmaster.obj;XLauncher/Release/jdmaster.obj,0,
Library/QHTM_FullSource1967/components/jpeg-6b/Release/obj/jdmerge.obj,generated/build artifact,unclassified/non-code,3432,330749c123bd11f5e707b7ab3c11a0a0d3a2ef3308bed7097096a6ca4b890687,,Compiled/KR/release_gm/XGamebase/jdmerge.obj;Compiled/TH/release_gm/XGamebase/jdmerge.obj,0,
Library/QHTM_FullSource1967/components/jpeg-6b/Release/obj/jdphuff.obj,generated/build artifact,unclassified/non-code,5987,cac0b63f659ec8d2d3c832527e3220791019f6d5f7699177a2b5af4668975c0d,,Compiled/KR/release_gm/XGamebase/jdphuff.obj;Compiled/TH/release_gm/XGamebase/jdphuff.obj,0,
Library/QHTM_FullSource1967/components/jpeg-6b/Release/obj/jdpostct.obj,generated/build artifact,unclassified/non-code,2310,29229cd863c1b91d04b40fe5ecd8fcec8f9a7575ad8b9aa7a54b1865286602a7,,Compiled/KR/release_gm/XGamebase/jdpostct.obj;Compiled/TH/release_gm/XGamebase/jdpostct.obj;XLauncher/Release/jdpostct.obj,0,
Library/QHTM_FullSource1967/components/jpeg-6b/Release/obj/jdsample.obj,generated/build artifact,unclassified/non-code,4504,122af8969b78fbdc4c10f8d9918d0884c0fc808e9ea591acb215a4f6256793c0,,Compiled/KR/release_gm/XGamebase/jdsample.obj;Compiled/TH/release_gm/XGamebase/jdsample.obj;XLauncher/Release/jdsample.obj,0,
Library/QHTM_FullSource1967/components/jpeg-6b/Release/obj/jdtrans.obj,generated/build artifact,unclassified/non-code,1272,582686ef5f60c2f7fdd3fcb8e2a3fe5b9bf389adc0bbd9bdb31fba9da2a3b3b1,,Compiled/KR/release_gm/XGamebase/jdtrans.obj;Compiled/TH/release_gm/XGamebase/jdtrans.obj,0,
Library/QHTM_FullSource1967/components/jpeg-6b/Release/obj/jerror.obj,generated/build artifact,unclassified/non-code,27134,787309b8b98333fdcb1fbd2ff33db71ea035d984ddaf10124ec9d5f47d33e4a7,,Compiled/KR/release_gm/XGamebase/jerror.obj;Compiled/TH/release_gm/XGamebase/jerror.obj,0,
Library/QHTM_FullSource1967/components/jpeg-6b/Release/obj/jfdctflt.obj,generated/build artifact,unclassified/non-code,1743,84d043a12691277b7850f6fa164f4e6a60b1fcc93188e4089a02fd2a9f3b8f2b,,Compiled/KR/release_gm/XGamebase/jfdctflt.obj;Compiled/TH/release_gm/XGamebase/jfdctflt.obj,0,
Library/QHTM_FullSource1967/components/jpeg-6b/Release/obj/jfdctfst.obj,generated/build artifact,unclassified/non-code,1071,fe49ec4146cb6bf3624bfedd74f1b41a234e3d58bc85810ceb6be880bf0dfb95,,Compiled/KR/release_gm/XGamebase/jfdctfst.obj;Compiled/TH/release_gm/XGamebase/jfdctfst.obj,0,
Library/QHTM_FullSource1967/components/jpeg-6b/Release/obj/jfdctint.obj,generated/build artifact,unclassified/non-code,1503,a071084d98f32f8b4d381384c376736b05692aab94e3d4d18367592ce59af310,,Compiled/KR/release_gm/XGamebase/jfdctint.obj;Compiled/TH/release_gm/XGamebase/jfdctint.obj;XLauncher/Release/jfdctint.obj,0,
Library/QHTM_FullSource1967/components/jpeg-6b/Release/obj/jidctflt.obj,generated/build artifact,unclassified/non-code,2305,72bb01600d6d582c5eefea6111f8e11055b3ed8a0af93a04b66cfa7f55af0f3b,,Compiled/KR/release_gm/XGamebase/jidctflt.obj;Compiled/TH/release_gm/XGamebase/jidctflt.obj,0,
Library/QHTM_FullSource1967/components/jpeg-6b/Release/obj/jidctfst.obj,generated/build artifact,unclassified/non-code,1695,bcc123e67aff3f7b850085ca76035f46984a1f3c139928e5b495c68898308522,,Compiled/KR/release_gm/XGamebase/jidctfst.obj;Compiled/TH/release_gm/XGamebase/jidctfst.obj,0,
Library/QHTM_FullSource1967/components/jpeg-6b/Release/obj/jidctint.obj,generated/build artifact,unclassified/non-code,1999,4473609ddd04389d4df6b9f97a09e9eadf26cfdaf316ef0413726357d2a5d07a,,Compiled/KR/release_gm/XGamebase/jidctint.obj;Compiled/TH/release_gm/XGamebase/jidctint.obj;XLauncher/Release/jidctint.obj,0,
Library/QHTM_FullSource1967/components/jpeg-6b/Release/obj/jidctred.obj,generated/build artifact,unclassified/non-code,2467,0727b078b36222956bdd55f443a26f00ca610f9ad17319f348d79e1b33d27e20,,Compiled/KR/release_gm/XGamebase/jidctred.obj;Compiled/TH/release_gm/XGamebase/jidctred.obj,0,
Library/QHTM_FullSource1967/components/jpeg-6b/Release/obj/jmemmgr.obj,generated/build artifact,unclassified/non-code,7842,b0a4f4c3a547a1fe23c435cb2e0394d332a50bd734095b52e033a2e96779fa3b,,Compiled/KR/release_gm/XGamebase/jmemmgr.obj;Compiled/TH/release_gm/XGamebase/jmemmgr.obj;XLauncher/Release/jmemmgr.obj,0,
Library/QHTM_FullSource1967/components/jpeg-6b/Release/obj/jmemnobs.obj,generated/build artifact,unclassified/non-code,2221,d53674219d8f032a3b3b5200e27742a0f232be5dd7c72d8dbcb76bebe45daf04,,Compiled/KR/release_gm/XGamebase/jmemnobs.obj;Compiled/TH/release_gm/XGamebase/jmemnobs.obj;XLauncher/Release/jmemnobs.obj,0,
Library/QHTM_FullSource1967/components/jpeg-6b/Release/obj/jquant1.obj,generated/build artifact,unclassified/non-code,7798,1b992db88801aecd3c6ba5c0fde1f00730ea3778fdcd5131f0b2f38772c1594a,,Compiled/KR/release_gm/XGamebase/jquant1.obj;Compiled/TH/release_gm/XGamebase/jquant1.obj,0,
Library/QHTM_FullSource1967/components/jpeg-6b/Release/obj/jquant2.obj,generated/build artifact,unclassified/non-code,9493,815318f22cd2cd1852ab53787515054a2cf6dcbab97887e44bd73d9191d8813d,,Compiled/KR/release_gm/XGamebase/jquant2.obj;Compiled/TH/release_gm/XGamebase/jquant2.obj,0,
Library/QHTM_FullSource1967/components/jpeg-6b/Release/obj/jutils.obj,generated/build artifact,unclassified/non-code,1961,8027c4d8ac597a06f31e6241d4057fec60729b8ce93308e6e0a930e63705d430,,Compiled/KR/release_gm/XGamebase/jutils.obj;Compiled/TH/release_gm/XGamebase/jutils.obj;XLauncher/Release/jutils.obj,0,
Library/QHTM_FullSource1967/components/jpeg-6b/Release/obj/vc60.idb,generated/build artifact,unclassified/non-code,99328,09f97bdd64bf4f58ce96eede605150db3992d46eddf0ba955206ef07b2af3dd8,,Compiled/KR/release_gm/XGamebase/vc60.idb;Compiled/KR/release_gm/XKernel/vc60.idb;Compiled/TH/release_gm/XGamebase/vc60.idb;Compiled/TH/release_gm/XKernel/vc60.idb,0,
Library/QHTM_FullSource1967/components/libpng/announce,third-party/middleware,unclassified/non-code,1418,a8eb644e17164ae1631b8627110e29fbb55cd4c7d57dcaa70645c536e7e8f3aa,,,0,
Library/QHTM_FullSource1967/components/libpng/changes,third-party/middleware,unclassified/non-code,66771,b7720e67dc0f0e11ef047e62b9d6ff7e1ae30521b82b96a88dd56a13a2377929,,,0,
Library/QHTM_FullSource1967/components/libpng/configure,third-party/middleware,unclassified/non-code,203,4a068cbf6617882c1356f5db9115679621d76e3ceae851b35ff49498be2e33d2,,,0,
Library/QHTM_FullSource1967/components/libpng/install,third-party/middleware,unclassified/non-code,7579,83b7eb4dac1fbd084623a20c5eb37d6d8071a71e3bab8efb82b419648a8f71aa,,,0,
Library/QHTM_FullSource1967/components/libpng/knownbug,third-party/middleware,unclassified/non-code,402,e66b33785000d3103fe362116a841480b745ae2d626f2b7b1fea641e7fb3bd46,,,0,
Library/QHTM_FullSource1967/components/libpng/libpng-1.2.3-gnuwin32.diffs,third-party/middleware,unclassified/non-code,8704,71fdf3d37f2d2edc0922b608497532eebed893897118331c0bccbf68bf8538fc,,,0,
Library/QHTM_FullSource1967/components/libpng/libpng-1.2.4-gnuwin32.diffs,third-party/middleware,unclassified/non-code,12231,8f3dad3b9fbdf580bc593f18be14487f33fd7f676894ce3a1f2a4bd782e5bf90,,,0,
Library/QHTM_FullSource1967/components/libpng/libpng.dsp,third-party/middleware,unclassified/non-code,7557,164fc09e76ab7400ff8cf315b7e9092d37994bf431d8bc2b7e2f977773649cf3,,,0,
Library/QHTM_FullSource1967/components/libpng/license,third-party/middleware,unclassified/non-code,3828,3511f5ca3ef035fa734644ea8212966b59db887f63b8b8ccb967b49c97ed4007,,,0,
Library/QHTM_FullSource1967/components/libpng/makefile.mingw,third-party/middleware,unclassified/non-code,10322,851ddf3a7c66faa1bff02ac21ccc6b9fb5b0a4ef705e695a55de197002cd8b51,,,0,
Library/QHTM_FullSource1967/components/libpng/makefile.mingw.orig,third-party/middleware,unclassified/non-code,9971,00683a3e977c7025926dadf137b765a8f219baa4af759630843f34caf221f927,,,0,
Library/QHTM_FullSource1967/components/libpng/makefile.mingw.rej,third-party/middleware,unclassified/non-code,2416,362ab1a85762d3c998f3f44efa37ef9acdb8672a4a4e3e854b0f45699a0d5296,,,0,
Library/QHTM_FullSource1967/components/libpng/png.5,third-party/middleware,unclassified/non-code,1855,c9d1c3ec1563e597b7b5b85cceae0518b325d61ff62d45be9e915e23ce8a0ac5,,,0,
Library/QHTM_FullSource1967/components/libpng/png.c,third-party/middleware,normal player dependency,22825,0a273ca6a006ddd2325b2f89018d5766fa46f1cfd0c9996991f69e18586452c4,,,0,
Library/QHTM_FullSource1967/components/libpng/png.h,third-party/middleware,normal player dependency,136344,40d4f4f4b596471155b2f1178a2b17f01d2ecb03aec64c51751dfcad1a5454b7,,XGamebase/src/libs/png/png.h,18,Library/QHTM_FullSource1967/components/libpng/png.c;Library/QHTM_FullSource1967/components/libpng/pngerror.c;Library/QHTM_FullSource1967/components/libpng/pnggccrd.c;Library/QHTM_FullSource1967/components/libpng/pngget.c;Library/QHTM_FullSource1967/components/libpng/pngmem.c;Library/QHTM_FullSource1967/components/libpng/pngpread.c;Library/QHTM_FullSource1967/components/libpng/pngread.c;Library/QHTM_FullSource1967/components/libpng/pngrio.c;Library/QHTM_FullSource1967/components/libpng/pngrtran.c;Library/QHTM_FullSource1967/components/libpng/pngrutil.c;Library/QHTM_FullSource1967/components/libpng/pngset.c;Library/QHTM_FullSource1967/components/libpng/pngtest.c;Library/QHTM_FullSource1967/components/libpng/pngtrans.c;Library/QHTM_FullSource1967/components/libpng/pngvcrd.c;Library/QHTM_FullSource1967/components/libpng/pngwio.c;Library/QHTM_FullSource1967/components/libpng/pngwrite.c;Library/QHTM_FullSource1967/components/libpng/pngwtran.c;Library/QHTM_FullSource1967/components/libpng/pngwutil.c
Library/QHTM_FullSource1967/components/libpng/pngasmrd.h,third-party/middleware,normal player dependency,333,845b0e5446247d049a1990c3a7841aed3d4348fba5749a205c40065f12217af6,,XGamebase/src/libs/png/pngasmrd.h,0,
Library/QHTM_FullSource1967/components/libpng/pngbar.jpg,third-party/middleware,unclassified/non-code,2498,dac6b8aecef465935b9445b8f134ae0d66069f01d0b05fcdb42f6fdf45972f7b,,,0,
Library/QHTM_FullSource1967/components/libpng/pngbar.png,third-party/middleware,unclassified/non-code,2399,a0d210e0261eb720677c61b59245b653eb3182cc0e089282971443397527f89a,,,0,
Library/QHTM_FullSource1967/components/libpng/pngconf.h,third-party/middleware,normal player dependency,40747,c029bf28fca167e8617162cc8d9d7f9981b1c60bf61016d6c04db40d5c8e059a,,XGamebase/src/libs/png/pngconf.h,1,Library/QHTM_FullSource1967/components/libpng/png.h
Library/QHTM_FullSource1967/components/libpng/pngerror.c,third-party/middleware,normal player dependency,8500,1e5a85d78ba160b0aae391c7e41138ca314d9eed027f3954cdd9bea69f45c7a3,,XGamebase/src/libs/png/pngerror.c,0,
Library/QHTM_FullSource1967/components/libpng/pnggccrd.c,third-party/middleware,normal player dependency,234660,990dfb176bfd95b99a79d68abb5a0285a1f0c33418646019577c50297842ae00,,XGamebase/src/libs/png/pnggccrd.c,0,
Library/QHTM_FullSource1967/components/libpng/pngget.c,third-party/middleware,normal player dependency,25736,676ec7f1ac4375de517718c746c3decbba35c129516d577e5b1208d25ddb14c8,,XGamebase/src/libs/png/pngget.c,0,
Library/QHTM_FullSource1967/components/libpng/pngmem.c,third-party/middleware,normal player dependency,16006,8cd66c95e46acddcdb873e5504a07e2f217693e8abc5fb564dae11b6b6cf423c,,XGamebase/src/libs/png/pngmem.c,0,
Library/QHTM_FullSource1967/components/libpng/pngnow.png,third-party/middleware,unclassified/non-code,2018,8570ec72e50ebf106628cad7a11fac7cafc413e45ff540dab940115bc10b96ee,,,0,
Library/QHTM_FullSource1967/components/libpng/pngpread.c,third-party/middleware,normal player dependency,44473,5e7a5b94318fd16c70ed81de855a9c7919d10b0a6de00978712bae2183cf59e7,,XGamebase/src/libs/png/pngpread.c,0,
Library/QHTM_FullSource1967/components/libpng/pngread.c,third-party/middleware,normal player dependency,45425,f915c538d92c0633bb2a1127ee663ad55d573d69a9f23e05cc5362bec0fcb2e1,,XGamebase/src/libs/png/pngread.c,0,
Library/QHTM_FullSource1967/components/libpng/pngrio.c,third-party/middleware,normal player dependency,5350,629982e48530065e7d75994467ed47d7bc6067ad77d7737f351d35a9d682e1de,,XGamebase/src/libs/png/pngrio.c,0,
Library/QHTM_FullSource1967/components/libpng/pngrtran.c,third-party/middleware,normal player dependency,142250,bbe2415a7e11b8f67376dff65f4b00fffb1d31271f7aad6fd9a232b20e5de7fb,,XGamebase/src/libs/png/pngrtran.c,0,
Library/QHTM_FullSource1967/components/libpng/pngrutil.c,third-party/middleware,normal player dependency,89875,f42e760fa73cf72c1d0b00378710c4f979f6dbcec94ea1cdbdd7fb8a8751224f,,XGamebase/src/libs/png/pngrutil.c,0,
Library/QHTM_FullSource1967/components/libpng/pngset.c,third-party/middleware,normal player dependency,36429,3ff544c3bd13029d8bfc5d698576fd9c1f4c9e31799ed313cf033318cb30a74b,,XGamebase/src/libs/png/pngset.c,0,
Library/QHTM_FullSource1967/components/libpng/pngtest.c,third-party/middleware,normal player dependency,45887,c267ee8480b93e533bfc427abeedd3d744a64bc2af8ca088d17f59a9ff5edee4,,,0,
Library/QHTM_FullSource1967/components/libpng/pngtest.png,third-party/middleware,unclassified/non-code,8574,ba59c25ba0ad3397bb2a6428bf202a0e225c375905783e4f82c0bc16f0fbc8d0,,,0,
Library/QHTM_FullSource1967/components/libpng/pngtrans.c,third-party/middleware,normal player dependency,20023,e2872e5d605aa6c81356609396612bff2c3b4a4c796400d607eed0179f4ad405,,XGamebase/src/libs/png/pngtrans.c,0,
Library/QHTM_FullSource1967/components/libpng/pngvcrd.c,third-party/middleware,normal player dependency,142411,32b53ae05740f06d91f1dfe1f0089a4c3e6fe2ccf2afefa886f64e8b0ab11cda,,XGamebase/src/libs/png/pngvcrd.c,0,
Library/QHTM_FullSource1967/components/libpng/pngwio.c,third-party/middleware,normal player dependency,7435,436a23b942f3c4d32ec1e97a643f3db1de05ce78510584557afe8a2964db1b0f,,XGamebase/src/libs/png/pngwio.c,0,
Library/QHTM_FullSource1967/components/libpng/pngwrite.c,third-party/middleware,normal player dependency,47404,025435e7bcf9b93fe232eaa10936c692a8498652da122e1c502b14ab2ec8a8ab,,XGamebase/src/libs/png/pngwrite.c,0,
Library/QHTM_FullSource1967/components/libpng/pngwtran.c,third-party/middleware,normal player dependency,16953,ad4ad0b8103ad4a10b1c85185d41ad720c2be7d2c12315488b53ba61d6d62ac7,,XGamebase/src/libs/png/pngwtran.c,0,
Library/QHTM_FullSource1967/components/libpng/pngwutil.c,third-party/middleware,normal player dependency,81678,94bb908e6bf7d9308575a136a0abf422c307ab135f7c5d6e47c0f6c0e39acb68,,XGamebase/src/libs/png/pngwutil.c,0,
Library/QHTM_FullSource1967/components/libpng/readme,third-party/middleware,unclassified/non-code,14337,7794615bbc2af75ba2de369fa111ac576d1930f52e730ca03428af757140e2e8,,,0,
Library/QHTM_FullSource1967/components/libpng/readme.txt,third-party/middleware,unclassified/non-code,843,0149af97051ee0c2ab7cc7976860f92b45033d85676b8f980b4d6dbe51884834,,ReadMe.txt;SetRegistry/ReadMe.txt;SetRegistry/SetRegistry/ReadMe.txt;XFControl/Win32/ReadMe.txt;XFileTransfer/ReadMe.txt;XLauncher/ReadMe.txt;XPacker/ReadMe.txt;XPatch/ReadMe.txt;qhtm sdk/qhtm static link/readme.txt;qhtm sdk/test/readme.txt,0,
Library/QHTM_FullSource1967/components/libpng/Release/png.obj,generated/build artifact,unclassified/non-code,11612,4f910fc6a574e6cf5b0d0760cc66ad58a01d0845cc900ff86f073264f88f3ef8,,Compiled/KR/release_gm/XGamebase/png.obj;Compiled/TH/release_gm/XGamebase/png.obj,0,
Library/QHTM_FullSource1967/components/libpng/Release/pngerror.obj,generated/build artifact,unclassified/non-code,4658,fa42fea2b6f744b02e3d38ac7e373de04c5c48542f1f80681681aba5f03e59bb,,Compiled/KR/release_gm/XGamebase/pngerror.obj;Compiled/TH/release_gm/XGamebase/pngerror.obj,0,
Library/QHTM_FullSource1967/components/libpng/Release/pnggccrd.obj,generated/build artifact,unclassified/non-code,266,13608c7e452db6e8a8dc7b99971df9fcda87b4554ad70bceca179dda09a1abea,,Compiled/KR/release_gm/XGamebase/pnggccrd.obj;Compiled/TH/release_gm/XGamebase/pnggccrd.obj,0,
Library/QHTM_FullSource1967/components/libpng/Release/pngget.obj,generated/build artifact,unclassified/non-code,14775,f56f195953704fb59de2d8d691fc4f932be96f8cbcbd7e50fa876cc5dd66553f,,Compiled/KR/release_gm/XGamebase/pngget.obj;Compiled/TH/release_gm/XGamebase/pngget.obj,0,
Library/QHTM_FullSource1967/components/libpng/Release/pngmem.obj,generated/build artifact,unclassified/non-code,4290,fcf5a5e137cab4bdf7f074f9103749a11c82502f37fd44066724ae8545897359,,Compiled/KR/release_gm/XGamebase/pngmem.obj;Compiled/TH/release_gm/XGamebase/pngmem.obj,0,
Library/QHTM_FullSource1967/components/libpng/Release/pngpread.obj,generated/build artifact,unclassified/non-code,19353,65f2ac4827002c141a0fbbde128f8bc0b8e747f25a47a876c35c0d4f8b050780,,Compiled/KR/release_gm/XGamebase/pngpread.obj;Compiled/TH/release_gm/XGamebase/pngpread.obj,0,
Library/QHTM_FullSource1967/components/libpng/Release/pngread.obj,generated/build artifact,unclassified/non-code,19942,a8bde61d5baa9e50c924a8471901866ffc0a9febefa6c0a8e6f5ad105faac7b4,,Compiled/KR/release_gm/XGamebase/pngread.obj;Compiled/TH/release_gm/XGamebase/pngread.obj,0,
Library/QHTM_FullSource1967/components/libpng/Release/pngrio.obj,generated/build artifact,unclassified/non-code,2029,4ae0d270d5c31ed647a8dc5376dd0d94356eadbd23313c8e2dd58e2d38285110,,Compiled/KR/release_gm/XGamebase/pngrio.obj;Compiled/TH/release_gm/XGamebase/pngrio.obj,0,
Library/QHTM_FullSource1967/components/libpng/Release/pngrtran.obj,generated/build artifact,unclassified/non-code,34000,cb44e26ff59fba4e13efb14581d8fc7e5801a8b42fbab5338014b9f79f0dbac0,,Compiled/KR/release_gm/XGamebase/pngrtran.obj;Compiled/TH/release_gm/XGamebase/pngrtran.obj,0,
Library/QHTM_FullSource1967/components/libpng/Release/pngrutil.obj,generated/build artifact,unclassified/non-code,49944,fe3a39d984b50fb5fabfd0c03a84f68123e8ba17424ee5b4c0f9aae62e315a14,,Compiled/KR/release_gm/XGamebase/pngrutil.obj;Compiled/TH/release_gm/XGamebase/pngrutil.obj,0,
Library/QHTM_FullSource1967/components/libpng/Release/pngset.obj,generated/build artifact,unclassified/non-code,20801,802c917ee7c19997fa6276855ffeaf81d60e008289802ef200f4e9b25e8feac6,,Compiled/KR/release_gm/XGamebase/pngset.obj;Compiled/TH/release_gm/XGamebase/pngset.obj,0,
Library/QHTM_FullSource1967/components/libpng/Release/pngtest.obj,generated/build artifact,unclassified/non-code,24130,921a9957568fc9e587de5f2a62e7711cf97bc07a86236b1927f7b638b2ab5c63,,,0,
Library/QHTM_FullSource1967/components/libpng/Release/pngtrans.obj,generated/build artifact,unclassified/non-code,6305,b5a8fe2168060de3ee4ca644b22f629ee5a7e9200caa19c8480efa050003c174,,Compiled/KR/release_gm/XGamebase/pngtrans.obj;Compiled/TH/release_gm/XGamebase/pngtrans.obj,0,
Library/QHTM_FullSource1967/components/libpng/Release/pngvcrd.obj,generated/build artifact,unclassified/non-code,266,bc86f5055e50f468ac1773705159b9f1a509e3587d3e1d2cbcb0fce338988e2e,,Compiled/KR/release_gm/XGamebase/pngvcrd.obj;Compiled/TH/release_gm/XGamebase/pngvcrd.obj,0,
Library/QHTM_FullSource1967/components/libpng/Release/pngwio.obj,generated/build artifact,unclassified/non-code,2583,38c2afebe75642d9411ca748e5a1125d657e849ee50e147414d172f8fabee8eb,,Compiled/KR/release_gm/XGamebase/pngwio.obj;Compiled/TH/release_gm/XGamebase/pngwio.obj,0,
Library/QHTM_FullSource1967/components/libpng/Release/pngwrite.obj,generated/build artifact,unclassified/non-code,21227,041d2253739cd5d2f2af9d60f5cc6a554363effaa8acd5714afaddda570b5bf1,,Compiled/KR/release_gm/XGamebase/pngwrite.obj;Compiled/TH/release_gm/XGamebase/pngwrite.obj,0,
Library/QHTM_FullSource1967/components/libpng/Release/pngwtran.obj,generated/build artifact,unclassified/non-code,3866,196078d5b268092669041242ded6d1ac5772d5b8dce19de308fe4bdd488ae2b4,,Compiled/KR/release_gm/XGamebase/pngwtran.obj;Compiled/TH/release_gm/XGamebase/pngwtran.obj,0,
Library/QHTM_FullSource1967/components/libpng/Release/pngwutil.obj,generated/build artifact,unclassified/non-code,35803,2d9546fd96332c0d0002f581f0cdb4fc8cffa761c349eafcccb6e8fded06cd9a,,Compiled/KR/release_gm/XGamebase/pngwutil.obj;Compiled/TH/release_gm/XGamebase/pngwutil.obj,0,
Library/QHTM_FullSource1967/components/libpng/Release/vc60.idb,generated/build artifact,unclassified/non-code,58368,576491b99808f50c2164c62a3609bec312b40ca790614c1958e4fb93ee557fe1,,Compiled/KR/release_gm/XGamebase/vc60.idb;Compiled/KR/release_gm/XKernel/vc60.idb;Compiled/TH/release_gm/XGamebase/vc60.idb;Compiled/TH/release_gm/XKernel/vc60.idb,0,
Library/QHTM_FullSource1967/components/libpng/todo,third-party/middleware,unclassified/non-code,1182,66e4b73e9847f53475ebea2b5e32fb49902c4a9d0c862affb1d0f332cac65787,,,0,
Library/QHTM_FullSource1967/components/libpng/y2kinfo,third-party/middleware,unclassified/non-code,2317,5fbfb90e6641b182e0d35a904908554a4bf64bc125c2357572a06b06f5d6e50f,,,0,
Library/QHTM_FullSource1967/components/map.h,third-party/middleware,normal player dependency,3456,72b67ed18ac80a597d320980551536bdd69b32f338ce7406ab7ec46bf9fed8fb,,,0,
Library/QHTM_FullSource1967/components/map.inl,third-party/middleware,normal player dependency,5113,f6f158ad417fd9f804685a95fce50bdab8541caa2b695984723542b441ca87c4,,,1,Library/QHTM_FullSource1967/components/map.h
Library/QHTM_FullSource1967/components/mapiter.h,third-party/middleware,normal player dependency,1258,7eab0fcf99b267bafef3870706a348048baa8be537926295e086d21bdd767671,,,3,Library/QHTM_FullSource1967/components/guitools/drawcontext.cpp;Library/QHTM_FullSource1967/components/qhtm/htmldocument.cpp;Library/QHTM_FullSource1967/components/qhtm/qhtmcontrolsection.cpp
Library/QHTM_FullSource1967/components/mapiter.inl,third-party/middleware,normal player dependency,1724,b651f310ecfb167cdb034f40fb1c4d02f47ebe3a838a2e7548205595da27da5c,,,0,
Library/QHTM_FullSource1967/components/platform/platform.h,third-party/middleware,normal player dependency,1016,0d1853841a1bf6f46c743648a290b3592bc56762a4ae9103b77deaaa2d72d346,,,0,
Library/QHTM_FullSource1967/components/platform/win32/types.h,third-party/middleware,normal player dependency,979,e6d359382bfa0d77fccbc15ef4417af1597875790f1c1728323095c9a59c0fe4,,audio_sdk/asorg/include/AudioLib/Types.h;audio_sdk/include/AudioLib/Types.h;audio_sdk/src/AudioLib/include/AudioLib/Types.h,1,Library/QHTM_FullSource1967/components/platform/platform.h
Library/QHTM_FullSource1967/components/qhtm/aquireimage.cpp,third-party/middleware,normal player dependency,3370,1fbf82356faeb605e9e3496eeb1ca62ef7fb82f0bc56a54376f1b2a6d70f32a6,,qhtm sdk/aquireimage.cpp,0,
Library/QHTM_FullSource1967/components/qhtm/aquireimage.h,third-party/middleware,normal player dependency,595,d01e9116902f839d4cfffabc686e14dc884e4f023a06c6fe7a501ceb4d9fcd13,,qhtm sdk/aquireimage.h,2,Library/QHTM_FullSource1967/components/qhtm/aquireimage.cpp;Library/QHTM_FullSource1967/components/qhtm/htmlparse.cpp
Library/QHTM_FullSource1967/components/qhtm/background.h,third-party/middleware,normal player dependency,2916,7ce6381b8bdb25288798bf6b1a21c57bde3a6bcfc8bf1a1f52a6a4c353d385c5,,qhtm sdk/background.h,4,Library/QHTM_FullSource1967/components/qhtm/htmldocument.h;Library/QHTM_FullSource1967/components/qhtm/htmltable.h;Library/QHTM_FullSource1967/components/qhtm/htmltablecell.h;Library/QHTM_FullSource1967/components/qhtm/htmltablesection.h
Library/QHTM_FullSource1967/components/qhtm/buildno.h,third-party/middleware,normal player dependency,144,cf06e21538346c141a7b9a4555bd6623b253d6ed7d6dcef5764805126b35aef9,,qhtm sdk/buildno.h,1,Library/QHTM_FullSource1967/components/qhtm/res/qhtm.rc2
Library/QHTM_FullSource1967/components/qhtm/color.cpp,third-party/middleware,normal player dependency,537,df4d07a3ce5ba376c12a207e9d2a5ac2afa5a08072bfe9a868742c83a838d7f1,,qhtm sdk/color.cpp,0,
Library/QHTM_FullSource1967/components/qhtm/color.h,third-party/middleware,normal player dependency,649,4b58de74e33eb75e3b63063477feb513949bbd3efacd957e45604725036d26e7,,qhtm sdk/color.h,2,Library/QHTM_FullSource1967/components/qhtm/background.h;Library/QHTM_FullSource1967/components/qhtm/color.cpp
Library/QHTM_FullSource1967/components/qhtm/config.h,third-party/middleware,normal player dependency,1419,5deb575e9c7aea41364f2d40f3131fa43a37baa66c0cbdd65466ad6d213609da,,qhtm sdk/config.h,1,Library/QHTM_FullSource1967/components/qhtm/qhtm_includes.h
Library/QHTM_FullSource1967/components/qhtm/cursor.cpp,third-party/middleware,normal player dependency,1298,a8b06642306547b4bb337a7a42f04616074d6654939bfadb92ad2d511d231d64,,qhtm sdk/cursor.cpp,0,
Library/QHTM_FullSource1967/components/qhtm/cursor.h,third-party/middleware,normal player dependency,592,ae9616c2140c4336cb6df0e08b4bd9fc2f45ded1499e93b5781872195ac0e01e,,qhtm sdk/cursor.h,2,Library/QHTM_FullSource1967/components/qhtm/cursor.cpp;Library/QHTM_FullSource1967/components/qhtm/sectionabc.h
Library/QHTM_FullSource1967/components/qhtm/decodecharset.cpp,third-party/middleware,normal player dependency,1559,3c6f3c12ad38ac3fcb0c5773118d541d1030c9bf5a317ec1dd2036658afa7844,,qhtm sdk/decodecharset.cpp,0,
Library/QHTM_FullSource1967/components/qhtm/defaults.cpp,third-party/middleware,normal player dependency,2878,a582fdcb661727042408eb4a16b498cd496b4454ca475580645c90f6510338d5,,qhtm sdk/defaults.cpp,0,
Library/QHTM_FullSource1967/components/qhtm/defaults.h,third-party/middleware,normal player dependency,2042,d13bc9c805c78881f8824d46abdf351df68459bf85294de1d001003d0a92d5b9,,qhtm sdk/defaults.h,23,Library/QHTM_FullSource1967/components/qhtm/defaults.cpp;Library/QHTM_FullSource1967/components/qhtm/enablecooltips.cpp;Library/QHTM_FullSource1967/components/qhtm/htmlblockquote.cpp;Library/QHTM_FullSource1967/components/qhtm/htmldefinitionlist.cpp;Library/QHTM_FullSource1967/components/qhtm/htmldocument.cpp;Library/QHTM_FullSource1967/components/qhtm/htmlforminput.cpp;Library/QHTM_FullSource1967/components/qhtm/htmlimage.cpp;Library/QHTM_FullSource1967/components/qhtm/htmlimagesection.cpp;Library/QHTM_FullSource1967/components/qhtm/htmllist.cpp;Library/QHTM_FullSource1967/components/qhtm/htmlparse.cpp;Library/QHTM_FullSource1967/components/qhtm/htmlprint.cpp;Library/QHTM_FullSource1967/components/qhtm/htmlsection.cpp;Library/QHTM_FullSource1967/components/qhtm/htmlsectioncreator.cpp;Library/QHTM_FullSource1967/components/qhtm/htmlselect.cpp;Library/QHTM_FullSource1967/components/qhtm/htmltable.cpp;Library/QHTM_FullSource1967/components/qhtm/htmltextarea.cpp;Library/QHTM_FullSource1967/components/qhtm/qhtm_gethtmlheight.cpp;Library/QHTM_FullSource1967/components/qhtm/qhtm_renderhtml.cpp;Library/QHTM_FullSource1967/components/qhtm/qhtm_sethtmlbutton.cpp;Library/QHTM_FullSource1967/components/qhtm/qhtmcontrolsection.h;Library/QHTM_FullSource1967/components/qhtm/tablelayout.cpp;Library/QHTM_FullSource1967/components/qhtm/tipwindow.cpp;Library/QHTM_FullSource1967/components/qhtm/tipwindow.h
Library/QHTM_FullSource1967/components/qhtm/dllmain.cpp,third-party/middleware,normal player dependency,956,0267bed2a68d394a1b49eef01deab63888a8aa897a24ad2c370dc881efadc96a,,qhtm sdk/dllmain.cpp,0,
Library/QHTM_FullSource1967/components/qhtm/drawtiledbitmap.cpp,third-party/middleware,normal player dependency,864,9f794404b228d42d5712ed165e5ae40c763d13bb67ef68f24175eda4ec636f34,,qhtm sdk/drawtiledbitmap.cpp,0,
Library/QHTM_FullSource1967/components/qhtm/enablecooltips.cpp,third-party/middleware,normal player dependency,5311,9a19a926b4c395574c37ec2721ccef7b05a0468a612e3809d92e5697c05303e8,,qhtm sdk/enablecooltips.cpp,0,
Library/QHTM_FullSource1967/components/qhtm/focuscontrol.h,third-party/middleware,normal player dependency,934,31ca4cd90cd94711d1e67e7452530b91a140833fc3dddbcc2ff24950a741cbf8,,qhtm sdk/focuscontrol.h,2,Library/QHTM_FullSource1967/components/qhtm/htmlsectionabc.h;Library/QHTM_FullSource1967/components/qhtm/htmlsectionlink.h
Library/QHTM_FullSource1967/components/qhtm/fontinfo.cpp,third-party/middleware,normal player dependency,2931,d21bf83dfd749cf1eefab2a52f2f863ef91c967b337731ae151ee79f26cc091f,,qhtm sdk/fontinfo.cpp,0,
Library/QHTM_FullSource1967/components/qhtm/fontinfo.h,third-party/middleware,normal player dependency,537,e952d5eb44567036f393433defb6ce48d6f13c84f4402d9e4fbca96b2f69cc8e,,qhtm sdk/fontinfo.h,2,Library/QHTM_FullSource1967/components/qhtm/fontinfo.cpp;Library/QHTM_FullSource1967/components/qhtm/htmlparse.cpp
Library/QHTM_FullSource1967/components/qhtm/formdisplayelementabc.h,third-party/middleware,normal player dependency,955,69d7b748e3e9597f17aad2236dfcf243850708a47a0a47dd7764905e3eac2f4b,,qhtm sdk/formdisplayelementabc.h,6,Library/QHTM_FullSource1967/components/qhtm/htmlbuttonsection.h;Library/QHTM_FullSource1967/components/qhtm/htmlcombosection.h;Library/QHTM_FullSource1967/components/qhtm/htmlcontrolsection.h;Library/QHTM_FullSource1967/components/qhtm/htmleditsection.h;Library/QHTM_FullSource1967/components/qhtm/htmlform.cpp;Library/QHTM_FullSource1967/components/qhtm/htmllistboxsection.h
Library/QHTM_FullSource1967/components/qhtm/getcolourfromstring.cpp,third-party/middleware,normal player dependency,13462,03b8c9432a6d792e653d703aa48cf95a32b1b50859f328663e67b7f684cd7108,,qhtm sdk/getcolourfromstring.cpp,0,
Library/QHTM_FullSource1967/components/qhtm/getdisplayworkarea.cpp,third-party/middleware,normal player dependency,1222,ee200ea4b81180f586a6a285c84ee267ec9c8bd3a5d88c5dff2457b61ed4eb89,,qhtm sdk/getdisplayworkarea.cpp,0,
Library/QHTM_FullSource1967/components/qhtm/getfontsize.cpp,third-party/middleware,normal player dependency,1395,406b4e09098159166ddbf75b070f8aed4c12312fdbdc5d60a52facebfe2136ab,,qhtm sdk/getfontsize.cpp,0,
Library/QHTM_FullSource1967/components/qhtm/getfontsizeaspixels.cpp,third-party/middleware,normal player dependency,2037,7e8730d571ee9f6ee53dbe33e7b5dee75ba965a2a67d5c9e9d1da61846380156,,qhtm sdk/getfontsizeaspixels.cpp,0,
Library/QHTM_FullSource1967/components/qhtm/getnumberparameter.cpp,third-party/middleware,normal player dependency,1543,7c38af506d4a16ae6c75bb46e2347ee29757d27d787b719ea3a77c3cb155d4ec,,qhtm sdk/getnumberparameter.cpp,0,
Library/QHTM_FullSource1967/components/qhtm/gotourl.cpp,third-party/middleware,normal player dependency,2420,693da83ef80f6c29956fb924710035362ad6325d2efae720dfb0d9d3451fbe5b,,qhtm sdk/gotourl.cpp,0,
Library/QHTM_FullSource1967/components/qhtm/handlemousewheelregisteredmessage.cpp,third-party/middleware,normal player dependency,2748,5a1732509a825f6e7c33a9354f963a494c0b843b76d5ea2584762889c487eb1b,,qhtm sdk/handlemousewheelregisteredmessage.cpp,0,
Library/QHTM_FullSource1967/components/qhtm/history.txt,third-party/middleware,unclassified/non-code,28016,6be7437085fdea4dab04399e9cff690295c139a478cde9714cbb12877337ff2f,,qhtm sdk/history.txt,0,
Library/QHTM_FullSource1967/components/qhtm/how to build.txt,third-party/middleware,unclassified/non-code,2634,87dd695e06ecbf68ae0a9eb12e4455629edc69b427ef1e55bd2629f44ef87608,,qhtm sdk/how to build.txt,0,
Library/QHTM_FullSource1967/components/qhtm/htmlanchor.cpp,third-party/middleware,normal player dependency,1677,13e7036f9d9be68ec0545c75f7ff82935fc3695cc2a6151665dd96b3639722b6,,qhtm sdk/htmlanchor.cpp,0,
Library/QHTM_FullSource1967/components/qhtm/htmlanchor.h,third-party/middleware,normal player dependency,952,00c7c35fc2f6d0592155186635bbb5b10acf90a604c09fa5871faa6ef129d4aa,,qhtm sdk/htmlanchor.h,1,Library/QHTM_FullSource1967/components/qhtm/htmldocument.h
Library/QHTM_FullSource1967/components/qhtm/htmlblockquote.cpp,third-party/middleware,normal player dependency,1884,11609fdcc049ebcf0ebf09e6df502e191dd7f6b95611330a671dfa492135abbf,,qhtm sdk/htmlblockquote.cpp,0,
Library/QHTM_FullSource1967/components/qhtm/htmlblockquote.h,third-party/middleware,normal player dependency,1008,b4b79bf3feb54b228621df4c5f5215b62b9cc368df26830650d5db8b5c9180a9,,qhtm sdk/htmlblockquote.h,1,Library/QHTM_FullSource1967/components/qhtm/htmldocument.h
Library/QHTM_FullSource1967/components/qhtm/htmlbreak.cpp,third-party/middleware,normal player dependency,970,690a7dfbbbafd55cd70cd486d960e940ff590488e3d756ea965f0194b5f9bf52,,qhtm sdk/htmlbreak.cpp,0,
Library/QHTM_FullSource1967/components/qhtm/htmlbreak.h,third-party/middleware,normal player dependency,936,4c921da269501356987350cf3028b38fbdd286edbff762b5859fb78ef9e2f915,,qhtm sdk/htmlbreak.h,1,Library/QHTM_FullSource1967/components/qhtm/htmldocument.h
Library/QHTM_FullSource1967/components/qhtm/htmlbuttonsection.cpp,third-party/middleware,normal player dependency,7020,5d96b7b6d4c9396ab3530f6173b5414c1954aad3da2384ee2b0e23261ff2e02d,,qhtm sdk/htmlbuttonsection.cpp,0,
Library/QHTM_FullSource1967/components/qhtm/htmlbuttonsection.h,third-party/middleware,normal player dependency,1870,876f971ed72f55a42013b5cff8056ee3e94b8934a2d58fc51d0926947d4aeedd,,qhtm sdk/htmlbuttonsection.h,2,Library/QHTM_FullSource1967/components/qhtm/htmlbuttonsection.cpp;Library/QHTM_FullSource1967/components/qhtm/htmlforminput.cpp
Library/QHTM_FullSource1967/components/qhtm/htmlcombosection.cpp,third-party/middleware,normal player dependency,4811,89a33e83e72b567fb1cd6c213b94757611d4c07080b86aa4bf7f2e80545edeff,,qhtm sdk/htmlcombosection.cpp,0,
Library/QHTM_FullSource1967/components/qhtm/htmlcombosection.h,third-party/middleware,normal player dependency,1558,782234bcc314b7d85b56f0245a1b1748bf6b3d4a0a420cd1a67a1d9fcea65b64,,qhtm sdk/htmlcombosection.h,2,Library/QHTM_FullSource1967/components/qhtm/htmlcombosection.cpp;Library/QHTM_FullSource1967/components/qhtm/htmlselect.cpp
Library/QHTM_FullSource1967/components/qhtm/htmlcontrol.cpp,third-party/middleware,normal player dependency,4467,d13bcda7d923f3206758df329daf8b61360d1a0cb04bb2c62fa2fe290822e71f,,qhtm sdk/htmlcontrol.cpp,0,
Library/QHTM_FullSource1967/components/qhtm/htmlcontrol.h,third-party/middleware,normal player dependency,1340,ab675364f17736acdc09d37299a8b48935300329b60477047bdefc00774b7c21,,qhtm sdk/htmlcontrol.h,1,Library/QHTM_FullSource1967/components/qhtm/htmldocument.h
Library/QHTM_FullSource1967/components/qhtm/htmlcontrolsection.cpp,third-party/middleware,normal player dependency,2237,c2919b3ac084f8c51ac652935262e3c76aa55b231121beaf295117e0361cf719,,qhtm sdk/htmlcontrolsection.cpp,0,
Library/QHTM_FullSource1967/components/qhtm/htmlcontrolsection.h,third-party/middleware,normal player dependency,1609,a99fac12359a36c9ae97e718ac516f12d4c9cb6d12d19ef33eb5890f5ddf84a3,,qhtm sdk/htmlcontrolsection.h,2,Library/QHTM_FullSource1967/components/qhtm/htmlcontrol.cpp;Library/QHTM_FullSource1967/components/qhtm/htmlcontrolsection.cpp
Library/QHTM_FullSource1967/components/qhtm/htmldefinitionlist.cpp,third-party/middleware,normal player dependency,2259,70eb896022b5404b5c609535b496b8c0791a9a19bde8ec55ec2b1162e5743004,,qhtm sdk/htmldefinitionlist.cpp,0,
Library/QHTM_FullSource1967/components/qhtm/htmldefinitionlist.h,third-party/middleware,normal player dependency,1107,ca136256a49da62a59cb70310e21128f888fdfea172686b75ae3a7174128f527,,qhtm sdk/htmldefinitionlist.h,1,Library/QHTM_FullSource1967/components/qhtm/htmldocument.h
Library/QHTM_FullSource1967/components/qhtm/htmldefinitionlistitem.cpp,third-party/middleware,normal player dependency,1144,5184bfa44efcbf7713d61101f967e8fdc16026bd76334f09e57b21e13d8febfe,,qhtm sdk/htmldefinitionlistitem.cpp,0,
Library/QHTM_FullSource1967/components/qhtm/htmldefinitionlistitem.h,third-party/middleware,normal player dependency,884,52a32c74a87a4049be9378f5937628c8f1da1e6f9b25d9688bd656db8c60ea0a,,qhtm sdk/htmldefinitionlistitem.h,1,Library/QHTM_FullSource1967/components/qhtm/htmldocument.h
Library/QHTM_FullSource1967/components/qhtm/htmldocument.cpp,third-party/middleware,normal player dependency,3987,a70a7a873ee57c09d0c229c1a39521a1f8a3ce340337bd353aef749990da0ea9,,qhtm sdk/htmldocument.cpp,0,
Library/QHTM_FullSource1967/components/qhtm/htmldocument.h,third-party/middleware,normal player dependency,4416,a81c8ab1f8c944120cf0fb2830834895f14f8cc68a0ba6526500ec967daa5d47,,qhtm sdk/htmldocument.h,1,Library/QHTM_FullSource1967/components/qhtm/htmlparse.h
Library/QHTM_FullSource1967/components/qhtm/htmldocumentobject.cpp,third-party/middleware,normal player dependency,521,34ee3bb25f8eef1bc8147be5e9e57496a8953337c543f262f36ef6b80e87d781,,qhtm sdk/htmldocumentobject.cpp,0,
Library/QHTM_FullSource1967/components/qhtm/htmldocumentobject.h,third-party/middleware,normal player dependency,897,85ba63c650d9868278af74996475358da0067bc5aa4ace4c1ab47c4bcef72f13,,qhtm sdk/htmldocumentobject.h,2,Library/QHTM_FullSource1967/components/qhtm/htmldocument.h;Library/QHTM_FullSource1967/components/qhtm/htmlparagraph.h
Library/QHTM_FullSource1967/components/qhtm/htmleditsection.cpp,third-party/middleware,normal player dependency,4555,6545a0a4a567c4023b4bdd15b72a82c43be34815c4e6bb615e5161557e58a427,,qhtm sdk/htmleditsection.cpp,0,
Library/QHTM_FullSource1967/components/qhtm/htmleditsection.h,third-party/middleware,normal player dependency,1548,57bdaf17d04193cda729f68b351a50e8a09adbb1d1564fb24a54da11f9e9ed9b,,qhtm sdk/htmleditsection.h,2,Library/QHTM_FullSource1967/components/qhtm/htmleditsection.cpp;Library/QHTM_FullSource1967/components/qhtm/htmlforminput.cpp
Library/QHTM_FullSource1967/components/qhtm/htmlfontdef.h,third-party/middleware,normal player dependency,1228,af8f7451fc1602d3ed87f5025e29366169ae8e2f2f1c86292b63ed3359e4f021,,qhtm sdk/htmlfontdef.h,2,Library/QHTM_FullSource1967/components/qhtm/htmlparse.h;Library/QHTM_FullSource1967/components/qhtm/htmltextarea.h
Library/QHTM_FullSource1967/components/qhtm/htmlform.cpp,third-party/middleware,normal player dependency,1719,a40add3b630362b78156fd0ee8a0aa3955ff9af6c3fd750939b3f16c34dc6c54,,qhtm sdk/htmlform.cpp,0,
Library/QHTM_FullSource1967/components/qhtm/htmlform.h,third-party/middleware,normal player dependency,1428,241cbb103040437972178c85211424a45f0e81731a84c88901958c3613615083,,qhtm sdk/htmlform.h,1,Library/QHTM_FullSource1967/components/qhtm/htmldocument.h
Library/QHTM_FullSource1967/components/qhtm/htmlformfield.h,third-party/middleware,normal player dependency,488,4eb6ee98560ed60088cfd05312a30565b031a47bf7cadb641b753ddd3f9db5b8,,qhtm sdk/htmlformfield.h,2,Library/QHTM_FullSource1967/components/qhtm/htmlform.h;Library/QHTM_FullSource1967/components/qhtm/htmlformobjectabc.h
Library/QHTM_FullSource1967/components/qhtm/htmlforminput.cpp,third-party/middleware,normal player dependency,7543,9331b4651ff263fd2e81ada7124175412af81d9d62a99d3fb96430ac4fd33d00,,qhtm sdk/htmlforminput.cpp,0,
Library/QHTM_FullSource1967/components/qhtm/htmlforminput.h,third-party/middleware,normal player dependency,1540,f65172007e88fb6395417809519a9cd33cfd4167e617b2dd50011b4e89278eaa,,qhtm sdk/htmlforminput.h,5,Library/QHTM_FullSource1967/components/qhtm/htmlcombosection.cpp;Library/QHTM_FullSource1967/components/qhtm/htmldocument.h;Library/QHTM_FullSource1967/components/qhtm/htmleditsection.cpp;Library/QHTM_FullSource1967/components/qhtm/htmllistboxsection.cpp;Library/QHTM_FullSource1967/components/qhtm/htmltextarea.h
Library/QHTM_FullSource1967/components/qhtm/htmlformobjectabc.cpp,third-party/middleware,normal player dependency,822,875d8dd41923e9446bb0de375679cfe066f0a5954668b6d0a39fb7acd863b922,,qhtm sdk/htmlformobjectabc.cpp,0,
Library/QHTM_FullSource1967/components/qhtm/htmlformobjectabc.h,third-party/middleware,normal player dependency,1102,b79578d8bf70b3e433a1238c8e5fb24ea1ba181541b9252c71510cd50209e9f2,,qhtm sdk/htmlformobjectabc.h,4,Library/QHTM_FullSource1967/components/qhtm/formdisplayelementabc.h;Library/QHTM_FullSource1967/components/qhtm/htmlforminput.h;Library/QHTM_FullSource1967/components/qhtm/htmlformobjectabc.cpp;Library/QHTM_FullSource1967/components/qhtm/htmlselect.h
Library/QHTM_FullSource1967/components/qhtm/htmlgetalignmentfromstring.cpp,third-party/middleware,normal player dependency,1506,ce865d190b8c49d70fa477ecffa50ebbeb1c09a4f68fbab7eb33413d5119035d,,qhtm sdk/htmlgetalignmentfromstring.cpp,0,
Library/QHTM_FullSource1967/components/qhtm/htmlhorizontalrule.cpp,third-party/middleware,normal player dependency,2305,1e9c2d86056a2b487d28b48d75f762c47422798719c54dedefbece980bf504b3,,qhtm sdk/htmlhorizontalrule.cpp,0,
Library/QHTM_FullSource1967/components/qhtm/htmlhorizontalrule.h,third-party/middleware,normal player dependency,1009,37437a0d95f68c23114f91cabd58fc6fb6986ef1f78b9f21f9fbd738ddb7a741,,qhtm sdk/htmlhorizontalrule.h,1,Library/QHTM_FullSource1967/components/qhtm/htmldocument.h
Library/QHTM_FullSource1967/components/qhtm/htmlhorizontalrulesection.cpp,third-party/middleware,normal player dependency,1201,8690746d37fc7d420ca27af6e1d8569ae900d8fb1b679befad14ea4a629b6da0,,qhtm sdk/htmlhorizontalrulesection.cpp,0,
Library/QHTM_FullSource1967/components/qhtm/htmlhorizontalrulesection.h,third-party/middleware,normal player dependency,1032,a6a9e3216b5add9fafe115924d00a62092a06b8adf23648dfe9951d8a7666c3a,,qhtm sdk/htmlhorizontalrulesection.h,2,Library/QHTM_FullSource1967/components/qhtm/htmlhorizontalrule.cpp;Library/QHTM_FullSource1967/components/qhtm/htmlhorizontalrulesection.cpp
Library/QHTM_FullSource1967/components/qhtm/htmlimage.cpp,third-party/middleware,normal player dependency,3728,c7c606b96d5c1424652c1b2fdfe25d99cf96629842a13f90701f79f79a83b3e1,,qhtm sdk/htmlimage.cpp,0,
Library/QHTM_FullSource1967/components/qhtm/htmlimage.h,third-party/middleware,normal player dependency,1077,0c9134d3790263637a6afa13d5c5cd632b2b53cbce3f9640aa241df322534f58,,qhtm sdk/htmlimage.h,1,Library/QHTM_FullSource1967/components/qhtm/htmldocument.h
Library/QHTM_FullSource1967/components/qhtm/htmlimagesection.cpp,third-party/middleware,normal player dependency,2966,412bbb783bec7dd2b7cb82072d78e792d6f970e6a6ce36be05a10a193ce34c05,,qhtm sdk/htmlimagesection.cpp,0,
Library/QHTM_FullSource1967/components/qhtm/htmlimagesection.h,third-party/middleware,normal player dependency,1065,b5901d21a822f1c1a2b509c453f218b00b0faab1521735dd491850f65b9d9d1c,,qhtm sdk/htmlimagesection.h,2,Library/QHTM_FullSource1967/components/qhtm/htmlimage.cpp;Library/QHTM_FullSource1967/components/qhtm/htmlimagesection.cpp
Library/QHTM_FullSource1967/components/qhtm/htmllink.h,third-party/middleware,normal player dependency,654,07ddd708975b449ecbc3cc0504cd8b08f0f3facd8ea2a2d5b46945af533c3e24,,qhtm sdk/htmllink.h,0,
Library/QHTM_FullSource1967/components/qhtm/htmllist.cpp,third-party/middleware,normal player dependency,9015,97bb09d48920b1ec7966ac8cab1fa093f2360608184da1e42d9c069cdd08a570,,qhtm sdk/htmllist.cpp,0,
Library/QHTM_FullSource1967/components/qhtm/htmllist.h,third-party/middleware,normal player dependency,1339,97d94c28860c396725564db9d0e3993a3b819e45accb07699a2749f3916a2f2d,,qhtm sdk/htmllist.h,1,Library/QHTM_FullSource1967/components/qhtm/htmldocument.h
Library/QHTM_FullSource1967/components/qhtm/htmllistboxsection.cpp,third-party/middleware,normal player dependency,4862,7d7e4bc63ba5f21ea2bf95a055bbfb9ec542563ff77aaf56fe9e0f6f9e3d35fe,,qhtm sdk/htmllistboxsection.cpp,0,
Library/QHTM_FullSource1967/components/qhtm/htmllistboxsection.h,third-party/middleware,normal player dependency,1576,cc94264828060389f83714774c871cfe208f0a9ce7c9b7ff77cee4980934cf05,,qhtm sdk/htmllistboxsection.h,2,Library/QHTM_FullSource1967/components/qhtm/htmllistboxsection.cpp;Library/QHTM_FullSource1967/components/qhtm/htmlselect.cpp
Library/QHTM_FullSource1967/components/qhtm/htmllistitem.cpp,third-party/middleware,normal player dependency,2082,a521fa85fe67b247e47e23cc9a18260e5982904735b33ad7f9e5d66846a7e93b,,qhtm sdk/htmllistitem.cpp,0,
Library/QHTM_FullSource1967/components/qhtm/htmllistitem.h,third-party/middleware,normal player dependency,1242,d29d0cff0f75fe7c6e7815880c3780a72542fafcbff2a570891bed799c7c0861,,qhtm sdk/htmllistitem.h,1,Library/QHTM_FullSource1967/components/qhtm/htmldocument.h
Library/QHTM_FullSource1967/components/qhtm/htmloption.cpp,third-party/middleware,normal player dependency,863,6d7bc89b4951acfc2aec329cde8e97e9932e28e27868a5a65e015ecfedc6146a,,qhtm sdk/htmloption.cpp,0,
Library/QHTM_FullSource1967/components/qhtm/htmloption.h,third-party/middleware,normal player dependency,735,66ab5718f584e0768dcf1cbf00ef8c183dd6aa27719c2df3196a1919d5869383,,qhtm sdk/htmloption.h,3,Library/QHTM_FullSource1967/components/qhtm/htmldocument.h;Library/QHTM_FullSource1967/components/qhtm/htmloption.cpp;Library/QHTM_FullSource1967/components/qhtm/htmlselect.cpp
Library/QHTM_FullSource1967/components/qhtm/htmlparagraph.cpp,third-party/middleware,normal player dependency,2124,c851cc05ba2e7cba839b9c6059fbff9311121049a1d93e6e98db6666d96bc056,,qhtm sdk/htmlparagraph.cpp,0,
Library/QHTM_FullSource1967/components/qhtm/htmlparagraph.h,third-party/middleware,normal player dependency,1319,4366ecbd623b6d18133b8d5df6ffdb371694134b5f13a79d303956be6a911c4f,,qhtm sdk/htmlparagraph.h,2,Library/QHTM_FullSource1967/components/qhtm/htmldocument.h;Library/QHTM_FullSource1967/components/qhtm/htmlform.h
Library/QHTM_FullSource1967/components/qhtm/htmlparagraphobject.cpp,third-party/middleware,normal player dependency,685,c59c2dfcb726e610339ee48768a9ada7ba83f079bbd5cf6f2d2819fea4352b0b,,qhtm sdk/htmlparagraphobject.cpp,0,
Library/QHTM_FullSource1967/components/qhtm/htmlparagraphobject.h,third-party/middleware,normal player dependency,1258,bc7e5940c8f99048b5f805ac2e7ff3179171e87afae05633b5441063332decc5,,qhtm sdk/htmlparagraphobject.h,6,Library/QHTM_FullSource1967/components/qhtm/htmlblockquote.h;Library/QHTM_FullSource1967/components/qhtm/htmlbreak.h;Library/QHTM_FullSource1967/components/qhtm/htmldefinitionlist.h;Library/QHTM_FullSource1967/components/qhtm/htmldocument.h;Library/QHTM_FullSource1967/components/qhtm/htmlformobjectabc.h;Library/QHTM_FullSource1967/components/qhtm/htmllist.h
Library/QHTM_FullSource1967/components/qhtm/htmlparse.cpp,third-party/middleware,normal player dependency,58330,8fc09206e6218467affa5b4c26c8811f98a425195726130a5558a010028c5515,,qhtm sdk/htmlparse.cpp,0,
Library/QHTM_FullSource1967/components/qhtm/htmlparse.h,third-party/middleware,normal player dependency,5892,3edbdefba42c6a05403755d7ba6c61fe81938eee7559d0f99bc4a5b386eac771,,qhtm sdk/htmlparse.h,27,Library/QHTM_FullSource1967/components/qhtm/htmlanchor.cpp;Library/QHTM_FullSource1967/components/qhtm/htmlblockquote.cpp;Library/QHTM_FullSource1967/components/qhtm/htmlbreak.cpp;Library/QHTM_FullSource1967/components/qhtm/htmlcontrol.cpp;Library/QHTM_FullSource1967/components/qhtm/htmldefinitionlist.cpp;Library/QHTM_FullSource1967/components/qhtm/htmldefinitionlistitem.cpp;Library/QHTM_FullSource1967/components/qhtm/htmldocument.cpp;Library/QHTM_FullSource1967/components/qhtm/htmldocumentobject.cpp;Library/QHTM_FullSource1967/components/qhtm/htmlform.cpp;Library/QHTM_FullSource1967/components/qhtm/htmlforminput.cpp;Library/QHTM_FullSource1967/components/qhtm/htmlgetalignmentfromstring.cpp;Library/QHTM_FullSource1967/components/qhtm/htmlhorizontalrule.cpp;Library/QHTM_FullSource1967/components/qhtm/htmlimage.cpp;Library/QHTM_FullSource1967/components/qhtm/htmllist.cpp;Library/QHTM_FullSource1967/components/qhtm/htmllistitem.cpp;Library/QHTM_FullSource1967/components/qhtm/htmlparagraph.cpp;Library/QHTM_FullSource1967/components/qhtm/htmlparagraphobject.cpp;Library/QHTM_FullSource1967/components/qhtm/htmlparse.cpp;Library/QHTM_FullSource1967/components/qhtm/htmlsection.cpp;Library/QHTM_FullSource1967/components/qhtm/htmlsectioncreator.cpp;Library/QHTM_FullSource1967/components/qhtm/htmlsectioncreator.h;Library/QHTM_FullSource1967/components/qhtm/htmlselect.cpp;Library/QHTM_FullSource1967/components/qhtm/htmltable.cpp;Library/QHTM_FullSource1967/components/qhtm/htmltablecell.cpp;Library/QHTM_FullSource1967/components/qhtm/htmltextarea.cpp;Library/QHTM_FullSource1967/components/qhtm/htmltextblock.cpp;Library/QHTM_FullSource1967/components/qhtm/tablelayout.h
Library/QHTM_FullSource1967/components/qhtm/htmlparsebase.cpp,third-party/middleware,normal player dependency,35522,d8e25e5203b127fb0bcb562f0b383448cfd86377440e586628fa711c37f63663,,qhtm sdk/htmlparsebase.cpp,0,
Library/QHTM_FullSource1967/components/qhtm/htmlparsebase.h,third-party/middleware,normal player dependency,4653,56fc7d8d5ad74b3bef835de4d5b660d75767d13240ce38b48789ce3ad804dab2,,qhtm sdk/htmlparsebase.h,3,Library/QHTM_FullSource1967/components/qhtm/dllmain.cpp;Library/QHTM_FullSource1967/components/qhtm/htmlparse.h;Library/QHTM_FullSource1967/components/qhtm/htmlparsebase.cpp
Library/QHTM_FullSource1967/components/qhtm/htmlprint.cpp,third-party/middleware,normal player dependency,8697,346a93b0e623c8d8aa0fa131c681450734135a89e4a3f21f36f93c9e4654981c,,qhtm sdk/htmlprint.cpp,0,
Library/QHTM_FullSource1967/components/qhtm/htmlsection.cpp,third-party/middleware,normal player dependency,23401,e874e3dd641ae8312f7d45e49134895aa360e29b777ede3028b7e2ea03e4b4fe,,qhtm sdk/htmlsection.cpp,0,
Library/QHTM_FullSource1967/components/qhtm/htmlsection.h,third-party/middleware,normal player dependency,7312,6f05af23848ded4645ab765bfbc1f458e907688ef3dd717d6643f6f465f6dfc8,,qhtm sdk/htmlsection.h,15,Library/QHTM_FullSource1967/components/qhtm/enablecooltips.cpp;Library/QHTM_FullSource1967/components/qhtm/htmlprint.cpp;Library/QHTM_FullSource1967/components/qhtm/htmlsection.cpp;Library/QHTM_FullSource1967/components/qhtm/htmlsectionabc.h;Library/QHTM_FullSource1967/components/qhtm/htmlsectioncreator.cpp;Library/QHTM_FullSource1967/components/qhtm/htmlsectioncreator.h;Library/QHTM_FullSource1967/components/qhtm/htmlsectionlink.cpp;Library/QHTM_FullSource1967/components/qhtm/qhtm_gethtmlheight.cpp;Library/QHTM_FullSource1967/components/qhtm/qhtm_messagebox.cpp;Library/QHTM_FullSource1967/components/qhtm/qhtm_renderhtml.cpp;Library/QHTM_FullSource1967/components/qhtm/qhtm_sethtmlbutton.cpp;Library/QHTM_FullSource1967/components/qhtm/qhtmcontrolsection.h;Library/QHTM_FullSource1967/components/qhtm/subclasscontrol.cpp;Library/QHTM_FullSource1967/components/qhtm/tablelayout.cpp;Library/QHTM_FullSource1967/components/qhtm/tipwindow.h
Library/QHTM_FullSource1967/components/qhtm/htmlsectionabc.cpp,third-party/middleware,normal player dependency,2866,cbd3a0a5c050d12c8ab61823fa6bf3186108d529009a5f46486da7eb916f4d99,,qhtm sdk/htmlsectionabc.cpp,0,
Library/QHTM_FullSource1967/components/qhtm/htmlsectionabc.h,third-party/middleware,normal player dependency,2120,397ba0fb63c9c7666a60aced61415033eab7d275c0fdc5f8f91b943a603a397c,,qhtm sdk/htmlsectionabc.h,12,Library/QHTM_FullSource1967/components/qhtm/htmlbuttonsection.h;Library/QHTM_FullSource1967/components/qhtm/htmlcombosection.h;Library/QHTM_FullSource1967/components/qhtm/htmlcontrolsection.h;Library/QHTM_FullSource1967/components/qhtm/htmleditsection.h;Library/QHTM_FullSource1967/components/qhtm/htmlhorizontalrulesection.h;Library/QHTM_FullSource1967/components/qhtm/htmlimagesection.h;Library/QHTM_FullSource1967/components/qhtm/htmllistboxsection.h;Library/QHTM_FullSource1967/components/qhtm/htmlsection.cpp;Library/QHTM_FullSource1967/components/qhtm/htmlsectionabc.cpp;Library/QHTM_FullSource1967/components/qhtm/htmlsectioncreator.h;Library/QHTM_FullSource1967/components/qhtm/htmltablesection.h;Library/QHTM_FullSource1967/components/qhtm/htmltextsection.h
Library/QHTM_FullSource1967/components/qhtm/htmlsectioncreator.cpp,third-party/middleware,normal player dependency,9271,b80820ecec3f3f278a0bff2a7fbb4e7a6e890e98867bd25cf85f6c3376847851,,qhtm sdk/htmlsectioncreator.cpp,0,
Library/QHTM_FullSource1967/components/qhtm/htmlsectioncreator.h,third-party/middleware,normal player dependency,5977,2647a32750206617518e2480304621b25596766a51fb88734a28fa6685e21986,,qhtm sdk/htmlsectioncreator.h,21,Library/QHTM_FullSource1967/components/qhtm/htmlanchor.cpp;Library/QHTM_FullSource1967/components/qhtm/htmlblockquote.cpp;Library/QHTM_FullSource1967/components/qhtm/htmlbreak.cpp;Library/QHTM_FullSource1967/components/qhtm/htmlbuttonsection.cpp;Library/QHTM_FullSource1967/components/qhtm/htmlcombosection.cpp;Library/QHTM_FullSource1967/components/qhtm/htmlcontrol.cpp;Library/QHTM_FullSource1967/components/qhtm/htmlcontrolsection.cpp;Library/QHTM_FullSource1967/components/qhtm/htmldefinitionlist.cpp;Library/QHTM_FullSource1967/components/qhtm/htmleditsection.cpp;Library/QHTM_FullSource1967/components/qhtm/htmlform.cpp;Library/QHTM_FullSource1967/components/qhtm/htmlforminput.cpp;Library/QHTM_FullSource1967/components/qhtm/htmlhorizontalrule.cpp;Library/QHTM_FullSource1967/components/qhtm/htmlimage.cpp;Library/QHTM_FullSource1967/components/qhtm/htmllist.cpp;Library/QHTM_FullSource1967/components/qhtm/htmllistboxsection.cpp;Library/QHTM_FullSource1967/components/qhtm/htmlsection.cpp;Library/QHTM_FullSource1967/components/qhtm/htmlsectioncreator.cpp;Library/QHTM_FullSource1967/components/qhtm/htmlselect.cpp;Library/QHTM_FullSource1967/components/qhtm/htmltable.cpp;Library/QHTM_FullSource1967/components/qhtm/htmltextblock.cpp;Library/QHTM_FullSource1967/components/qhtm/tablelayout.cpp
Library/QHTM_FullSource1967/components/qhtm/htmlsectionlink.cpp,third-party/middleware,normal player dependency,2602,3bbf729e3193fcc85b33c71434e0fbab087f2b105e0bf00f9b2dc8f547fc50b6,,qhtm sdk/htmlsectionlink.cpp,0,
Library/QHTM_FullSource1967/components/qhtm/htmlsectionlink.h,third-party/middleware,normal player dependency,1989,e589ee60ed154cf454dcbe8bc705785e7840c73596134cb8ad36da19e3b413eb,,qhtm sdk/htmlsectionlink.h,3,Library/QHTM_FullSource1967/components/qhtm/htmlsection.h;Library/QHTM_FullSource1967/components/qhtm/htmlsectionabc.cpp;Library/QHTM_FullSource1967/components/qhtm/htmlsectionlink.cpp
Library/QHTM_FullSource1967/components/qhtm/htmlselect.cpp,third-party/middleware,normal player dependency,4314,766fbf83b5b1364ef80edbecb8c47f76bc8df1615fb618d376b03f1206af3e82,,qhtm sdk/htmlselect.cpp,0,
Library/QHTM_FullSource1967/components/qhtm/htmlselect.h,third-party/middleware,normal player dependency,1395,5a01460a7e6a59e1352f41c4f913349de12c1b04fc5419c01e558ee49cfdb60d,,qhtm sdk/htmlselect.h,1,Library/QHTM_FullSource1967/components/qhtm/htmldocument.h
Library/QHTM_FullSource1967/components/qhtm/htmltable.cpp,third-party/middleware,normal player dependency,11672,08c607dcf36c4b633211387db22a13f7900b7faf363205ba66351578e0d2a720,,qhtm sdk/htmltable.cpp,0,
Library/QHTM_FullSource1967/components/qhtm/htmltable.h,third-party/middleware,normal player dependency,2841,a8de554688f13d63ea2ea15e556c4806416027787ad17b28c42de34015006439,,qhtm sdk/htmltable.h,1,Library/QHTM_FullSource1967/components/qhtm/htmldocument.h
Library/QHTM_FullSource1967/components/qhtm/htmltablecell.cpp,third-party/middleware,normal player dependency,1093,5125eb4b1bf3cb274c207ffd078e05cd958b2ce238caacd2ba76622938c41a88,,qhtm sdk/htmltablecell.cpp,0,
Library/QHTM_FullSource1967/components/qhtm/htmltablecell.h,third-party/middleware,normal player dependency,1088,472743a847f3da2781d46b0a8ad979126556fcaa60291c571856720ad574669c,,qhtm sdk/htmltablecell.h,1,Library/QHTM_FullSource1967/components/qhtm/htmldocument.h
Library/QHTM_FullSource1967/components/qhtm/htmltablesection.cpp,third-party/middleware,normal player dependency,2530,dbf0aa57befe759927cce35c30aa2220218f0fbb89a2209b566c0403944b6501,,qhtm sdk/htmltablesection.cpp,0,
Library/QHTM_FullSource1967/components/qhtm/htmltablesection.h,third-party/middleware,normal player dependency,1298,ddf5e43365a4432814a5dc74856fa4a72afd646954ae0139615e4b39bfaab37c,,qhtm sdk/htmltablesection.h,2,Library/QHTM_FullSource1967/components/qhtm/htmltable.cpp;Library/QHTM_FullSource1967/components/qhtm/htmltablesection.cpp
Library/QHTM_FullSource1967/components/qhtm/htmltextarea.cpp,third-party/middleware,normal player dependency,640,d011d14874a8ef99f995c27bae3a9c1a27fdcdb85c1255ab9bde3ad42bae23ce,,qhtm sdk/htmltextarea.cpp,0,
Library/QHTM_FullSource1967/components/qhtm/htmltextarea.h,third-party/middleware,normal player dependency,846,b8e63fa97d67ba75d7cc71a873528fcd49197d7b552aa892278d8b8f42d0542e,,qhtm sdk/htmltextarea.h,1,Library/QHTM_FullSource1967/components/qhtm/htmldocument.h
Library/QHTM_FullSource1967/components/qhtm/htmltextblock.cpp,third-party/middleware,normal player dependency,4930,6611b8989051d4ceb65b384ee59b828f9082d94f5ec705870632f7c75325df91,,qhtm sdk/htmltextblock.cpp,0,
Library/QHTM_FullSource1967/components/qhtm/htmltextblock.h,third-party/middleware,normal player dependency,1090,5d3ccd7b2af62c0f16772b484f5e21dd5b8bd6bd84ff170e43a83ba86a562306,,qhtm sdk/htmltextblock.h,1,Library/QHTM_FullSource1967/components/qhtm/htmldocument.h
Library/QHTM_FullSource1967/components/qhtm/htmltextsection.cpp,third-party/middleware,normal player dependency,1481,945d98a7cd8ec764374a5a62a3cc4f6ed634ffc49395dee7249e6354eac18e68,,qhtm sdk/htmltextsection.cpp,0,
Library/QHTM_FullSource1967/components/qhtm/htmltextsection.h,third-party/middleware,normal player dependency,1038,22abbd460abe3754e29cd1c181f14ae48a84f2a3a1a57ec49cdf5c23e02e4b2b,,qhtm sdk/htmltextsection.h,4,Library/QHTM_FullSource1967/components/qhtm/htmllist.cpp;Library/QHTM_FullSource1967/components/qhtm/htmlsectioncreator.cpp;Library/QHTM_FullSource1967/components/qhtm/htmltextblock.cpp;Library/QHTM_FullSource1967/components/qhtm/htmltextsection.cpp
Library/QHTM_FullSource1967/components/qhtm/licence.txt,third-party/middleware,unclassified/non-code,1546,3551859b60b1802dfd76bf314ed47fddcfef37da93585b8530bad4461fdb0527,,qhtm sdk/licence.txt,0,
Library/QHTM_FullSource1967/components/qhtm/loadtextfile.cpp,third-party/middleware,normal player dependency,1696,289650f83c4ab1105835a25bf7f065d9154a786d8fdc2f4b723bad75c297f134,,qhtm sdk/loadtextfile.cpp,0,
Library/QHTM_FullSource1967/components/qhtm/messagereflector.cpp,third-party/middleware,normal player dependency,874,da71f1a41f9d982719f85dce86e4722009c3b4f144c8122479e14dbf3326f98b,,qhtm sdk/messagereflector.cpp,0,
Library/QHTM_FullSource1967/components/qhtm/messagereflector.h,third-party/middleware,normal player dependency,687,46327611a1c3ed70d61302adc222830d5face20ee1172c0110623069bfb77c1e,,qhtm sdk/messagereflector.h,3,Library/QHTM_FullSource1967/components/qhtm/htmlbuttonsection.h;Library/QHTM_FullSource1967/components/qhtm/messagereflector.cpp;Library/QHTM_FullSource1967/components/qhtm/qhtm_wndproc.cpp
Library/QHTM_FullSource1967/components/qhtm/mouse.cpp,third-party/middleware,normal player dependency,461,9f239f6f60a28b695ba4afcc9e9c8e0aa50ca64be5187d7ff4c949544ee87bae,,qhtm sdk/mouse.cpp,0,
Library/QHTM_FullSource1967/components/qhtm/parentsection.cpp,third-party/middleware,normal player dependency,2562,54dd94b2a417f820bd7761ba832dbe2b9b711f77e91e6fdafb3f46c46d9ed2e8,,qhtm sdk/parentsection.cpp,0,
Library/QHTM_FullSource1967/components/qhtm/parentsection.h,third-party/middleware,normal player dependency,1642,11df00f8cd2a8d0723ad84b5c37841e6a90a5f9709976b7abcef117a207ded5e,,qhtm sdk/parentsection.h,3,Library/QHTM_FullSource1967/components/qhtm/parentsection.cpp;Library/QHTM_FullSource1967/components/qhtm/sectionabc.cpp;Library/QHTM_FullSource1967/components/qhtm/sectionabc.h
Library/QHTM_FullSource1967/components/qhtm/parsestyles.cpp,third-party/middleware,normal player dependency,2544,09b3fd923a92baab210bda41103f3c47fe0325d8154a6be13c5d3ce5c00b7888,,qhtm sdk/parsestyles.cpp,0,
Library/QHTM_FullSource1967/components/qhtm/parsestyles.h,third-party/middleware,normal player dependency,859,391f96eaa87e7f52fc0cf967b1781ae1f8b0581e0803e7718c5223ef27665775,,qhtm sdk/parsestyles.h,2,Library/QHTM_FullSource1967/components/qhtm/htmlparse.cpp;Library/QHTM_FullSource1967/components/qhtm/parsestyles.cpp
Library/QHTM_FullSource1967/components/qhtm/parsewindowstyle.cpp,third-party/middleware,normal player dependency,5362,3fd84f793bf37c27ecc1e85e56d266ba5bdd9105b0c817aee8b346bee8d6f93d,,qhtm sdk/parsewindowstyle.cpp,0,
Library/QHTM_FullSource1967/components/qhtm/qhtm static link/QHTM Static Link.dsp,third-party/middleware,unclassified/non-code,16135,47ec517376818222e04508d89a7951a14d2963a0264a76dc648f9c7e95cd4cdd,,qhtm sdk/qhtm static link/QHTM Static Link.dsp,0,
Library/QHTM_FullSource1967/components/qhtm/qhtm static link/readme.txt,third-party/middleware,unclassified/non-code,841,7d525c6d18d9e22f49e58b2ee8ddd255ced09eec6a7251a1e1e32b814ca2b2b3,,ReadMe.txt;SetRegistry/ReadMe.txt;SetRegistry/SetRegistry/ReadMe.txt;XFControl/Win32/ReadMe.txt;XFileTransfer/ReadMe.txt;XLauncher/ReadMe.txt;XPacker/ReadMe.txt;XPatch/ReadMe.txt;qhtm sdk/qhtm static link/readme.txt;qhtm sdk/test/readme.txt,0,
Library/QHTM_FullSource1967/components/qhtm/qhtm static link/stdafx.cpp,third-party/middleware,normal player dependency,208,1c1257d95f4e402cb3069efe840cf08109aa829e806cb9e409897a0ee10a5948,,SetRegistry/SetRegistry/StdAfx.cpp;SetRegistry/StdAfx.cpp;StdAfx.cpp;XFControl/StdAfx.cpp;XFileTransfer/StdAfx.cpp;XLauncher/StdAfx.cpp;XPacker/StdAfx.cpp;XPatch/StdAfx.cpp;qhtm sdk/qhtm static link/stdafx.cpp;qhtm sdk/stdafx.cpp;qhtm sdk/test/stdafx.cpp,0,
Library/QHTM_FullSource1967/components/qhtm/qhtm static link/stdafx.h,third-party/middleware,normal player dependency,1088,3cb36db96290b22253a00b911a9c7a1266628b7c3b57a9da3e7aaad217e9e4b9,,SetRegistry/SetRegistry/StdAfx.h;SetRegistry/StdAfx.h;StdAfx.h;XFControl/StdAfx.h;XFileTransfer/StdAfx.h;XLauncher/StdAfx.h;XPacker/StdAfx.h;XPatch/StdAfx.h;qhtm sdk/qhtm static link/stdafx.h;qhtm sdk/stdafx.h;qhtm sdk/test/stdafx.h,1,Library/QHTM_FullSource1967/components/qhtm/qhtm static link/stdafx.cpp
Library/QHTM_FullSource1967/components/qhtm/qhtm.def,third-party/middleware,unclassified/non-code,647,e6da31b370c7f1bc0eefc1be5de40458a499bcb9b124f13d8d1757c6db1b1ccf,,qhtm sdk/qhtm.def,0,
Library/QHTM_FullSource1967/components/qhtm/QHTM.dsp,third-party/middleware,unclassified/non-code,21086,eeab63f01dcf44fa66d4dec9f7abfeef442166ca309bf1fef1ed1c778b46376e,,qhtm sdk/QHTM.dsp,0,
Library/QHTM_FullSource1967/components/qhtm/qhtm.dsw,third-party/middleware,unclassified/non-code,4452,f695d1f10c7fc31727d54fa6e7eefbc81f2841a42209a7e8688f12ef0e35dc84,,qhtm sdk/qhtm.dsw,0,
Library/QHTM_FullSource1967/components/qhtm/qhtm.h,third-party/middleware,normal player dependency,21444,3ca9196b83b38299dad870febd767b9e8f1de3fbc3441e651b8658b342e68cd0,,qhtm sdk/qhtm.h,29,Library/QHTM_FullSource1967/components/qhtm/aquireimage.cpp;Library/QHTM_FullSource1967/components/qhtm/defaults.cpp;Library/QHTM_FullSource1967/components/qhtm/defaults.h;Library/QHTM_FullSource1967/components/qhtm/dllmain.cpp;Library/QHTM_FullSource1967/components/qhtm/drawtiledbitmap.cpp;Library/QHTM_FullSource1967/components/qhtm/enablecooltips.cpp;Library/QHTM_FullSource1967/components/qhtm/htmlcombosection.cpp;Library/QHTM_FullSource1967/components/qhtm/htmlcontrolsection.cpp;Library/QHTM_FullSource1967/components/qhtm/htmldocument.cpp;Library/QHTM_FullSource1967/components/qhtm/htmleditsection.cpp;Library/QHTM_FullSource1967/components/qhtm/htmlimagesection.cpp;Library/QHTM_FullSource1967/components/qhtm/htmllistboxsection.cpp;Library/QHTM_FullSource1967/components/qhtm/htmlparse.h;Library/QHTM_FullSource1967/components/qhtm/htmlprint.cpp;Library/QHTM_FullSource1967/components/qhtm/htmlsection.cpp;Library/QHTM_FullSource1967/components/qhtm/htmlsection.h;Library/QHTM_FullSource1967/components/qhtm/htmlsectioncreator.cpp;Library/QHTM_FullSource1967/components/qhtm/qhtm_gethtmlheight.cpp;Library/QHTM_FullSource1967/components/qhtm/qhtm_initialize.cpp;Library/QHTM_FullSource1967/components/qhtm/qhtm_messagebox.cpp;Library/QHTM_FullSource1967/components/qhtm/qhtm_renderhtml.cpp;Library/QHTM_FullSource1967/components/qhtm/qhtm_sethtmlbutton.cpp;Library/QHTM_FullSource1967/components/qhtm/qhtm_setresources.cpp;Library/QHTM_FullSource1967/components/qhtm/qhtm_uninitialize.cpp;Library/QHTM_FullSource1967/components/qhtm/qhtm_wndproc.cpp;Library/QHTM_FullSource1967/components/qhtm/qhtmcontrolsection.cpp;Library/QHTM_FullSource1967/components/qhtm/qhtmimage.h;Library/QHTM_FullSource1967/components/qhtm/registerwindow.cpp;Library/QHTM_FullSource1967/components/qhtm/tipwindow.cpp
Library/QHTM_FullSource1967/components/qhtm/qhtm.ncb,generated/build artifact,unclassified/non-code,1950720,1f0cfe2115e4b9942e1aa23b959012dff54e62210b18e57fbd9fba2106f3f02e,,,0,
Library/QHTM_FullSource1967/components/qhtm/qhtm.opt,third-party/middleware,unclassified/non-code,131584,2bc817357b0b78c3f4ca91b6ccad66ce71bcbc1636ab47b4a9e33791197e4ccf,,,0,
Library/QHTM_FullSource1967/components/qhtm/QHTM.plg,third-party/middleware,unclassified/non-code,40222,3829d3cff2bf54c265073c479d00a29cc7eb9c20b51d9d20672400e7bb9d80cd,,qhtm sdk/QHTM.plg,0,
Library/QHTM_FullSource1967/components/qhtm/qhtm.rc,third-party/middleware,normal player dependency,1759,6eede9daa22bacf458706c7ada5650e742bbf171c3aed3e8682da2539eabb7aa,,qhtm sdk/qhtm.rc,0,
Library/QHTM_FullSource1967/components/qhtm/qhtm_gethtmlheight.cpp,third-party/middleware,normal player dependency,1811,43d81a081a418bf57dcf322f6c5cdd71267bb9030b11a237dcbe6addeb18febd,,qhtm sdk/qhtm_gethtmlheight.cpp,0,
Library/QHTM_FullSource1967/components/qhtm/qhtm_includes.h,third-party/middleware,normal player dependency,708,4e0044d1d7f0595c598ba53b6e33010bf476a4534b40926fec0bab176d0a9f16,,qhtm sdk/qhtm_includes.h,2,Library/QHTM_FullSource1967/components/qhtm/qhtm static link/stdafx.h;Library/QHTM_FullSource1967/components/qhtm/stdafx.h
Library/QHTM_FullSource1967/components/qhtm/qhtm_initialize.cpp,third-party/middleware,normal player dependency,1137,1f2e2ae81240e3b7ea2882cc57cee55b505849a4bb042e2db712cca01dda33b9,,qhtm sdk/qhtm_initialize.cpp,0,
Library/QHTM_FullSource1967/components/qhtm/qhtm_messagebox.cpp,third-party/middleware,normal player dependency,5820,dc9b73d7b7bac42b81637f50162456980b75c06ebf2a0607045d8a94bc141a3e,,qhtm sdk/qhtm_messagebox.cpp,0,
Library/QHTM_FullSource1967/components/qhtm/qhtm_renderhtml.cpp,third-party/middleware,normal player dependency,2033,9901560d41787b385be9bee604ebf74554a5e8229881c0ab26c6449019f267fd,,qhtm sdk/qhtm_renderhtml.cpp,0,
Library/QHTM_FullSource1967/components/qhtm/qhtm_sethtmlbutton.cpp,third-party/middleware,normal player dependency,4527,f46badbdf2bd98b0d0954b654e2e629c05d12f51aca82edc8d8e24f50b535c0c,,qhtm sdk/qhtm_sethtmlbutton.cpp,0,
Library/QHTM_FullSource1967/components/qhtm/qhtm_setresources.cpp,third-party/middleware,normal player dependency,819,92413a88f12cd43931f0dd30368d4094a4893919081bf32336f0c14b503b7b42,,qhtm sdk/qhtm_setresources.cpp,0,
Library/QHTM_FullSource1967/components/qhtm/qhtm_trace.cpp,third-party/middleware,normal player dependency,1888,4879f4fdd49555193bfcec55184e2f282d0e7e9e4f202f9eb73f5b3ca8b81e4c,,qhtm sdk/qhtm_trace.cpp,0,
Library/QHTM_FullSource1967/components/qhtm/qhtm_trace.h,third-party/middleware,normal player dependency,613,8e62a21ff568c5dca94f1b4b19b60d5c463099f667e9eb6ab886f908a2b86cae,,qhtm sdk/qhtm_trace.h,2,Library/QHTM_FullSource1967/components/qhtm/qhtm_includes.h;Library/QHTM_FullSource1967/components/qhtm/qhtm_trace.cpp
Library/QHTM_FullSource1967/components/qhtm/qhtm_types.h,third-party/middleware,normal player dependency,1579,d79a1f18fc4db1eec70f6aa0a99f37226b94c63e9686455ca92704a460c28395,,qhtm sdk/qhtm_types.h,12,Library/QHTM_FullSource1967/components/qhtm/aquireimage.cpp;Library/QHTM_FullSource1967/components/qhtm/decodecharset.cpp;Library/QHTM_FullSource1967/components/qhtm/defaults.cpp;Library/QHTM_FullSource1967/components/qhtm/fontinfo.cpp;Library/QHTM_FullSource1967/components/qhtm/getcolourfromstring.cpp;Library/QHTM_FullSource1967/components/qhtm/htmlanchor.h;Library/QHTM_FullSource1967/components/qhtm/htmlformobjectabc.cpp;Library/QHTM_FullSource1967/components/qhtm/htmloption.cpp;Library/QHTM_FullSource1967/components/qhtm/htmlparse.h;Library/QHTM_FullSource1967/components/qhtm/parsestyles.h;Library/QHTM_FullSource1967/components/qhtm/parsewindowstyle.cpp;Library/QHTM_FullSource1967/components/qhtm/simplestring.h
Library/QHTM_FullSource1967/components/qhtm/qhtm_uninitialize.cpp,third-party/middleware,normal player dependency,780,aacb481412b3fdbf363e1b1bf70370547197acec36ed01261611792a6dac43b4,,qhtm sdk/qhtm_uninitialize.cpp,0,
Library/QHTM_FullSource1967/components/qhtm/qhtm_wndproc.cpp,third-party/middleware,normal player dependency,15466,84af84e5fdc4935de33910e2c7f3e2a8ac929d6c5d6c21c89a1155fcbd4ed96e,,qhtm sdk/qhtm_wndproc.cpp,0,
Library/QHTM_FullSource1967/components/qhtm/qhtmcontrolsection.cpp,third-party/middleware,normal player dependency,21283,acbdf303c896858ceb750e0e812cfe27c645656e02dec19422ebc300470b507f,,qhtm sdk/qhtmcontrolsection.cpp,0,
Library/QHTM_FullSource1967/components/qhtm/qhtmcontrolsection.h,third-party/middleware,normal player dependency,5748,e29bc7fa8cddf471c5d9a94f6cde0d42728bfb93b6070ba8bf02bc05e52d3d89,,qhtm sdk/qhtmcontrolsection.h,3,Library/QHTM_FullSource1967/components/qhtm/qhtm_wndproc.cpp;Library/QHTM_FullSource1967/components/qhtm/qhtmcontrolsection.cpp;Library/QHTM_FullSource1967/components/qhtm/registerwindow.cpp
Library/QHTM_FullSource1967/components/qhtm/qhtmimage.cpp,third-party/middleware,normal player dependency,410,1d3713ef330681d310ad6cfb359e9896dd28a7f88f16a0831f5a1ed3d3f74d56,,qhtm sdk/qhtmimage.cpp,0,
Library/QHTM_FullSource1967/components/qhtm/qhtmimage.h,third-party/middleware,normal player dependency,1317,e2aa5969173657f8245de1dfe159b3f0c266fae62e1dca3ad521ef53023bb6b0,,qhtm sdk/qhtmimage.h,3,Library/QHTM_FullSource1967/components/qhtm/aquireimage.cpp;Library/QHTM_FullSource1967/components/qhtm/htmlparse.cpp;Library/QHTM_FullSource1967/components/qhtm/qhtmimage.cpp
Library/QHTM_FullSource1967/components/qhtm/registerwindow.cpp,third-party/middleware,normal player dependency,1069,8279a597893563d38092a23d3fed61d3e1c58b76e807fe0671c10cd40bbbb86a,,qhtm sdk/registerwindow.cpp,0,
Library/QHTM_FullSource1967/components/qhtm/res/arrow.cur,third-party/middleware,unclassified/non-code,326,27f1853f1633d1233d01319bfa8ee8707b534c6c5c472a52e7124b6184ecac15,qhtm sdk/res/arrow.cur;qhtm sdk/res/hand.cur,qhtm sdk/res/arrow.cur,0,
Library/QHTM_FullSource1967/components/qhtm/res/hand.cur,third-party/middleware,unclassified/non-code,326,27f1853f1633d1233d01319bfa8ee8707b534c6c5c472a52e7124b6184ecac15,qhtm sdk/res/arrow.cur;qhtm sdk/res/hand.cur,qhtm sdk/res/hand.cur,0,
Library/QHTM_FullSource1967/components/qhtm/res/noimage.bmp,third-party/middleware,unclassified/non-code,1492,1297ea1da6a58412eac86006ec790ade6e8e8f2c5ae124c62f972dc39838dac7,qhtm sdk/res/noimage.bmp,qhtm sdk/res/noimage.bmp,0,
Library/QHTM_FullSource1967/components/qhtm/res/qhtm.rc2,third-party/middleware,normal player dependency,1466,025c3a3d1828bddafa2a1b23555106e972e5c471605d48038a4ccfe18da9c8af,,qhtm sdk/res/qhtm.rc2,1,Library/QHTM_FullSource1967/components/qhtm/qhtm.rc
Library/QHTM_FullSource1967/components/qhtm/resource.h,third-party/middleware,normal player dependency,658,c86b4d5be134ae4dc4f455d301915eb2b713755b15119c3a3b57f027c52e8e4d,,ChinaResource/resource.h;SetRegistry/SetRegistry/resource.h;SetRegistry/resource.h;XFileTransfer/resource.h;XLauncher/Resource.h;XPacker/Resource.h;XPatch/resource.h;qhtm sdk/resource.h;qhtm sdk/test/resource.h;resource.h,2,Library/QHTM_FullSource1967/components/qhtm/dllmain.cpp;Library/QHTM_FullSource1967/components/qhtm/qhtm.rc
Library/QHTM_FullSource1967/components/qhtm/resourceloader.cpp,third-party/middleware,normal player dependency,929,374b9c529febd68e6b917b3e508145d2bfb404395ec76c868c2e2d613a205832,,qhtm sdk/resourceloader.cpp,0,
Library/QHTM_FullSource1967/components/qhtm/resourceloader.h,third-party/middleware,normal player dependency,857,9be2c7c082db29fc6f8bf3c969c38b935059b19626df7d3f206e66d8175c1a90,,qhtm sdk/resourceloader.h,4,Library/QHTM_FullSource1967/components/qhtm/htmlparse.cpp;Library/QHTM_FullSource1967/components/qhtm/htmlsection.cpp;Library/QHTM_FullSource1967/components/qhtm/qhtmcontrolsection.cpp;Library/QHTM_FullSource1967/components/qhtm/resourceloader.cpp
Library/QHTM_FullSource1967/components/qhtm/scrollcontainer.cpp,third-party/middleware,normal player dependency,4744,9306aadc6783e74c32218a55cb257075c50d55824253a3b584955937c0d4de35,,qhtm sdk/scrollcontainer.cpp,0,
Library/QHTM_FullSource1967/components/qhtm/scrollcontainer.h,third-party/middleware,normal player dependency,2123,1ce9406ae069adb6eb343f3e4659d17701db201bc4bcabd6b793e6870380f9ec,,qhtm sdk/scrollcontainer.h,2,Library/QHTM_FullSource1967/components/qhtm/htmlsection.h;Library/QHTM_FullSource1967/components/qhtm/scrollcontainer.cpp
Library/QHTM_FullSource1967/components/qhtm/sectionabc.cpp,third-party/middleware,normal player dependency,7228,3f795fbf0a554e982ba0a37673a35a390c49b0531e07e30b2a8d82cb327284d8,,qhtm sdk/sectionabc.cpp,0,
Library/QHTM_FullSource1967/components/qhtm/sectionabc.h,third-party/middleware,normal player dependency,5527,767945bc19435e82fc9ca4b59fe9be8d6c09e6a65602383aab989fd0c95850c1,,qhtm sdk/sectionabc.h,4,Library/QHTM_FullSource1967/components/qhtm/htmlsectionlink.h;Library/QHTM_FullSource1967/components/qhtm/parentsection.h;Library/QHTM_FullSource1967/components/qhtm/scrollcontainer.h;Library/QHTM_FullSource1967/components/qhtm/sectionabc.cpp
Library/QHTM_FullSource1967/components/qhtm/setup files/non-commercial-licence.rtf,third-party/middleware,unclassified/non-code,6230,c9ca071d4c99efbba2b89d98d71ec1997089b61e892b3e4620ffe04e54389730,,qhtm sdk/setup files/non-commercial-licence.rtf,0,
Library/QHTM_FullSource1967/components/qhtm/setup files/qhtm-full-source.iss,third-party/middleware,unclassified/non-code,612,8e1140fa83123094cfabfa0ae8d81e038a4bfe4b26937806e12a1cafb3eb4b17,,qhtm sdk/setup files/qhtm-full-source.iss,0,
Library/QHTM_FullSource1967/components/qhtm/setup files/qhtm-non-commercial.iss,third-party/middleware,unclassified/non-code,801,1b691cccb9b5fe0acd5f0d208a8ec2786fb4f9f4b94a8f5ccbd0f32e4ea044c7,,qhtm sdk/setup files/qhtm-non-commercial.iss,0,
Library/QHTM_FullSource1967/components/qhtm/setup files/source-licence.txt,third-party/middleware,unclassified/non-code,1531,c0577621412cc548e5b1cb238f709cc07cca244d9142bdfeb0ac64baf10e93e3,,qhtm sdk/setup files/source-licence.txt,0,
Library/QHTM_FullSource1967/components/qhtm/simplestring.cpp,third-party/middleware,normal player dependency,3409,44d081fa0f78483d31504aad0c46886e728d4e4fe566c0f80936b7a4856b07e9,,qhtm sdk/simplestring.cpp,0,
Library/QHTM_FullSource1967/components/qhtm/simplestring.h,third-party/middleware,normal player dependency,1339,f04a4bdc31941ba8c6e3b2e202b5ae6fb2927d4600b29c3bfb4191b5a7213276,,qhtm sdk/simplestring.h,7,Library/QHTM_FullSource1967/components/qhtm/defaults.h;Library/QHTM_FullSource1967/components/qhtm/htmlparse.h;Library/QHTM_FullSource1967/components/qhtm/htmlparsebase.cpp;Library/QHTM_FullSource1967/components/qhtm/htmlsection.h;Library/QHTM_FullSource1967/components/qhtm/qhtm_types.h;Library/QHTM_FullSource1967/components/qhtm/sectionabc.h;Library/QHTM_FullSource1967/components/qhtm/simplestring.cpp
Library/QHTM_FullSource1967/components/qhtm/smallstringhash.h,third-party/middleware,normal player dependency,775,a2dfc9544636b33b17235acf90e6c25b06f623bc0309c4d7394599d727aa828c,,qhtm sdk/smallstringhash.h,4,Library/QHTM_FullSource1967/components/qhtm/decodecharset.cpp;Library/QHTM_FullSource1967/components/qhtm/fontinfo.cpp;Library/QHTM_FullSource1967/components/qhtm/htmlparse.cpp;Library/QHTM_FullSource1967/components/qhtm/htmlsection.cpp
Library/QHTM_FullSource1967/components/qhtm/staticstring.h,third-party/middleware,normal player dependency,2274,596bfb3bced9013cac27f0a0dbcd7e9db3dd856a1cabe6d91506b6272512d906,,qhtm sdk/staticstring.h,8,Library/QHTM_FullSource1967/components/qhtm/decodecharset.cpp;Library/QHTM_FullSource1967/components/qhtm/getcolourfromstring.cpp;Library/QHTM_FullSource1967/components/qhtm/getfontsize.cpp;Library/QHTM_FullSource1967/components/qhtm/getnumberparameter.cpp;Library/QHTM_FullSource1967/components/qhtm/htmlparsebase.cpp;Library/QHTM_FullSource1967/components/qhtm/htmlparsebase.h;Library/QHTM_FullSource1967/components/qhtm/parsestyles.h;Library/QHTM_FullSource1967/components/qhtm/parsewindowstyle.cpp
Library/QHTM_FullSource1967/components/qhtm/stdafx.cpp,third-party/middleware,normal player dependency,283,7ca3aaba2bda851528a7d6009b70c0c1593dbfb6d3b340e664c6c545fa68e73a,,SetRegistry/SetRegistry/StdAfx.cpp;SetRegistry/StdAfx.cpp;StdAfx.cpp;XFControl/StdAfx.cpp;XFileTransfer/StdAfx.cpp;XLauncher/StdAfx.cpp;XPacker/StdAfx.cpp;XPatch/StdAfx.cpp;qhtm sdk/qhtm static link/stdafx.cpp;qhtm sdk/stdafx.cpp;qhtm sdk/test/stdafx.cpp,0,
Library/QHTM_FullSource1967/components/qhtm/stdafx.h,third-party/middleware,normal player dependency,1126,4004fb2cff3c301c792f078f4b7be6918e443c75eafc3324ff343e799ecae9a5,,SetRegistry/SetRegistry/StdAfx.h;SetRegistry/StdAfx.h;StdAfx.h;XFControl/StdAfx.h;XFileTransfer/StdAfx.h;XLauncher/StdAfx.h;XPacker/StdAfx.h;XPatch/StdAfx.h;qhtm sdk/qhtm static link/stdafx.h;qhtm sdk/stdafx.h;qhtm sdk/test/stdafx.h,85,Library/QHTM_FullSource1967/components/qhtm/aquireimage.cpp;Library/QHTM_FullSource1967/components/qhtm/color.cpp;Library/QHTM_FullSource1967/components/qhtm/cursor.cpp;Library/QHTM_FullSource1967/components/qhtm/decodecharset.cpp;Library/QHTM_FullSource1967/components/qhtm/defaults.cpp;Library/QHTM_FullSource1967/components/qhtm/dllmain.cpp;Library/QHTM_FullSource1967/components/qhtm/drawtiledbitmap.cpp;Library/QHTM_FullSource1967/components/qhtm/enablecooltips.cpp;Library/QHTM_FullSource1967/components/qhtm/fontinfo.cpp;Library/QHTM_FullSource1967/components/qhtm/getcolourfromstring.cpp;Library/QHTM_FullSource1967/components/qhtm/getdisplayworkarea.cpp;Library/QHTM_FullSource1967/components/qhtm/getfontsize.cpp;Library/QHTM_FullSource1967/components/qhtm/getfontsizeaspixels.cpp;Library/QHTM_FullSource1967/components/qhtm/getnumberparameter.cpp;Library/QHTM_FullSource1967/components/qhtm/gotourl.cpp;Library/QHTM_FullSource1967/components/qhtm/handlemousewheelregisteredmessage.cpp;Library/QHTM_FullSource1967/components/qhtm/htmlanchor.cpp;Library/QHTM_FullSource1967/components/qhtm/htmlblockquote.cpp;Library/QHTM_FullSource1967/components/qhtm/htmlbreak.cpp;Library/QHTM_FullSource1967/components/qhtm/htmlbuttonsection.cpp;Library/QHTM_FullSource1967/components/qhtm/htmlcombosection.cpp;Library/QHTM_FullSource1967/components/qhtm/htmlcontrol.cpp;Library/QHTM_FullSource1967/components/qhtm/htmlcontrolsection.cpp;Library/QHTM_FullSource1967/components/qhtm/htmldefinitionlist.cpp;Library/QHTM_FullSource1967/components/qhtm/htmldefinitionlistitem.cpp;Library/QHTM_FullSource1967/components/qhtm/htmldocument.cpp;Library/QHTM_FullSource1967/components/qhtm/htmldocumentobject.cpp;Library/QHTM_FullSource1967/components/qhtm/htmleditsection.cpp;Library/QHTM_FullSource1967/components/qhtm/htmlform.cpp;Library/QHTM_FullSource1967/components/qhtm/htmlforminput.cpp;Library/QHTM_FullSource1967/components/qhtm/htmlformobjectabc.cpp;Library/QHTM_FullSource1967/components/qhtm/htmlgetalignmentfromstring.cpp;Library/QHTM_FullSource1967/components/qhtm/htmlhorizontalrule.cpp;Library/QHTM_FullSource1967/components/qhtm/htmlhorizontalrulesection.cpp;Library/QHTM_FullSource1967/components/qhtm/htmlimage.cpp;Library/QHTM_FullSource1967/components/qhtm/htmlimagesection.cpp;Library/QHTM_FullSource1967/components/qhtm/htmllist.cpp;Library/QHTM_FullSource1967/components/qhtm/htmllistboxsection.cpp;Library/QHTM_FullSource1967/components/qhtm/htmllistitem.cpp;Library/QHTM_FullSource1967/components/qhtm/htmloption.cpp;Library/QHTM_FullSource1967/components/qhtm/htmlparagraph.cpp;Library/QHTM_FullSource1967/components/qhtm/htmlparagraphobject.cpp;Library/QHTM_FullSource1967/components/qhtm/htmlparse.cpp;Library/QHTM_FullSource1967/components/qhtm/htmlparsebase.cpp;Library/QHTM_FullSource1967/components/qhtm/htmlprint.cpp;Library/QHTM_FullSource1967/components/qhtm/htmlsection.cpp;Library/QHTM_FullSource1967/components/qhtm/htmlsectionabc.cpp;Library/QHTM_FullSource1967/components/qhtm/htmlsectioncreator.cpp;Library/QHTM_FullSource1967/components/qhtm/htmlsectionlink.cpp;Library/QHTM_FullSource1967/components/qhtm/htmlselect.cpp;Library/QHTM_FullSource1967/components/qhtm/htmltable.cpp;Library/QHTM_FullSource1967/components/qhtm/htmltablecell.cpp;Library/QHTM_FullSource1967/components/qhtm/htmltablesection.cpp;Library/QHTM_FullSource1967/components/qhtm/htmltextarea.cpp;Library/QHTM_FullSource1967/components/qhtm/htmltextblock.cpp;Library/QHTM_FullSource1967/components/qhtm/htmltextsection.cpp;Library/QHTM_FullSource1967/components/qhtm/loadtextfile.cpp;Library/QHTM_FullSource1967/components/qhtm/messagereflector.cpp;Library/QHTM_FullSource1967/components/qhtm/mouse.cpp;Library/QHTM_FullSource1967/components/qhtm/parentsection.cpp;Library/QHTM_FullSource1967/components/qhtm/parsestyles.cpp;Library/QHTM_FullSource1967/components/qhtm/parsewindowstyle.cpp;Library/QHTM_FullSource1967/components/qhtm/qhtm_gethtmlheight.cpp;Library/QHTM_FullSource1967/components/qhtm/qhtm_initialize.cpp;Library/QHTM_FullSource1967/components/qhtm/qhtm_messagebox.cpp;Library/QHTM_FullSource1967/components/qhtm/qhtm_renderhtml.cpp;Library/QHTM_FullSource1967/components/qhtm/qhtm_sethtmlbutton.cpp;Library/QHTM_FullSource1967/components/qhtm/qhtm_setresources.cpp;Library/QHTM_FullSource1967/components/qhtm/qhtm_trace.cpp;Library/QHTM_FullSource1967/components/qhtm/qhtm_uninitialize.cpp;Library/QHTM_FullSource1967/components/qhtm/qhtm_wndproc.cpp;Library/QHTM_FullSource1967/components/qhtm/qhtmcontrolsection.cpp;Library/QHTM_FullSource1967/components/qhtm/qhtmimage.cpp;Library/QHTM_FullSource1967/components/qhtm/registerwindow.cpp;Library/QHTM_FullSource1967/components/qhtm/resourceloader.cpp;Library/QHTM_FullSource1967/components/qhtm/scrollcontainer.cpp;Library/QHTM_FullSource1967/components/qhtm/sectionabc.cpp;Library/QHTM_FullSource1967/components/qhtm/simplestring.cpp;Library/QHTM_FullSource1967/components/qhtm/stdafx.cpp;Library/QHTM_FullSource1967/components/qhtm/striremove.cpp;Library/QHTM_FullSource1967/components/qhtm/stristr.cpp;Library/QHTM_FullSource1967/components/qhtm/strremove.cpp;Library/QHTM_FullSource1967/components/qhtm/subclasscontrol.cpp;Library/QHTM_FullSource1967/components/qhtm/tablelayout.cpp;Library/QHTM_FullSource1967/components/qhtm/tipwindow.cpp
Library/QHTM_FullSource1967/components/qhtm/striremove.cpp,third-party/middleware,normal player dependency,1025,1a81c754bf62931139a51b36a051e68e4cb34b89aba8357d74025b6beac8ea33,,qhtm sdk/striremove.cpp,0,
Library/QHTM_FullSource1967/components/qhtm/stristr.cpp,third-party/middleware,normal player dependency,959,a84de45d05a26235ebfe6cab33b120baf57a6264b997f3e362f3be1176152a4d,,qhtm sdk/stristr.cpp,0,
Library/QHTM_FullSource1967/components/qhtm/strremove.cpp,third-party/middleware,normal player dependency,859,641d646e329f57a615cb161c0f91b4e6a4b30c403ed56b36ae70536841cb7741,,qhtm sdk/strremove.cpp,0,
Library/QHTM_FullSource1967/components/qhtm/stuff to do.txt,third-party/middleware,unclassified/non-code,3354,006d084e4ecf9119211d90dbb2585381ea1d99b295a3c833cae0d5858c668f22,,qhtm sdk/stuff to do.txt,0,
Library/QHTM_FullSource1967/components/qhtm/subclasscontrol.cpp,third-party/middleware,normal player dependency,3271,73a9378b078c5026ee038904e1baf46b79bacbece373777237f6d6ed05ce9d9c,,qhtm sdk/subclasscontrol.cpp,0,
Library/QHTM_FullSource1967/components/qhtm/tablelayout.cpp,third-party/middleware,normal player dependency,10680,5c205ea6fbcb1cfd6bbfa662d88082e0b922bc012f47b613015e6c7c795f381f,,qhtm sdk/tablelayout.cpp,0,
Library/QHTM_FullSource1967/components/qhtm/tablelayout.h,third-party/middleware,normal player dependency,1691,030d7495c41cefb87ce5cc1add0b7b120cd2372b9f02f7750381219e38679f3a,,qhtm sdk/tablelayout.h,2,Library/QHTM_FullSource1967/components/qhtm/htmltable.cpp;Library/QHTM_FullSource1967/components/qhtm/tablelayout.cpp
Library/QHTM_FullSource1967/components/qhtm/test/docking control bar/scbarcf.cpp,third-party/middleware,normal player dependency,7111,8fd1c221b50e861ad2490360e34b2ec7d91764444ffbf0b81a068300bd40d9c4,,qhtm sdk/test/docking control bar/scbarcf.cpp,0,
Library/QHTM_FullSource1967/components/qhtm/test/docking control bar/scbarcf.h,third-party/middleware,normal player dependency,2284,02a57a48c723ae1cdd3cbcec0e3d7df88ce332cfe70a80cbeb9a5bb5e8c89753,,qhtm sdk/test/docking control bar/scbarcf.h,2,Library/QHTM_FullSource1967/components/qhtm/test/docking control bar/scbarcf.cpp;Library/QHTM_FullSource1967/components/qhtm/test/stdafx.h
Library/QHTM_FullSource1967/components/qhtm/test/docking control bar/scbarg.cpp,third-party/middleware,normal player dependency,6627,61b58ec3f6b8f4c980b1486515e2a329ba039d9a122f368acdedc8b380d7184a,,qhtm sdk/test/docking control bar/scbarg.cpp,0,
Library/QHTM_FullSource1967/components/qhtm/test/docking control bar/scbarg.h,third-party/middleware,normal player dependency,2905,ff414f4edaa18617ffc18cfd375264f928b557a618c37adbf8b09ccd0915221e,,qhtm sdk/test/docking control bar/scbarg.h,3,Library/QHTM_FullSource1967/components/qhtm/test/docking control bar/scbarcf.h;Library/QHTM_FullSource1967/components/qhtm/test/docking control bar/scbarg.cpp;Library/QHTM_FullSource1967/components/qhtm/test/docking control bar/scbarg.h
Library/QHTM_FullSource1967/components/qhtm/test/docking control bar/sizecbar.cpp,third-party/middleware,normal player dependency,43241,c918dabea05aff9e9cf88edbff4bbefa95ce12b2c31c4e79487639d4844d12f3,,qhtm sdk/test/docking control bar/sizecbar.cpp,0,
Library/QHTM_FullSource1967/components/qhtm/test/docking control bar/sizecbar.h,third-party/middleware,normal player dependency,7721,8a08b3630a18076486a219b8ba6b0569e32e498e5104b779cd99831c9b71caa5,,qhtm sdk/test/docking control bar/sizecbar.h,4,Library/QHTM_FullSource1967/components/qhtm/test/docking control bar/scbarcf.h;Library/QHTM_FullSource1967/components/qhtm/test/docking control bar/scbarg.cpp;Library/QHTM_FullSource1967/components/qhtm/test/docking control bar/scbarg.h;Library/QHTM_FullSource1967/components/qhtm/test/docking control bar/sizecbar.cpp
Library/QHTM_FullSource1967/components/qhtm/test/mainfrm.cpp,third-party/middleware,normal player dependency,2742,a634110b5a6fc4d86d52c7a7b872185463d024f8b8cf62d5bf17b9152858ba79,,qhtm sdk/test/mainfrm.cpp,0,
Library/QHTM_FullSource1967/components/qhtm/test/mainfrm.h,third-party/middleware,normal player dependency,1528,cc4cce3b07402567c5ec500cbe426e48f9d0abf1c15cb9323bd7b090a2813ad8,,qhtm sdk/test/mainfrm.h,2,Library/QHTM_FullSource1967/components/qhtm/test/mainfrm.cpp;Library/QHTM_FullSource1967/components/qhtm/test/test.cpp
Library/QHTM_FullSource1967/components/qhtm/test/readme.txt,third-party/middleware,unclassified/non-code,572,c7ce6fe93d42b99cc1dc4766dea1e8af956da799f8cda97db67b7fdc0da70db4,,ReadMe.txt;SetRegistry/ReadMe.txt;SetRegistry/SetRegistry/ReadMe.txt;XFControl/Win32/ReadMe.txt;XFileTransfer/ReadMe.txt;XLauncher/ReadMe.txt;XPacker/ReadMe.txt;XPatch/ReadMe.txt;qhtm sdk/qhtm static link/readme.txt;qhtm sdk/test/readme.txt,0,
Library/QHTM_FullSource1967/components/qhtm/test/res/test.ico,third-party/middleware,unclassified/non-code,1078,17d9ba10a2faf5620bd85df1b7691c1f1de2c29db33c3eef719c90d0d10aea94,XFileTransfer/res/XFileTransfer.ico;XPacker/res/XPacker.ico;qhtm sdk/test/res/test.ico,qhtm sdk/test/res/test.ico,0,
Library/QHTM_FullSource1967/components/qhtm/test/res/test.rc2,third-party/middleware,normal player dependency,383,dfeb6044d3f603e8c32bb5d3a4af9753b6415b61d4c93ff5679950d1667e7280,,qhtm sdk/test/res/test.rc2,1,Library/QHTM_FullSource1967/components/qhtm/test/test.rc
Library/QHTM_FullSource1967/components/qhtm/test/res/testdoc.ico,third-party/middleware,unclassified/non-code,1078,1ebd673d37993bdf72aa4116c6cb04601ceb06326f694ef25ee0c8d9bb51bd66,qhtm sdk/test/res/testdoc.ico,qhtm sdk/test/res/testdoc.ico,0,
Library/QHTM_FullSource1967/components/qhtm/test/res/toolbar.bmp,third-party/middleware,unclassified/non-code,838,16fa694a23ac5512d315da5abe13c6453ea05b45a11bcd8030a2367c14fcaf7b,qhtm sdk/test/res/toolbar.bmp,qhtm sdk/test/res/toolbar.bmp,0,
Library/QHTM_FullSource1967/components/qhtm/test/resource.h,third-party/middleware,normal player dependency,618,0a83fc9c740aa432b92eb383600687586d4b4054031aaab54819db365fd29302,,ChinaResource/resource.h;SetRegistry/SetRegistry/resource.h;SetRegistry/resource.h;XFileTransfer/resource.h;XLauncher/Resource.h;XPacker/Resource.h;XPatch/resource.h;qhtm sdk/resource.h;qhtm sdk/test/resource.h;resource.h,2,Library/QHTM_FullSource1967/components/qhtm/test/test.h;Library/QHTM_FullSource1967/components/qhtm/test/test.rc
Library/QHTM_FullSource1967/components/qhtm/test/stdafx.cpp,third-party/middleware,normal player dependency,198,940fe4b0a117a85d5fa5c01b97bc86b622d1961cf220cf40393ac750c69f5db7,,SetRegistry/SetRegistry/StdAfx.cpp;SetRegistry/StdAfx.cpp;StdAfx.cpp;XFControl/StdAfx.cpp;XFileTransfer/StdAfx.cpp;XLauncher/StdAfx.cpp;XPacker/StdAfx.cpp;XPatch/StdAfx.cpp;qhtm sdk/qhtm static link/stdafx.cpp;qhtm sdk/stdafx.cpp;qhtm sdk/test/stdafx.cpp,0,
Library/QHTM_FullSource1967/components/qhtm/test/stdafx.h,third-party/middleware,normal player dependency,1170,d9979f2d640d930fbe18dbdb030099ea050624df5605c0730f987dd960ca9f7b,,SetRegistry/SetRegistry/StdAfx.h;SetRegistry/StdAfx.h;StdAfx.h;XFControl/StdAfx.h;XFileTransfer/StdAfx.h;XLauncher/StdAfx.h;XPacker/StdAfx.h;XPatch/StdAfx.h;qhtm sdk/qhtm static link/stdafx.h;qhtm sdk/stdafx.h;qhtm sdk/test/stdafx.h,6,Library/QHTM_FullSource1967/components/qhtm/test/mainfrm.cpp;Library/QHTM_FullSource1967/components/qhtm/test/stdafx.cpp;Library/QHTM_FullSource1967/components/qhtm/test/test.cpp;Library/QHTM_FullSource1967/components/qhtm/test/testdoc.cpp;Library/QHTM_FullSource1967/components/qhtm/test/testlist.cpp;Library/QHTM_FullSource1967/components/qhtm/test/testview.cpp
Library/QHTM_FullSource1967/components/qhtm/test/test files/forms/form-in-table.html,third-party/middleware,unclassified/non-code,1215,de00d9ed6568f13ec41d7444ecde73f201d556053d4fbb8eaed3b4b342441e55,,qhtm sdk/test/test files/forms/form-in-table.html,0,
Library/QHTM_FullSource1967/components/qhtm/test/test files/forms/form-isindex.html,third-party/middleware,unclassified/non-code,142,6a8f650bd19daa34819b74689cf8878efa0ccc9e21dacb76ad75ca8bf65d9371,,qhtm sdk/test/test files/forms/form-isindex.html,0,
Library/QHTM_FullSource1967/components/qhtm/test/test files/forms/form-label.html,third-party/middleware,unclassified/non-code,236,80416136dd47098f47681b01831c90f5a2537bd2895b3975bd78af2579c957b9,,qhtm sdk/test/test files/forms/form-label.html,0,
Library/QHTM_FullSource1967/components/qhtm/test/test files/forms/form-select-listbox.html,third-party/middleware,unclassified/non-code,518,ca048ddc8044b3658a69d69ba6bc65df0e22411156b63ed25594acae576671a7,,qhtm sdk/test/test files/forms/form-select-listbox.html,0,
Library/QHTM_FullSource1967/components/qhtm/test/test files/forms/form-select.html,third-party/middleware,unclassified/non-code,1743,c25988b23b9d22217528b156a58ecfc1528ae73a116746d55d6eae4331ded55d,,qhtm sdk/test/test files/forms/form-select.html,0,
Library/QHTM_FullSource1967/components/qhtm/test/test files/forms/form-within-table.html,third-party/middleware,unclassified/non-code,1314,e629034ed0508fbd1686581bb375a6af06ca33f4b9f7c3489a86318114f29227,,qhtm sdk/test/test files/forms/form-within-table.html,0,
Library/QHTM_FullSource1967/components/qhtm/test/test files/forms/form1.html,third-party/middleware,unclassified/non-code,719,ed6403f6b7af3aea578ae4e2dd2317ed95e876d9afaeb4480d86da3e329318db,,qhtm sdk/test/test files/forms/form1.html,0,
Library/QHTM_FullSource1967/components/qhtm/test/test files/forms/form2.html,third-party/middleware,unclassified/non-code,527,abfdde4cc684bba05b8220d77cfa3934b9ad5f330f76a806057ea2b5df041318,,qhtm sdk/test/test files/forms/form2.html,0,
Library/QHTM_FullSource1967/components/qhtm/test/test files/forms/form3.html,third-party/middleware,unclassified/non-code,880,9a7a81d372854e0c3a8822274b3812ee251c838ed2ae32ffc9e6d741ada60718,,qhtm sdk/test/test files/forms/form3.html,0,
Library/QHTM_FullSource1967/components/qhtm/test/test files/forms/form4.html,third-party/middleware,unclassified/non-code,238,ed625fd85307f8153ec2152002276e8bcb093eade57f986430254faf83282f34,,qhtm sdk/test/test files/forms/form4.html,0,
Library/QHTM_FullSource1967/components/qhtm/test/test files/forms/form5.html,third-party/middleware,unclassified/non-code,1391,a6e42f4e5ad63f35f03b4a22927363ef48150f91b7a3eedf7143f16315bc82cc,,qhtm sdk/test/test files/forms/form5.html,0,
Library/QHTM_FullSource1967/components/qhtm/test/test files/forms/form6.html,third-party/middleware,unclassified/non-code,618,2211397f6be3a79373b86415425d43935c80e526417bfa44d87b0eed0017e15d,,qhtm sdk/test/test files/forms/form6.html,0,
Library/QHTM_FullSource1967/components/qhtm/test/test files/forms/form7.html,third-party/middleware,unclassified/non-code,147,ba023b5dc10460ba40339ec68f767714142b7f425ff5f409531439df578a45b0,,qhtm sdk/test/test files/forms/form7.html,0,
Library/QHTM_FullSource1967/components/qhtm/test/test files/forms/form8.html,third-party/middleware,unclassified/non-code,576,7599f674371f15580d2344e65862b49e51937c33577e02cf39de53b1ea6d16f6,,qhtm sdk/test/test files/forms/form8.html,0,
Library/QHTM_FullSource1967/components/qhtm/test/test files/misc/ansi_document.html,third-party/middleware,unclassified/non-code,259,e48a8d5c89bfbb60ddb2a77fc757b4dc41f8e776cc792bad9566e95f731633d0,,qhtm sdk/test/test files/misc/ansi_document.html,0,
Library/QHTM_FullSource1967/components/qhtm/test/test files/misc/blockquote.html,third-party/middleware,unclassified/non-code,234,6a1d35a6883ea87cda196cbcbeea572d177c0ac0288f85c396dfd2031ef456fd,,qhtm sdk/test/test files/misc/blockquote.html,0,
Library/QHTM_FullSource1967/components/qhtm/test/test files/misc/bold.html,third-party/middleware,unclassified/non-code,236,3ade0e123ce4f13b1c9222d0eee1f904a16497bdaa80f99a8fd0256f7e5d6c66,,qhtm sdk/test/test files/misc/bold.html,0,
Library/QHTM_FullSource1967/components/qhtm/test/test files/misc/break.html,third-party/middleware,unclassified/non-code,152,557c571a7e6333e5679c9003ce2c3aac6b88d3fc8d93f3ed4e5f9afc6eb35cc8,,qhtm sdk/test/test files/misc/break.html,0,
Library/QHTM_FullSource1967/components/qhtm/test/test files/misc/center.html,third-party/middleware,unclassified/non-code,129,0d9c9bd877faee76f05bac5273dd7e5532bddbba95da383873810906693cb8a0,,qhtm sdk/test/test files/misc/center.html,0,
Library/QHTM_FullSource1967/components/qhtm/test/test files/misc/comment-test-wordhtml.html,third-party/middleware,unclassified/non-code,1999,af6ac554cd1e62954782a64ac560c70b5f2e3e5b09200720c29fe7de0ba568b3,,qhtm sdk/test/test files/misc/comment-test-wordhtml.html,0,
Library/QHTM_FullSource1967/components/qhtm/test/test files/misc/comment2.html,third-party/middleware,unclassified/non-code,18,3e9f31f78ebb1a04aae905a524ad882848c60fdc129d4762aab6be09c5a4b826,qhtm sdk/test/test files/misc/comment2.html,qhtm sdk/test/test files/misc/comment2.html,0,
Library/QHTM_FullSource1967/components/qhtm/test/test files/misc/comments.html,third-party/middleware,unclassified/non-code,4523,ed5f3a2c487c0e0b81e86a693f5eded1f5ba4d14b53409b3fc3d70b4a6f43dee,,qhtm sdk/test/test files/misc/comments.html,0,
Library/QHTM_FullSource1967/components/qhtm/test/test files/misc/control-edit.html,third-party/middleware,unclassified/non-code,269,b946373c8477fe76df0e4bd7a7afa4e0a89741b1ea0e11c4f7d9869228118160,,qhtm sdk/test/test files/misc/control-edit.html,0,
Library/QHTM_FullSource1967/components/qhtm/test/test files/misc/dir.html,third-party/middleware,unclassified/non-code,55,4de9c8ed0876f5dc87c76f2d3b81eb257ace543cc8db2a5d07afab888fad1166,,qhtm sdk/test/test files/misc/dir.html,0,
Library/QHTM_FullSource1967/components/qhtm/test/test files/misc/dl.html,third-party/middleware,unclassified/non-code,2043,8eb5e16ef93fed2f06e8049832041644d58c6c5072271b1368dd1380caf0a49a,,qhtm sdk/test/test files/misc/dl.html,0,
Library/QHTM_FullSource1967/components/qhtm/test/test files/misc/font-background-color.html,third-party/middleware,unclassified/non-code,229,4d8175f85153a19def79d602b47fd6081fbd28a8bf23ad1447496238a666cf60,,qhtm sdk/test/test files/misc/font-background-color.html,0,
Library/QHTM_FullSource1967/components/qhtm/test/test files/misc/font-plus-minus.html,third-party/middleware,unclassified/non-code,398,236abbc9012f4bbe263fafee89d191e2678cdc03c5cfb6e8b17ee92527663e8a,,qhtm sdk/test/test files/misc/font-plus-minus.html,0,
Library/QHTM_FullSource1967/components/qhtm/test/test files/misc/fonts.html,third-party/middleware,unclassified/non-code,1247,6518793c64bff57e51eb77792d10602ea5ac159056bdff97c6244c9d17d62766,,qhtm sdk/test/test files/misc/fonts.html,0,
Library/QHTM_FullSource1967/components/qhtm/test/test files/misc/frames1.html,third-party/middleware,unclassified/non-code,386,0ad50e8d6884e0adf39ed549f739b7ac3968bf17bdbf6cb0309dfef394d2c21a,,qhtm sdk/test/test files/misc/frames1.html,0,
Library/QHTM_FullSource1967/components/qhtm/test/test files/misc/frames2.html,third-party/middleware,unclassified/non-code,277,1122ed76df56f34dabb0f5ffe880d4516039e79bd7d87f6fd544f20cd737ebe4,,qhtm sdk/test/test files/misc/frames2.html,0,
Library/QHTM_FullSource1967/components/qhtm/test/test files/misc/frames3.html,third-party/middleware,unclassified/non-code,172,aaaf356b0dfe34f67f53b4b66503fb774114e39f0b3a3a23e9be3029e960172d,,qhtm sdk/test/test files/misc/frames3.html,0,
Library/QHTM_FullSource1967/components/qhtm/test/test files/misc/frames4.html,third-party/middleware,unclassified/non-code,255,32202978f4ef8a5d6a525cbaa08faa6220e13848704f5486b6d8496b19bc3229,,qhtm sdk/test/test files/misc/frames4.html,0,
Library/QHTM_FullSource1967/components/qhtm/test/test files/misc/headings.html,third-party/middleware,unclassified/non-code,621,2883669c59552e8ec96a4ba52d1ebfe9274053894ee6c36a5e21db4822d7efb9,,qhtm sdk/test/test files/misc/headings.html,0,
Library/QHTM_FullSource1967/components/qhtm/test/test files/misc/hr.html,third-party/middleware,unclassified/non-code,787,bd33dda4209bb15d57ca3ebea49cc0381d9af0ef408021a19720e1cd7e305595,,qhtm sdk/test/test files/misc/hr.html,0,
Library/QHTM_FullSource1967/components/qhtm/test/test files/misc/hypenation.html,third-party/middleware,unclassified/non-code,115,ac958e00a8e7749c3c586285e672996a631261415d953d0b35e66c1259a346d5,,qhtm sdk/test/test files/misc/hypenation.html,0,
Library/QHTM_FullSource1967/components/qhtm/test/test files/misc/image with percent width.html,third-party/middleware,unclassified/non-code,77,aedde148979fff9cadaa69f96837d49a1398fb9586c55cfcc301932bad76f3b0,,qhtm sdk/test/test files/misc/image with percent width.html,0,
Library/QHTM_FullSource1967/components/qhtm/test/test files/misc/link-id.html,third-party/middleware,unclassified/non-code,50,e619bf2ae7991e78eb444a835a2171efdca52e0f3746a43a414ca098e8e1bcd4,,qhtm sdk/test/test files/misc/link-id.html,0,
Library/QHTM_FullSource1967/components/qhtm/test/test files/misc/link-tip-test.html,third-party/middleware,unclassified/non-code,57,b91664d139f7a1c1991b10103696b62203350df9f5ea822fefab3fd09064cf91,qhtm sdk/test/test files/misc/link-tip-test.html,qhtm sdk/test/test files/misc/link-tip-test.html,0,
Library/QHTM_FullSource1967/components/qhtm/test/test files/misc/long-links-focus.html,third-party/middleware,unclassified/non-code,836,5d69940561aeaa74cac09862a1cfbe863928b580af61f1930d18e393d7de0f63,,qhtm sdk/test/test files/misc/long-links-focus.html,0,
Library/QHTM_FullSource1967/components/qhtm/test/test files/misc/mainmenu.html,third-party/middleware,unclassified/non-code,2763,453cc8e505aee917c66c0971fbf00341854693badd391fd03a66450e4c0c1f05,,qhtm sdk/test/test files/misc/mainmenu.html,0,
Library/QHTM_FullSource1967/components/qhtm/test/test files/misc/measuring-bug.html,third-party/middleware,unclassified/non-code,128,894eda35d09bf73ef2b31cd28ee4382fc9de78c5dd17056cf9b8a3fc0b399fd5,,qhtm sdk/test/test files/misc/measuring-bug.html,0,
Library/QHTM_FullSource1967/components/qhtm/test/test files/misc/menu.html,third-party/middleware,unclassified/non-code,121,8d7da63da300be325a8f87cb234c4c663e49ed3f69e73cddfafe1af018d55bc5,,qhtm sdk/test/test files/misc/menu.html,0,
Library/QHTM_FullSource1967/components/qhtm/test/test files/misc/multiline-edit.html,third-party/middleware,unclassified/non-code,152,e790a31d3ba02973215a72b1831dedfb92a7531d31c30c9c1fe436ef71602f37,,qhtm sdk/test/test files/misc/multiline-edit.html,0,
Library/QHTM_FullSource1967/components/qhtm/test/test files/misc/para-test.html,third-party/middleware,unclassified/non-code,47,a08972775ec097c6f36100304ca23354b71d6f305d8d81e988c9085203face8b,,qhtm sdk/test/test files/misc/para-test.html,0,
Library/QHTM_FullSource1967/components/qhtm/test/test files/misc/paragraph.html,third-party/middleware,unclassified/non-code,53,cdec541412ee20a4e15303f27ecd2ca869a7bb8ae745a5236bd130df208b7691,,qhtm sdk/test/test files/misc/paragraph.html,0,
Library/QHTM_FullSource1967/components/qhtm/test/test files/misc/pre.html,third-party/middleware,unclassified/non-code,62,cbf2ca5d0c35b96e1f557e4e58552bd02ac8ff02eb6baf33869c7ea6094d1567,,qhtm sdk/test/test files/misc/pre.html,0,
Library/QHTM_FullSource1967/components/qhtm/test/test files/misc/quoteapp1.htm,third-party/middleware,unclassified/non-code,169565,84cc03a60917dd127d0b787e13ea10d1097de4147c86fe115ca94b7c807b370e,,qhtm sdk/test/test files/misc/quoteapp1.htm,0,
Library/QHTM_FullSource1967/components/qhtm/test/test files/misc/scrolling links test.html,third-party/middleware,unclassified/non-code,1479,c213a60fb54cb20c5b8ded16dece7d6ca7ab4f1042bba6340837e63f73d54597,,qhtm sdk/test/test files/misc/scrolling links test.html,0,
Library/QHTM_FullSource1967/components/qhtm/test/test files/misc/slow-test.html,third-party/middleware,unclassified/non-code,552,da767d7765e56220f5c77f93b4df29f9b9fcf1081579f2a59ea456a4c757fe24,,qhtm sdk/test/test files/misc/slow-test.html,0,
Library/QHTM_FullSource1967/components/qhtm/test/test files/misc/styles.html,third-party/middleware,unclassified/non-code,556,610f6597ff2f6cf731135629c6a9e306a0b414b33a777ca118c02ed169470a93,,qhtm sdk/test/test files/misc/styles.html,0,
Library/QHTM_FullSource1967/components/qhtm/test/test files/misc/transcript1.html,third-party/middleware,unclassified/non-code,1183,a95443d50927fa30e64a5bc121b7eaa436862530038f1483a752eb38d482c155,qhtm sdk/test/test files/misc/transcript1.html,qhtm sdk/test/test files/misc/transcript1.html,0,
Library/QHTM_FullSource1967/components/qhtm/test/test files/misc/tt.html,third-party/middleware,unclassified/non-code,90,3a7acd3059d9375964536ad320a8608fb44f245223abc232855194165942f9e5,,qhtm sdk/test/test files/misc/tt.html,0,
Library/QHTM_FullSource1967/components/qhtm/test/test files/misc/ul.html,third-party/middleware,unclassified/non-code,412,ae18c6426c7bdbcbeddc1bd40f34ac57a2302fdf14debbde7786d59d4015811c,,qhtm sdk/test/test files/misc/ul.html,0,
Library/QHTM_FullSource1967/components/qhtm/test/test files/misc/unicode_document.html,third-party/middleware,unclassified/non-code,392,8402d6aef6160bbbf95c418d1ae09af3700f845c3eb0e64e57034e9c34868932,qhtm sdk/test/test files/misc/unicode_document.html,qhtm sdk/test/test files/misc/unicode_document.html,0,
Library/QHTM_FullSource1967/components/qhtm/test/test files/misc/utf-8 sampler.htm,third-party/middleware,unclassified/non-code,43697,8748dd1bba56147394f1ed5a910329c3c119792a2d109f47d96541261b8f8dc2,,qhtm sdk/test/test files/misc/utf-8 sampler.htm,0,
Library/QHTM_FullSource1967/components/qhtm/test/test files/misc/we come in peace.htm,third-party/middleware,unclassified/non-code,247981,31700506dd1466355adc0ebbb6a7de3615f9040108db4fc6aae05262cbd798da,,qhtm sdk/test/test files/misc/we come in peace.htm,0,
Library/QHTM_FullSource1967/components/qhtm/test/test files/misc/welcome.html,third-party/middleware,unclassified/non-code,3551,78aa0b9b805701d84f3b1d900f7497bede957b089453e427e3b3ac6e17b09566,,qhtm sdk/test/test files/misc/welcome.html,0,
Library/QHTM_FullSource1967/components/qhtm/test/test files/misc/whitespace-begining.html,third-party/middleware,unclassified/non-code,170,ab94c0e9320873b6074d0da96050149a2d1072fdb67f0916d052cac9389fd407,,qhtm sdk/test/test files/misc/whitespace-begining.html,0,
Library/QHTM_FullSource1967/components/qhtm/test/test files/misc/whitespace-between-inputs.html,third-party/middleware,unclassified/non-code,55,6f27517d4b986395d1d39d4ecd2f96876811f44897b851a949129b6158a4b127,qhtm sdk/test/test files/misc/whitespace-between-inputs.html,qhtm sdk/test/test files/misc/whitespace-between-inputs.html,0,
Library/QHTM_FullSource1967/components/qhtm/test/test files/scrambled foreign chars/qhtmtest.bmp,third-party/middleware,unclassified/non-code,1008422,500d56d816c692971da72ed6a1b39e06ca6a37d3d4811bbfc492aa4a77c2947b,qhtm sdk/test/test files/scrambled foreign chars/qhtmtest.bmp,qhtm sdk/test/test files/scrambled foreign chars/qhtmtest.bmp,0,
Library/QHTM_FullSource1967/components/qhtm/test/test files/scrambled foreign chars/qhtmtest.html,third-party/middleware,unclassified/non-code,1063,eec4919778563187e5eb76dc7472ed6749bbb995bf8303c742a77e5c7cd1f817,,qhtm sdk/test/test files/scrambled foreign chars/qhtmtest.html,0,
Library/QHTM_FullSource1967/components/qhtm/test/test files/style/font-size-percent.html,third-party/middleware,unclassified/non-code,214,0932fc4c3ac86c1748dada549a791f4bde5d79ee2f3cfd6fd2de1d6def5d2113,,qhtm sdk/test/test files/style/font-size-percent.html,0,
Library/QHTM_FullSource1967/components/qhtm/test/test files/style/font-size.html,third-party/middleware,unclassified/non-code,465,8b7d42ee6dc16ab11acfa1daa61ba289ca0694cdedb58d57ade3bb69f41fc7fd,,qhtm sdk/test/test files/style/font-size.html,0,
Library/QHTM_FullSource1967/components/qhtm/test/test files/style/list.html,third-party/middleware,unclassified/non-code,391,19f1c0fc317bbe318ef2ea26493c825f0a4d7037d0472e2e92379999a8de26b7,,qhtm sdk/test/test files/style/list.html,0,
Library/QHTM_FullSource1967/components/qhtm/test/test files/style/margins.html,third-party/middleware,unclassified/non-code,1083,1b72e0ed67b0da0642c1d16824335962c123e5da4601f6a1c564f4f126c94e38,,qhtm sdk/test/test files/style/margins.html,0,
Library/QHTM_FullSource1967/components/qhtm/test/test files/style/pseudo-elements.html,third-party/middleware,unclassified/non-code,205,d40523b5b30af66f6c176db2787f56c5b77f390d6f05f8d7190d957a1b0fdbc9,,qhtm sdk/test/test files/style/pseudo-elements.html,0,
Library/QHTM_FullSource1967/components/qhtm/test/test files/style/selectors.html,third-party/middleware,unclassified/non-code,569,4e2a0d98e8fdd5dff0dbfbfe78ed0302553ff7b96a1de214d181834cd838f9c1,,qhtm sdk/test/test files/style/selectors.html,0,
Library/QHTM_FullSource1967/components/qhtm/test/test files/style/table borders.html,third-party/middleware,unclassified/non-code,311,974c757a33235bc92af252fe37a4a1ba5dbdc0aebb1ca2f098c33d0cac5e8e65,,qhtm sdk/test/test files/style/table borders.html,0,
Library/QHTM_FullSource1967/components/qhtm/test/test files/tables/background image.html,third-party/middleware,unclassified/non-code,3554,6325a3019527f70cde5ec359cfc63d3a2b153a4549fcff16deaf21548a51353f,,qhtm sdk/test/test files/tables/background image.html,0,
Library/QHTM_FullSource1967/components/qhtm/test/test files/tables/colspan/colspan.html,third-party/middleware,unclassified/non-code,3278,e3be5dc062601bec50edfb1b80e8b9debd8d0966c328dcc2cf2ecc3dd286468a,,qhtm sdk/test/test files/tables/colspan/colspan.html,0,
Library/QHTM_FullSource1967/components/qhtm/test/test files/tables/colspan/colspan1.html,third-party/middleware,unclassified/non-code,4282,9de6dfde3ff35c2e83f4b3ef1e622369c37b40ec6d31152c9f66579728eb109e,,qhtm sdk/test/test files/tables/colspan/colspan1.html,0,
Library/QHTM_FullSource1967/components/qhtm/test/test files/tables/table content alignment.html,third-party/middleware,unclassified/non-code,843,8438387331d2306e8d651768d3508058945d61493681564a3b098cc71e11ba7c,,qhtm sdk/test/test files/tables/table content alignment.html,0,
Library/QHTM_FullSource1967/components/qhtm/test/test files/tables/table without tr crash.html,third-party/middleware,unclassified/non-code,3952,4f58860a0bf794fd60552080212754dab9c932f694e22642c7f1987593a500b3,,qhtm sdk/test/test files/tables/table without tr crash.html,0,
Library/QHTM_FullSource1967/components/qhtm/test/test files/tables/table-alignment.html,third-party/middleware,unclassified/non-code,78,e626d274d1b8ad677a3b6fbe7de523035af9d22245058fd4b71143d7c471c710,,qhtm sdk/test/test files/tables/table-alignment.html,0,
Library/QHTM_FullSource1967/components/qhtm/test/test files/tables/table-colours.html,third-party/middleware,unclassified/non-code,330,1667c6e72af8722069041cc4705370fd07effcfe442d2ed9198dde82b423db1b,,qhtm sdk/test/test files/tables/table-colours.html,0,
Library/QHTM_FullSource1967/components/qhtm/test/test files/tables/table-height.html,third-party/middleware,unclassified/non-code,372,aee2cd7916c00933651367dbabfb65d712703bc6832a0e85abc3654e5b071ad5,,qhtm sdk/test/test files/tables/table-height.html,0,
Library/QHTM_FullSource1967/components/qhtm/test/test files/tables/table-row-height.html,third-party/middleware,unclassified/non-code,158,95e598199c1203387f40359dd8d6f064a5d5b6732b2db07df06a22afa568da26,,qhtm sdk/test/test files/tables/table-row-height.html,0,
Library/QHTM_FullSource1967/components/qhtm/test/test files/tables/table-within-table.html,third-party/middleware,unclassified/non-code,1086,dbddf3089aa2c31cc4899f04883fe9fcecc31f6d425f4f6a6b13dd8f2ecd69a5,,qhtm sdk/test/test files/tables/table-within-table.html,0,
Library/QHTM_FullSource1967/components/qhtm/test/test files/tables/table-wrap.html,third-party/middleware,unclassified/non-code,149,cb4f87865d46bde5aaf38271403804029b7393c6c3aafbb90cf008dd677c0822,,qhtm sdk/test/test files/tables/table-wrap.html,0,
Library/QHTM_FullSource1967/components/qhtm/test/test files/tables/tablecellcolor.html,third-party/middleware,unclassified/non-code,133,e0d107bf321a42ff7e5d7c8ea1cdaf567dbf138c57d3cdb79487601df3fc4b2b,,qhtm sdk/test/test files/tables/tablecellcolor.html,0,
Library/QHTM_FullSource1967/components/qhtm/test/test.cpp,third-party/middleware,normal player dependency,4265,6b1485ff5b9d2ad9917f9793ecd24ba6fd95650d4c0c8fce7147457793e0bbcd,,qhtm sdk/test/test.cpp,0,
Library/QHTM_FullSource1967/components/qhtm/test/test.dsp,third-party/middleware,unclassified/non-code,12453,b53c43de680289f184092286cc005fbd93b1c51f1c5dc96440189b2407fa9048,,qhtm sdk/test/test.dsp,0,
Library/QHTM_FullSource1967/components/qhtm/test/test.h,third-party/middleware,normal player dependency,1314,7630ab402df76b000225ca09569964efaf964d21062ab367a456084eeb688a7b,,qhtm sdk/test/test.h,5,Library/QHTM_FullSource1967/components/qhtm/test/mainfrm.cpp;Library/QHTM_FullSource1967/components/qhtm/test/test.cpp;Library/QHTM_FullSource1967/components/qhtm/test/testdoc.cpp;Library/QHTM_FullSource1967/components/qhtm/test/testlist.cpp;Library/QHTM_FullSource1967/components/qhtm/test/testview.cpp
Library/QHTM_FullSource1967/components/qhtm/test/test.rc,third-party/middleware,normal player dependency,11924,a3b6dfc3e8ec1aee75a6235028c89d6df536c0368f3005feef51d00265d8fbc6,,qhtm sdk/test/test.rc,0,
Library/QHTM_FullSource1967/components/qhtm/test/testdoc.cpp,third-party/middleware,normal player dependency,1618,5294650bc479ce2674624c853849d71ec4eed61c61446b46ab1d1cda7ddb7447,,qhtm sdk/test/testdoc.cpp,0,
Library/QHTM_FullSource1967/components/qhtm/test/testdoc.h,third-party/middleware,normal player dependency,1396,a457027c754459a654f0cf6ef11b387cc6639063d35c95c82260c6b005bccab7,,qhtm sdk/test/testdoc.h,3,Library/QHTM_FullSource1967/components/qhtm/test/test.cpp;Library/QHTM_FullSource1967/components/qhtm/test/testdoc.cpp;Library/QHTM_FullSource1967/components/qhtm/test/testview.cpp
Library/QHTM_FullSource1967/components/qhtm/test/testlist.cpp,third-party/middleware,normal player dependency,4569,27116e618fb973be5841d3b472224d2439c6c3b9d2db268f680be3a09f683e52,,qhtm sdk/test/testlist.cpp,0,
Library/QHTM_FullSource1967/components/qhtm/test/testlist.h,third-party/middleware,normal player dependency,1378,6107e94f8809d6de445b4415b1ead7c838137c6727153ccabe3d5b6b66765273,,qhtm sdk/test/testlist.h,2,Library/QHTM_FullSource1967/components/qhtm/test/mainfrm.h;Library/QHTM_FullSource1967/components/qhtm/test/testlist.cpp
Library/QHTM_FullSource1967/components/qhtm/test/testview.cpp,third-party/middleware,normal player dependency,4931,d34cd122f960d968439c7628a7968bafba3a93d0deb8778781a9a463a704b32b,,qhtm sdk/test/testview.cpp,0,
Library/QHTM_FullSource1967/components/qhtm/test/testview.h,third-party/middleware,normal player dependency,2008,fab2fcde2f5bb0425ff1b061acf6f1e176e4a66a195adc81526bed4b3b438775,,qhtm sdk/test/testview.h,2,Library/QHTM_FullSource1967/components/qhtm/test/test.cpp;Library/QHTM_FullSource1967/components/qhtm/test/testview.cpp
Library/QHTM_FullSource1967/components/qhtm/textabc.h,third-party/middleware,normal player dependency,652,44523771b7dc653ecf6c245f82b832e7c9602b75ce14a6d3ffd372b47083b13f,,qhtm sdk/textabc.h,1,Library/QHTM_FullSource1967/components/qhtm/simplestring.h
Library/QHTM_FullSource1967/components/qhtm/tipwindow.cpp,third-party/middleware,normal player dependency,7275,4111b58570a0d3519a72a6b40ce421bffea2f7da1d1146e74d1a207e895e4083,,qhtm sdk/tipwindow.cpp,0,
Library/QHTM_FullSource1967/components/qhtm/tipwindow.h,third-party/middleware,normal player dependency,1361,61b8eba202980e2cdadc3832a21f8f381a34fca69f7f56f1997b9d830e512fcc,,qhtm sdk/tipwindow.h,4,Library/QHTM_FullSource1967/components/qhtm/qhtm_initialize.cpp;Library/QHTM_FullSource1967/components/qhtm/qhtmcontrolsection.cpp;Library/QHTM_FullSource1967/components/qhtm/sectionabc.cpp;Library/QHTM_FullSource1967/components/qhtm/tipwindow.cpp
Library/QHTM_FullSource1967/components/qhtm/unicodehelpers.h,third-party/middleware,normal player dependency,1405,2353aee2058fcd82e2ea8141142b60a36288cbac9e032006e4c1e7b509b255cd,,qhtm sdk/unicodehelpers.h,2,Library/QHTM_FullSource1967/components/qhtm/qhtm_wndproc.cpp;Library/QHTM_FullSource1967/components/qhtm/qhtmcontrolsection.cpp
Library/QHTM_FullSource1967/components/qhtm/utils.h,third-party/middleware,normal player dependency,576,981f8e5e1ab2af900fb7d8f2f487d929260994bec308d900a78e96f71f520b92,,qhtm sdk/utils.h,8,Library/QHTM_FullSource1967/components/qhtm/htmlimagesection.cpp;Library/QHTM_FullSource1967/components/qhtm/htmlsection.cpp;Library/QHTM_FullSource1967/components/qhtm/htmlsectionabc.cpp;Library/QHTM_FullSource1967/components/qhtm/htmltextsection.cpp;Library/QHTM_FullSource1967/components/qhtm/qhtm_wndproc.cpp;Library/QHTM_FullSource1967/components/qhtm/qhtmcontrolsection.cpp;Library/QHTM_FullSource1967/components/qhtm/sectionabc.cpp;Library/QHTM_FullSource1967/components/qhtm/tipwindow.cpp
Library/QHTM_FullSource1967/components/reuse/resourceloader.h,third-party/middleware,normal player dependency,857,9be2c7c082db29fc6f8bf3c969c38b935059b19626df7d3f206e66d8175c1a90,,qhtm sdk/resourceloader.h,0,
Library/QHTM_FullSource1967/components/reuse/store.h,third-party/middleware,normal player dependency,1462,2aecc9b26c1493bbca38ec64982c77c23be39ab9a94a0fb5b283d05e2e6d0264,,,1,Library/QHTM_FullSource1967/components/reuse/stream.h
Library/QHTM_FullSource1967/components/reuse/stream.h,third-party/middleware,normal player dependency,2032,ecfa2e3ef72e5e4385a2ba33bed46e3e1fb59e348465654505f1209b6fb23d5c,,,0,
Library/QHTM_FullSource1967/components/stack.h,third-party/middleware,normal player dependency,1153,566f8da9cdbff32ee60ffa7f6d88a622f4005a07d5928bf410db389654919e0a,,,2,Library/QHTM_FullSource1967/components/qhtm/htmlparsebase.h;Library/QHTM_FullSource1967/components/qhtm/htmlsectioncreator.h
Library/QHTM_FullSource1967/components/textabc.h,third-party/middleware,normal player dependency,618,7ed1c5e39f933175135945dedc84727c1b890c95e9ba94b5dc283711531e8a61,,qhtm sdk/textabc.h,0,
Library/QHTM_FullSource1967/components/windowtext.h,third-party/middleware,normal player dependency,1153,b1abdc285ff8c531920bc6b27cb3f9e9f9330c2098d82c8e912fd84c15b7a7b2,,,0,
Library/QHTM_FullSource1967/components/winhelper.h,third-party/middleware,normal player dependency,9597,26c6de6fe28760c3a163445cc5a67aa17fa89284381f422f8b0d13dfb474f566,,,1,Library/QHTM_FullSource1967/components/qhtm/getcolourfromstring.cpp
Library/QHTM_FullSource1967/components/zlib/adler32.c,third-party/middleware,normal player dependency,1245,bb15ef9fda3d4d326b8b6e9e84e4a9f74b41576be421800a123d00478e914dbd,,XGamebase/src/libs/zlib/adler32.c;XLauncher/FlashCtrl/zlib/adler32.c,0,
Library/QHTM_FullSource1967/components/zlib/compress.c,third-party/middleware,normal player dependency,2136,52423a5208259ba5645c3e9b82564b215d0fb4b24d16f5eeeddf91ad173c04e8,,XGamebase/src/libs/zlib/compress.c;XLauncher/FlashCtrl/zlib/compress.c,0,
Library/QHTM_FullSource1967/components/zlib/crc32.c,third-party/middleware,normal player dependency,6974,91517e3ec59a1af53370ab533af809a0a1cb5064de0b7f26c49460815a252580,,XGamebase/src/libs/zlib/crc32.c;XLauncher/FlashCtrl/zlib/crc32.c,0,
Library/QHTM_FullSource1967/components/zlib/deflate.c,third-party/middleware,normal player dependency,48983,ff820d58faed4323bae46aebf454d18c9b8dfd16050da3decd78ee2c546249a2,,XGamebase/src/libs/zlib/deflate.c;XLauncher/FlashCtrl/zlib/deflate.c,0,
Library/QHTM_FullSource1967/components/zlib/deflate.h,third-party/middleware,normal player dependency,11607,cd21f799dede43d2e38498cef3f022427f1866be826d3ed7bb99e7ec20df0e69,,XGamebase/src/libs/zlib/deflate.h;XLauncher/FlashCtrl/zlib/deflate.h,2,Library/QHTM_FullSource1967/components/zlib/deflate.c;Library/QHTM_FullSource1967/components/zlib/trees.c
Library/QHTM_FullSource1967/components/zlib/gzio.c,third-party/middleware,normal player dependency,25741,7243b471eac9e6ca2ae9f9b9ed445786216676b165f14e48aa776f005473ef39,,XGamebase/src/libs/zlib/gzio.c;XLauncher/FlashCtrl/zlib/gzio.c,0,
Library/QHTM_FullSource1967/components/zlib/infblock.c,third-party/middleware,normal player dependency,12352,ba062cff2a248ce95062bc0f7f713f3fe70a276d13ba5566b0be51e8af1e7d18,,XGamebase/src/libs/zlib/infblock.c,0,
Library/QHTM_FullSource1967/components/zlib/infblock.h,third-party/middleware,normal player dependency,1214,c74668be73c56e1adda6ff9da06132330d9c4a7479232339dfc4e0f3bf703ff8,,XGamebase/src/libs/zlib/infblock.h,5,Library/QHTM_FullSource1967/components/zlib/infblock.c;Library/QHTM_FullSource1967/components/zlib/infcodes.c;Library/QHTM_FullSource1967/components/zlib/inffast.c;Library/QHTM_FullSource1967/components/zlib/inflate.c;Library/QHTM_FullSource1967/components/zlib/infutil.c
Library/QHTM_FullSource1967/components/zlib/infcodes.c,third-party/middleware,normal player dependency,7795,77d7f9a0ca839931e3d1d2a16648233f4ea048292c183607d18ad90b9080ff33,,XGamebase/src/libs/zlib/infcodes.c,0,
Library/QHTM_FullSource1967/components/zlib/infcodes.h,third-party/middleware,normal player dependency,737,83bbaf1225242b86b9ad4078993ba224a73eed777553955ad0c958a9cd840928,,XGamebase/src/libs/zlib/infcodes.h,4,Library/QHTM_FullSource1967/components/zlib/infblock.c;Library/QHTM_FullSource1967/components/zlib/infcodes.c;Library/QHTM_FullSource1967/components/zlib/inffast.c;Library/QHTM_FullSource1967/components/zlib/infutil.c
Library/QHTM_FullSource1967/components/zlib/inffast.c,third-party/middleware,normal player dependency,5645,dc25c1a8c7de256437605a9dcb4356b23ef6a785529fe9beb782abd23d0bb4be,,XGamebase/src/libs/zlib/inffast.c;XLauncher/FlashCtrl/zlib/inffast.c,0,
Library/QHTM_FullSource1967/components/zlib/inffast.h,third-party/middleware,normal player dependency,488,6f2bae64c1838cbec06bc481e6a7d0f36bf47ad7eb66c1777cd02754cde6dc4f,,XGamebase/src/libs/zlib/inffast.h;XLauncher/FlashCtrl/zlib/inffast.h,2,Library/QHTM_FullSource1967/components/zlib/infcodes.c;Library/QHTM_FullSource1967/components/zlib/inffast.c
Library/QHTM_FullSource1967/components/zlib/inffixed.h,third-party/middleware,normal player dependency,8928,2a28f6ec7a9042b31ee2f214aff62a8ae9ab079a584e278a8e7e0f156b329d9e,,XGamebase/src/libs/zlib/inffixed.h;XLauncher/FlashCtrl/zlib/inffixed.h,1,Library/QHTM_FullSource1967/components/zlib/inftrees.c
Library/QHTM_FullSource1967/components/zlib/inflate.c,third-party/middleware,normal player dependency,9656,fac42b9bfdcd2ff4751e642a518dff921ae5a79a22f7eeda73845c803a89a623,,XGamebase/src/libs/zlib/inflate.c;XLauncher/FlashCtrl/zlib/inflate.c,0,
Library/QHTM_FullSource1967/components/zlib/inftrees.c,third-party/middleware,normal player dependency,16074,ceb90191ca5b2bcccdfe3cfc3af92d3c6ebf6d4a2130c7c76989c32b6870c98b,,XGamebase/src/libs/zlib/inftrees.c;XLauncher/FlashCtrl/zlib/inftrees.c,0,
Library/QHTM_FullSource1967/components/zlib/inftrees.h,third-party/middleware,normal player dependency,2616,c5fd84fc82e7aef32d4a7867cca4355d8ef50609449ce7e6a13b8348d29c2971,,XGamebase/src/libs/zlib/inftrees.h;XLauncher/FlashCtrl/zlib/inftrees.h,5,Library/QHTM_FullSource1967/components/zlib/infblock.c;Library/QHTM_FullSource1967/components/zlib/infcodes.c;Library/QHTM_FullSource1967/components/zlib/inffast.c;Library/QHTM_FullSource1967/components/zlib/inftrees.c;Library/QHTM_FullSource1967/components/zlib/infutil.c
Library/QHTM_FullSource1967/components/zlib/infutil.c,third-party/middleware,normal player dependency,1999,2b1cd432c533d614ab6cc0d36f1a1df24a42c4c77d63267f69d22fcc0d6a58b3,,XGamebase/src/libs/zlib/infutil.c,0,
Library/QHTM_FullSource1967/components/zlib/infutil.h,third-party/middleware,normal player dependency,3679,deeba500856766334ff3b8f7e0ba03fbf1aaaeb7ccf9325d93163dc25f9bbb53,,XGamebase/src/libs/zlib/infutil.h,4,Library/QHTM_FullSource1967/components/zlib/infblock.c;Library/QHTM_FullSource1967/components/zlib/infcodes.c;Library/QHTM_FullSource1967/components/zlib/inffast.c;Library/QHTM_FullSource1967/components/zlib/infutil.c
Library/QHTM_FullSource1967/components/zlib/readme.txt,third-party/middleware,unclassified/non-code,835,bfcac347506f8900d336cb62ac9d5c8d9155f912c80a1bc041072c52155c13a1,,ReadMe.txt;SetRegistry/ReadMe.txt;SetRegistry/SetRegistry/ReadMe.txt;XFControl/Win32/ReadMe.txt;XFileTransfer/ReadMe.txt;XLauncher/ReadMe.txt;XPacker/ReadMe.txt;XPatch/ReadMe.txt;qhtm sdk/qhtm static link/readme.txt;qhtm sdk/test/readme.txt,0,
Library/QHTM_FullSource1967/components/zlib/Release/adler32.obj,generated/build artifact,unclassified/non-code,766,67489175822783bd24054a642819c00f1613b82fc7a3dc0e8b2314b8bc13a895,,Compiled/KR/release_gm/XGamebase/adler32.obj;Compiled/TH/release_gm/XGamebase/adler32.obj,0,
Library/QHTM_FullSource1967/components/zlib/Release/compress.obj,generated/build artifact,unclassified/non-code,1153,163ba15c790a02be2e20748233f676b0f49b0a2ba5b3d550b25745d29472531b,,Compiled/KR/release_gm/XGamebase/compress.obj;Compiled/TH/release_gm/XGamebase/compress.obj,0,
Library/QHTM_FullSource1967/components/zlib/Release/crc32.obj,generated/build artifact,unclassified/non-code,2238,6bbaf1493abc93f84437113b1c28349f84ea7c91778f9852d72ec7025869ef8a,,Compiled/KR/release_gm/XGamebase/crc32.obj;Compiled/TH/release_gm/XGamebase/crc32.obj,0,
Library/QHTM_FullSource1967/components/zlib/Release/deflate.obj,generated/build artifact,unclassified/non-code,11267,e9d249dfdfd9c003f7b700a1da18e87eb10e3e02b3f307f31b1f3275c62001db,,Compiled/KR/release_gm/XGamebase/deflate.obj;Compiled/TH/release_gm/XGamebase/deflate.obj,0,
Library/QHTM_FullSource1967/components/zlib/Release/gzio.obj,generated/build artifact,unclassified/non-code,11418,c76f3de7df1daad840e83ccd10c07053e2f8d777443007c585aadef8efd7fede,,Compiled/KR/release_gm/XGamebase/gzio.obj;Compiled/TH/release_gm/XGamebase/gzio.obj,0,
Library/QHTM_FullSource1967/components/zlib/Release/infblock.obj,generated/build artifact,unclassified/non-code,7313,1bb7bc1582948aee889751b986a0fe9e370f9c0cc027cf18c8e55179f31b5e66,,Compiled/KR/release_gm/XGamebase/infblock.obj;Compiled/TH/release_gm/XGamebase/infblock.obj,0,
Library/QHTM_FullSource1967/components/zlib/Release/infcodes.obj,generated/build artifact,unclassified/non-code,3879,85862f53b3d44acac1837fceb38c93f52a3f11b3f040abc2e0da4bbe9fc0d912,,Compiled/KR/release_gm/XGamebase/infcodes.obj;Compiled/TH/release_gm/XGamebase/infcodes.obj,0,
Library/QHTM_FullSource1967/components/zlib/Release/inffast.obj,generated/build artifact,unclassified/non-code,1832,dcb3fe4e8d72f9b8fffbea69e71e9876cc5800c22054fb0124fb61a2280ebf70,,Compiled/KR/release_gm/XGamebase/inffast.obj;Compiled/TH/release_gm/XGamebase/inffast.obj,0,
Library/QHTM_FullSource1967/components/zlib/Release/inflate.obj,generated/build artifact,unclassified/non-code,5865,8eab3f2b40a08e00665e92f4ffa3961433bd59250ec29694fafcb2db64c26f26,,Compiled/KR/release_gm/XGamebase/inflate.obj;Compiled/TH/release_gm/XGamebase/inflate.obj,0,
Library/QHTM_FullSource1967/components/zlib/Release/inftrees.obj,generated/build artifact,unclassified/non-code,9678,cfebb982c4db8b58ac65df40c7f9bd525e63b65adb0e5f43627e5e62bea52e43,,Compiled/KR/release_gm/XGamebase/inftrees.obj;Compiled/TH/release_gm/XGamebase/inftrees.obj,0,
Library/QHTM_FullSource1967/components/zlib/Release/infutil.obj,generated/build artifact,unclassified/non-code,973,7787946f551426572c769c4151cf80851e10c5600f2b5f89965a06c9b839f950,,Compiled/KR/release_gm/XGamebase/infutil.obj;Compiled/TH/release_gm/XGamebase/infutil.obj,0,
Library/QHTM_FullSource1967/components/zlib/Release/trees.obj,generated/build artifact,unclassified/non-code,15661,20098387ff1efe8b762dacb6d6f8d047339342ae9c40e0c83d9a46a309350737,,Compiled/KR/release_gm/XGamebase/trees.obj;Compiled/TH/release_gm/XGamebase/trees.obj,0,
Library/QHTM_FullSource1967/components/zlib/Release/uncompr.obj,generated/build artifact,unclassified/non-code,890,b94088800eb984809745a4edbc481f02a464b53b6b42260a98eab1fc0f9d4649,,Compiled/KR/release_gm/XGamebase/uncompr.obj;Compiled/TH/release_gm/XGamebase/uncompr.obj,0,
Library/QHTM_FullSource1967/components/zlib/Release/vc60.idb,generated/build artifact,unclassified/non-code,50176,063f05f82e3898aa38533cb9cc98469ba2c46988903c23aecc40df02f5b5b4ac,,Compiled/KR/release_gm/XGamebase/vc60.idb;Compiled/KR/release_gm/XKernel/vc60.idb;Compiled/TH/release_gm/XGamebase/vc60.idb;Compiled/TH/release_gm/XKernel/vc60.idb,0,
Library/QHTM_FullSource1967/components/zlib/Release/zutil.obj,generated/build artifact,unclassified/non-code,2888,7d63ad1ef62d6456c384b5fad386ea18f30485e3cbab15e47d499f77738f7439,,Compiled/KR/release_gm/XGamebase/zutil.obj;Compiled/TH/release_gm/XGamebase/zutil.obj,0,
Library/QHTM_FullSource1967/components/zlib/trees.c,third-party/middleware,normal player dependency,43672,cfda553556f3c2461c2fae7cf7dcb6aa61a256d6694855694cd8709f93f9fb2b,,XGamebase/src/libs/zlib/trees.c;XLauncher/FlashCtrl/zlib/trees.c,0,
Library/QHTM_FullSource1967/components/zlib/trees.h,third-party/middleware,normal player dependency,8444,81579041310716219bbbf7c98849d91f5aeabdd7eadb1f8e9d7e2aa57724b58b,,XGamebase/src/libs/zlib/trees.h;XLauncher/FlashCtrl/zlib/trees.h,1,Library/QHTM_FullSource1967/components/zlib/trees.c
Library/QHTM_FullSource1967/components/zlib/uncompr.c,third-party/middleware,normal player dependency,1981,4f771ea1070726e0e2c3b16dfd95783049c5bca4b0218d23db8ddfdd87ba1e97,,XGamebase/src/libs/zlib/uncompr.c;XLauncher/FlashCtrl/zlib/uncompr.c,0,
Library/QHTM_FullSource1967/components/zlib/zconf.h,third-party/middleware,normal player dependency,7810,dbe9ae846474d91214e1ce15a56502544194c84550ad0ff24df755582c50821d,,XGamebase/src/libs/zlib/zconf.h;XLauncher/FlashCtrl/zlib/zconf.h;XPacker/Zip/zconf.h,1,Library/QHTM_FullSource1967/components/zlib/zlib.h
Library/QHTM_FullSource1967/components/zlib/ZLib.dsp,third-party/middleware,unclassified/non-code,6430,6e067b2b30d8cbd5477b648b25e5c9fd5541eebcde2c2ae2e7d31edff66f49ad,,,0,
Library/QHTM_FullSource1967/components/zlib/zlib.h,third-party/middleware,normal player dependency,40898,56ff7663df8470fddf2e64a4a57da1d4e17d041f0b895a53ae5fab0d492d7e0b,,XGamebase/src/libs/zlib/zlib.h;XLauncher/FlashCtrl/zlib/zlib.h;XPacker/Zip/zlib.h,5,Library/QHTM_FullSource1967/components/zlib/adler32.c;Library/QHTM_FullSource1967/components/zlib/compress.c;Library/QHTM_FullSource1967/components/zlib/crc32.c;Library/QHTM_FullSource1967/components/zlib/uncompr.c;Library/QHTM_FullSource1967/components/zlib/zutil.h
Library/QHTM_FullSource1967/components/zlib/zutil.c,third-party/middleware,normal player dependency,5232,535eb344c5d7f87b69c8927264aff58e65f644ea43cbf99715b0e96f2bb34364,,XGamebase/src/libs/zlib/zutil.c;XLauncher/FlashCtrl/zlib/zutil.c,0,
Library/QHTM_FullSource1967/components/zlib/zutil.h,third-party/middleware,normal player dependency,5560,d8b262446485f4869caff5a51aaffa8662d50372a435fce2caf65dd6bd9ede6b,,XGamebase/src/libs/zlib/zutil.h;XLauncher/FlashCtrl/zlib/zutil.h,9,Library/QHTM_FullSource1967/components/zlib/deflate.h;Library/QHTM_FullSource1967/components/zlib/gzio.c;Library/QHTM_FullSource1967/components/zlib/infblock.c;Library/QHTM_FullSource1967/components/zlib/infcodes.c;Library/QHTM_FullSource1967/components/zlib/inffast.c;Library/QHTM_FullSource1967/components/zlib/inflate.c;Library/QHTM_FullSource1967/components/zlib/inftrees.c;Library/QHTM_FullSource1967/components/zlib/infutil.c;Library/QHTM_FullSource1967/components/zlib/zutil.c
Library/radsdk/radsdk.h,third-party/middleware,shared by GM and normal,4525,9073852d0202552408fbeb632f2a950eb97faac4d58e3ccfa2c536870d962c70,,,2,Library/radsdk/radsdk_ll.h;XIGAADWrapper/XIGAADWrapperCore.h
Library/radsdk/radsdk6.lib,third-party/middleware,unclassified/non-code,935418,629eab835ba23020a73c53f634bd10f547f4e7ddb2d64f0e62b3d98e886dd2a5,,,0,
Library/radsdk/radsdk6d.lib,third-party/middleware,unclassified/non-code,2339546,48a27a60bdfe1a1e03b81aae992422024200a5ab42f9560702a7b8eb3df0751d,,,0,
Library/radsdk/radsdk71.lib,third-party/middleware,unclassified/non-code,1695832,d4dbb1a502dd3d400d520aea660c20dde8922cbbfb338190faa70bb098733764,,,0,
Library/radsdk/radsdk71d.lib,third-party/middleware,unclassified/non-code,2474008,8f244ae3848bf91e11311b9c7c6a37f2460b7344df57718bcd0998f4b0e4d0ac,,,0,
Library/radsdk/radsdk80.lib,third-party/middleware,unclassified/non-code,2036400,a9a3244d04b1f390a3924ca85258f8946ce5da3ee083076e0bb3162517f61beb,,,0,
Library/radsdk/radsdk80d.lib,third-party/middleware,unclassified/non-code,2938840,832788c76e325b1fa7c7da9ade00d54b8f2a7e644fb6cd13cc96b6bdc4a43472,,,0,
Library/radsdk/radsdk_ll.h,third-party/middleware,shared by GM and normal,2718,c2261a5b27cbc821e53529bef0bf877eaa124e8bc71660d21aa681f7f412e64e,,,1,XIGAADWrapper/XIGAADWrapperCore.h
Library/radsdk/vc60.pdb,generated/build artifact,unclassified/non-code,118784,d5433e28af47b20fbd26361566d83fd1d7dbc1565aeb8a857619ce9b78e3142c,,Compiled/KR/release_gm/XGamebase/vc60.pdb;Compiled/KR/release_gm/XKernel/vc60.pdb;Compiled/TH/release_gm/XGamebase/vc60.pdb;Compiled/TH/release_gm/XKernel/vc60.pdb,0,
Library/radsdk/vc70.pdb,generated/build artifact,unclassified/non-code,110592,e82cdda35134778043d5b7b4405a258ece0419ce021fbba94a0b0ca576846021,,,0,
Library/radsdk/vc80.pdb,generated/build artifact,unclassified/non-code,135168,2d392a2f31f4cbd6179a5c1df0bc2093ba33a8b4fa093d2d95fce76a1586b5da,,,0,
Library/radsdk/vssver.scc,third-party/middleware,unclassified/non-code,208,03a9774ec9aa87fb6e952920b945b6715bcf46c744b179f2c7cab95c6f878a8d,,MeshControl/vssver.scc,0,
Library/vssver.scc,third-party/middleware,unclassified/non-code,528,7d982f38aadbc33b85dcc153d2548d29f0b3978c2045726504851c9987ded9c7,,MeshControl/vssver.scc,0,
Library/XTrapIC_mtDll.lib,third-party/middleware,unclassified/non-code,126626,d44df1f60cb3450b306e21b5410999b98c0d1524488b9d43ec16d1b8b50d6de7,,,0,
Network/packet_for_MnD.h,normal/shared source,shared by GM and normal,14029,2566db7be5f12abfd80c3c4c2ee895b48b6dbfc0240b30df9a81b4273229606b,,,1,Network/Game_packets.h
Network/vssver.scc,resource/config/other,unclassified/non-code,464,4013f90550c497304c60d59b2782ac98a451f80c0277faac977d9f728631f4b6,,MeshControl/vssver.scc,0,
Network/XNetwork_MasternDisciple.cpp,normal/shared source,normal player dependency,21130,0420337e1ba488ce56a19e26163d0ad5a4f886cb9596317433d1758f899e5fd7,,,0,
NexonADBalloonLib/NexonADBalloonLib.ncb,generated/build artifact,unclassified/non-code,66560,ed7557c5b6271a364feb2490d31d02ad338ab7fd4705a8a63542524e19063134,,,0,
NexonADBalloonLib/NexonADBalloonLib.opt,resource/config/other,unclassified/non-code,56320,65b4d3472877d979e5d276297a567a4f6215783b9e51be3296759a62fee795fd,,,0,
NexonADBalloonLib/vssver.scc,resource/config/other,unclassified/non-code,128,8edd27c13ea8c60fe117c783b84dcd1e4aa69eb274a70c5aa5f92a8ad36a7e9c,,MeshControl/vssver.scc,0,
NMClass/ADBalloon.cpp,shared engine/internal library,normal player dependency,2014,bc05b114bcad1b3332537ff4061eea9667eae4257b58851851ff1aad6784211c,,NexonADBalloonLib/ADBalloon.cpp,0,
NMClass/ADBalloon.h,shared engine/internal library,normal player dependency,260,e8ada1246a13de2ed4193d82bc1560bbabab2844a92a29ea0709518965f43740,,NexonADBalloonLib/ADBalloon.h,1,NMClass/ADBalloon.cpp
NMClass/BrowserControl.cpp,shared engine/internal library,normal player dependency,19154,11f4c02e1a27d9f9a04ee5ace1736971556d2b8c39c4ebc6fcf0916bba190755,,NexonADBalloonLib/BrowserControl.cpp,0,
NMClass/BrowserControl.h,shared engine/internal library,normal player dependency,5157,0b55dfb434b7627f1a7bdea8b4edc0c3bd462844919ca1c3abf102124e8e7dbc,,NexonADBalloonLib/BrowserControl.h,2,NMClass/ADBalloon.cpp;NMClass/BrowserControl.cpp
NMClass/vssver.scc,shared engine/internal library,unclassified/non-code,672,8f74e86e04ff79ef877c9afb447473fdb73914afb2b35d00cda26c1884d9a7c9,,MeshControl/vssver.scc,0,
res/NineDragons.exe.manifest,resource/config/other,unclassified/non-code,591,5bc7bb3961430e85c941b9137da7e24a6aa7f69bb80d51d82b623ee179e07e9b,,,0,
res/vssver.scc,resource/config/other,unclassified/non-code,208,de96a00e8a755d4725b04deb0d9ed6a91b287e0390581c213e865cff683a35a9,,MeshControl/vssver.scc,0,
res/Xi Zhu . 03.ico,resource/config/other,unclassified/non-code,4286,b5d0298f017b443d95fa8c9e76c66a4415def044872432d06673cc93b0424399,res/晰祝畛03.ico,,0,
res/Xi Zhu . 04(1).ico,resource/config/other,unclassified/non-code,4286,e0177cf6fc05bd14e6361596c99f0fbd128fcbffb38e458cf7c2c947d7bbf376,res/晰祝畛04(1).ico,,0,
res/Xi Zhu ..ico,resource/config/other,unclassified/non-code,4286,999a03efd340e9a370de3f72defc67a260f21269c9d189ac0bacb66ea8aa5018,res/晰祝畛.ico,,0,
Resource/vssver.scc,resource/config/other,unclassified/non-code,672,93688afee981d06a51a3bd1dcb49296641a71874a6ba2fb2a13c886eab76de83,,MeshControl/vssver.scc,0,
Script/vssver.scc,resource/config/other,unclassified/non-code,592,89be6c09a85fdd43cedf85191c2dec72d18d8ebcf3cc29ce9dbf46dd081b95e2,,MeshControl/vssver.scc,0,
Script/XResourceGroupItem.cpp,normal/shared source,normal player dependency,473,d8c53d051d8046fb451e1e79a51d237d18c52b7bb52ed8a0eb851c18767ea9d8,,,0,
Script/XResourceGroupItem.h,normal/shared source,normal player dependency,570,e53ec35950519388beb23e6efb43375056a62e31441c86d460afa075cc663164,,,1,Script/XResourceGroupItem.cpp
Script/XResourceGroupSubItem.cpp,normal/shared source,normal player dependency,494,c24ab8c8203f7eefd382fc0f60fffef0097ae68f8381e913032633f6f9c7c37e,,,0,
Script/XResourceGroupSubItem.h,normal/shared source,normal player dependency,594,83c6a3a596ffab9672418cb56354532e1a94dd01d4398ab74022c4a1de74deac,,,1,Script/XResourceGroupSubItem.cpp
Script/XResourcePackag.cpp,normal/shared source,normal player dependency,452,5273dc046919cfd8c972b16d6b199f02bab3e5037f26871aa91479c04b1dd42f,,,0,
Script/XResourcePackag.h,normal/shared source,normal player dependency,546,54a1475e95258f23a8e81a8cd3bd4953cb1d6542f568408f6595c34df64a1476,,,1,Script/XResourcePackag.cpp
Script/XResourcePackage.cpp,normal/shared source,normal player dependency,459,d908e2894982987bedfe20b94a6155fe9f8a2b96d32e35d99dd4541e31e84859,,,0,
Script/XResourcePackage.h,normal/shared source,normal player dependency,554,1c52d676603ac52faa2007fd39e89a75db6203d1de7dd2cee9d66bca6a1c0433,,,1,Script/XResourcePackage.cpp
SetRegistry/res/vssver.scc,resource/config/other,unclassified/non-code,64,db512333b11ebf0dfaec140e979025b2f9cd5397177f0c0199de76aaeaaef00b,,MeshControl/vssver.scc,0,
SetRegistry/SetRegistry.aps,resource/config/other,unclassified/non-code,24628,40f498f6b51884ad9629e587cd6a8ce52600fe93bd72b8f72e0813fd3b645573,,,0,
SetRegistry/SetRegistry.clw,resource/config/other,unclassified/non-code,2083,bb2e8addda9cbeb742e3a22867eead938412d9a5b3db8aa92ef9c41d84d3ea07,,,0,
SetRegistry/SetRegistry.dsw,resource/config/other,unclassified/non-code,516,d463dded9951659facc78b7ab8972477130e863e9fa723a1b36e6e32401be914,,,0,
SetRegistry/SetRegistry.ncb,generated/build artifact,unclassified/non-code,82944,acf684912b25077121de494741af831081e20f869d5af90e22e6cddffae0d7f5,,,0,
SetRegistry/SetRegistry.opt,resource/config/other,unclassified/non-code,315904,c58825d045a0e00bc0551c8bdf1f7ae9e674d610530d4addaa2e00955ad9fed4,,,0,
SetRegistry/SetRegistry.plg,resource/config/other,unclassified/non-code,2094,43de29e9ed5a2685d3648494c29f33d9d120bd94e45242bf122408be9ac35aa7,,,0,
SetRegistry/SetRegistry.stc,resource/config/other,unclassified/non-code,43,7ef5fa42244b35448d0f93a1af07ff6009835003b55265469698138490512808,,,0,
SetRegistry/SetRegistry.stt,resource/config/other,unclassified/non-code,45,e68bf6611ae2d85f8201097da95e81061c2167dfab94211dfdfecbb0e2029597,,,0,
SetRegistry/SetRegistry/res/vssver.scc,resource/config/other,unclassified/non-code,64,ff18067ceb1c016ddde8309b2dedcd92c57411b32fcc064f9c47738711856295,,MeshControl/vssver.scc,0,
SetRegistry/SetRegistry/vssver.scc,resource/config/other,unclassified/non-code,336,384f1e70b92a9c8e7a2d7a8c235070fc7d08c923774a2cdb1c720b2ab16f4f2c,,MeshControl/vssver.scc,0,
SetRegistry/vssver.scc,resource/config/other,unclassified/non-code,336,b2e75dddf5b898aef46ed46101ca736cd83fbffad6498bcf36c3d8d7f8aea75a,,MeshControl/vssver.scc,0,
ShaderCode/compile.bat,resource/config/other,unclassified/non-code,91,240d8b5892bebb12c3b10a640d43aa31675f678e9a1fc75e9b3c81d828f657ef,,,0,
ShaderCode/psa.exe,resource/config/other,unclassified/non-code,946176,0d6b6e963caa5e4a85746808e6a3f6dfe39db3226dcde25b04be7cc281e68d79,,,0,
ShaderCode/pscompile.bat,resource/config/other,unclassified/non-code,390,fa3b434db42e61d1238e8e45671422984bac6683edc48b0f448fea1228814a89,,,0,
ShaderCode/vsa.exe,resource/config/other,unclassified/non-code,946176,f90df9e4b5ded67ec8be9347c2e530cd15617dd686fcd6193ba87b0a0174bc5e,,,0,
ShaderCode/vssver.scc,resource/config/other,unclassified/non-code,352,785cc9ed65f802192ebc9c48c92ccdbd50c5bf7b9dc7fe2d74845d8e32d06b01,,MeshControl/vssver.scc,0,
Thumbs.db,resource/config/other,unclassified/non-code,6144,22b46f7f9be2d5952e16b1401b99d43c1359fcf8feb2148e76ecdafc4ee83482,,,0,
vssver.scc,resource/config/other,unclassified/non-code,352,732f6324636f6915056a35f85e8888c771aed50559bfdb6e3f0e9651a872691a,,MeshControl/vssver.scc,0,
webbrowser2.cpp,normal/shared source,normal player dependency,10817,57c597a4fed03f794ac6058b6978f96009b5493bd8d55ecf002d151e7b55eba9,,XLauncher/webbrowser2.cpp,0,
webbrowser2.h,normal/shared source,normal player dependency,3645,00042ace198201ebd10bbe852101651092a64dd6cee2119cdad2e637579b1298,,XLauncher/webbrowser2.h,1,webbrowser2.cpp
webpageutil.cpp,normal/shared source,normal player dependency,9262,fb2e488792834825cb0f09233305f60c6cb20387f224085991d2bcf1b54ccb00,,,0,
XControl/vssver.scc,resource/config/other,unclassified/non-code,160,5923c5c8507c202d61671bdaa262d6be12c0483f1a4e5d9a219fc1739cb511b1,,MeshControl/vssver.scc,0,
XFControl/vssver.scc,shared engine/internal library,unclassified/non-code,928,bb677e3d58a5d0c917bbb5fe1c3df4f0c9903a95abef9d354b6fc7351cbbeee5,,MeshControl/vssver.scc,0,
XFControl/win32/OldCode/Display.cpp,shared engine/internal library,normal player dependency,6317,80cacb04e01b9e74402b48300c35f131812ab0f9b818ad55e1a786965e99b4d4,,XFControl/Win32/Display.cpp;XLauncher/FlashCtrl/win32/Display.cpp,0,
XFControl/win32/OldCode/display.h,shared engine/internal library,normal player dependency,6095,03a84edb2c2a326882250e1d1b1e40adc2d981049c4649b2f23c53237215ccc2,,XFControl/Win32/display.h;XLauncher/FlashCtrl/win32/display.h,1,XFControl/win32/OldCode/Display.cpp
XFControl/win32/vssver.scc,shared engine/internal library,unclassified/non-code,272,f8484fe657688ab5c10f16ddba313840c6c5c885a9d8a1ea1ea43c90a7fd1bda,,MeshControl/vssver.scc,0,
XFControl/XFControl.dep,shared engine/internal library,unclassified/non-code,15089,27b64f24e334c53d278c3f4354c56d15e24b21c17a7693fe95ddd490f2dd40df,,,0,
XFControl/XFControl.dsw,shared engine/internal library,unclassified/non-code,512,c4528040fbece1ad6e62af528ed6b0c0cde75a5455d9f25f4ef5aec8917a3855,,,0,
XFControl/XFControl.ncb,generated/build artifact,unclassified/non-code,410624,b3309f9e0d884ec4bfd20d184bc007f2e36cb9f8ef093283c44655630bf4bf45,,,0,
XFControl/XFControl.opt,shared engine/internal library,unclassified/non-code,317440,c91a8eaa81e8d4228531a523aa63059a1b829afdd33b7d8fddd886db4dde8745,,,0,
XFControl/XFControl.plg,shared engine/internal library,unclassified/non-code,250,75b07e388d129a786b751c8b5ffbcf785f25d22cd8d372871972b3f04e77e8eb,,,0,
XFControl/XFControl.stt,shared engine/internal library,unclassified/non-code,78,be38156e1200ff10fc4dda1940011c8a24dbf2ffa20213b54e8cbe2d76ed2884,,,0,
XFileTransfer_Unicode/Doxyfile,resource/config/other,unclassified/non-code,44547,ff955828c7feb2485a996675db671fd4837fc9827370fad95395cf6b041dbfb9,,,0,
XFileTransfer_Unicode/doxygen_new.css,resource/config/other,unclassified/non-code,2929,8a79abf004cacff2b78cb64cc682d542e4cc41b6d0de4a9b6d8a9122134adeb0,,,0,
XFileTransfer_Unicode/FTPTransfer.cpp,normal/shared source,normal player dependency,3874,847aec5094e21c596d08e95952b54fcd1aed254d667990d982e8af2e047fb61a,,XFileTransfer/FTPTransfer.cpp,0,
XFileTransfer_Unicode/FTPTransfer.h,normal/shared source,normal player dependency,2463,1612df387ac95bfc5f911828904915c54cd0c19fa5ce68c98a52cf757fc35e95,,XFileTransfer/FTPTransfer.h,2,XFileTransfer_Unicode/FTPTransfer.cpp;XFileTransfer_Unicode/XFileTransferDlg.h
XFileTransfer_Unicode/Label.cpp,normal/shared source,normal player dependency,29773,5fedb25bec13c26c496a9428e1e653becdf8a622871dbc1a09c317b5e4777d13,,XLauncher/Label.cpp;XPatch/Label.cpp,0,
XFileTransfer_Unicode/Label.h,normal/shared source,normal player dependency,3386,e4d02f742dfafa410f31ce4cb31100972724ecdc8a9d580f68b16bb15d5ea8cd,,XLauncher/Label.h;XPatch/Label.h,1,XFileTransfer_Unicode/Label.cpp
XFileTransfer_Unicode/Log.xl,resource/config/other,unclassified/non-code,22,8739c76e681f900923b900c9df0ef75cf421d39cabb54650c4b9ad19b6a76d85,,,0,
XFileTransfer_Unicode/Log.xl.0001,resource/config/other,unclassified/non-code,22,8739c76e681f900923b900c9df0ef75cf421d39cabb54650c4b9ad19b6a76d85,,,0,
XFileTransfer_Unicode/Log.xl.0002,resource/config/other,unclassified/non-code,22,8739c76e681f900923b900c9df0ef75cf421d39cabb54650c4b9ad19b6a76d85,,,0,
XFileTransfer_Unicode/Log.xl.0003,resource/config/other,unclassified/non-code,22,8739c76e681f900923b900c9df0ef75cf421d39cabb54650c4b9ad19b6a76d85,,,0,
XFileTransfer_Unicode/Log.zip,resource/config/other,unclassified/non-code,22,8739c76e681f900923b900c9df0ef75cf421d39cabb54650c4b9ad19b6a76d85,,,0,
XFileTransfer_Unicode/mssccprj.scc,resource/config/other,unclassified/non-code,367,681a80c523ec56bd25f2eaef7b607cc2cd2dfbaa45c9fb8cfbcef4c25d6081da,,NexonADBalloonLib/mssccprj.scc;SetRegistry/SetRegistry/mssccprj.scc;SetRegistry/mssccprj.scc;XFControl/mssccprj.scc;XFileTransfer/XFileTransfer/mssccprj.scc;XFileTransfer/mssccprj.scc;XGamebase/mssccprj.scc;XKernel/mssccprj.scc;XLauncher/mssccprj.scc;XPacker/mssccprj.scc;XPatch/mssccprj.scc;audio_sdk/asorg/src/AudioLib/mssccprj.scc;audio_sdk/asorg/src/AudioScript/mssccprj.scc;audio_sdk/include/AudioScript/mssccprj.scc;audio_sdk/src/AudioLib/mssccprj.scc;audio_sdk/src/AudioLib/src/AudioLib/mssccprj.scc;audio_sdk/src/AudioScript/AudioScript/mssccprj.scc;audio_sdk/src/AudioScript/mssccprj.scc;audio_sdk/src/mssccprj.scc;mssccprj.scc,0,
XFileTransfer_Unicode/ndreg.xrg,resource/config/other,unclassified/non-code,188,1a445ab48debbc1a3b425b5519bdeb15c6d7eea288bcba5189c6d17a6af67bd1,,Game/ndreg.xrg,0,
XFileTransfer_Unicode/ReadMe.txt,resource/config/other,unclassified/non-code,3617,a15f726c4898f70ccbbc43d0b225f5c8070858023e868b052340651710461926,,ReadMe.txt;SetRegistry/ReadMe.txt;SetRegistry/SetRegistry/ReadMe.txt;XFControl/Win32/ReadMe.txt;XFileTransfer/ReadMe.txt;XLauncher/ReadMe.txt;XPacker/ReadMe.txt;XPatch/ReadMe.txt;qhtm sdk/qhtm static link/readme.txt;qhtm sdk/test/readme.txt,0,
XFileTransfer_Unicode/Registry.cpp,normal/shared source,normal player dependency,18533,54a7071d0d85e0ce67cf183a7f9dbdd96d4d2fad59cd99cfe5c684147bea604b,,XFileTransfer/Registry.cpp,0,
XFileTransfer_Unicode/Registry.h,normal/shared source,normal player dependency,3616,dc04d94ee4429f6c08a50ff57502d1373c3f427702d04dcc06993b5d077c16b5,,XFileTransfer/Registry.h;XIGAADWrapper/Registry.h,4,XFileTransfer_Unicode/FTPTransfer.cpp;XFileTransfer_Unicode/Registry.cpp;XFileTransfer_Unicode/StdAfx.h;XFileTransfer_Unicode/XFileTransferDlg.cpp
XFileTransfer_Unicode/RegistryDef.h,normal/shared source,normal player dependency,554,5dc6e37a9489c7fa383a48e421367e1e186f08276a660ad3a58c42996e145241,,XFileTransfer/RegistryDef.h,3,XFileTransfer_Unicode/FTPTransfer.cpp;XFileTransfer_Unicode/Registry.h;XFileTransfer_Unicode/XFileTransferDlg.cpp
XFileTransfer_Unicode/res/jp_interface.txt,resource/config/other,unclassified/non-code,658,5144320aca36fc3d3fdb8334fd1b34d08005278de7d7b9f24d5caef66f0348c7,,,0,
XFileTransfer_Unicode/res/kr_interface.txt,resource/config/other,unclassified/non-code,776,57d8e6620a58072f38b3e81a4f7cf7c1848f61e8abc7b30a45a04d5f94cf3bf1,,,0,
XFileTransfer_Unicode/res/old- jp_interface.txt,resource/config/other,unclassified/non-code,518,18099ba4667e47d92ef60d437b3e0082c9448c398b3388866e8b9944d6970e27,,,0,
XFileTransfer_Unicode/res/rs_interface.txt,resource/config/other,unclassified/non-code,890,057646a805e88ef6518e1b9d5c49785bac70d45e471a98358d3f0a42cd3e6540,,,0,
XFileTransfer_Unicode/res/System informations.bmp,resource/config/other,unclassified/non-code,27078,4ec7a76e8a4147a7ab4631f616f59584c0693a9e5d6ec003aed8fd059fa4e68c,XFileTransfer/res/System informations.bmp,XFileTransfer/res/System informations.bmp,0,
XFileTransfer_Unicode/res/tw_interface.txt,resource/config/other,unclassified/non-code,360,852be399b282ea6615f7c47e2c0070d683818b4120c0e38b2b93ce6b256a090f,,,0,
XFileTransfer_Unicode/res/us_interface.txt,resource/config/other,unclassified/non-code,904,16386672617d7792b6375a6c8cb02f939cb06efbbc0c44a589753276a834121e,,,0,
XFileTransfer_Unicode/res/vn_interface.txt,resource/config/other,unclassified/non-code,872,49243e1dc1ce23373770b0f1f5947031925fc9ff431d0c01d0fb5614dde3c31b,,,0,
XFileTransfer_Unicode/res/vssver.scc,resource/config/other,unclassified/non-code,240,9056487afdf6298baf2273ff50bf6c2c08be2a6a0500df86fa6a03d072b9b7cb,,MeshControl/vssver.scc,0,
XFileTransfer_Unicode/res/XFileTransfer.ico,resource/config/other,unclassified/non-code,1078,17d9ba10a2faf5620bd85df1b7691c1f1de2c29db33c3eef719c90d0d10aea94,XFileTransfer/res/XFileTransfer.ico;XPacker/res/XPacker.ico;qhtm sdk/test/res/test.ico,XFileTransfer/res/XFileTransfer.ico,0,
XFileTransfer_Unicode/res/XFileTransfer.rc2,normal/shared source,normal player dependency,392,7b1de89de73aedc5eae30bc00923c4a5d68d766b232aee5a76560681ddded927,,XFileTransfer/res/XFileTransfer.rc2,1,XFileTransfer_Unicode/XFileTransfer.rc
XFileTransfer_Unicode/res/XFileTransferMainIcon.ico,resource/config/other,unclassified/non-code,57086,22dd1ca3f4cc72339defaaa77f9345985333bc745637db015566697215a2b1f5,XFileTransfer/res/XFileTransferMainIcon.ico,XFileTransfer/res/XFileTransferMainIcon.ico,0,
XFileTransfer_Unicode/res/XFMainIcon.ico,resource/config/other,unclassified/non-code,4286,e0177cf6fc05bd14e6361596c99f0fbd128fcbffb38e458cf7c2c947d7bbf376,res/晰祝畛04(1).ico,,0,
XFileTransfer_Unicode/resource.h,normal/shared source,normal player dependency,1067,3bcc7f802990ec0be5ac6d7b0ac276d6fd5d08f234c8da72aeb86934d30548db,,ChinaResource/resource.h;SetRegistry/SetRegistry/resource.h;SetRegistry/resource.h;XFileTransfer/resource.h;XLauncher/Resource.h;XPacker/Resource.h;XPatch/resource.h;qhtm sdk/resource.h;qhtm sdk/test/resource.h;resource.h,3,XFileTransfer_Unicode/FTPTransfer.cpp;XFileTransfer_Unicode/XFileTransfer.h;XFileTransfer_Unicode/XFileTransfer.rc
XFileTransfer_Unicode/StdAfx.cpp,normal/shared source,normal player dependency,238,4cbec24d863fcab72b263d97fcec36f1abf1a2e99e63403f9526888ebac1feb1,,SetRegistry/SetRegistry/StdAfx.cpp;SetRegistry/StdAfx.cpp;StdAfx.cpp;XFControl/StdAfx.cpp;XFileTransfer/StdAfx.cpp;XLauncher/StdAfx.cpp;XPacker/StdAfx.cpp;XPatch/StdAfx.cpp;qhtm sdk/qhtm static link/stdafx.cpp;qhtm sdk/stdafx.cpp;qhtm sdk/test/stdafx.cpp,0,
XFileTransfer_Unicode/StdAfx.h,normal/shared source,normal player dependency,1137,88c41786db4ad07474c667da91241e8f8c3e5fbb81eb53e88420354adb612838,,SetRegistry/SetRegistry/StdAfx.h;SetRegistry/StdAfx.h;StdAfx.h;XFControl/StdAfx.h;XFileTransfer/StdAfx.h;XLauncher/StdAfx.h;XPacker/StdAfx.h;XPatch/StdAfx.h;qhtm sdk/qhtm static link/stdafx.h;qhtm sdk/stdafx.h;qhtm sdk/test/stdafx.h,6,XFileTransfer_Unicode/FTPTransfer.cpp;XFileTransfer_Unicode/Label.cpp;XFileTransfer_Unicode/Registry.cpp;XFileTransfer_Unicode/StdAfx.cpp;XFileTransfer_Unicode/XFileTransfer.cpp;XFileTransfer_Unicode/XFileTransferDlg.cpp
XFileTransfer_Unicode/vssver.scc,resource/config/other,unclassified/non-code,592,4886db0189732e60353730a1fd426498df5d56d0d22407c0a610b0642db6f791,,MeshControl/vssver.scc,0,
XFileTransfer_Unicode/XFileTransfer.aps,resource/config/other,unclassified/non-code,110804,cf2634a726236487ca3186adfce9acf34128e1d95e9c8a708cffc747f2dfcd79,,,0,
XFileTransfer_Unicode/XFileTransfer.clw,resource/config/other,unclassified/non-code,1081,d64969f8e09e0dc1616fe2daff3ef9b170eb429107831a7ab1b66fb686d20419,,,0,
XFileTransfer_Unicode/XFileTransfer.cpp,normal/shared source,normal player dependency,2626,2f339ff3b2ea4f6c0c0a871f6951b7032ca3998d33736441a06cc878a246af81,,XFileTransfer/XFileTransfer.cpp,0,
XFileTransfer_Unicode/XFileTransfer.dsp,resource/config/other,unclassified/non-code,17710,7356cba7859e12f19157dcc12e3fbe39f93fc8c68963e10140c9fdde9e07c1c6,,XFileTransfer/XFileTransfer.dsp;XFileTransfer/XFileTransfer/XFileTransfer.dsp,0,
XFileTransfer_Unicode/XFileTransfer.dsw,resource/config/other,unclassified/non-code,648,a905c3b1254a38acc950c273bc379b1756ac1ac9a1e6bb9b7bac5e6161f80e06,,,0,
XFileTransfer_Unicode/XFileTransfer.h,normal/shared source,normal player dependency,1162,2b088089c1a0a9afcbf5993703ed7be675a4aaef14bb8403537f5ee355b31798,,XFileTransfer/XFileTransfer.h,2,XFileTransfer_Unicode/XFileTransfer.cpp;XFileTransfer_Unicode/XFileTransferDlg.cpp
XFileTransfer_Unicode/XFileTransfer.ncb,generated/build artifact,unclassified/non-code,148480,c41412ade65086cadf4fda46e408f8a46d00be9390d576c88d0ee2a5fdfe8051,,,0,
XFileTransfer_Unicode/XFileTransfer.opt,resource/config/other,unclassified/non-code,318976,86124306a95dac697df8c6c9b29dbc47d7df1c6bd668bdb99b91ef51ac443682,,,0,
XFileTransfer_Unicode/XFileTransfer.plg,resource/config/other,unclassified/non-code,249,87d907895b4e5157eec376b8968efa98d17ffb803b86544b263a5d2e4dab3c57,,,0,
XFileTransfer_Unicode/XFileTransfer.rc,normal/shared source,normal player dependency,6741,fd490da915b8c3e2ce978548fe456db71602f00337b222ec9bb10508e68f9658,,XFileTransfer/XFileTransfer.rc,0,
XFileTransfer_Unicode/XFileTransfer.stc,resource/config/other,unclassified/non-code,47,8b80fc90efb7e8791423196e13e7ed30229f57a5cc3e7525ec3183ada5405e10,,,0,
XFileTransfer_Unicode/XFileTransfer.stt,resource/config/other,unclassified/non-code,47,8b80fc90efb7e8791423196e13e7ed30229f57a5cc3e7525ec3183ada5405e10,,,0,
XFileTransfer_Unicode/XFileTransferDlg.cpp,normal/shared source,normal player dependency,12097,7919e5a0efb068325f39b159f4ad6a128186102baa755050a0bf97d4ce457c38,,XFileTransfer/XFileTransferDlg.cpp,0,
XFileTransfer_Unicode/XFileTransferDlg.h,normal/shared source,normal player dependency,1622,fa1b1fc1bc79b5969730200ff5fc09bb7c2f3b080ba0b3dda6a1ea36a7b1f7f2,,XFileTransfer/XFileTransferDlg.h,2,XFileTransfer_Unicode/XFileTransfer.cpp;XFileTransfer_Unicode/XFileTransferDlg.cpp
XFileTransfer_Unicode/XZip.cpp,normal/shared source,normal player dependency,110810,c7ebadc85912ec92f6c8a339e08e2e2bc24048d43ee9e362aa2b013b69942dac,,XFileTransfer/XZip.cpp,0,
XFileTransfer_Unicode/XZip.h,normal/shared source,normal player dependency,15433,48a169ac789be073cec930afdaf0bb16ba11093e879c1486ec285263c8d896c2,,XFileTransfer/XZip.h,2,XFileTransfer_Unicode/XFileTransferDlg.cpp;XFileTransfer_Unicode/XZip.cpp
XGamebase/Include/template/vssver.scc,resource/config/other,unclassified/non-code,64,4188b7895a070359a47d38a81ccecf96f88c15342894266ff7fa0cc38c4fd52f,,MeshControl/vssver.scc,0,
XGamebase/Include/vssver.scc,resource/config/other,unclassified/non-code,176,6bf49b82eb2b3e7616578ade8c8b525c45a4fdd95a7988db3e01dd16c48ba652,,MeshControl/vssver.scc,0,
XGamebase/src/filetype/vssver.scc,resource/config/other,unclassified/non-code,160,db28e6bafcd096de4824831234b52c94f88920b3447f34f9236976610dcefa3c,,MeshControl/vssver.scc,0,
XGamebase/src/gfx/vssver.scc,resource/config/other,unclassified/non-code,320,e8bbcd8f119609ee89ff33cd3a305d97d53777831a9816df7e2d6e3b76ef0095,,MeshControl/vssver.scc,0,
XGamebase/src/libs/jpeg/vssver.scc,resource/config/other,unclassified/non-code,944,fba86bd529d72eb8c9835d82f1fb954e9f59b43cb978c4fe13030cd34c8cf008,,MeshControl/vssver.scc,0,
XGamebase/src/libs/png/vssver.scc,resource/config/other,unclassified/non-code,352,80f040d6faec74f7bffd55d9edd5a8ad00737733bb20077a4e625e4e1babccc1,,MeshControl/vssver.scc,0,
XGamebase/src/libs/zlib/vssver.scc,resource/config/other,unclassified/non-code,432,aeb7c79e7a69aba33610c93d0a7de3d393c111eb4aee8f17536f741e1a2f55fb,,MeshControl/vssver.scc,0,
XGamebase/src/rwops/vssver.scc,resource/config/other,unclassified/non-code,80,3a45f77db6c7ec9ccddc2b4b7c4530622e61e841620e05f6faf69cab6fad1f98,,MeshControl/vssver.scc,0,
XGamebase/src/system/Blowfish.h,normal/shared source,normal player dependency,7980,de54213be5dc87c6e5f60ee2c1f31cf682c030f370e8a0d085b65d7888beeb4f,,,0,
XGamebase/src/system/vssver.scc,resource/config/other,unclassified/non-code,256,13cf24f43d09546106e06a95035d03713960f0c1cd7243fa903f4f30bbd4f7ff,,MeshControl/vssver.scc,0,
XGamebase/vssver.scc,resource/config/other,unclassified/non-code,48,a69a84d0dcb1cacdf605e4485c414a90eecbb0ed0f961aee6c9f34a7524c4c60,,MeshControl/vssver.scc,0,
XGamebase/XGamebase.ncb,generated/build artifact,unclassified/non-code,623616,b060aefb747f01eb4e8c2b896dcf3bdd2fe21e5344c0e435960deee8bb9f72e5,,,0,
XGamebase/XGamebase.opt,resource/config/other,unclassified/non-code,311808,5cc8ababdefe7143ca15c08e074157bbe0d6308bc47397c1829ee1ae1322920c,,,0,
XGamebase/XGamebase.plg,resource/config/other,unclassified/non-code,16519,e26c8d60e8f128997de3e18a9949058185af385bed136f2327c8dfac6c06ea66,,,0,
XGamebase/XGamebase.stc,resource/config/other,unclassified/non-code,73,49f9903fa9e182108358f80d420d91dd7e4d931eafd9ba6178649a0532184b23,,,0,
XGamebase/XGamebase.stt,resource/config/other,unclassified/non-code,43,9e8858e96522b567be801231f942433a2c638b1f2c56430509fab91c5a694aff,,,0,
XIGAADWrapper/radsdk6.lib,third-party/middleware,unclassified/non-code,935418,629eab835ba23020a73c53f634bd10f547f4e7ddb2d64f0e62b3d98e886dd2a5,,,0,
XIGAADWrapper/vssver.scc,resource/config/other,unclassified/non-code,112,342fd5b3ee65292be58ee6fe906d247a500c361b0be19a0547a520d310db1954,,MeshControl/vssver.scc,0,
XKernel/srcframe.dsm,shared engine/internal library,unclassified/non-code,19535,c63fb7c65bc039bbb64ff82c14ddcc422037497a498a18f50013cf5403ba1829,,,0,
XKernel/vssver.scc,shared engine/internal library,unclassified/non-code,1248,4935c33e5d43ddd8aab6c1a2672118c1a4e939b7ce1048e710a23df9a1929991,,MeshControl/vssver.scc,0,
XKernel/XKernel.ncb,generated/build artifact,unclassified/non-code,1360896,760e1206810da32be4f97a2c5729c0418fbd052b845f72829415d96f068ed893,,,0,
XKernel/XKernel.opt,shared engine/internal library,unclassified/non-code,314880,8704b5c2ca54fd0cdb5eb36a1abd81e4a28eeef604bfb56987e907d10b39c51e,,,0,
XKernel/XKernel.plg,shared engine/internal library,unclassified/non-code,937,137b3e71d94dc43016918f30d40af6bd7a88ace7dde6f0b3286dece992df397e,,,0,
XKernel/XKernel.stc,shared engine/internal library,unclassified/non-code,71,a123153914b74d19910530cce2dfed85eef432d77498ee7bbfb6c063bb9a8f41,,,0,
XKernel/XKernel.stt,shared engine/internal library,unclassified/non-code,41,da84f77dc3484f769776097108968e18899549cee0642586d3454320a5a6ffb5,,,0,
XLauncher_Unicode/BCMenu.cpp,launcher/patcher,normal player dependency,85721,1588cf3a6f151609f47f23c22f70c0b3ff087474959e0f5ddea6cc0fef3365eb,,XLauncher/BCMenu.cpp,0,
XLauncher_Unicode/BCMenu.h,launcher/patcher,normal player dependency,16087,f21a0e34051b1c77248846c78dc8d70fcec51b08c9a5aef2a77be83fce324b4a,,XLauncher/BCMenu.h,2,XLauncher_Unicode/BCMenu.cpp;XLauncher_Unicode/BtnST.h
XLauncher_Unicode/BitComboBox.cpp,launcher/patcher,normal player dependency,18459,f0726b3837c61335a12dea36d542aa83041cab73bc549f07b3e1476aec25f33c,,XLauncher/BitComboBox.cpp,0,
XLauncher_Unicode/BitComboBox.h,launcher/patcher,normal player dependency,4023,73769ff525fc8a04859d52ceed3c4d7145b4f589c1dc6e47986949e8be5b0334,,XLauncher/BitComboBox.h,3,XLauncher_Unicode/BitComboBox.cpp;XLauncher_Unicode/ResChangeDialog.h;XLauncher_Unicode/XLauncherDlg.h
XLauncher_Unicode/BitListBox.cpp,launcher/patcher,normal player dependency,831,715d7b97cc78696e64bb61459301512ba91a21b284d9ea02b0b55bb149390185,,XLauncher/BitListBox.cpp,0,
XLauncher_Unicode/BitListBox.h,launcher/patcher,normal player dependency,1069,eb83c5cd8b1c2461a7590b1265e3e3b09c1214cd7c1c14093419827e80e40d89,,XLauncher/BitListBox.h,2,XLauncher_Unicode/BitComboBox.h;XLauncher_Unicode/BitListBox.cpp
XLauncher_Unicode/BitmapDialog.cpp,launcher/patcher,normal player dependency,14515,6a366defe4298b65a7a491c074406da2ede4ae6b3888e92976747015411fe58b,,XLauncher/BitmapDialog.cpp;XPatch/BitmapDialog.cpp,0,
XLauncher_Unicode/BitmapDialog.h,launcher/patcher,normal player dependency,3176,241605bb59eca636b8eb5888d6e3d68a12b1c5948fa17e901c151fcbdf1652cc,,XLauncher/BitmapDialog.h;XPatch/BitmapDialog.h,5,XLauncher_Unicode/BitmapDialog.cpp;XLauncher_Unicode/ResChangeDialog.h;XLauncher_Unicode/XLauncherDlg.h;XLauncher_Unicode/noticedialog.cpp;XLauncher_Unicode/noticedialog.h
XLauncher_Unicode/BitmapSlider.cpp,launcher/patcher,normal player dependency,21762,3d258f17cdc21742120986ec81a3908f51a69962deb45a8219effebbfe6d7ed5,,XLauncher/BitmapSlider.cpp,0,
XLauncher_Unicode/BitmapSlider.h,launcher/patcher,normal player dependency,4431,9a44fc0e95ddcc014fa8d8f9bc844dc58ff9cafbaa4eb49bc03c2b134ef07224,,XLauncher/BitmapSlider.h,2,XLauncher_Unicode/BitmapSlider.cpp;XLauncher_Unicode/XLauncherDlg.h
XLauncher_Unicode/BorderImage/BORDER.psd,launcher/patcher,unclassified/non-code,987355,1af0a8664d5705f27049fbc55272f346b01f6e7da563f76419b0987569476b0b,XLauncher/BORDER.psd,XLauncher/BORDER.psd,0,
XLauncher_Unicode/BorderImage/launcher_base.bmp,launcher/patcher,unclassified/non-code,491096,6ec25b77222e11bce31eef57ec56b823537f1599a15f3ab1ff2a20e1b39ff634,XLauncher/BorderImage/launcher_base.bmp,XLauncher/BorderImage/launcher_base.bmp;XLauncher/res/launcher_base.bmp,0,
XLauncher_Unicode/BorderImage/launcher_button_connect_highlight.bmp,launcher/patcher,unclassified/non-code,4280,5e1f1d1613782d2a0e2d1810a7daae497c26b913bd7ce20135f8c052b812562d,XLauncher/BorderImage/launcher_button_connect_highlight.bmp,XLauncher/BorderImage/launcher_button_connect_highlight.bmp;XLauncher/res/launcher_button_connect_highlight.bmp,0,
XLauncher_Unicode/BorderImage/launcher_button_connect_normal.bmp,launcher/patcher,unclassified/non-code,4280,f0f84f5a90c86cced18e6a9376517ae9f507625814f2d429fdec65213958ca90,XLauncher/BorderImage/launcher_button_connect_normal.bmp,XLauncher/BorderImage/launcher_button_connect_normal.bmp;XLauncher/res/launcher_button_connect_normal.bmp,0,
XLauncher_Unicode/BorderImage/launcher_button_end_highlight.bmp,launcher/patcher,unclassified/non-code,4280,da8c569f1df5e8ff1417f28c8b3932aacc6403eb994c5e1c13c5cff3c5b26fe0,XLauncher/BorderImage/launcher_button_end_highlight.bmp,XLauncher/BorderImage/launcher_button_end_highlight.bmp;XLauncher/res/launcher_button_end_highlight.bmp,0,
XLauncher_Unicode/BorderImage/launcher_button_end_normal.bmp,launcher/patcher,unclassified/non-code,4280,b6656186e584ea7132b7c1524a88f7eda7c602005a7fe16970eb7493524c5928,XLauncher/BorderImage/launcher_button_end_normal.bmp,XLauncher/BorderImage/launcher_button_end_normal.bmp;XLauncher/res/launcher_button_end_normal.bmp,0,
XLauncher_Unicode/BorderImage/launcher_button_join_highlight.bmp,launcher/patcher,unclassified/non-code,4280,1ad704053e9ee70c8953437ea466a9fe493ee489c9e47d4220485d5088c3cf31,XLauncher/BorderImage/launcher_button_join_highlight.bmp,XLauncher/BorderImage/launcher_button_join_highlight.bmp;XLauncher/res/launcher_button_join_highlight.bmp,0,
XLauncher_Unicode/BorderImage/launcher_button_join_normal.bmp,launcher/patcher,unclassified/non-code,4280,0532eb1d2df78abdcf3ccad8f1946ca88cf682db2bec80b2333f925931be3067,XLauncher/BorderImage/launcher_button_join_normal.bmp,XLauncher/BorderImage/launcher_button_join_normal.bmp;XLauncher/res/launcher_button_join_normal.bmp,0,
XLauncher_Unicode/BorderImage/launcher_button_option_highlight.bmp,launcher/patcher,unclassified/non-code,4280,494f247aa1557aacef385b6f5f64ead395215b1f758dcbfceebe40fe1c7d97ad,XLauncher/BorderImage/launcher_button_option_highlight.bmp,XLauncher/BorderImage/launcher_button_option_highlight.bmp;XLauncher/res/launcher_button_option_highlight.bmp,0,
XLauncher_Unicode/BorderImage/launcher_button_option_normal.bmp,launcher/patcher,unclassified/non-code,4280,c512da64495930583102879636bf15d4cab426cf737edf67a3cc262c17d6a108,XLauncher/BorderImage/launcher_button_option_normal.bmp,XLauncher/BorderImage/launcher_button_option_normal.bmp;XLauncher/res/launcher_button_option_normal.bmp,0,
XLauncher_Unicode/BorderImage/notice_base.bmp,launcher/patcher,unclassified/non-code,746696,dc0ca211f5de7ea8f5ff4c2c61426270d3caa83e3a922bb8c00b1db9e4901939,XLauncher/BorderImage/notice_base.bmp,XLauncher/BorderImage/notice_base.bmp;XLauncher/res/notice_base.bmp,0,
XLauncher_Unicode/BorderImage/notice_button_close_highlight.bmp,launcher/patcher,unclassified/non-code,2296,04575597b6fafb6d867c20a92d769030dddfe2883b645247e5addf264ea2e14c,XLauncher/BorderImage/notice_button_close_highlight.bmp,XLauncher/BorderImage/notice_button_close_highlight.bmp;XLauncher/res/notice_button_close_highlight.bmp,0,
XLauncher_Unicode/BorderImage/notice_button_close_normal.bmp,launcher/patcher,unclassified/non-code,2296,110c6ec7c5f91ab51e955cba67a7548256e2414c8f41001bbb003b96f724d275,XLauncher/BorderImage/notice_button_close_normal.bmp,XLauncher/BorderImage/notice_button_close_normal.bmp;XLauncher/res/notice_button_close_normal.bmp,0,
XLauncher_Unicode/BorderImage/oldlauncher.bmp,launcher/patcher,unclassified/non-code,582376,9605f0c236c11c99e1090608efec7dc1bf737c05bb1914be8aa2db7582a922c8,XLauncher/BorderImage/繁媚.bmp,,0,
XLauncher_Unicode/BorderImage/vssver.scc,launcher/patcher,unclassified/non-code,256,5c6662e81bdc86eed4ab92ca9dfb77ba4cd2a6533fd9046f7373d166c277917a,,MeshControl/vssver.scc,0,
XLauncher_Unicode/BtnST.cpp,launcher/patcher,normal player dependency,67618,3745a927b305f11e836686b02f33c7ba02dc2a9b4065a7a16ac47fa3ae655c77,,XLauncher/BtnST.cpp;XPatch/BtnST.cpp,0,
XLauncher_Unicode/BtnST.h,launcher/patcher,normal player dependency,10174,c796d0df559c492cf38e261c4b0288967299406cd87bce1c4fcb0f7f7c84bd99,,XLauncher/BtnST.h;XPatch/BtnST.h,4,XLauncher_Unicode/BtnST.cpp;XLauncher_Unicode/ResChangeDialog.h;XLauncher_Unicode/XLauncherDlg.h;XLauncher_Unicode/noticedialog.h
XLauncher_Unicode/CeXDib.cpp,launcher/patcher,normal player dependency,8351,b7afb8c5ff968e46b0a160ae708f4e8adeedad4335234bc6c1d7f8620abed674,,XLauncher/CeXDib.cpp,0,
XLauncher_Unicode/CeXDib.h,launcher/patcher,normal player dependency,2232,1cff0233fa70c6243989a395efbfdf4a7c622026deb990705388f8de4d4765b6,,XLauncher/CeXDib.h,2,XLauncher_Unicode/CeXDib.cpp;XLauncher_Unicode/ShadeButtonST.h
XLauncher_Unicode/CheckVersionDlg.cpp,launcher/patcher,normal player dependency,1378,bbec13c7fcb813d5defeda11aca48e82501b41936d05264059461a3b0330abec,,XLauncher/CheckVersionDlg.cpp,0,
XLauncher_Unicode/CheckVersionDlg.h,launcher/patcher,normal player dependency,1235,d2545ae00141b25eb604dd21f189434c8c9febd1b8099c1f7fdb46fdf04485cf,,XLauncher/CheckVersionDlg.h,2,XLauncher_Unicode/CheckVersionDlg.cpp;XLauncher_Unicode/XLauncherDlg.cpp
XLauncher_Unicode/d3denumeration.cpp,launcher/patcher,normal player dependency,26185,5426930e8076c11b3c361aab7f08f4e680d20e3bdbe18aa6046b54c4e9c15335,,,0,
XLauncher_Unicode/d3denumeration.h,launcher/patcher,normal player dependency,5103,2138be2ffae3103b6968c2d1fa0a005379b8b4689bc8cc13e96e04239b61fae1,,,2,XLauncher_Unicode/ResChangeDialog.cpp;XLauncher_Unicode/d3denumeration.cpp
XLauncher_Unicode/d3dutil.cpp,launcher/patcher,normal player dependency,24763,27bb541c224bfd19d8bd808eb9c491b4f64b16a81a40341d185faba6b0d072a3,,XKernel/XD3DUtilities/d3dutil.cpp,0,
XLauncher_Unicode/d3dutil.h,launcher/patcher,normal player dependency,7059,5d468bf7024635fc0dd3757a82a81a727ccc9ce716558f00118f415e3d913242,,XKernel/d3dutil.h,2,XLauncher_Unicode/ResChangeDialog.cpp;XLauncher_Unicode/d3dutil.cpp
XLauncher_Unicode/Dib.cpp,launcher/patcher,normal player dependency,41795,f67837e69ed2d28a9efc96d639f6e06b9e7cf91ec46199aa24e086dabc234c8d,,XLauncher/Dib.cpp;XPatch/Dib.cpp,0,
XLauncher_Unicode/DIB.h,launcher/patcher,normal player dependency,3893,38adc0f1f4734148b18bfd21d38edd427dde0df05ff810ca25e235745deecbbd,,XLauncher/DIB.h;XPatch/DIB.h,4,XLauncher_Unicode/Dib.cpp;XLauncher_Unicode/SeverMessageDialog.h;XLauncher_Unicode/XLauncherDlg.h;XLauncher_Unicode/noticedialog.h
XLauncher_Unicode/DLGHTML.cpp,launcher/patcher,normal player dependency,2757,9dddf76d92314a15e944ebcde4b2555095a1802c005fda5ec0c5377e3f3753a7,,XLauncher/DLGHTML.cpp,0,
XLauncher_Unicode/DLGHTML.h,launcher/patcher,normal player dependency,1054,923a10020a3d03ebb9cd51ffec8f1243d3b4ce80d973ae705874c58f47704d33,,XLauncher/DLGHTML.h,2,XLauncher_Unicode/DLGHTML.cpp;XLauncher_Unicode/XLauncherDlg.cpp
XLauncher_Unicode/dxutil.cpp,launcher/patcher,normal player dependency,36421,757ab2f265d564dc9f5c4f73a35ca2ba20d796d25993fd00f13af48c87267d08,,XKernel/XD3DUtilities/dxutil.cpp,0,
XLauncher_Unicode/dxutil.h,launcher/patcher,normal player dependency,8106,3fc9eda8951b67131d2102595f5076430d8bb766446e878cd503f8bf17b9534c,,XKernel/dxutil.h,4,XLauncher_Unicode/ResChangeDialog.cpp;XLauncher_Unicode/d3denumeration.cpp;XLauncher_Unicode/d3dutil.cpp;XLauncher_Unicode/dxutil.cpp
XLauncher_Unicode/EnterSerialDlg.cpp,launcher/patcher,normal player dependency,13395,1487c84f9810e10a30fa69f5cc863890c2b0f0938d1fd789f904f74e478fbd9d,,XLauncher/EnterSerialDlg.cpp,0,
XLauncher_Unicode/EnterSerialDlg.h,launcher/patcher,normal player dependency,1916,8685b137065c2ed5d6020f0dc3258f556a15c494ef522d370083b923b1120435,,XLauncher/EnterSerialDlg.h,2,XLauncher_Unicode/EnterSerialDlg.cpp;XLauncher_Unicode/XLauncherDlg.cpp
XLauncher_Unicode/FlashCtrl/bitbuf.cpp,third-party/middleware,normal player dependency,7505,a97e11299552e1a749233399f900ca20f0ed81c1dda5bbd8a39bd6586f894db1,,XFControl/bitbuf.cpp;XLauncher/FlashCtrl/bitbuf.cpp,0,
XLauncher_Unicode/FlashCtrl/Bitbuf.h,third-party/middleware,normal player dependency,4242,daeda21b9df07ad54a4cc05b1e8abeea51df6b6b6ce07d87c8486ec81c19b03b,,XFControl/Bitbuf.h;XLauncher/FlashCtrl/Bitbuf.h,6,XLauncher_Unicode/FlashCtrl/bitbuf.cpp;XLauncher_Unicode/FlashCtrl/raster.cpp;XLauncher_Unicode/FlashCtrl/raster.h;XLauncher_Unicode/FlashCtrl/sdisplay.cpp;XLauncher_Unicode/FlashCtrl/splay.cpp;XLauncher_Unicode/FlashCtrl/splayer.h
XLauncher_Unicode/FlashCtrl/bitstream.h,third-party/middleware,normal player dependency,2695,036286de11eb769e68bc6f97ed91ae89791b8e1b1538e4846d611a70a20c3ab0,,XFControl/bitstream.h;XLauncher/FlashCtrl/bitstream.h,1,XLauncher_Unicode/FlashCtrl/mpegbitstream.h
XLauncher_Unicode/FlashCtrl/curve.cpp,third-party/middleware,normal player dependency,14085,65d24cd263b20a1735dd151e8cf55dcc32e66b48dc955ab37740d10484e94487,,XFControl/curve.cpp;XLauncher/FlashCtrl/curve.cpp,0,
XLauncher_Unicode/FlashCtrl/curve.h,third-party/middleware,normal player dependency,6631,533539b774acf5930530cb1fff181b52c1157e24bdb29a46c9e5f1d7b13738f0,,XFControl/curve.h;XLauncher/FlashCtrl/curve.h,4,XLauncher_Unicode/FlashCtrl/curve.cpp;XLauncher_Unicode/FlashCtrl/edittext.cpp;XLauncher_Unicode/FlashCtrl/shape.h;XLauncher_Unicode/FlashCtrl/sstroker.h
XLauncher_Unicode/FlashCtrl/edittext.cpp,third-party/middleware,normal player dependency,47009,f84df1ffd58e63053753cb32402c8f9bd86cda3ad36d0f41c4e4845bc2a80f74,,XFControl/edittext.cpp;XLauncher/FlashCtrl/edittext.cpp,0,
XLauncher_Unicode/FlashCtrl/edittext.h,third-party/middleware,normal player dependency,4145,742b2f4605919cce523fac01e1607c10e0fcf6413150a183cdf9cfcc8615491c,,XFControl/edittext.h;XLauncher/FlashCtrl/edittext.h,6,XLauncher_Unicode/FlashCtrl/edittext.cpp;XLauncher_Unicode/FlashCtrl/sdisplay.cpp;XLauncher_Unicode/FlashCtrl/sobject.cpp;XLauncher_Unicode/FlashCtrl/splay.cpp;XLauncher_Unicode/FlashCtrl/splayer.cpp;XLauncher_Unicode/FlashCtrl/splayer.h
XLauncher_Unicode/FlashCtrl/fixed.cpp,third-party/middleware,normal player dependency,17704,3a7d21cc479b20b7bb1263ab3eaf2002745a5d7d55328fea146488baa454b7d9,,XFControl/fixed.cpp;XLauncher/FlashCtrl/fixed.cpp,0,
XLauncher_Unicode/FlashCtrl/fixed.h,third-party/middleware,normal player dependency,2608,12418910237c91b8a4d208c308bbfd9035978139a997b0022869625e22f1cecf,,XFControl/Win32/fixed.h;XFControl/fixed.h;XLauncher/FlashCtrl/fixed.h;XLauncher/FlashCtrl/win32/fixed.h,4,XLauncher_Unicode/FlashCtrl/fixed.cpp;XLauncher_Unicode/FlashCtrl/geom.h;XLauncher_Unicode/FlashCtrl/sndcodec.h;XLauncher_Unicode/FlashCtrl/sndmix.h
XLauncher_Unicode/FlashCtrl/FlashControl.h,third-party/middleware,normal player dependency,1582,6d63d25747de8f132f7ecb9c8f35526f913cadf4c58e1e9dbb04c7bc781f8cae,,XFControl/FlashControl.h;XLauncher/FlashCtrl/FlashControl.h,3,XLauncher_Unicode/FlashCtrl/FlashControlImpl.h;XLauncher_Unicode/FlashCtrl/FlashStatic.cpp;XLauncher_Unicode/FlashCtrl/FlashStatic.h
XLauncher_Unicode/FlashCtrl/FlashControlImpl.cpp,third-party/middleware,normal player dependency,2494,80121dfa36b669d1ed19839e32d23264752bfec20b00765144d50a4a7b585b84,,XFControl/FlashControlImpl.cpp;XLauncher/FlashCtrl/FlashControlImpl.cpp,0,
XLauncher_Unicode/FlashCtrl/FlashControlImpl.h,third-party/middleware,normal player dependency,1419,c9850939684bc70aca11047913648b3e0d5eb3f4ac5cff0f8b5da8648cd28e07,,XFControl/FlashControlImpl.h;XLauncher/FlashCtrl/FlashControlImpl.h,1,XLauncher_Unicode/FlashCtrl/FlashControlImpl.cpp
XLauncher_Unicode/FlashCtrl/FlashStatic.cpp,third-party/middleware,normal player dependency,11647,4c4e28f7a7a5c2946cb54db90163a5956ab9b95031dea8738a44eae7c481d5f5,,XLauncher/FlashCtrl/FlashStatic.cpp,0,
XLauncher_Unicode/FlashCtrl/FlashStatic.h,third-party/middleware,normal player dependency,2355,98cf74512728340d5cf936c3af2cb306f70c484522a0312bbd3403ab36c0cabc,,XLauncher/FlashCtrl/FlashStatic.h,2,XLauncher_Unicode/FlashCtrl/FlashStatic.cpp;XLauncher_Unicode/XLauncherDlg.h
XLauncher_Unicode/FlashCtrl/genericfonts.h,third-party/middleware,normal player dependency,927,2db76abda5dbe129ae95754b62e40eef5a2f0f1a8b6454286f91dad12bbf1f4b,,XFControl/genericfonts.h;XLauncher/FlashCtrl/genericfonts.h,1,XLauncher_Unicode/FlashCtrl/splayer.h
XLauncher_Unicode/FlashCtrl/geom.cpp,third-party/middleware,normal player dependency,20807,ca3712796a92e69cc9971df901decbbd1f928d0bfe5a303893ec8ee42eb3e6d7,,XFControl/geom.cpp;XLauncher/FlashCtrl/geom.cpp,0,
XLauncher_Unicode/FlashCtrl/geom.h,third-party/middleware,normal player dependency,5733,1565d1f0c8eaccd710c4d497a829791ecaeb6d3edadd7361f92cadfa51286e16,,XFControl/geom.h;XLauncher/FlashCtrl/geom.h,4,XLauncher_Unicode/FlashCtrl/curve.h;XLauncher_Unicode/FlashCtrl/geom.cpp;XLauncher_Unicode/FlashCtrl/morphinter.cpp;XLauncher_Unicode/FlashCtrl/sbitmap.h
XLauncher_Unicode/FlashCtrl/global.cpp,third-party/middleware,normal player dependency,5536,bd5020eb14047e100a127966a5097b85ff3d668d6f67720ed4b26ceca35b18d6,,XFControl/global.cpp;XLauncher/FlashCtrl/global.cpp,0,
XLauncher_Unicode/FlashCtrl/global.h,third-party/middleware,normal player dependency,4985,d24faa715aaa730d449bf2ae30953d39dae8a8d9809b8d0d6f012ff23a9e7d21,,XFControl/global.h;XLauncher/FlashCtrl/global.h,3,XLauncher_Unicode/FlashCtrl/fixed.h;XLauncher_Unicode/FlashCtrl/jpeg.h;XLauncher_Unicode/FlashCtrl/memcop.h
XLauncher_Unicode/FlashCtrl/jpeg.cpp,third-party/middleware,normal player dependency,1808,78d6d5552f167d2a120ac09daa179faf28b784c03f117733c5f6507e5013d12d,,XFControl/jpeg.cpp;XLauncher/FlashCtrl/jpeg.cpp,0,
XLauncher_Unicode/FlashCtrl/jpeg.h,third-party/middleware,normal player dependency,810,aea0de170dafa408745d35c1cd98b58b5d334181ce220408d27bf1038811c790,,XFControl/jpeg.h;XLauncher/FlashCtrl/jpeg.h,2,XLauncher_Unicode/FlashCtrl/jpeg.cpp;XLauncher_Unicode/FlashCtrl/splay.cpp
XLauncher_Unicode/FlashCtrl/JPEG/ansi2knr.cpp,third-party/middleware,normal player dependency,17019,5de12f743787cd460eae73a604fb515087402e3eedd29731ad72d630be1813ed,,XLauncher/FlashCtrl/JPEG/ansi2knr.cpp,0,
XLauncher_Unicode/FlashCtrl/JPEG/cderror.h,third-party/middleware,normal player dependency,5240,d2fc2293d13faf15255a68e282b3fe03039deb6e66c05e3e441685b31497122e,,XLauncher/FlashCtrl/JPEG/cderror.h,3,XLauncher_Unicode/FlashCtrl/JPEG/cdjpeg.h;XLauncher_Unicode/FlashCtrl/JPEG/cjpeg.cpp;XLauncher_Unicode/FlashCtrl/JPEG/djpeg.cpp
XLauncher_Unicode/FlashCtrl/JPEG/cdjpeg.cpp,third-party/middleware,normal player dependency,4624,21706f8568270fab248fc3e653ee53dff5e4e4ad5401c3b13738cc28580ba37f,,XLauncher/FlashCtrl/JPEG/cdjpeg.cpp,0,
XLauncher_Unicode/FlashCtrl/JPEG/cdjpeg.h,third-party/middleware,normal player dependency,5932,a5baffa3920e5021d4e97326edad009dceee250b4498e0408509554658875fd7,,XLauncher/FlashCtrl/JPEG/cdjpeg.h,16,XLauncher_Unicode/FlashCtrl/JPEG/cdjpeg.cpp;XLauncher_Unicode/FlashCtrl/JPEG/cjpeg.cpp;XLauncher_Unicode/FlashCtrl/JPEG/djpeg.cpp;XLauncher_Unicode/FlashCtrl/JPEG/jpegtran.cpp;XLauncher_Unicode/FlashCtrl/JPEG/rdbmp.cpp;XLauncher_Unicode/FlashCtrl/JPEG/rdcolmap.cpp;XLauncher_Unicode/FlashCtrl/JPEG/rdgif.cpp;XLauncher_Unicode/FlashCtrl/JPEG/rdppm.cpp;XLauncher_Unicode/FlashCtrl/JPEG/rdrle.cpp;XLauncher_Unicode/FlashCtrl/JPEG/rdswitch.cpp;XLauncher_Unicode/FlashCtrl/JPEG/rdtarga.cpp;XLauncher_Unicode/FlashCtrl/JPEG/wrbmp.cpp;XLauncher_Unicode/FlashCtrl/JPEG/wrgif.cpp;XLauncher_Unicode/FlashCtrl/JPEG/wrppm.cpp;XLauncher_Unicode/FlashCtrl/JPEG/wrrle.cpp;XLauncher_Unicode/FlashCtrl/JPEG/wrtarga.cpp
XLauncher_Unicode/FlashCtrl/JPEG/cjpeg.cpp,third-party/middleware,normal player dependency,19797,d98c8566294f7dd904742c3d268a4747f6ab4b2f1dca0aeed061772a5ab34dfd,,XLauncher/FlashCtrl/JPEG/cjpeg.cpp,0,
XLauncher_Unicode/FlashCtrl/JPEG/ckconfig.cpp,third-party/middleware,normal player dependency,12166,db5e167c0c22b2dd01be7593a6d4933a1bc3e80f9e59bcace41975859aef9041,,XLauncher/FlashCtrl/JPEG/ckconfig.cpp,0,
XLauncher_Unicode/FlashCtrl/JPEG/coderule.doc,third-party/middleware,unclassified/non-code,5336,612bd96619cc966c5024363762221f5eeae029ff0e56f214077acd965c7a42a3,,,0,
XLauncher_Unicode/FlashCtrl/JPEG/configur,third-party/middleware,unclassified/non-code,44004,9fec8b283d2adb0063015933081f9fcf18b2d76e6b1e2bd9cf081c405de07ce2,,,0,
XLauncher_Unicode/FlashCtrl/JPEG/djpeg.cpp,third-party/middleware,normal player dependency,18704,906010b15c8906167bc3baed782ea4e32f4d62a183dd11ff451a34e56642eb5a,,XLauncher/FlashCtrl/JPEG/djpeg.cpp,0,
XLauncher_Unicode/FlashCtrl/JPEG/example.cpp,third-party/middleware,normal player dependency,17088,82dba85453be19bb5a32d003384e90a6ea2e980367643ab0011400c3307bf913,,XLauncher/FlashCtrl/JPEG/example.cpp,0,
XLauncher_Unicode/FlashCtrl/JPEG/filelist.doc,third-party/middleware,unclassified/non-code,7938,1309bbd901830cc0abedf4db80ccecff427d9d53a517fefda8670a4aff7be176,,,0,
XLauncher_Unicode/FlashCtrl/JPEG/install.doc,third-party/middleware,unclassified/non-code,41207,0ea7e5f85f8850944cddd360d6d0986676f14d0c8fb8883a1e0873151e39e67e,,,0,
XLauncher_Unicode/FlashCtrl/JPEG/jcapimin.cpp,third-party/middleware,normal player dependency,6942,2773e278f0cc68dabd6056c06c3d05481fb47dea717e1934f75a77e8601b81b6,,XLauncher/FlashCtrl/JPEG/jcapimin.cpp,0,
XLauncher_Unicode/FlashCtrl/JPEG/jcapistd.cpp,third-party/middleware,normal player dependency,5878,0240fe59088b121bb5089dd874699076030861cf69e7b16b2433f4ec41948d81,,XLauncher/FlashCtrl/JPEG/jcapistd.cpp,0,
XLauncher_Unicode/FlashCtrl/JPEG/jccoefct.cpp,third-party/middleware,normal player dependency,16370,fb809a9734641fdfcd2c9f21d22a5f3c3e9a57cf810377d7630b464c526338d9,,XLauncher/FlashCtrl/JPEG/jccoefct.cpp,0,
XLauncher_Unicode/FlashCtrl/JPEG/jccolor.cpp,third-party/middleware,normal player dependency,14840,5b89fbc9d30f3457b556a96dd9b7790d78cd20d2763b365b0e06cede0466baf6,,XLauncher/FlashCtrl/JPEG/jccolor.cpp,0,
XLauncher_Unicode/FlashCtrl/JPEG/jcdctmgr.cpp,third-party/middleware,normal player dependency,12700,c36145807825ab029d5206ccd972bbc514c498afd3814d77002cde16227d85f7,,XLauncher/FlashCtrl/JPEG/jcdctmgr.cpp,0,
XLauncher_Unicode/FlashCtrl/JPEG/jchuff.cpp,third-party/middleware,normal player dependency,25256,38f9644d4e8eb1cc3ebff53faf3a340c37b93d819f5f06177e171cbedbc7aa4e,,XLauncher/FlashCtrl/JPEG/jchuff.cpp,0,
XLauncher_Unicode/FlashCtrl/JPEG/jchuff.h,third-party/middleware,normal player dependency,1285,d41ac1c53ee0e3c34f4aad01665f464455d4e4bbb6bccee99eee766a99138faa,,XGamebase/src/libs/jpeg/jchuff.h;XLauncher/FlashCtrl/JPEG/jchuff.h,2,XLauncher_Unicode/FlashCtrl/JPEG/jchuff.cpp;XLauncher_Unicode/FlashCtrl/JPEG/jcphuff.cpp
XLauncher_Unicode/FlashCtrl/JPEG/jcinit.cpp,third-party/middleware,normal player dependency,2341,b3fcac81de0b0d28da7e83a05a9bd51a6b6a79121f5764df904e2ad0ea03bec9,,XLauncher/FlashCtrl/JPEG/jcinit.cpp,0,
XLauncher_Unicode/FlashCtrl/JPEG/jcmainct.cpp,third-party/middleware,normal player dependency,9162,ae900257850ff94fc89a43ce35782b8236fc195e8707ee6e187a6d6a875c3d59,,XLauncher/FlashCtrl/JPEG/jcmainct.cpp,0,
XLauncher_Unicode/FlashCtrl/JPEG/jcmarker.cpp,third-party/middleware,normal player dependency,16527,c0e2f34502018f3d83b52295af0b4c94a1fbf679a51e41d09f31f67687552cbb,,XLauncher/FlashCtrl/JPEG/jcmarker.cpp,0,
XLauncher_Unicode/FlashCtrl/JPEG/jcmaster.cpp,third-party/middleware,normal player dependency,19363,265b5a2cd778217d8cf20c5eae8f541d7214ec920451ea4d90184d285d167048,,XLauncher/FlashCtrl/JPEG/jcmaster.cpp,0,
XLauncher_Unicode/FlashCtrl/JPEG/jcomapi.cpp,third-party/middleware,normal player dependency,2737,699a3c57e26c496fd0ac5ee7a9f377b46bb1bf7193e3cffc5a1aff0178d61fa1,,XLauncher/FlashCtrl/JPEG/jcomapi.cpp,0,
XLauncher_Unicode/FlashCtrl/JPEG/jconfig.bcc,third-party/middleware,unclassified/non-code,1416,48e5170d81f8096764ca6cf2430ce980f3d9d4b38bbb0f950126f0442c5b1eb2,,,0,
XLauncher_Unicode/FlashCtrl/JPEG/jconfig.cfg,third-party/middleware,unclassified/non-code,1179,814aa03b9769665afccb04cbf7b7389b9a7195601a2925e0d6f78444974397da,,,0,
XLauncher_Unicode/FlashCtrl/JPEG/jconfig.dj,third-party/middleware,unclassified/non-code,1143,97883aa4a18ea2425f9859703e7e4bb136bab8bbb536394733469ea7c210e2ab,,,0,
XLauncher_Unicode/FlashCtrl/JPEG/jconfig.doc,third-party/middleware,unclassified/non-code,5372,d4ca4825b8362c64b56f9c09af87078daa668470e2ac3c32df6c0ce01a91882d,,,0,
XLauncher_Unicode/FlashCtrl/JPEG/jconfig.h,third-party/middleware,normal player dependency,1857,1281409ddb804c636fe82da6f79404c98902cef183486febad37d91dbfccda64,,XGamebase/src/libs/jpeg/jconfig.h;XLauncher/FlashCtrl/JPEG/jconfig.h,2,XLauncher_Unicode/FlashCtrl/JPEG/jinclude.h;XLauncher_Unicode/FlashCtrl/JPEG/jpeglib.h
XLauncher_Unicode/FlashCtrl/JPEG/jconfig.man,third-party/middleware,unclassified/non-code,1197,c1978673b72e78184f92828696575a0e1c548fc1d262c76c57607e181cecf317,,,0,
XLauncher_Unicode/FlashCtrl/JPEG/jcparam.cpp,third-party/middleware,normal player dependency,19786,82c0175fca61340d49c5b52aa30d23e7a8b96a6580a15091c9fe6b5f6eec9cf9,,XLauncher/FlashCtrl/JPEG/jcparam.cpp,0,
XLauncher_Unicode/FlashCtrl/JPEG/jcphuff.cpp,third-party/middleware,normal player dependency,24955,5b32b45cdfd218f1fa65d8948df0f3359f54446ecbb95dcc7ac7a7affe11f7d2,,XLauncher/FlashCtrl/JPEG/jcphuff.cpp,0,
XLauncher_Unicode/FlashCtrl/JPEG/jcprepct.cpp,third-party/middleware,normal player dependency,12772,037299701cedc5bfa4811c7510a81f152807cacb3fda5e6aa6214d28d27703b1,,XLauncher/FlashCtrl/JPEG/jcprepct.cpp,0,
XLauncher_Unicode/FlashCtrl/JPEG/jcsample.cpp,third-party/middleware,normal player dependency,18849,ade72b131e9be123b316785b63eb1c33cb456bb036c9e292cec29931e9081869,,XLauncher/FlashCtrl/JPEG/jcsample.cpp,0,
XLauncher_Unicode/FlashCtrl/JPEG/jctrans.cpp,third-party/middleware,normal player dependency,13095,8b5b6f732bc089e5a598fd0db553e879966560ecc7c04658bae292ac2aec1f92,,XLauncher/FlashCtrl/JPEG/jctrans.cpp,0,
XLauncher_Unicode/FlashCtrl/JPEG/jdapimin.cpp,third-party/middleware,normal player dependency,12342,42ee7dd76bf7deda9f9aa53278714dfed45a0209ead35ef21f62b0bcc4cc57d0,,XLauncher/FlashCtrl/JPEG/jdapimin.cpp,0,
XLauncher_Unicode/FlashCtrl/JPEG/jdapistd.cpp,third-party/middleware,normal player dependency,9342,79636fd8c4fbf09bdd1c556a419e7c3ad2678117b91bdddb865c20b2c1e2fa91,,XLauncher/FlashCtrl/JPEG/jdapistd.cpp,0,
XLauncher_Unicode/FlashCtrl/JPEG/jdatadst.cpp,third-party/middleware,normal player dependency,5110,a228e125ba261b7649957b24bf7a1039d59c38b1ea4ea3f27033eb26b7c76408,,XLauncher/FlashCtrl/JPEG/jdatadst.cpp,0,
XLauncher_Unicode/FlashCtrl/JPEG/jdatasrc.cpp,third-party/middleware,normal player dependency,7594,248ea8e5a106b4dae545b8c2addedb1fcdd716c62eda12b0e7192d51737d2a85,,XLauncher/FlashCtrl/JPEG/jdatasrc.cpp,0,
XLauncher_Unicode/FlashCtrl/JPEG/jdcoefct.cpp,third-party/middleware,normal player dependency,24794,833fb7826f7c9594cf574711f861f7f71a4445ccc007de5536bd42384b704cef,,XLauncher/FlashCtrl/JPEG/jdcoefct.cpp,0,
XLauncher_Unicode/FlashCtrl/JPEG/jdcolor.cpp,third-party/middleware,normal player dependency,12091,c012c7efb51a28a8160fa199667ec115cbc26ed0d2dcdcc4c5685af77540413c,,XLauncher/FlashCtrl/JPEG/jdcolor.cpp,0,
XLauncher_Unicode/FlashCtrl/JPEG/jdct.h,third-party/middleware,normal player dependency,7233,cf4501a8a5e122d77699a5e6c9d4c294e9d791671da0bb18480c713e91f6c186,,XGamebase/src/libs/jpeg/jdct.h;XLauncher/FlashCtrl/JPEG/jdct.h,9,XLauncher_Unicode/FlashCtrl/JPEG/jcdctmgr.cpp;XLauncher_Unicode/FlashCtrl/JPEG/jddctmgr.cpp;XLauncher_Unicode/FlashCtrl/JPEG/jfdctflt.cpp;XLauncher_Unicode/FlashCtrl/JPEG/jfdctfst.cpp;XLauncher_Unicode/FlashCtrl/JPEG/jfdctint.cpp;XLauncher_Unicode/FlashCtrl/JPEG/jidctflt.cpp;XLauncher_Unicode/FlashCtrl/JPEG/jidctfst.cpp;XLauncher_Unicode/FlashCtrl/JPEG/jidctint.cpp;XLauncher_Unicode/FlashCtrl/JPEG/jidctred.cpp
XLauncher_Unicode/FlashCtrl/JPEG/jddctmgr.cpp,third-party/middleware,normal player dependency,8432,9237a9651af492d58803154708023a1efdf912fa72410240f58c9568aa63a200,,XLauncher/FlashCtrl/JPEG/jddctmgr.cpp,0,
XLauncher_Unicode/FlashCtrl/JPEG/jdhuff.cpp,third-party/middleware,normal player dependency,17557,60fae3719fecc61fdffdc78fd0056d699ffe6f10ecce19ae0048f4dd0e6af6ac,,XLauncher/FlashCtrl/JPEG/jdhuff.cpp,0,
XLauncher_Unicode/FlashCtrl/JPEG/jdhuff.h,third-party/middleware,normal player dependency,8221,00237ab693c9d75f7550f723851046629b26315effdd9b0f33f808a850e39f9e,,XGamebase/src/libs/jpeg/jdhuff.h;XLauncher/FlashCtrl/JPEG/jdhuff.h,2,XLauncher_Unicode/FlashCtrl/JPEG/jdhuff.cpp;XLauncher_Unicode/FlashCtrl/JPEG/jdphuff.cpp
XLauncher_Unicode/FlashCtrl/JPEG/jdinput.cpp,third-party/middleware,normal player dependency,13489,c543f55523304562c316f68020da64938b880837bc2d8ff7f22cebaa615d9b5e,,XLauncher/FlashCtrl/JPEG/jdinput.cpp,0,
XLauncher_Unicode/FlashCtrl/JPEG/jdmainct.cpp,third-party/middleware,normal player dependency,20354,18d227bd013a2b08647d55490652b5a728a9316f507e24b7a3e4411018be599f,,XLauncher/FlashCtrl/JPEG/jdmainct.cpp,0,
XLauncher_Unicode/FlashCtrl/JPEG/jdmarker.cpp,third-party/middleware,normal player dependency,30622,d8f4bc19632ef8f996c485ee7d655ab4ea2c1b40a14ecf04c2cfe4954ab4f53e,,XLauncher/FlashCtrl/JPEG/jdmarker.cpp,0,
XLauncher_Unicode/FlashCtrl/JPEG/jdmaster.cpp,third-party/middleware,normal player dependency,19699,2f7ef48d74a019578ec25ef864471f5444ddb446038a63329ccf456b6ee5e509,,XLauncher/FlashCtrl/JPEG/jdmaster.cpp,0,
XLauncher_Unicode/FlashCtrl/JPEG/jdmerge.cpp,third-party/middleware,normal player dependency,13909,436b52b57c294c47b9e2d0809db2a8173977ad1fc7639db0f539c302e722341b,,XLauncher/FlashCtrl/JPEG/jdmerge.cpp,0,
XLauncher_Unicode/FlashCtrl/JPEG/jdosaobj.doc,third-party/middleware,unclassified/non-code,708,731b7ea8fae730893d804b68fa135fced907903c045d8362e7e1ad2b637e2022,,,0,
XLauncher_Unicode/FlashCtrl/JPEG/jdphuff.cpp,third-party/middleware,normal player dependency,19671,534ba5229182fe999c282f17f6d5d937505331abfb2d9e2257eea0a8e8795926,,XLauncher/FlashCtrl/JPEG/jdphuff.cpp,0,
XLauncher_Unicode/FlashCtrl/JPEG/jdpostct.cpp,third-party/middleware,normal player dependency,9715,da606a7eca51ec34b40a0e2904126a29c867fef268b17e25e4f44a027da0528b,,XLauncher/FlashCtrl/JPEG/jdpostct.cpp,0,
XLauncher_Unicode/FlashCtrl/JPEG/jdsample.cpp,third-party/middleware,normal player dependency,16371,d60fcd4ae68e7262a094ae293965d9f1045b8d9a1e7156a9e429e5448500d823,,XLauncher/FlashCtrl/JPEG/jdsample.cpp,0,
XLauncher_Unicode/FlashCtrl/JPEG/jdtrans.cpp,third-party/middleware,normal player dependency,4133,94687f3bb14e37046259fb1c832cf079afc9a0e063e0249f9986a907bfc132c5,,XLauncher/FlashCtrl/JPEG/jdtrans.cpp,0,
XLauncher_Unicode/FlashCtrl/JPEG/jerror.cpp,third-party/middleware,normal player dependency,6792,cb2761517cd31081b30500aa76ba39df6330286d12851198ba2e95baac20bfd1,,XLauncher/FlashCtrl/JPEG/jerror.cpp,0,
XLauncher_Unicode/FlashCtrl/JPEG/jerror.h,third-party/middleware,normal player dependency,13047,71428c2ffaccd8eb1ee96463dabf1a0be599393b21a57599c595c601b697600e,,XGamebase/src/libs/jpeg/jerror.h;XLauncher/FlashCtrl/JPEG/jerror.h,5,XLauncher_Unicode/FlashCtrl/JPEG/cdjpeg.h;XLauncher_Unicode/FlashCtrl/JPEG/jdatadst.cpp;XLauncher_Unicode/FlashCtrl/JPEG/jdatasrc.cpp;XLauncher_Unicode/FlashCtrl/JPEG/jerror.cpp;XLauncher_Unicode/FlashCtrl/JPEG/jpeglib.h
XLauncher_Unicode/FlashCtrl/JPEG/jfdctflt.cpp,third-party/middleware,normal player dependency,5480,a4ed9654ff94efb5136598f02609adbc03b32c43e9d787b6213347094cccaf97,,XLauncher/FlashCtrl/JPEG/jfdctflt.cpp,0,
XLauncher_Unicode/FlashCtrl/JPEG/jfdctfst.cpp,third-party/middleware,normal player dependency,7572,4ba0c052b60d94a76089067144e34cb1d43a6b8e41c855815f7b0c9aa72b0837,,XLauncher/FlashCtrl/JPEG/jfdctfst.cpp,0,
XLauncher_Unicode/FlashCtrl/JPEG/jfdctint.cpp,third-party/middleware,normal player dependency,11065,25e4a763c978048079046cae558a8f8168522e7db0db5498dc3a304c2583eca0,,XLauncher/FlashCtrl/JPEG/jfdctint.cpp,0,
XLauncher_Unicode/FlashCtrl/JPEG/jidctflt.cpp,third-party/middleware,normal player dependency,8412,1361987d019b8151abfd1d4a3010ceab743ecbe02ad436ccc93b513d81659e59,,XLauncher/FlashCtrl/JPEG/jidctflt.cpp,0,
XLauncher_Unicode/FlashCtrl/JPEG/jidctfst.cpp,third-party/middleware,normal player dependency,13103,a0fd93b7967fafd8cb315b30983fd4d518dc2eac3accc26b16bc681fd89ff9eb,,XLauncher/FlashCtrl/JPEG/jidctfst.cpp,0,
XLauncher_Unicode/FlashCtrl/JPEG/jidctint.cpp,third-party/middleware,normal player dependency,14748,376c72445b7c5ff8db2f806824a55ed33cb749231230325833305db1b3f1aeff,,XLauncher/FlashCtrl/JPEG/jidctint.cpp,0,
XLauncher_Unicode/FlashCtrl/JPEG/jidctred.cpp,third-party/middleware,normal player dependency,13434,da1c15b38099004750b4820eb513692a287e484a64dc7a242cecc5452f57b65e,,XLauncher/FlashCtrl/JPEG/jidctred.cpp,0,
XLauncher_Unicode/FlashCtrl/JPEG/jinclude.h,third-party/middleware,normal player dependency,3478,df182df1db20d162368561b5994c968ddceea8b91eec11ff9c4c36d547421b73,,XGamebase/src/libs/jpeg/jinclude.h;XLauncher/FlashCtrl/JPEG/jinclude.h,52,XLauncher_Unicode/FlashCtrl/JPEG/cdjpeg.h;XLauncher_Unicode/FlashCtrl/JPEG/jcapimin.cpp;XLauncher_Unicode/FlashCtrl/JPEG/jcapistd.cpp;XLauncher_Unicode/FlashCtrl/JPEG/jccoefct.cpp;XLauncher_Unicode/FlashCtrl/JPEG/jccolor.cpp;XLauncher_Unicode/FlashCtrl/JPEG/jcdctmgr.cpp;XLauncher_Unicode/FlashCtrl/JPEG/jchuff.cpp;XLauncher_Unicode/FlashCtrl/JPEG/jcinit.cpp;XLauncher_Unicode/FlashCtrl/JPEG/jcmainct.cpp;XLauncher_Unicode/FlashCtrl/JPEG/jcmarker.cpp;XLauncher_Unicode/FlashCtrl/JPEG/jcmaster.cpp;XLauncher_Unicode/FlashCtrl/JPEG/jcomapi.cpp;XLauncher_Unicode/FlashCtrl/JPEG/jcparam.cpp;XLauncher_Unicode/FlashCtrl/JPEG/jcphuff.cpp;XLauncher_Unicode/FlashCtrl/JPEG/jcprepct.cpp;XLauncher_Unicode/FlashCtrl/JPEG/jcsample.cpp;XLauncher_Unicode/FlashCtrl/JPEG/jctrans.cpp;XLauncher_Unicode/FlashCtrl/JPEG/jdapimin.cpp;XLauncher_Unicode/FlashCtrl/JPEG/jdapistd.cpp;XLauncher_Unicode/FlashCtrl/JPEG/jdatadst.cpp;XLauncher_Unicode/FlashCtrl/JPEG/jdatasrc.cpp;XLauncher_Unicode/FlashCtrl/JPEG/jdcoefct.cpp;XLauncher_Unicode/FlashCtrl/JPEG/jdcolor.cpp;XLauncher_Unicode/FlashCtrl/JPEG/jddctmgr.cpp;XLauncher_Unicode/FlashCtrl/JPEG/jdhuff.cpp;XLauncher_Unicode/FlashCtrl/JPEG/jdinput.cpp;XLauncher_Unicode/FlashCtrl/JPEG/jdmainct.cpp;XLauncher_Unicode/FlashCtrl/JPEG/jdmarker.cpp;XLauncher_Unicode/FlashCtrl/JPEG/jdmaster.cpp;XLauncher_Unicode/FlashCtrl/JPEG/jdmerge.cpp;XLauncher_Unicode/FlashCtrl/JPEG/jdphuff.cpp;XLauncher_Unicode/FlashCtrl/JPEG/jdpostct.cpp;XLauncher_Unicode/FlashCtrl/JPEG/jdsample.cpp;XLauncher_Unicode/FlashCtrl/JPEG/jdtrans.cpp;XLauncher_Unicode/FlashCtrl/JPEG/jerror.cpp;XLauncher_Unicode/FlashCtrl/JPEG/jfdctflt.cpp;XLauncher_Unicode/FlashCtrl/JPEG/jfdctfst.cpp;XLauncher_Unicode/FlashCtrl/JPEG/jfdctint.cpp;XLauncher_Unicode/FlashCtrl/JPEG/jidctflt.cpp;XLauncher_Unicode/FlashCtrl/JPEG/jidctfst.cpp;XLauncher_Unicode/FlashCtrl/JPEG/jidctint.cpp;XLauncher_Unicode/FlashCtrl/JPEG/jidctred.cpp;XLauncher_Unicode/FlashCtrl/JPEG/jmemansi.cpp;XLauncher_Unicode/FlashCtrl/JPEG/jmemdos.cpp;XLauncher_Unicode/FlashCtrl/JPEG/jmemmgr.cpp;XLauncher_Unicode/FlashCtrl/JPEG/jmemname.cpp;XLauncher_Unicode/FlashCtrl/JPEG/jmemnobs.cpp;XLauncher_Unicode/FlashCtrl/JPEG/jquant1.cpp;XLauncher_Unicode/FlashCtrl/JPEG/jquant2.cpp;XLauncher_Unicode/FlashCtrl/JPEG/jutils.cpp;XLauncher_Unicode/FlashCtrl/JPEG/rdjpgcom.cpp;XLauncher_Unicode/FlashCtrl/JPEG/wrjpgcom.cpp
XLauncher_Unicode/FlashCtrl/JPEG/jmemansi.cpp,third-party/middleware,normal player dependency,4599,5e090b974c7e0c0016292000198c4bae515b56cdd767ca709f8930d34d3a3d2e,,XLauncher/FlashCtrl/JPEG/jmemansi.cpp,0,
XLauncher_Unicode/FlashCtrl/JPEG/jmemdos.cpp,third-party/middleware,normal player dependency,18788,939ac143df0ed7941c1e90b732c3303250857106a2f3d33a4d628e9a97bb44f5,,XLauncher/FlashCtrl/JPEG/jmemdos.cpp,0,
XLauncher_Unicode/FlashCtrl/JPEG/jmemdosa.asm,third-party/middleware,unclassified/non-code,8314,18c24de9cd757c3790ddd24cc3bf77f0efe68a80bc6b7d9c962e02207916dd0d,,,0,
XLauncher_Unicode/FlashCtrl/JPEG/jmemmgr.cpp,third-party/middleware,normal player dependency,40868,a36de452dbaacb4e7bc2b08d3aa7003287f89b0ad1e22f1d5ce2d9d7ac592b8d,,XLauncher/FlashCtrl/JPEG/jmemmgr.cpp,0,
XLauncher_Unicode/FlashCtrl/JPEG/jmemname.cpp,third-party/middleware,normal player dependency,8136,0c1f98b1df5b22a772ebe0c6326468b49e5dc539b4777d7f5034e5a438236842,,XLauncher/FlashCtrl/JPEG/jmemname.cpp,0,
XLauncher_Unicode/FlashCtrl/JPEG/jmemnobs.cpp,third-party/middleware,normal player dependency,3416,0b210a4aea7dba338ab048b57d155e06419d8887789ea066bcc13bfb34e7c2e8,,XLauncher/FlashCtrl/JPEG/jmemnobs.cpp,0,
XLauncher_Unicode/FlashCtrl/JPEG/jmemsys.h,third-party/middleware,normal player dependency,7824,55351e3cced5703c9bb875b39a72dc44f4500261c62558e35631882a3d368b6b,,XGamebase/src/libs/jpeg/jmemsys.h;XLauncher/FlashCtrl/JPEG/jmemsys.h,5,XLauncher_Unicode/FlashCtrl/JPEG/jmemansi.cpp;XLauncher_Unicode/FlashCtrl/JPEG/jmemdos.cpp;XLauncher_Unicode/FlashCtrl/JPEG/jmemmgr.cpp;XLauncher_Unicode/FlashCtrl/JPEG/jmemname.cpp;XLauncher_Unicode/FlashCtrl/JPEG/jmemnobs.cpp
XLauncher_Unicode/FlashCtrl/JPEG/jmorecfg.h,third-party/middleware,normal player dependency,13089,346b0a6091a8129c4c0526b43ce47999dfee3bb353e12c335f73ec1bc5a1228d,,XGamebase/src/libs/jpeg/jmorecfg.h;XLauncher/FlashCtrl/JPEG/jmorecfg.h,1,XLauncher_Unicode/FlashCtrl/JPEG/jpeglib.h
XLauncher_Unicode/FlashCtrl/JPEG/jpegint.h,third-party/middleware,normal player dependency,15486,f75b6677bbc337f8db5f95eb0f55b0d1828fb4920dfb71bc68fade78eb8a0c62,,XGamebase/src/libs/jpeg/jpegint.h;XLauncher/FlashCtrl/JPEG/jpegint.h,1,XLauncher_Unicode/FlashCtrl/JPEG/jpeglib.h
XLauncher_Unicode/FlashCtrl/JPEG/jpeglib.h,third-party/middleware,normal player dependency,43969,19141425357e39359566ae844da55f92046139e869c1fca53157132f6db69074,,XGamebase/src/libs/jpeg/jpeglib.h;XLauncher/FlashCtrl/JPEG/jpeglib.h,52,XLauncher_Unicode/FlashCtrl/JPEG/cdjpeg.h;XLauncher_Unicode/FlashCtrl/JPEG/example.cpp;XLauncher_Unicode/FlashCtrl/JPEG/jcapimin.cpp;XLauncher_Unicode/FlashCtrl/JPEG/jcapistd.cpp;XLauncher_Unicode/FlashCtrl/JPEG/jccoefct.cpp;XLauncher_Unicode/FlashCtrl/JPEG/jccolor.cpp;XLauncher_Unicode/FlashCtrl/JPEG/jcdctmgr.cpp;XLauncher_Unicode/FlashCtrl/JPEG/jchuff.cpp;XLauncher_Unicode/FlashCtrl/JPEG/jcinit.cpp;XLauncher_Unicode/FlashCtrl/JPEG/jcmainct.cpp;XLauncher_Unicode/FlashCtrl/JPEG/jcmarker.cpp;XLauncher_Unicode/FlashCtrl/JPEG/jcmaster.cpp;XLauncher_Unicode/FlashCtrl/JPEG/jcomapi.cpp;XLauncher_Unicode/FlashCtrl/JPEG/jcparam.cpp;XLauncher_Unicode/FlashCtrl/JPEG/jcphuff.cpp;XLauncher_Unicode/FlashCtrl/JPEG/jcprepct.cpp;XLauncher_Unicode/FlashCtrl/JPEG/jcsample.cpp;XLauncher_Unicode/FlashCtrl/JPEG/jctrans.cpp;XLauncher_Unicode/FlashCtrl/JPEG/jdapimin.cpp;XLauncher_Unicode/FlashCtrl/JPEG/jdapistd.cpp;XLauncher_Unicode/FlashCtrl/JPEG/jdatadst.cpp;XLauncher_Unicode/FlashCtrl/JPEG/jdatasrc.cpp;XLauncher_Unicode/FlashCtrl/JPEG/jdcoefct.cpp;XLauncher_Unicode/FlashCtrl/JPEG/jdcolor.cpp;XLauncher_Unicode/FlashCtrl/JPEG/jddctmgr.cpp;XLauncher_Unicode/FlashCtrl/JPEG/jdhuff.cpp;XLauncher_Unicode/FlashCtrl/JPEG/jdinput.cpp;XLauncher_Unicode/FlashCtrl/JPEG/jdmainct.cpp;XLauncher_Unicode/FlashCtrl/JPEG/jdmarker.cpp;XLauncher_Unicode/FlashCtrl/JPEG/jdmaster.cpp;XLauncher_Unicode/FlashCtrl/JPEG/jdmerge.cpp;XLauncher_Unicode/FlashCtrl/JPEG/jdphuff.cpp;XLauncher_Unicode/FlashCtrl/JPEG/jdpostct.cpp;XLauncher_Unicode/FlashCtrl/JPEG/jdsample.cpp;XLauncher_Unicode/FlashCtrl/JPEG/jdtrans.cpp;XLauncher_Unicode/FlashCtrl/JPEG/jerror.cpp;XLauncher_Unicode/FlashCtrl/JPEG/jfdctflt.cpp;XLauncher_Unicode/FlashCtrl/JPEG/jfdctfst.cpp;XLauncher_Unicode/FlashCtrl/JPEG/jfdctint.cpp;XLauncher_Unicode/FlashCtrl/JPEG/jidctflt.cpp;XLauncher_Unicode/FlashCtrl/JPEG/jidctfst.cpp;XLauncher_Unicode/FlashCtrl/JPEG/jidctint.cpp;XLauncher_Unicode/FlashCtrl/JPEG/jidctred.cpp;XLauncher_Unicode/FlashCtrl/JPEG/jmemansi.cpp;XLauncher_Unicode/FlashCtrl/JPEG/jmemdos.cpp;XLauncher_Unicode/FlashCtrl/JPEG/jmemmgr.cpp;XLauncher_Unicode/FlashCtrl/JPEG/jmemname.cpp;XLauncher_Unicode/FlashCtrl/JPEG/jmemnobs.cpp;XLauncher_Unicode/FlashCtrl/JPEG/jquant1.cpp;XLauncher_Unicode/FlashCtrl/JPEG/jquant2.cpp;XLauncher_Unicode/FlashCtrl/JPEG/jutils.cpp;XLauncher_Unicode/FlashCtrl/jpeg.h
XLauncher_Unicode/FlashCtrl/JPEG/jpegtran.cpp,third-party/middleware,normal player dependency,11206,d4e72418a571bb0ef6d42ca96d65da8ad7571f289159c44ec7d81f87e4cd9abf,,XLauncher/FlashCtrl/JPEG/jpegtran.cpp,0,
XLauncher_Unicode/FlashCtrl/JPEG/jquant1.cpp,third-party/middleware,normal player dependency,31277,ae0a05ebea6fbc573d3e7465e2ff2619849daec8d69c6fc11e0fe47f68832073,,XLauncher/FlashCtrl/JPEG/jquant1.cpp,0,
XLauncher_Unicode/FlashCtrl/JPEG/jquant2.cpp,third-party/middleware,normal player dependency,48411,929a46d19a1f5e53ad99056bc71a21ad175d187b00ee2ca887b12afca33c25ca,,XLauncher/FlashCtrl/JPEG/jquant2.cpp,0,
XLauncher_Unicode/FlashCtrl/JPEG/jutils.cpp,third-party/middleware,normal player dependency,5170,86898b5739f0bbeb4073e7194059702bbb1d09649617a43881baac6ed9716849,,XLauncher/FlashCtrl/JPEG/jutils.cpp,0,
XLauncher_Unicode/FlashCtrl/JPEG/jversion.h,third-party/middleware,normal player dependency,356,a07d952aa73b481703961ed1b082bf723c8c2bd7a973fe9742269c4038e07796,,XGamebase/src/libs/jpeg/jversion.h;XLauncher/FlashCtrl/JPEG/jversion.h,4,XLauncher_Unicode/FlashCtrl/JPEG/cjpeg.cpp;XLauncher_Unicode/FlashCtrl/JPEG/djpeg.cpp;XLauncher_Unicode/FlashCtrl/JPEG/jerror.cpp;XLauncher_Unicode/FlashCtrl/JPEG/jpegtran.cpp
XLauncher_Unicode/FlashCtrl/JPEG/libjpeg.doc,third-party/middleware,unclassified/non-code,144560,98b3ec6a12182f7ae6a4e7896f3669aaefa95a04b2197bfde32af56559f498f5,,,0,
XLauncher_Unicode/FlashCtrl/JPEG/maktjpeg.st,third-party/middleware,unclassified/non-code,1223,3f0b200e5260ecd5ea0a53e3cb642d58297107ebd54913cf1588917c2642df89,,,0,
XLauncher_Unicode/FlashCtrl/JPEG/makvms.opt,third-party/middleware,unclassified/non-code,210,9631f2d966ac30fd10ff609b29ba3c8a235be2d02f307168bc8747385d966fd5,,,0,
XLauncher_Unicode/FlashCtrl/JPEG/rdbmp.cpp,third-party/middleware,normal player dependency,13784,410ec17e0050f032b933310e6b016fea067ea77dfc10f2f2a3ba7df3cdb9bfd7,,XLauncher/FlashCtrl/JPEG/rdbmp.cpp,0,
XLauncher_Unicode/FlashCtrl/JPEG/rdcolmap.cpp,third-party/middleware,normal player dependency,6855,1dd515eba4adbb451b660942e54e8a68c5ba219e3d3f43636ffa40f9cea06eda,,XLauncher/FlashCtrl/JPEG/rdcolmap.cpp,0,
XLauncher_Unicode/FlashCtrl/JPEG/rdgif.cpp,third-party/middleware,normal player dependency,22921,56b14a951ed62579ba7996e0bf518addc84176b0abed42e641da42bf509ed57c,,XLauncher/FlashCtrl/JPEG/rdgif.cpp,0,
XLauncher_Unicode/FlashCtrl/JPEG/rdjpgcom.cpp,third-party/middleware,normal player dependency,13150,7e730e195879b039b2c73165d4c17ed0ab854ece5c7d417c816c3f5d1e1a9f22,,XLauncher/FlashCtrl/JPEG/rdjpgcom.cpp,0,
XLauncher_Unicode/FlashCtrl/JPEG/rdppm.cpp,third-party/middleware,normal player dependency,13719,3a2c5eb60b8a09b5375ab7478c4cf0e3143fa9a17b0d7e28a32cb2bb0e8fc020,,XLauncher/FlashCtrl/JPEG/rdppm.cpp,0,
XLauncher_Unicode/FlashCtrl/JPEG/rdrle.cpp,third-party/middleware,normal player dependency,11667,43f196a35c9ca24b7e89f7ed79a3635c999480d649e619352d3c2443e5bbd932,,XLauncher/FlashCtrl/JPEG/rdrle.cpp,0,
XLauncher_Unicode/FlashCtrl/JPEG/rdswitch.cpp,third-party/middleware,normal player dependency,10023,502d52de18402176214439089c573ce7c7e262aa529443581980efde82f9cca9,,XLauncher/FlashCtrl/JPEG/rdswitch.cpp,0,
XLauncher_Unicode/FlashCtrl/JPEG/rdtarga.cpp,third-party/middleware,normal player dependency,14946,1b8bd18cca16065387254054c875b6e9dba577b5e3d7945082ce0bf6d01a1a0e,,XLauncher/FlashCtrl/JPEG/rdtarga.cpp,0,
XLauncher_Unicode/FlashCtrl/JPEG/readme,third-party/middleware,unclassified/non-code,19879,129c851a7fe1009d540f5d21221cbc85ee8fccb91ddaa01fed8f21bf6c83438c,,,0,
XLauncher_Unicode/FlashCtrl/JPEG/vssver.scc,third-party/middleware,unclassified/non-code,1600,03c2611d8fd07b7215ca9e7a524d1416a15a702b955bba1669725dc95b57c387,,MeshControl/vssver.scc,0,
XLauncher_Unicode/FlashCtrl/JPEG/wrbmp.cpp,third-party/middleware,normal player dependency,13904,d2b43abaceb0ec6f2a3ec8aeb78aed0e701e34108d19413cc2e6b664d17e8517,,XLauncher/FlashCtrl/JPEG/wrbmp.cpp,0,
XLauncher_Unicode/FlashCtrl/JPEG/wrgif.cpp,third-party/middleware,normal player dependency,15741,8f12acd068eab5ba4eb2d654cbc661b1558931f60c9525e4edac296e2d6ae7aa,,XLauncher/FlashCtrl/JPEG/wrgif.cpp,0,
XLauncher_Unicode/FlashCtrl/JPEG/wrjpgcom.cpp,third-party/middleware,normal player dependency,16183,58e160b2d78cb114aad39b0165b821c3d48fea378ab85df477fbc8a66d72d996,,XLauncher/FlashCtrl/JPEG/wrjpgcom.cpp,0,
XLauncher_Unicode/FlashCtrl/JPEG/wrppm.cpp,third-party/middleware,normal player dependency,8324,b687166efd2bd9376f37799f119acb632f39f0602eac98d598239a71ae52002a,,XLauncher/FlashCtrl/JPEG/wrppm.cpp,0,
XLauncher_Unicode/FlashCtrl/JPEG/wrrle.cpp,third-party/middleware,normal player dependency,9237,6f5acf34ceddaca1d87e56f3e8bd2f03db5f7fb923396e5ca1c6b7ea7250ec24,,XLauncher/FlashCtrl/JPEG/wrrle.cpp,0,
XLauncher_Unicode/FlashCtrl/JPEG/wrtarga.cpp,third-party/middleware,normal player dependency,7517,de2b96c2f88a7c204195de85abdff58c32471d67c4dce3f7eea2e40af83a521b,,XLauncher/FlashCtrl/JPEG/wrtarga.cpp,0,
XLauncher_Unicode/FlashCtrl/mcontext.h,third-party/middleware,normal player dependency,731,c6ee18eb20e1b4a16de811012b351054b8244942d91589b37a28dad9ef599b9b,,XFControl/mcontext.h;XLauncher/FlashCtrl/mcontext.h,0,
XLauncher_Unicode/FlashCtrl/memcop.cpp,third-party/middleware,normal player dependency,1359,c85f8f04068c2006b15445e9fe0e1205d74c736d79d98a0c38f85bf2afe407fa,,XFControl/memcop.cpp;XLauncher/FlashCtrl/memcop.cpp,0,
XLauncher_Unicode/FlashCtrl/memcop.h,third-party/middleware,normal player dependency,2178,5c2b7e82d58a7eee0991793829a446244d59291aa856e2ff2403f860ef10ee75,,XFControl/memcop.h;XLauncher/FlashCtrl/memcop.h,6,XLauncher_Unicode/FlashCtrl/bitbuf.cpp;XLauncher_Unicode/FlashCtrl/global.cpp;XLauncher_Unicode/FlashCtrl/memcop.cpp;XLauncher_Unicode/FlashCtrl/sbitmap.cpp;XLauncher_Unicode/FlashCtrl/splay.cpp;XLauncher_Unicode/FlashCtrl/splayer.cpp
XLauncher_Unicode/FlashCtrl/morphinter.cpp,third-party/middleware,normal player dependency,3101,06b32c0927ff05b16373ba92299a89220206010722fe720e1e0093975dd23447,,XFControl/morphinter.cpp;XLauncher/FlashCtrl/morphinter.cpp,0,
XLauncher_Unicode/FlashCtrl/morphinter.h,third-party/middleware,normal player dependency,1699,e2cb1a57057fc2c5b08ebb1ed247eb610c1ab24f9cdc2727d8c9c27898c3785d,,XFControl/morphinter.h;XLauncher/FlashCtrl/morphinter.h,3,XLauncher_Unicode/FlashCtrl/morphinter.cpp;XLauncher_Unicode/FlashCtrl/sobject.cpp;XLauncher_Unicode/FlashCtrl/splay.cpp
XLauncher_Unicode/FlashCtrl/mp3decifc.h,third-party/middleware,normal player dependency,6691,941bfdd977f9dd76e980c890c071f555ed1aa769e43b49da4c16a63e2e265fb5,,XFControl/mp3decifc.h;XLauncher/FlashCtrl/mp3decifc.h,1,XLauncher_Unicode/FlashCtrl/mp3decoder.h
XLauncher_Unicode/FlashCtrl/mp3decoder.cpp,third-party/middleware,normal player dependency,8152,824f1e165d7658f611be53722d06b508800e0870f4c46885efd8006dcc1e54fd,,XFControl/mp3decoder.cpp;XLauncher/FlashCtrl/mp3decoder.cpp,0,
XLauncher_Unicode/FlashCtrl/mp3decoder.h,third-party/middleware,normal player dependency,1659,56406a4517eb4ae57b66f10b198f1715177e5a0e4248e846c5d00d6788e3e02a,,XFControl/mp3decoder.h;XLauncher/FlashCtrl/mp3decoder.h,2,XLauncher_Unicode/FlashCtrl/mp3decoder.cpp;XLauncher_Unicode/FlashCtrl/sndcodec.cpp
XLauncher_Unicode/FlashCtrl/mp3decoder.lib,third-party/middleware,unclassified/non-code,122440,3d27b37d6bf9ba95d8d3f5e1c75c1256b0759f76f6980627dbd936f25bd9558c,XFControl/mp3decoder.lib;XLauncher/FlashCtrl/mp3decoder.lib;XLauncher/mp3decoder.lib,XFControl/mp3decoder.lib;XLauncher/FlashCtrl/mp3decoder.lib;XLauncher/mp3decoder.lib,0,
XLauncher_Unicode/FlashCtrl/mp3sscdef.h,third-party/middleware,normal player dependency,5843,632bff3b5f095fd9452677d99ac073ac335d88e8b875827cf31ce18fc856c8d5,,XFControl/mp3sscdef.h;XLauncher/FlashCtrl/mp3sscdef.h,2,XLauncher_Unicode/FlashCtrl/mp3decifc.h;XLauncher_Unicode/FlashCtrl/mpegbitstream.h
XLauncher_Unicode/FlashCtrl/mp3streaminfo.h,third-party/middleware,normal player dependency,4649,7bc4d170a6c514bba2038688d96abc513e4765e60af9f6b55aacf77dbcff7ade,,XFControl/mp3streaminfo.h;XLauncher/FlashCtrl/mp3streaminfo.h,1,XLauncher_Unicode/FlashCtrl/mp3decifc.h
XLauncher_Unicode/FlashCtrl/mpegbitstream.h,third-party/middleware,normal player dependency,2168,7b114187a8e9c19fcc56d24c0c2fa1dfdb7a122b9741a3b0b26886685f23adc8,,XFControl/mpegbitstream.h;XLauncher/FlashCtrl/mpegbitstream.h,1,XLauncher_Unicode/FlashCtrl/mp3decoder.cpp
XLauncher_Unicode/FlashCtrl/mpegheader.h,third-party/middleware,normal player dependency,2783,92b30bf21730b5eaba5b75a68c9ac644173586382f3f02b53d54362ef009554f,,XFControl/mpegheader.h;XLauncher/FlashCtrl/mpegheader.h,1,XLauncher_Unicode/FlashCtrl/mpegbitstream.h
XLauncher_Unicode/FlashCtrl/raster.cpp,third-party/middleware,normal player dependency,117757,3aaf4d21a7a3aeb13b2c4ea819d8bf30f628ee2c81e83ae122ed72f44c506826,,XFControl/raster.cpp;XLauncher/FlashCtrl/raster.cpp,0,
XLauncher_Unicode/FlashCtrl/raster.h,third-party/middleware,normal player dependency,14376,49f1ff9070d7b4b19624accb3af69755d7208d08dddcbef521476f23f5b89435,,XFControl/raster.h;XLauncher/FlashCtrl/raster.h,6,XLauncher_Unicode/FlashCtrl/bitbuf.cpp;XLauncher_Unicode/FlashCtrl/morphinter.cpp;XLauncher_Unicode/FlashCtrl/raster.cpp;XLauncher_Unicode/FlashCtrl/sbitmap.cpp;XLauncher_Unicode/FlashCtrl/sdisplay.h;XLauncher_Unicode/FlashCtrl/sobject.h
XLauncher_Unicode/FlashCtrl/sbitmap.cpp,third-party/middleware,normal player dependency,8877,5bbced5e3f25a62f1abe661e0e0927b0e18064d89788fdadbef4adf0b8233ba7,,XFControl/sbitmap.cpp;XLauncher/FlashCtrl/sbitmap.cpp,0,
XLauncher_Unicode/FlashCtrl/sbitmap.h,third-party/middleware,normal player dependency,5668,624a3a04bf9cd8daf347322176edbaf89dd140463dc1b105cc7828185f7d70c3,,XFControl/sbitmap.h;XLauncher/FlashCtrl/sbitmap.h,6,XLauncher_Unicode/FlashCtrl/Bitbuf.h;XLauncher_Unicode/FlashCtrl/bitbuf.cpp;XLauncher_Unicode/FlashCtrl/morphinter.cpp;XLauncher_Unicode/FlashCtrl/raster.cpp;XLauncher_Unicode/FlashCtrl/raster.h;XLauncher_Unicode/FlashCtrl/sbitmap.cpp
XLauncher_Unicode/FlashCtrl/sdisplay.cpp,third-party/middleware,normal player dependency,35028,c1a4defe1b1fa7843535709177caa42d2179b723841115926c7b38f33b53c5fd,,XFControl/sdisplay.cpp;XLauncher/FlashCtrl/sdisplay.cpp,0,
XLauncher_Unicode/FlashCtrl/sdisplay.h,third-party/middleware,normal player dependency,6916,447b89709bbe6bd66e6255ed7f1fd0ca195108378dc9b4f3e503923b7775f261,,XFControl/sdisplay.h;XLauncher/FlashCtrl/sdisplay.h,1,XLauncher_Unicode/FlashCtrl/splay.h
XLauncher_Unicode/FlashCtrl/shape.h,third-party/middleware,normal player dependency,2005,e126bd89b84f286f5362eef6b51f15f589cf2fe8473219409df38b14693d8392,,XFControl/shape.h;XLauncher/FlashCtrl/shape.h,1,XLauncher_Unicode/FlashCtrl/raster.h
XLauncher_Unicode/FlashCtrl/sndcodec.cpp,third-party/middleware,normal player dependency,11359,c512700fb313968e41e1926b0862e942019a33a72f2336549e523e3e7ade17d5,,XFControl/sndcodec.cpp;XLauncher/FlashCtrl/sndcodec.cpp,0,
XLauncher_Unicode/FlashCtrl/sndcodec.h,third-party/middleware,normal player dependency,3763,03bdd4359d3da82a50af6df13f63c69610ccb152ebf20d99eae7e59f8a7c8581,,XFControl/sndcodec.h;XLauncher/FlashCtrl/sndcodec.h,3,XLauncher_Unicode/FlashCtrl/mp3decoder.h;XLauncher_Unicode/FlashCtrl/sndcodec.cpp;XLauncher_Unicode/FlashCtrl/sndmix.h
XLauncher_Unicode/FlashCtrl/sndmix.cpp,third-party/middleware,normal player dependency,26021,d5dc47d99eb2c00a87bc44a94c75164529a85c6c2ce2890f21f2253ea137778d,,XFControl/sndmix.cpp;XLauncher/FlashCtrl/sndmix.cpp,0,
XLauncher_Unicode/FlashCtrl/sndmix.h,third-party/middleware,normal player dependency,10805,9903c72c9f09ce7831da42d9feb8f14311aa46b910d2978dc7ee4c398c1b5935,,XFControl/sndmix.h;XLauncher/FlashCtrl/sndmix.h,6,XLauncher_Unicode/FlashCtrl/mp3decoder.cpp;XLauncher_Unicode/FlashCtrl/raster.cpp;XLauncher_Unicode/FlashCtrl/sndcodec.cpp;XLauncher_Unicode/FlashCtrl/sndmix.cpp;XLauncher_Unicode/FlashCtrl/sobject.h;XLauncher_Unicode/FlashCtrl/splay.h
XLauncher_Unicode/FlashCtrl/sobject.cpp,third-party/middleware,normal player dependency,30037,bb106eabb87605dbfc501e6d4c9ca2ec993d020bfe9f76e140a4a28c719726cd,,XFControl/sobject.cpp;XLauncher/FlashCtrl/sobject.cpp,0,
XLauncher_Unicode/FlashCtrl/sobject.h,third-party/middleware,normal player dependency,5057,1fb597c52cd15c40bff9195c3af7b022b2645446b83aefc435f504453f394ddd,,XFControl/sobject.h;XLauncher/FlashCtrl/sobject.h,7,XLauncher_Unicode/FlashCtrl/edittext.cpp;XLauncher_Unicode/FlashCtrl/sdisplay.cpp;XLauncher_Unicode/FlashCtrl/sdisplay.h;XLauncher_Unicode/FlashCtrl/sobject.cpp;XLauncher_Unicode/FlashCtrl/splay.cpp;XLauncher_Unicode/FlashCtrl/splayer.cpp;XLauncher_Unicode/FlashCtrl/sstroker.cpp
XLauncher_Unicode/FlashCtrl/splay.cpp,third-party/middleware,normal player dependency,85851,672e50dafa0795311133d4f694f2a13b8a076eab9312144d4f2971592a256efa,,XFControl/splay.cpp;XLauncher/FlashCtrl/splay.cpp,0,
XLauncher_Unicode/FlashCtrl/splay.h,third-party/middleware,normal player dependency,15564,233b1c88ab0a2d8e2094868f81dfc0191bad66c36f32302589dee527c4f6656f,,XFControl/splay.h;XLauncher/FlashCtrl/splay.h,8,XLauncher_Unicode/FlashCtrl/edittext.cpp;XLauncher_Unicode/FlashCtrl/sdisplay.cpp;XLauncher_Unicode/FlashCtrl/sndmix.cpp;XLauncher_Unicode/FlashCtrl/sobject.cpp;XLauncher_Unicode/FlashCtrl/splay.cpp;XLauncher_Unicode/FlashCtrl/splayer.cpp;XLauncher_Unicode/FlashCtrl/splayer.h;XLauncher_Unicode/FlashCtrl/sstroker.h
XLauncher_Unicode/FlashCtrl/splayer.cpp,third-party/middleware,normal player dependency,122682,bcab36c55f3bf081af5c7d170a79539dd2fab8ab8c1c825358c278d49808b35d,,XFControl/splayer.cpp;XLauncher/FlashCtrl/splayer.cpp,0,
XLauncher_Unicode/FlashCtrl/splayer.h,third-party/middleware,normal player dependency,20920,92be88edbc3b26726f82edc144e4f300019fe1a3e13874029bf2bba8cf24b3bd,,XFControl/splayer.h;XLauncher/FlashCtrl/splayer.h,6,XLauncher_Unicode/FlashCtrl/FlashStatic.cpp;XLauncher_Unicode/FlashCtrl/edittext.cpp;XLauncher_Unicode/FlashCtrl/sdisplay.cpp;XLauncher_Unicode/FlashCtrl/sobject.cpp;XLauncher_Unicode/FlashCtrl/splay.cpp;XLauncher_Unicode/FlashCtrl/splayer.cpp
XLauncher_Unicode/FlashCtrl/sstroker.cpp,third-party/middleware,normal player dependency,13936,b3dfd9d03ee3aae978473393b5ecba6c63fc3ca1c27e0e1a09974b3bc9f4d7ca,,XFControl/sstroker.cpp;XLauncher/FlashCtrl/sstroker.cpp,0,
XLauncher_Unicode/FlashCtrl/sstroker.h,third-party/middleware,normal player dependency,1480,2546cb8a5e75eebaadcca83f129ba3ea650cf5e2ffca7e7a4a979ac3ed803d5d,,XFControl/sstroker.h;XLauncher/FlashCtrl/sstroker.h,3,XLauncher_Unicode/FlashCtrl/edittext.cpp;XLauncher_Unicode/FlashCtrl/sobject.cpp;XLauncher_Unicode/FlashCtrl/sstroker.cpp
XLauncher_Unicode/FlashCtrl/stags.h,third-party/middleware,normal player dependency,14480,dc98cfd8591eb702bba1a225a2a94db77672ea95d4595bc07de3639213e80d5a,,XFControl/stags.h;XLauncher/FlashCtrl/stags.h,6,XLauncher_Unicode/FlashCtrl/edittext.cpp;XLauncher_Unicode/FlashCtrl/sdisplay.cpp;XLauncher_Unicode/FlashCtrl/sdisplay.h;XLauncher_Unicode/FlashCtrl/sobject.cpp;XLauncher_Unicode/FlashCtrl/splay.cpp;XLauncher_Unicode/FlashCtrl/splayer.cpp
XLauncher_Unicode/FlashCtrl/unixfonts.cpp,third-party/middleware,normal player dependency,1297149,f63996dcccdf84fb1ff865d1f57922a6aac40bace1d3cc424d78d6fcce841447,,XFControl/unixfonts.cpp;XLauncher/FlashCtrl/unixfonts.cpp,0,
XLauncher_Unicode/FlashCtrl/vssver.scc,third-party/middleware,unclassified/non-code,912,ed0818f7c0d4972aaeb56d2540dde7c84abf7b9fdfad84d465e6dfe1904ced23,,MeshControl/vssver.scc,0,
XLauncher_Unicode/FlashCtrl/win32/debug.cpp,third-party/middleware,normal player dependency,1099,617c504eaef1444a274b603d78b713e839cc98c1b92836f55f37c9f9c2fc2d68,,XFControl/Win32/debug.cpp;XLauncher/FlashCtrl/win32/debug.cpp,0,
XLauncher_Unicode/FlashCtrl/win32/debug.h,third-party/middleware,normal player dependency,1685,d24fe676bd5d16b95f99d5e8770b5b6ae780d3394a135ddf8e6bf7172ebdda58,,XFControl/Win32/debug.h;XLauncher/FlashCtrl/win32/debug.h,2,XLauncher_Unicode/FlashCtrl/win32/Display.cpp;XLauncher_Unicode/FlashCtrl/win32/debug.cpp
XLauncher_Unicode/FlashCtrl/win32/Display.cpp,third-party/middleware,normal player dependency,6301,e1d7ce0b9e6ea8e45fbae61490261ebd19f026c297a43839590a56946af6731e,,XFControl/Win32/Display.cpp;XLauncher/FlashCtrl/win32/Display.cpp,0,
XLauncher_Unicode/FlashCtrl/win32/display.h,third-party/middleware,normal player dependency,6095,03a84edb2c2a326882250e1d1b1e40adc2d981049c4649b2f23c53237215ccc2,,XFControl/Win32/display.h;XLauncher/FlashCtrl/win32/display.h,1,XLauncher_Unicode/FlashCtrl/win32/Display.cpp
XLauncher_Unicode/FlashCtrl/win32/fixed.h,third-party/middleware,normal player dependency,7527,2a90b828f66f4e6a73f5fc223d44ce510cfec7f09efa476b0048944119668d8d,,XFControl/Win32/fixed.h;XFControl/fixed.h;XLauncher/FlashCtrl/fixed.h;XLauncher/FlashCtrl/win32/fixed.h,0,
XLauncher_Unicode/FlashCtrl/win32/FSControl.cpp,third-party/middleware,normal player dependency,11229,ed75e0427c6d770cdd6fe072027e29899fd64367f37a8f6a13349731d5fbe1e1,,XFControl/Win32/FSControl.cpp;XLauncher/FlashCtrl/win32/FSControl.cpp,0,
XLauncher_Unicode/FlashCtrl/win32/FSControl.h,third-party/middleware,normal player dependency,7310,b74f49a310a5753f02c125c7141590ddada84f7542c71b1d17939d969ee2e807,,XFControl/Win32/FSControl.h;XLauncher/FlashCtrl/win32/FSControl.h,3,XLauncher_Unicode/FlashCtrl/win32/Display.cpp;XLauncher_Unicode/FlashCtrl/win32/FSControl.cpp;XLauncher_Unicode/FlashCtrl/win32/palette.cpp
XLauncher_Unicode/FlashCtrl/win32/palette.cpp,third-party/middleware,normal player dependency,6523,e4ac4cfd4840bcf99043053a0a7f64ec7ca0a3b4d3cda803870101d703917989,,XFControl/Win32/palette.cpp;XLauncher/FlashCtrl/win32/palette.cpp,0,
XLauncher_Unicode/FlashCtrl/win32/palette.h,third-party/middleware,normal player dependency,1594,9e51e78eea4e4cf7468e5bd1cf6a9641d30070eccb2126cb9120e9fcc94f1d3a,,XFControl/Win32/palette.h;XLauncher/FlashCtrl/win32/palette.h,2,XLauncher_Unicode/FlashCtrl/win32/Display.cpp;XLauncher_Unicode/FlashCtrl/win32/palette.cpp
XLauncher_Unicode/FlashCtrl/win32/ReadMe.txt,third-party/middleware,unclassified/non-code,1590,4cd15fb1f9be8121445859cd6658c3e41ef2185d3bca88e8b909294be9f70f21,,ReadMe.txt;SetRegistry/ReadMe.txt;SetRegistry/SetRegistry/ReadMe.txt;XFControl/Win32/ReadMe.txt;XFileTransfer/ReadMe.txt;XLauncher/ReadMe.txt;XPacker/ReadMe.txt;XPatch/ReadMe.txt;qhtm sdk/qhtm static link/readme.txt;qhtm sdk/test/readme.txt,0,
XLauncher_Unicode/FlashCtrl/win32/sound.cpp,third-party/middleware,normal player dependency,6329,d70ad85997e250b3c29bb30cb2928d48e8b45f705ac7c8a9af22246f4153b80e,,XFControl/Win32/sound.cpp;XLauncher/FlashCtrl/win32/sound.cpp;audio_sdk/asorg/src/AudioLib/Sound.cpp;audio_sdk/src/AudioLib/Sound.cpp;audio_sdk/src/AudioLib/src/AudioLib/Sound.cpp,0,
XLauncher_Unicode/FlashCtrl/win32/Sound.h,third-party/middleware,normal player dependency,3981,2e9d2fdf8ce258ee6f716cddc6ecefbb361fbf7ab1fc8a4cdb342abfabbe34fc,,XFControl/Win32/Sound.h;XLauncher/FlashCtrl/win32/Sound.h;audio_sdk/asorg/src/AudioLib/Sound.h;audio_sdk/src/AudioLib/Sound.h;audio_sdk/src/AudioLib/src/AudioLib/Sound.h,1,XLauncher_Unicode/FlashCtrl/win32/sound.cpp
XLauncher_Unicode/FlashCtrl/win32/util.cpp,third-party/middleware,normal player dependency,780,1a3ac401d8124d8ae1f3d57527343a57dbaf5d4a4c5d37fe243930ee1f386257,,XFControl/Win32/util.cpp;XLauncher/FlashCtrl/win32/util.cpp,0,
XLauncher_Unicode/FlashCtrl/win32/util.h,third-party/middleware,normal player dependency,1394,1ae8cd9502d051280a34c112ace747d7803ceabf1af8e75fe2ae1ecfd323bc0d,,XFControl/Win32/util.h;XLauncher/FlashCtrl/win32/util.h,2,XLauncher_Unicode/FlashCtrl/win32/FSControl.cpp;XLauncher_Unicode/FlashCtrl/win32/sound.cpp
XLauncher_Unicode/FlashCtrl/win32/version.h,third-party/middleware,normal player dependency,220,1577c85587fe90683db96631ff3a43a9823fddb9faa72cf2a324aacda7aa8fba,,XFControl/Win32/version.h;XLauncher/FlashCtrl/win32/version.h,1,XLauncher_Unicode/FlashCtrl/win32/FSControl.cpp
XLauncher_Unicode/FlashCtrl/win32/vssver.scc,third-party/middleware,unclassified/non-code,272,fe4ec33e4f3954432f5ead7ff14bbe39d8206a9275025c6e69b88a07fb2967b7,,MeshControl/vssver.scc,0,
XLauncher_Unicode/FlashCtrl/zlib/adler32.c,third-party/middleware,normal player dependency,2237,ee13e3baecf7d6f9777a997601bcd0fb1056a8f6323ed7a99c6ce17bc644d07f,,XGamebase/src/libs/zlib/adler32.c;XLauncher/FlashCtrl/zlib/adler32.c,0,
XLauncher_Unicode/FlashCtrl/zlib/compress.c,third-party/middleware,normal player dependency,2489,e2966c82454e2caeb56b67e3a265f92bad947f87165809a8c488c4bfe3ba3299,,XGamebase/src/libs/zlib/compress.c;XLauncher/FlashCtrl/zlib/compress.c,0,
XLauncher_Unicode/FlashCtrl/zlib/crc32.c,third-party/middleware,normal player dependency,9722,e9b50066a4759f496d3fd6eadefd3cb7c8db786820d434d22a951765432df42e,,XGamebase/src/libs/zlib/crc32.c;XLauncher/FlashCtrl/zlib/crc32.c,0,
XLauncher_Unicode/FlashCtrl/zlib/crc32.h,third-party/middleware,normal player dependency,30568,b8252ca25db989e06910c09b031a328a18ab9c32fb3ab6e6f5c98c0e2b0089cb,,XLauncher/FlashCtrl/zlib/crc32.h,1,XLauncher_Unicode/FlashCtrl/zlib/crc32.c
XLauncher_Unicode/FlashCtrl/zlib/deflate.c,third-party/middleware,normal player dependency,54964,ea50b7b35082a6ad0b986f98766fef7c6130404f770dc0f21915bc5d113318e2,,XGamebase/src/libs/zlib/deflate.c;XLauncher/FlashCtrl/zlib/deflate.c,0,
XLauncher_Unicode/FlashCtrl/zlib/deflate.h,third-party/middleware,normal player dependency,11942,123d7d3fbd7516ec846021ee1e26708670c36eaa3d2e442d694888a714a8ce97,,XGamebase/src/libs/zlib/deflate.h;XLauncher/FlashCtrl/zlib/deflate.h,2,XLauncher_Unicode/FlashCtrl/zlib/deflate.c;XLauncher_Unicode/FlashCtrl/zlib/trees.c
XLauncher_Unicode/FlashCtrl/zlib/gzio.c,third-party/middleware,normal player dependency,30528,09fc2d3f0803127964edd1624a6044dff998ab7efab017710dd71e8240d5adf8,,XGamebase/src/libs/zlib/gzio.c;XLauncher/FlashCtrl/zlib/gzio.c,0,
XLauncher_Unicode/FlashCtrl/zlib/infback.c,third-party/middleware,normal player dependency,22038,bab4554d916b31e98c2d3f4a651d9fb80e40a16b67bbcfadb14329f3dd33876c,,XLauncher/FlashCtrl/zlib/infback.c,0,
XLauncher_Unicode/FlashCtrl/zlib/inffast.c,third-party/middleware,normal player dependency,12192,1ef14309006c253f32dd1adeef69a05ccf697dafaf4902cbcffc0325dcebdc94,,XGamebase/src/libs/zlib/inffast.c;XLauncher/FlashCtrl/zlib/inffast.c,0,
XLauncher_Unicode/FlashCtrl/zlib/inffast.h,third-party/middleware,normal player dependency,407,b338cc7381a11473014404298bc89c5c3d6d4f3f5bd4e5c7ca3a8c1c1216ad6a,,XGamebase/src/libs/zlib/inffast.h;XLauncher/FlashCtrl/zlib/inffast.h,3,XLauncher_Unicode/FlashCtrl/zlib/infback.c;XLauncher_Unicode/FlashCtrl/zlib/inffast.c;XLauncher_Unicode/FlashCtrl/zlib/inflate.c
XLauncher_Unicode/FlashCtrl/zlib/inffixed.h,third-party/middleware,normal player dependency,6343,88a340c8e628d56682a99c3a9a38e44fafeb8b4c609e0df85ea17c66011e0f42,,XGamebase/src/libs/zlib/inffixed.h;XLauncher/FlashCtrl/zlib/inffixed.h,2,XLauncher_Unicode/FlashCtrl/zlib/infback.c;XLauncher_Unicode/FlashCtrl/zlib/inflate.c
XLauncher_Unicode/FlashCtrl/zlib/inflate.c,third-party/middleware,normal player dependency,45355,4575c718113dfeb8573c8cc24f955b62a6a41c9ea06ca7b132d6175f502f52c6,,XGamebase/src/libs/zlib/inflate.c;XLauncher/FlashCtrl/zlib/inflate.c,0,
XLauncher_Unicode/FlashCtrl/zlib/inflate.h,third-party/middleware,normal player dependency,5802,1c9e8dfe9462d644d573c9c49674ef2b6ea44ec8b2ebf9d5683d75576ad9b17e,,XLauncher/FlashCtrl/zlib/inflate.h,3,XLauncher_Unicode/FlashCtrl/zlib/infback.c;XLauncher_Unicode/FlashCtrl/zlib/inffast.c;XLauncher_Unicode/FlashCtrl/zlib/inflate.c
XLauncher_Unicode/FlashCtrl/zlib/inftrees.c,third-party/middleware,normal player dependency,13338,22beb7ee3019c976bf084f71508fc814e76a04e689fa1470f0b15a386103e10c,,XGamebase/src/libs/zlib/inftrees.c;XLauncher/FlashCtrl/zlib/inftrees.c,0,
XLauncher_Unicode/FlashCtrl/zlib/inftrees.h,third-party/middleware,normal player dependency,2373,84167eec78c20778551311b8ef68980630dc0696473fc0109339e0955444a7e2,,XGamebase/src/libs/zlib/inftrees.h;XLauncher/FlashCtrl/zlib/inftrees.h,4,XLauncher_Unicode/FlashCtrl/zlib/infback.c;XLauncher_Unicode/FlashCtrl/zlib/inffast.c;XLauncher_Unicode/FlashCtrl/zlib/inflate.c;XLauncher_Unicode/FlashCtrl/zlib/inftrees.c
XLauncher_Unicode/FlashCtrl/zlib/trees.c,third-party/middleware,normal player dependency,44041,829e3e5f82392d3991027a36bda3b5aa1947fdb2b9a31a5a467267491c747b3d,,XGamebase/src/libs/zlib/trees.c;XLauncher/FlashCtrl/zlib/trees.c,0,
XLauncher_Unicode/FlashCtrl/zlib/trees.h,third-party/middleware,normal player dependency,8444,81579041310716219bbbf7c98849d91f5aeabdd7eadb1f8e9d7e2aa57724b58b,,XGamebase/src/libs/zlib/trees.h;XLauncher/FlashCtrl/zlib/trees.h,1,XLauncher_Unicode/FlashCtrl/zlib/trees.c
XLauncher_Unicode/FlashCtrl/zlib/uncompr.c,third-party/middleware,normal player dependency,2087,2eb29295ca49201b0b0a6448dfca8706d81a78b9dbdf8fa006f3f636e29a65fc,,XGamebase/src/libs/zlib/uncompr.c;XLauncher/FlashCtrl/zlib/uncompr.c,0,
XLauncher_Unicode/FlashCtrl/zlib/vssver.scc,third-party/middleware,unclassified/non-code,400,8e55a1e9f86192cb31ac19b9bb0810f3dcc645dac424a5c1d8476ebe1e7b5c91,,MeshControl/vssver.scc,0,
XLauncher_Unicode/FlashCtrl/zlib/zconf.h,third-party/middleware,normal player dependency,8934,c13f743a4bf4d5f2c01a88624014f148bc7e985f6d4b9bda21646f5ad2cc067a,,XGamebase/src/libs/zlib/zconf.h;XLauncher/FlashCtrl/zlib/zconf.h;XPacker/Zip/zconf.h,1,XLauncher_Unicode/FlashCtrl/zlib/zlib.h
XLauncher_Unicode/FlashCtrl/zlib/zconf.in.h,third-party/middleware,normal player dependency,8934,c13f743a4bf4d5f2c01a88624014f148bc7e985f6d4b9bda21646f5ad2cc067a,,XLauncher/FlashCtrl/zlib/zconf.in.h,0,
XLauncher_Unicode/FlashCtrl/zlib/zlib.h,third-party/middleware,normal player dependency,57739,2f0d6a8760cfb070c373b3a6b5282107c1f9b84d57de7393780ddd76069a61fd,,XGamebase/src/libs/zlib/zlib.h;XLauncher/FlashCtrl/zlib/zlib.h;XPacker/Zip/zlib.h,7,XLauncher_Unicode/FlashCtrl/sbitmap.cpp;XLauncher_Unicode/FlashCtrl/splay.cpp;XLauncher_Unicode/FlashCtrl/unixfonts.cpp;XLauncher_Unicode/FlashCtrl/zlib/adler32.c;XLauncher_Unicode/FlashCtrl/zlib/compress.c;XLauncher_Unicode/FlashCtrl/zlib/uncompr.c;XLauncher_Unicode/FlashCtrl/zlib/zutil.h
XLauncher_Unicode/FlashCtrl/zlib/zutil.c,third-party/middleware,normal player dependency,7006,1271cf01df51105d0acc4b7aa21418012830b9b92e68fef18c066ad84f0fdac7,,XGamebase/src/libs/zlib/zutil.c;XLauncher/FlashCtrl/zlib/zutil.c,0,
XLauncher_Unicode/FlashCtrl/zlib/zutil.h,third-party/middleware,normal player dependency,6496,637bdd5b0f740c5e59cc07486fd5364d88d016427b65b0d2025d1fb92ae73997,,XGamebase/src/libs/zlib/zutil.h;XLauncher/FlashCtrl/zlib/zutil.h,8,XLauncher_Unicode/FlashCtrl/zlib/crc32.c;XLauncher_Unicode/FlashCtrl/zlib/deflate.h;XLauncher_Unicode/FlashCtrl/zlib/gzio.c;XLauncher_Unicode/FlashCtrl/zlib/infback.c;XLauncher_Unicode/FlashCtrl/zlib/inffast.c;XLauncher_Unicode/FlashCtrl/zlib/inflate.c;XLauncher_Unicode/FlashCtrl/zlib/inftrees.c;XLauncher_Unicode/FlashCtrl/zlib/zutil.c
XLauncher_Unicode/FTPOptionsDialog.cpp,launcher/patcher,normal player dependency,10040,ff60cc692c85431accda5bc75e84053c6ea49f4b46274eb7c839514b97d8bd21,,XLauncher/FTPOptionsDialog.cpp,0,
XLauncher_Unicode/FTPOptionsDialog.h,launcher/patcher,normal player dependency,2268,9e514ce0d5e1094d80f5ccdb6a07beedf4017a230e18ad6193187d062bdd8ca3,,XLauncher/FTPOptionsDialog.h,3,XLauncher_Unicode/FTPOptionsDialog.cpp;XLauncher_Unicode/SeverMessageDialog.h;XLauncher_Unicode/XLauncherDlg.cpp
XLauncher_Unicode/FTPTransferDlg.cpp,launcher/patcher,normal player dependency,25896,9e4b558b26913567c5c803b81bb1f50c73a141d17619551a6a5f724d6292b11e,,XLauncher/FTPTransferDlg.cpp,0,
XLauncher_Unicode/FTPTransferDlg.h,launcher/patcher,normal player dependency,4338,f66bf49f56dce44229bfe492a25e757c303942ac89fbdee943cd8e23e8b801fb,,XLauncher/FTPTransferDlg.h,2,XLauncher_Unicode/FTPTransferDlg.cpp;XLauncher_Unicode/XLauncherDlg.cpp
XLauncher_Unicode/GradientProgressCtrl.cpp,launcher/patcher,normal player dependency,11910,d358fca9774ad29984e8fc19e60c94980e28fd31acb5e91293095322a9b8ac15,,XLauncher/GradientProgressCtrl.cpp,0,
XLauncher_Unicode/GradientProgressCtrl.h,launcher/patcher,normal player dependency,2965,4b5101fcee204b3e0b2b9efcc5535611c193b361903ae446e1a767110c6376df,,XLauncher/GradientProgressCtrl.h,2,XLauncher_Unicode/GradientProgressCtrl.cpp;XLauncher_Unicode/XLauncherDlg.h
XLauncher_Unicode/IMageResource/Beegoong.swf,launcher/patcher,unclassified/non-code,356263,dc4dd9084597795a71b6483b23769e7ab1e1904e61272035c1f3227b99bcdf42,,XLauncher/IMageResource/Beegoong.swf,0,
XLauncher_Unicode/IMageResource/BeegoongBack.tga,launcher/patcher,unclassified/non-code,1176044,7bd785b10fabb3f9011357ae90d9b424e9f816b8020d17f5dfebed8e934b9e4c,,,0,
XLauncher_Unicode/IMageResource/Gaebang.swf,launcher/patcher,unclassified/non-code,986991,801110e6de2cad957e9855000f7ee108959c38671590a50e5fe3c22da24f1f4a,,XLauncher/IMageResource/Gaebang.swf,0,
XLauncher_Unicode/IMageResource/GaipangBack.psd,launcher/patcher,unclassified/non-code,1421461,423d5bdd00f90e6ff752fc493dc670fa5eac0544b5d3948f7d04d584dc8d8d1a,,,0,
XLauncher_Unicode/IMageResource/jp_beegoong.swf,launcher/patcher,unclassified/non-code,359047,d2574a459088acf3bd53223fdd698b61f992e57a4761788d6b61fcb4310e0db9,,,0,
XLauncher_Unicode/IMageResource/jp_gaebang.swf,launcher/patcher,unclassified/non-code,983614,70023ed20c2665868b95dfb1b3b1f40f66f24ae4c49836fdad0c120b4b52b7ad,,,0,
XLauncher_Unicode/IMageResource/jp_nokrim.swf,launcher/patcher,unclassified/non-code,901628,17ed81f50ca87fc6a8776b77225160e8cd18e07615b1feaac56efeec5293fe3c,,,0,
XLauncher_Unicode/IMageResource/jp_sorim.swf,launcher/patcher,unclassified/non-code,1022052,a929a144507ffb9a62929ea1ab8ea16fa8c062f04785252cfb600b9ac009caba,,,0,
XLauncher_Unicode/IMageResource/KaiPangBack.tga,launcher/patcher,unclassified/non-code,1176044,734e7d9554280582760699c8fd02c4b9d5b5f89dddeeecb2c9cd266086329dd1,,,0,
XLauncher_Unicode/IMageResource/LBorder_beegoong.bmp,launcher/patcher,unclassified/non-code,882056,64fa25d7aa8d7aaf6da5e82df7b4340034a6741331d914847a4289f0242e94b2,,XLauncher/IMageResource/LBorder_beegoong.bmp;XLauncher/res/LBorder_beegoong.bmp,0,
XLauncher_Unicode/IMageResource/LBorder_beegoong.ppm,launcher/patcher,unclassified/non-code,882015,ee9d47d236632876fe0a73209417645aa044b34cf40e6de6beae119df62426be,,XLauncher/IMageResource/LBorder_beegoong.ppm,0,
XLauncher_Unicode/IMageResource/LBorder_gaebang.bmp,launcher/patcher,unclassified/non-code,882056,9e3c9458188edf1a2d45dbb247d7960a0b675684d0a5b9333f2e46d4b3a8ffcb,,XLauncher/IMageResource/LBorder_gaebang.bmp;XLauncher/res/LBorder_gaebang.bmp,0,
XLauncher_Unicode/IMageResource/LBorder_gaebang.ppm,launcher/patcher,unclassified/non-code,882015,31ec1ad6b7292d4fc0633e509c6e23055bea2be680e03f59f46d8f127a248aef,,XLauncher/IMageResource/LBorder_gaebang.ppm,0,
XLauncher_Unicode/IMageResource/LBorder_nokrim.bmp,launcher/patcher,unclassified/non-code,882056,30be12e77e40be3b3f292cf3d0e0a34693bb94dca555192442d3652575309f35,,XLauncher/IMageResource/LBorder_nokrim.bmp;XLauncher/res/LBorder_nokrim.bmp,0,
XLauncher_Unicode/IMageResource/LBorder_nokrim.ppm,launcher/patcher,unclassified/non-code,882015,e2280e2546303b379d7b94ec099bdc516391e453c1cc185130b33abff2570e87,,XLauncher/IMageResource/LBorder_nokrim.ppm,0,
XLauncher_Unicode/IMageResource/LBorder_sorim.bmp,launcher/patcher,unclassified/non-code,882056,e27e356fe660598460934e2684660ad8495bbc302411d0a65247a77eca702174,,XLauncher/IMageResource/LBorder_sorim.bmp;XLauncher/res/LBorder_sorim.bmp,0,
XLauncher_Unicode/IMageResource/LBorder_sorim.ppm,launcher/patcher,unclassified/non-code,882015,465de104347f5558b991fcbaf06367290415da2393360b9ca593cafc7d8edd4c,,XLauncher/IMageResource/LBorder_sorim.ppm,0,
XLauncher_Unicode/IMageResource/Nokrim.swf,launcher/patcher,unclassified/non-code,898827,5d3570bae09ef0c75a8e0f7762150f15a28dd6d149fccb44d94cb304968c5cf7,XLauncher/IMageResource/Nokrim.swf,XLauncher/IMageResource/Nokrim.swf,0,
XLauncher_Unicode/IMageResource/NokrimBack.tga,launcher/patcher,unclassified/non-code,1176044,036fce2f37afd24984921d94e45d88705058a4d1f8b99dbf057ffc44a8de7b8c,,,0,
XLauncher_Unicode/IMageResource/Notice.XI,launcher/patcher,unclassified/non-code,79114,8eaf585e3b5b947af3f0079494660d87a506ff55e8e1bcadf3d025eb7bc8c20a,,XLauncher/IMageResource/Notice.XI,0,
XLauncher_Unicode/IMageResource/Option.XI,launcher/patcher,unclassified/non-code,382546,1bdd7a6f00c35cb10f222dfd1acc7824504d4671f10609a6305c3c8471640472,,XLauncher/IMageResource/Option.XI,0,
XLauncher_Unicode/IMageResource/OptionBorder.bmp,launcher/patcher,unclassified/non-code,382592,2410e14e113ff721273961ae398064c4760b393185059d7150f716a29d4b0310,,XLauncher/IMageResource/OptionBorder.bmp;XLauncher/res/OptionBorder.bmp,0,
XLauncher_Unicode/IMageResource/PopupBorder.bmp,launcher/patcher,unclassified/non-code,33896,9d2887dc1cc6aa278cb54664606f97aa8b56413613724430dcbdcfbfb164f0d3,XLauncher/IMageResource/PopupBorder.bmp;XLauncher/res/PopupBorder.bmp,XLauncher/IMageResource/PopupBorder.bmp;XLauncher/res/PopupBorder.bmp,0,
XLauncher_Unicode/IMageResource/PopupBorder.ppm,launcher/patcher,unclassified/non-code,33854,b61137cefd2a967f9273f6c5f26a6aa3e17aba139e007f7dbf1ac222b65f4241,XLauncher/IMageResource/PopupBorder.ppm,XLauncher/IMageResource/PopupBorder.ppm,0,
XLauncher_Unicode/IMageResource/rs_Beegoong.swf,launcher/patcher,unclassified/non-code,361374,4a755f8c4c1243220a5ac56389ac7383be14e613cf658d92f5fa1e0966f0bcf0,,,0,
XLauncher_Unicode/IMageResource/rs_Gaebang.swf,launcher/patcher,unclassified/non-code,986283,12fe6d124f7cf19e3225c80dd2cc94c37a2143a7a5e0b5f6c51764496699a54c,,,0,
XLauncher_Unicode/IMageResource/rs_Nokrim.swf,launcher/patcher,unclassified/non-code,903515,563816f434a39f2cf17716fb75dc6b60ed3f6a2642f6b3ad3c79aa2143fc31d2,,,0,
XLauncher_Unicode/IMageResource/rs_Sorim.swf,launcher/patcher,unclassified/non-code,1024272,6af051459c8390cd782247aacc560ceefa4b5b8a269ea295412d472503203b78,,,0,
XLauncher_Unicode/IMageResource/SelectServer.XI,launcher/patcher,unclassified/non-code,382546,c4b83ce833db49a90d8dba11fe1050875f122e2feb7efdd9eb5c74549b20429c,XLauncher/IMageResource/SelectServer.XI,XLauncher/IMageResource/SelectServer.XI,0,
XLauncher_Unicode/IMageResource/ShaorinBack.tga,launcher/patcher,unclassified/non-code,1176044,9d019b1b07f858dfbf9fc0b7c2f43d95f2e3ca5856231e6fe2dd1febcc971e45,,,0,
XLauncher_Unicode/IMageResource/Sorim.swf,launcher/patcher,unclassified/non-code,982283,7392fae7ed374ab89b81e473c00072fce506ed26647077f6e76179074f6a32c2,XLauncher/IMageResource/Sorim.swf,XLauncher/IMageResource/Sorim.swf,0,
XLauncher_Unicode/IMageResource/tw_Beegoong.swf,launcher/patcher,unclassified/non-code,355919,6e1db05673f2733101abc0b1caab141bfab3a240d0c6a633ea43e228b0546534,,,0,
XLauncher_Unicode/IMageResource/tw_Gaebang.swf,launcher/patcher,unclassified/non-code,986652,03362defc06275c94085c07fe71cb0add1fb69d62ed5c743721f12589eadeda9,,,0,
XLauncher_Unicode/IMageResource/TW_LBorder_beegoong.ppm,launcher/patcher,unclassified/non-code,882015,b66310af60386f55c522be4c51b15a6b0ab48d9f7bf173408506487c38f7a16c,,,0,
XLauncher_Unicode/IMageResource/TW_LBorder_gaebang.ppm,launcher/patcher,unclassified/non-code,882015,8c5c1373268c1d37245bcd209fd3b400734b61819975c2408b6d8213e63d023c,,,0,
XLauncher_Unicode/IMageResource/TW_LBorder_nokrim.ppm,launcher/patcher,unclassified/non-code,882015,a8df8c3fbedf314ab59dbefb7e119c8d5c41a8d14acd446a64c1004406eeeffc,,,0,
XLauncher_Unicode/IMageResource/TW_LBorder_sorim.ppm,launcher/patcher,unclassified/non-code,882015,27d878d2ce357ac1a85c85f10cc6a5d255d05ff4a474fd7dc405039897ca1618,,,0,
XLauncher_Unicode/IMageResource/tw_Nokrim.swf,launcher/patcher,unclassified/non-code,898453,87beb8df05aa7dedca2bfe29e1196e346f73b13ee23994cc0e5604b85c1ec3f1,,,0,
XLauncher_Unicode/IMageResource/tw_Sorim.swf,launcher/patcher,unclassified/non-code,981412,326515802812ef6766f586ddd4cbba908694e66ef025baa3c9c1c49ed52efeab,,,0,
XLauncher_Unicode/IMageResource/Update.XI,launcher/patcher,unclassified/non-code,79114,b2de8dba7d0b1c0426793f7fa701dcb3c1fe146164bfb7ee971e8efd44406d15,,XLauncher/IMageResource/Update.XI,0,
XLauncher_Unicode/IMageResource/UpdateTitle.XI,launcher/patcher,unclassified/non-code,34786,a2355729c0f2f3bd46f63b4c374616b660da2ca2bb01ea08999d47594d2e0c62,,,0,
XLauncher_Unicode/IMageResource/us_Beegoong.swf,launcher/patcher,unclassified/non-code,364322,c269c8669e0162acc793f4bb5cef78fcd6fbd9642c0461d5ace852027d2ae3c9,,,0,
XLauncher_Unicode/IMageResource/us_Gaebang.swf,launcher/patcher,unclassified/non-code,994818,75c159e6cdb502a93dc7428f2b7d2d708284d07fd450718846e3d1891d72dc21,,,0,
XLauncher_Unicode/IMageResource/us_Nokrim.swf,launcher/patcher,unclassified/non-code,907192,0aa5111cdc2d320ec2c10b23c8c5bc4fa51a3fedcc7f8a021d32b14ab4bd751d,,,0,
XLauncher_Unicode/IMageResource/us_Sorim.swf,launcher/patcher,unclassified/non-code,987942,c02f8de44e76e90eb5a3bb2a86bebd2ea55c693d79bb69d16e4edd1186e868d7,,,0,
XLauncher_Unicode/IMageResource/vn_Beegoong.swf,launcher/patcher,unclassified/non-code,356072,63588ff9531bb0727572d266fcb63d69a7c60193e7d65fdc9be729cc5ef08ee5,,,0,
XLauncher_Unicode/IMageResource/vn_Gaebang.swf,launcher/patcher,unclassified/non-code,989790,dac28bd287f8467d11d86e0aad311fe84c61a1388f9fca5a9798034a5ccfe74e,,,0,
XLauncher_Unicode/IMageResource/vn_LBorder_beegoong.ppm,launcher/patcher,unclassified/non-code,882015,316ce2c5032696339a5d4fbc6cfcb8bf8dd9d50768cc12be050b85378746ba54,,,0,
XLauncher_Unicode/IMageResource/vn_LBorder_gaebang.ppm,launcher/patcher,unclassified/non-code,882015,ada925526c851a072ffa6873153c25b57fdcb483a1a25d89e8ebc18a9f86ec9d,,,0,
XLauncher_Unicode/IMageResource/vn_LBorder_nokrim.ppm,launcher/patcher,unclassified/non-code,882015,1eb2b38053c9693d76fd6982797c2498adfcb8cdc4db3af9d1fbc01008ee3ea1,,,0,
XLauncher_Unicode/IMageResource/vn_LBorder_sorim.ppm,launcher/patcher,unclassified/non-code,882015,c688b5d400b2a75726ae3e0407fb6a394f9cfc8f80f714bb25ca7b115431bced,,,0,
XLauncher_Unicode/IMageResource/vn_Nokrim.swf,launcher/patcher,unclassified/non-code,916661,91695eff573dfe9a9980cb2d91af43b936d88c8315a79f05f607330250253660,,,0,
XLauncher_Unicode/IMageResource/vn_Sorim.swf,launcher/patcher,unclassified/non-code,984051,d4955c556c932959cf2331d6284e383cfe49b36e0686cf1c75ddb5c1eb464927,,,0,
XLauncher_Unicode/IMageResource/vssver.scc,launcher/patcher,unclassified/non-code,1184,f0763e0cd7538ccbc4ba07c6f31baed12baeb301fbbf6f7c9b51c9981192a6d1,,MeshControl/vssver.scc,0,
XLauncher_Unicode/IMageResource/WebBorder.bmp,launcher/patcher,unclassified/non-code,226078,cc4f5d30f25f5bc715c73b160162174b383bd174cff68e4d204ddbf0224bdf04,XLauncher/IMageResource/WebBorder.bmp;XLauncher/res/WebBorder.bmp,XLauncher/IMageResource/WebBorder.bmp;XLauncher/res/WebBorder.bmp,0,
XLauncher_Unicode/IMageResource/WebBorder.ppm,launcher/patcher,unclassified/non-code,675015,3bcdfd6857ab25aaf9076a2a285dbced6c356f0869a4cfb5153c24632e9bf0f4,,XLauncher/IMageResource/WebBorder.ppm,0,
XLauncher_Unicode/IMageResource/XLauncher_JP.XPS,launcher/patcher,unclassified/non-code,344,003d8cb4a5afd58bc71141e11397a936c0d5d7c4a8df14b3a6aad8cb0fabaa85,,,0,
XLauncher_Unicode/IMageResource/XLauncher_KR.XPS,launcher/patcher,unclassified/non-code,448,e7302a703ed7b8933dedebd74c8df1ca060e108c03ea06cd8767bac84da9071e,,,0,
XLauncher_Unicode/IMageResource/XLauncher_RS.XPS,launcher/patcher,unclassified/non-code,344,3494ac1bcaa6ef17e5d8b1787d046d3a61a2120687c25c7ffc47e74673de43f3,,,0,
XLauncher_Unicode/IMageResource/XLauncher_TW.XPS,launcher/patcher,unclassified/non-code,356,3d49e14c01056209ad1d30f20c9c8648e1a86ab0a94bc332a673b864417f6fd7,,,0,
XLauncher_Unicode/IMageResource/XLauncher_US.XPS,launcher/patcher,unclassified/non-code,344,d2b857ae5d156a80f9dffe0ac439e77605b47200b00ee1394bef8e58bc4052ab,,,0,
XLauncher_Unicode/IMageResource/XLauncher_VN.XPS,launcher/patcher,unclassified/non-code,401,def08579b0f81e9b28a8c8b4d83d7985a87a096e3eb9ece6c44e39a2ecc766d9,,,0,
XLauncher_Unicode/IMageResource/XPacker.exe,launcher/patcher,unclassified/non-code,356352,bfeb1237c48e19c282a493b8dab2afeb21fe4e36fa8bd4349496ed7801bd8b4e,XLauncher/IMageResource/XPacker.exe,XLauncher/IMageResource/XPacker.exe,0,
XLauncher_Unicode/KCBusyProgressCtrl.cpp,launcher/patcher,normal player dependency,17370,3fa861081f24742895ce15d7c2b11a0990a10301389d057126899433cefe6cec,,XLauncher/KCBusyProgressCtrl.cpp,0,
XLauncher_Unicode/KCBusyProgressCtrl.h,launcher/patcher,normal player dependency,8418,f9112ddbd0c757f2a651a196a0adc92559edb72cb4b920e2d15d33509d842c80,,XLauncher/KCBusyProgressCtrl.h,1,XLauncher_Unicode/KCBusyProgressCtrl.cpp
XLauncher_Unicode/Label.cpp,launcher/patcher,normal player dependency,29773,5fedb25bec13c26c496a9428e1e653becdf8a622871dbc1a09c317b5e4777d13,,XLauncher/Label.cpp;XPatch/Label.cpp,0,
XLauncher_Unicode/Label.h,launcher/patcher,normal player dependency,3386,e4d02f742dfafa410f31ce4cb31100972724ecdc8a9d580f68b16bb15d5ea8cd,,XLauncher/Label.h;XPatch/Label.h,5,XLauncher_Unicode/FTPTransferDlg.h;XLauncher_Unicode/Label.cpp;XLauncher_Unicode/ResChangeDialog.h;XLauncher_Unicode/XLauncherDlg.h;XLauncher_Unicode/noticedialog.h
XLauncher_Unicode/Launcher.log,generated/build artifact,unclassified/non-code,0,e3b0c44298fc1c149afbf4c8996fb92427ae41e4649b934ca495991b7852b855,Compiled/JP/debug/EmperorOfDragons/EmperorOfDragons.tlog/unsuccessfulbuild;Compiled/JP/debug/XFControl/XFControl.tlog/unsuccessfulbuild;Compiled/JP/debug/XGamebase/XGamebase.tlog/unsuccessfulbuild;Compiled/JP/debug/XKernel/XKernel.tlog/unsuccessfulbuild;Compiled/KR/release_debug/NexonADBalloonLib/ADBalloon.sbr;Compiled/KR/release_debug/NexonADBalloonLib/NexonADBalloonLib.lib.lastcodeanalysissucceeded;NexonADBalloonLib/BrowserControl.cpp;NexonADBalloonLib/BrowserControl.h;SetRegistry/Debug/SetRegistry.tlog/unsuccessfulbuild;SetRegistry/Release/AddServerDlg.sbr;SetRegistry/Release/NANGReg.sbr;SetRegistry/Release/SetRegistry.sbr;SetRegistry/Release/SetRegistryDlg.sbr;SetRegistry/Release/Xitem.sbr;SetRegistry/Release/Xlist.sbr;XFileTransfer/Debug/XFileTransfer.tlog/unsuccessfulbuild;XFileTransfer/Release/XFileTransfer.tlog/unsuccessfulbuild;XLauncher/Debug/XLauncher.tlog/unsuccessfulbuild;XLauncher/Release/XLauncher.tlog/unsuccessfulbuild;XPacker/Debug/XPacker.tlog/unsuccessfulbuild;XPacker/Release/XPacker.tlog/unsuccessfulbuild;XPatch/Debug/XPatch.tlog/unsuccessfulbuild;XPatch/Release/XPatch.tlog/unsuccessfulbuild,,0,
XLauncher_Unicode/MacButtons.cpp,launcher/patcher,normal player dependency,75471,7005e2ed54beb1d357edad97c4fef59a9d80c6ad6b5f5556f44f7a0068a41831,,XLauncher/MacButtons.cpp,0,
XLauncher_Unicode/MacButtons.h,launcher/patcher,normal player dependency,9372,a80bbb4b651ce7f48bd14a24d05caa37228331a7c7ca7a02d8a33f0804ba4e50,,XLauncher/MacButtons.h,4,XLauncher_Unicode/FTPTransferDlg.h;XLauncher_Unicode/MacButtons.cpp;XLauncher_Unicode/ResChangeDialog.h;XLauncher_Unicode/SeverMessageDialog.h
XLauncher_Unicode/Markup.cpp,launcher/patcher,normal player dependency,81758,e6bae3a4c2c268340b569418aa60f05aa141925f70fd3cf1a41d262bf8ac0e23,,,0,
XLauncher_Unicode/Markup.h,launcher/patcher,normal player dependency,18515,916b19af52c9bdd055b8faa8baa4cd970c81903e8ce8e0ee320aa0905f487b12,,,2,XLauncher_Unicode/Markup.cpp;XLauncher_Unicode/XLauncherDlg.cpp
XLauncher_Unicode/memdc.h,launcher/patcher,normal player dependency,3079,371583c9db6f737d82aa37b3f94990444568222c52413155fd5b818f8d59e22a,,XLauncher/memdc.h,6,XLauncher_Unicode/BitmapSlider.h;XLauncher_Unicode/GradientProgressCtrl.h;XLauncher_Unicode/SkinHeaderCtrl.cpp;XLauncher_Unicode/SkinHorizontalScrollbar.h;XLauncher_Unicode/SkinVerticleScrollbar.h;XLauncher_Unicode/TextProgressCtrl.h
XLauncher_Unicode/mp3decoder.lib,launcher/patcher,unclassified/non-code,122440,3d27b37d6bf9ba95d8d3f5e1c75c1256b0759f76f6980627dbd936f25bd9558c,XFControl/mp3decoder.lib;XLauncher/FlashCtrl/mp3decoder.lib;XLauncher/mp3decoder.lib,XFControl/mp3decoder.lib;XLauncher/FlashCtrl/mp3decoder.lib;XLauncher/mp3decoder.lib,0,
XLauncher_Unicode/mssccprj.scc,launcher/patcher,unclassified/non-code,351,aa43b2ddfc5a807ed253da129758a060dc091c0cc25188a1ad03e3089d731b39,,NexonADBalloonLib/mssccprj.scc;SetRegistry/SetRegistry/mssccprj.scc;SetRegistry/mssccprj.scc;XFControl/mssccprj.scc;XFileTransfer/XFileTransfer/mssccprj.scc;XFileTransfer/mssccprj.scc;XGamebase/mssccprj.scc;XKernel/mssccprj.scc;XLauncher/mssccprj.scc;XPacker/mssccprj.scc;XPatch/mssccprj.scc;audio_sdk/asorg/src/AudioLib/mssccprj.scc;audio_sdk/asorg/src/AudioScript/mssccprj.scc;audio_sdk/include/AudioScript/mssccprj.scc;audio_sdk/src/AudioLib/mssccprj.scc;audio_sdk/src/AudioLib/src/AudioLib/mssccprj.scc;audio_sdk/src/AudioScript/AudioScript/mssccprj.scc;audio_sdk/src/AudioScript/mssccprj.scc;audio_sdk/src/mssccprj.scc;mssccprj.scc,0,
XLauncher_Unicode/noticedialog.cpp,launcher/patcher,normal player dependency,3477,786668dcc469c9d04aa70f1a9d0263da52143093a62b1b6c47e60026f39da5a2,,XLauncher/noticedialog.cpp,0,
XLauncher_Unicode/noticedialog.h,launcher/patcher,normal player dependency,1813,f8c3a477973bd398093f065e35c91aad4f8c334a283eeea7d47b98943cf90d53,,XLauncher/noticedialog.h,2,XLauncher_Unicode/XLauncherDlg.h;XLauncher_Unicode/noticedialog.cpp
XLauncher_Unicode/NotInstalledDialog.cpp,launcher/patcher,normal player dependency,4121,02376d628569fb819f9a0c958495310b3db5e59bdcce63208146d936f77af3e6,,XLauncher/NotInstalledDialog.cpp,0,
XLauncher_Unicode/NotInstalledDialog.h,launcher/patcher,normal player dependency,1390,a4908505d652b7c3479305944ab254512058c1b06256472e4645c312a58d3f0c,,XLauncher/NotInstalledDialog.h,2,XLauncher_Unicode/NotInstalledDialog.cpp;XLauncher_Unicode/XLauncherDlg.cpp
XLauncher_Unicode/Package.cpp,launcher/patcher,normal player dependency,37813,669e9c34bfca2f3d25b137bcde4125e56ce760720c86f0fef68eb7ddc4d522c3,,XLauncher/Package.cpp;XPacker/Package.cpp;XPatch/Package.cpp,0,
XLauncher_Unicode/Package.h,launcher/patcher,normal player dependency,2343,f1fcfa341e1c11b7daf67c8cfed77a9d95cf9947fb07a4c445c315ee3273b10f,,XLauncher/Package.h;XPacker/Package.h;XPatch/Package.h,4,XLauncher_Unicode/Package.cpp;XLauncher_Unicode/XLauncher.cpp;XLauncher_Unicode/XLauncherDlg.cpp;XLauncher_Unicode/noticedialog.h
XLauncher_Unicode/PackFilePatch.vsd,launcher/patcher,unclassified/non-code,65536,93288a621706de02f7154402ad794f27176060ff8c91d04054994ed0ba7b8d21,,,0,
XLauncher_Unicode/Profiling.txt,launcher/patcher,unclassified/non-code,49034,965475d9f85431e378e39d0cb29138808266e843da6127467e413f74cce51d50,,XLauncher/Profiling.txt,0,
XLauncher_Unicode/ProxyIBindStatusCallback.h,launcher/patcher,normal player dependency,2971,30a9c271b62c51c06e3d14818fd6d6d0c326d14915afd664b25f1c6441ed0ddd,,XLauncher/ProxyIBindStatusCallback.h,0,
XLauncher_Unicode/ReadMe.txt,launcher/patcher,unclassified/non-code,3545,206e4802bc3035f6edfbdfd937497c8a191bb5976b8eb2e3903c2b01c2e2a428,,ReadMe.txt;SetRegistry/ReadMe.txt;SetRegistry/SetRegistry/ReadMe.txt;XFControl/Win32/ReadMe.txt;XFileTransfer/ReadMe.txt;XLauncher/ReadMe.txt;XPacker/ReadMe.txt;XPatch/ReadMe.txt;qhtm sdk/qhtm static link/readme.txt;qhtm sdk/test/readme.txt,0,
XLauncher_Unicode/res/00_DOTSTUDIO.ico,launcher/patcher,unclassified/non-code,2238,8c4b488472ef6be94f19cb56fa40eca0d3474785d3f126f219f5d56a323d50a7,XLauncher/res/00_DOTSTUDIO.ico,XLauncher/res/00_DOTSTUDIO.ico,0,
XLauncher_Unicode/res/39-NeXT98 CD-ROM Drive.ico,launcher/patcher,unclassified/non-code,2238,06c1875e367e98b717ba920121c52bbb6ef3410a4a6bbc318a16baf8aa8dc150,XLauncher/res/39-NeXT98 CD-ROM Drive.ico,XLauncher/res/39-NeXT98 CD-ROM Drive.ico,0,
XLauncher_Unicode/res/43838.jpg,launcher/patcher,unclassified/non-code,574,35eca4ad58bc248ebced89e58b2a3081958e2e2e98b161fad6c33920fb6ed31a,XLauncher/res/43838.jpg,XLauncher/res/43838.jpg,0,
XLauncher_Unicode/res/84453.gif,launcher/patcher,unclassified/non-code,7953,263b9746636220d4709bb96051685c8e72d160fa55ce4b534dece27128aac806,XLauncher/res/84453.gif,XLauncher/res/84453.gif,0,
XLauncher_Unicode/res/__XLauncher.ico,launcher/patcher,unclassified/non-code,766,a4872a02020a13caedc3e4707f487a7933439a7b52db4a6cd02fd27a53b9fe0f,XLauncher/res/__XLauncher.ico,XLauncher/res/__XLauncher.ico,0,
XLauncher_Unicode/res/_EODBORDER.bmp,launcher/patcher,unclassified/non-code,126078,eaca550d71c47e34959f3a0f49eaebd71713de3665f30d6694961ebfd47966ec,XLauncher/res/_EODBORDER.bmp,XLauncher/res/_EODBORDER.bmp,0,
XLauncher_Unicode/res/_Launcherbutton.wav,launcher/patcher,unclassified/non-code,26914,11ee3e87a0277d289f1ef8c36061b9edcb1ff7b78729b1578aabc59aaf34f0f7,XLauncher/res/_Launcherbutton.wav,XLauncher/res/_Launcherbutton.wav,0,
XLauncher_Unicode/res/_MainIcon.ico,launcher/patcher,unclassified/non-code,3262,dc0b0be7efc08182d1a5b30675e08401f2f6efba5f078e16130d7a9514b5a44e,XLauncher/res/_MainIcon.ico;res/NineDragons.ico,XLauncher/res/_MainIcon.ico,0,
XLauncher_Unicode/res/ani063.gif,launcher/patcher,unclassified/non-code,10076,ae1d70dd5687643d35e7a975d1e546bc15ada46c29c4d7f6be6e27a82a6bedf0,XLauncher/res/ani063.gif,XLauncher/res/ani063.gif,0,
XLauncher_Unicode/res/ani069.gif,launcher/patcher,unclassified/non-code,19375,f57f087ef4ddaf96eb4d7877d048eecb40e7827a37897e5bbfa212fdcc6676d3,XLauncher/res/ani069.gif,XLauncher/res/ani069.gif,0,
XLauncher_Unicode/res/Apple Menu Option.ico,launcher/patcher,unclassified/non-code,2238,a0c782cbb89a993fc23bdcaae3249de3d102332a3e75d92d3e7403b22fb12e92,XLauncher/res/Apple Menu Option.ico,XLauncher/res/Apple Menu Option.ico,0,
XLauncher_Unicode/res/Assistant Upgrade From AICK.ico,launcher/patcher,unclassified/non-code,2238,424175cca94a980a7d9697286bcb33f3d040c272f4511be667ee30e78122ea5a,XLauncher/res/Assistant Upgrade From AICK.ico,XLauncher/res/Assistant Upgrade From AICK.ico,0,
XLauncher_Unicode/res/back.gif,launcher/patcher,unclassified/non-code,1622,fff1fdfca503721f4c227b23796d8f91f04c168be0ac4b507b0283f7f08c8a94,XLauncher/res/back.gif,XLauncher/res/back.gif,0,
XLauncher_Unicode/res/back.jpg,launcher/patcher,unclassified/non-code,2494,dbe5c6618bce94699ea519e5b3c35f4a997c44351eb60ef4d099608c9ebde8fb,XLauncher/res/back.jpg,XLauncher/res/back.jpg,0,
XLauncher_Unicode/res/Back062.jpg,launcher/patcher,unclassified/non-code,12957,0f52e80355b7f412a0ec9f2dd08408539ad1d358cdd0e69e823b2d6c02ece5d8,XLauncher/res/Back062.jpg,XLauncher/res/Back062.jpg,0,
XLauncher_Unicode/res/bcg218.gif,launcher/patcher,unclassified/non-code,1654,805d5ca1c71992dbcde51ecae170490def9110ef06279446316247ecfb7a4b60,XLauncher/res/bcg218.gif,XLauncher/res/bcg218.gif,0,
XLauncher_Unicode/res/bitmap1.bmp,launcher/patcher,unclassified/non-code,202,ec8bc69d240f6e29a99a97ac5b6b1d25fd73b90900b793d4d3e56ef344f2f787,XLauncher/res/bitmap1.bmp,XLauncher/res/bitmap1.bmp,0,
XLauncher_Unicode/res/BmpBack.bmp,launcher/patcher,unclassified/non-code,5174,f35607b38d4bfc846d9dce81d0d170f8322c8f2a6856d5bedbc4572dd3bff8ee,XLauncher/res/BmpBack.bmp,XLauncher/res/BmpBack.bmp,0,
XLauncher_Unicode/res/BORDER.bmp,launcher/patcher,unclassified/non-code,171478,61a1fcfae645b7c783dd43685b1d6e21fce9cf26aa83d95bfd32f48f6591a12a,XLauncher/res/BORDER.bmp,XLauncher/res/BORDER.bmp;XPatch/res/Border.bmp,0,
XLauncher_Unicode/res/center.bmp,launcher/patcher,unclassified/non-code,1414,d295a68bf9bc64706337763e4ac79d6ff8195939ca8c1bd77205bfc8cad0e5ba,XLauncher/res/center.bmp,XLauncher/res/center.bmp,0,
XLauncher_Unicode/res/Close.bmp,launcher/patcher,unclassified/non-code,532,c654f820a02b39ea32e7592b5208544cd28be61f30986cdd90d766580781696c,XLauncher/res/Close.bmp,XLauncher/res/Close.bmp;XPatch/res/Close.bmp,0,
XLauncher_Unicode/res/CloseButton.bmp,launcher/patcher,unclassified/non-code,1846,2d637da2adb1404f86b6df2e4f5ab6efcb12cd60ea4f4d9afe7e20678d939982,XLauncher/res/CloseButton.bmp,XLauncher/res/CloseButton.bmp,0,
XLauncher_Unicode/res/ColumnHeaderEnd.bmp,launcher/patcher,unclassified/non-code,152,9b4f74e01015dae723e55d4e5a65d8b0635965ada9718fb57958e0ac4e380035,XLauncher/res/ColumnHeaderEnd.bmp,XLauncher/res/ColumnHeaderEnd.bmp,0,
XLauncher_Unicode/res/ColumnHeaderSpan.bmp,launcher/patcher,unclassified/non-code,104,a917b5361be61a253a3ed0409bee4215cfbe525f2855e5cc6623a7d5cc3ed3bf,XLauncher/res/ColumnHeaderSpan.bmp,XLauncher/res/ColumnHeaderSpan.bmp,0,
XLauncher_Unicode/res/ColumnHeaderStart.bmp,launcher/patcher,unclassified/non-code,152,d8531c2908412f4f95fcc85ca43ac0dafeae7cef52f0af794de34e2658b3a573,XLauncher/res/ColumnHeaderStart.bmp,XLauncher/res/ColumnHeaderStart.bmp,0,
XLauncher_Unicode/res/computer12.jpg,launcher/patcher,unclassified/non-code,5478,e5a754bace0da337bd3f4c910a99822bef4db393d86a041858bb9d44cd095aa6,XLauncher/res/computer12.jpg,XLauncher/res/computer12.jpg,0,
XLauncher_Unicode/res/cursor1.cur,launcher/patcher,unclassified/non-code,326,c48315bbcec0c9cd446ac5d831baa0906f9516b7037507af41072000160bd67e,XLauncher/res/cursor1.cur,Resource/cursor1.cur;XLauncher/res/cursor1.cur,0,
XLauncher_Unicode/res/D4_Default File.ico,launcher/patcher,unclassified/non-code,2238,540ec85529bae45eb085a45c265bc40cf4a4c3ec64a010eb6caea6be942cdce0,XLauncher/res/D4_Default File.ico,XLauncher/res/D4_Default File.ico,0,
XLauncher_Unicode/res/EARTH2.gif,launcher/patcher,unclassified/non-code,89497,59e6a70a3663b6ecb737e6aba381e184c17a4580cfede4c7660976ac497dba61,XLauncher/res/EARTH2.gif,XLauncher/res/EARTH2.gif,0,
XLauncher_Unicode/res/EODBORDER.bmp,launcher/patcher,unclassified/non-code,201078,cc621dd9316efc88fbd305d767888c37211974bb162176015e95500506652ef9,XLauncher/res/EODBORDER.bmp,XLauncher/res/EODBORDER.bmp,0,
XLauncher_Unicode/res/EODClose.bmp,launcher/patcher,unclassified/non-code,2438,9c1e12303f7c4b427b41c8e2306fb121d66fccc9156fa8425b7dde53a85ffc89,XLauncher/res/EODClose.bmp,XLauncher/res/EODClose.bmp,0,
XLauncher_Unicode/res/EODExit.bmp,launcher/patcher,unclassified/non-code,1334,974c1b1b922025830ccef2416d76c3118487ad05bfda647b0516a8be9ed7a5c1,XLauncher/res/EODExit.bmp,XLauncher/res/EODExit.bmp,0,
XLauncher_Unicode/res/EODJoin.bmp,launcher/patcher,unclassified/non-code,2438,5af3d6afd3a483f813d5f29c8af0a65a6f7f9096ef78f1f6dab14ad77f95343c,XLauncher/res/EODJoin.bmp,XLauncher/res/EODJoin.bmp,0,
XLauncher_Unicode/res/EODMinimize.bmp,launcher/patcher,unclassified/non-code,1334,37ce393c0b8f2161e1069bfcb341d10421629727bb3b2c04e2c93c49432ff00b,XLauncher/res/EODMinimize.bmp,XLauncher/res/EODMinimize.bmp,0,
XLauncher_Unicode/res/EODRun.bmp,launcher/patcher,unclassified/non-code,2438,e191766bb55224829f681c1dc8c7e06f401c4abc4c7e97bf64578029291215a7,XLauncher/res/EODRun.bmp,XLauncher/res/EODRun.bmp,0,
XLauncher_Unicode/res/EODSetup.bmp,launcher/patcher,unclassified/non-code,2438,8e3df8e66a1386e4d7bd4a31242a73f1418f958fd8dc406a59376de1c2b87501,XLauncher/res/EODSetup.bmp,XLauncher/res/EODSetup.bmp,0,
XLauncher_Unicode/res/EODUpdate.bmp,launcher/patcher,unclassified/non-code,2440,3aae51578699ceb151756c4222607bca1fcdd6be343ebcbdbd1152b4b85865bd,XLauncher/res/EODUpdate.bmp,XLauncher/res/EODUpdate.bmp,0,
XLauncher_Unicode/res/eu_CoLogo.bmp,launcher/patcher,unclassified/non-code,3320,e2e704408c214c64f24025f22de229b6fed0fa5f1864c1304fa03c1ccb17c407,,,0,
XLauncher_Unicode/res/eu_interface (1).rc2,launcher/patcher,normal player dependency,390,d980c20b6dec8c28cc5ae0e1a745b6ec9d249f2a5b3fee0cd13f9a8f465a14bb,,,0,
XLauncher_Unicode/res/eu_interface.txt,launcher/patcher,unclassified/non-code,4476,33fc7342922b524f84a39fad5e3cbfa13e743fed55334454babc2f3af09fca5e,,,0,
XLauncher_Unicode/res/ftptransfer.avi,launcher/patcher,unclassified/non-code,10886,a7f446d31ccff19a043e06c6e592eff704efd2e54ddaae251be194b505f1e4d8,XLauncher/res/ftptransfer.avi,XLauncher/res/ftptransfer.avi,0,
XLauncher_Unicode/res/gfont23.gif,launcher/patcher,unclassified/non-code,3039,7e590e43b8e2a7c6c575b6237bd8268b8c92886e45436d53074a46a3fa79c1e8,XLauncher/res/gfont23.gif,XLauncher/res/gfont23.gif,0,
XLauncher_Unicode/res/gfont24.gif,launcher/patcher,unclassified/non-code,3026,a3d24c52b2329a411230888098fbb3c6b971b14632be07d8c944ab63c432f562,XLauncher/res/gfont24.gif,XLauncher/res/gfont24.gif,0,
XLauncher_Unicode/res/globe2(1).gif,launcher/patcher,unclassified/non-code,42474,7673f02dc7f19ed934b7146619f71e49057bd2072d60b72de9317368b83dd7c3,XLauncher/res/globe2(1).gif,XLauncher/res/globe2(1).gif,0,
XLauncher_Unicode/res/GoldDragon.BMP,launcher/patcher,unclassified/non-code,778374,4e742cd2213780d867e76f0405f0f2ea62ca42dd5e9c1bd8d8a43ba1776d39ac,XLauncher/res/GoldDragon.BMP,XLauncher/res/GoldDragon.BMP,0,
XLauncher_Unicode/res/highquality_highlight.bmp,launcher/patcher,unclassified/non-code,2278,f5d65c920963b0ce6dc2bd2081a6c601ee3320985da5e0775c01d490912e7fbd,XLauncher/res/highquality_highlight.bmp,XLauncher/res/highquality_highlight.bmp,0,
XLauncher_Unicode/res/highquality_normal.bmp,launcher/patcher,unclassified/non-code,2278,83de9952b979157f4df61276ad4213491b55df296be130a740083dd4411556a1,XLauncher/res/highquality_normal.bmp,XLauncher/res/highquality_normal.bmp,0,
XLauncher_Unicode/res/HorizontalScrollBarLeftArrow.bmp,launcher/patcher,unclassified/non-code,1016,eed4e0789824cbc247f60018faa4ca877ef3223bafbb137f060cb22b2701cc6e,XLauncher/res/HorizontalScrollBarLeftArrow.bmp,XLauncher/res/HorizontalScrollBarLeftArrow.bmp,0,
XLauncher_Unicode/res/HorizontalScrollBarRightArrow.bmp,launcher/patcher,unclassified/non-code,1016,9fa5feb9a05deebd3314c0793cf04067867bcd74d9306e1155fc32dbe16302c0,XLauncher/res/HorizontalScrollBarRightArrow.bmp,XLauncher/res/HorizontalScrollBarRightArrow.bmp,0,
XLauncher_Unicode/res/HorizontalScrollBarSpan.bmp,launcher/patcher,unclassified/non-code,104,f91c7dd10917a30cce80ab01b3701dadf3c9a6f390cfdfc904fd56e3636a9643,XLauncher/res/HorizontalScrollBarSpan.bmp,XLauncher/res/HorizontalScrollBarSpan.bmp,0,
XLauncher_Unicode/res/HorizontalScrollBarThumb.bmp,launcher/patcher,unclassified/non-code,1016,079541b544cc2f8f5b76149df98c91e4cdbb9c7b56042bc187942d6876e92601,XLauncher/res/HorizontalScrollBarThumb.bmp,XLauncher/res/HorizontalScrollBarThumb.bmp,0,
XLauncher_Unicode/res/IMAGE10.bmp,launcher/patcher,unclassified/non-code,17462,3b8e88edae3cd55a2e75a2625cced840994e7759e15fa422b4964f8cae33787f,XLauncher/res/IMAGE10.bmp,XLauncher/res/IMAGE10.bmp,0,
XLauncher_Unicode/res/IMAGE10.gif,launcher/patcher,unclassified/non-code,5878,046c2e6bb1fdfb52323d1a4a8dba9425f514c5f3ebf05b26eda71fe0c3fda45b,XLauncher/res/IMAGE10.gif,XLauncher/res/IMAGE10.gif,0,
XLauncher_Unicode/res/jp_CoLogo.bmp,launcher/patcher,unclassified/non-code,3322,4a457b3cb3edbac33eaf080f1e819bec13e85fb5923ac5743deeb08ffdcb4ee4,,,0,
XLauncher_Unicode/res/jp_interface.txt,launcher/patcher,unclassified/non-code,3406,12a6a071dad3e31f0f05a628a93137f724ba1e8933b2994076c24874b9f03083,,,0,
XLauncher_Unicode/res/kr_CoLogo.bmp,launcher/patcher,unclassified/non-code,3322,c9caa01873c6d9ec739b6b4dfb831d7cd74a06e1434da23c15bc9fd2856f0f4f,,,0,
XLauncher_Unicode/res/kr_interface.txt,launcher/patcher,unclassified/non-code,3638,e2959a10ac77aeb94ab4d791a6a4ef3f97e47ecd8ac119e88f6deff08c6682f4,,,0,
XLauncher_Unicode/res/lancher_02.wav,launcher/patcher,unclassified/non-code,76986,c439d2cb3818bc6c4300be835f2b11436a138e7e2b24182b4c0ee45c0ea5c4e7,XLauncher/res/lancher_02.wav,XLauncher/res/lancher_02.wav,0,
XLauncher_Unicode/res/launcher_base.bmp,launcher/patcher,unclassified/non-code,164758,38a2feb14b87063e2d1c3284fd216c0aaffb8470e97a7a26b3ab9932efb0f11e,XLauncher/res/launcher_base.bmp,XLauncher/BorderImage/launcher_base.bmp;XLauncher/res/launcher_base.bmp,0,
XLauncher_Unicode/res/launcher_base.rgn,launcher/patcher,unclassified/non-code,6976,8c46760436974fefb52bd689b03c0ce221b2975344455d8db1f91dfc0da3527f,XLauncher/res/launcher_base.rgn,XLauncher/res/launcher_base.rgn,0,
XLauncher_Unicode/res/launcher_button_connect_clicked.bmp,launcher/patcher,unclassified/non-code,7238,cd6158bd167acbcda0201096517b19416fd37eb49384899611dd7f10d51d7f8c,XLauncher/res/launcher_button_connect_clicked.bmp,XLauncher/res/launcher_button_connect_clicked.bmp,0,
XLauncher_Unicode/res/launcher_button_connect_highlight.bmp,launcher/patcher,unclassified/non-code,7240,c4ed533569f225b36011cf1c38c5a4c97b2deb212da573a7e54fa7f04822cd73,XLauncher/res/launcher_button_connect_highlight.bmp,XLauncher/BorderImage/launcher_button_connect_highlight.bmp;XLauncher/res/launcher_button_connect_highlight.bmp,0,
XLauncher_Unicode/res/launcher_button_connect_normal.bmp,launcher/patcher,unclassified/non-code,6880,bad691a901a57b0837dd75bfd6472e7403679769b052e294545a52d180101da9,XLauncher/res/launcher_button_connect_normal.bmp,XLauncher/BorderImage/launcher_button_connect_normal.bmp;XLauncher/res/launcher_button_connect_normal.bmp,0,
XLauncher_Unicode/res/launcher_button_end_highlight.bmp,launcher/patcher,unclassified/non-code,3312,401a38942888cd9cbc26af8ff43a90c4a6bc01e58f3872c1e501832236e3a0d6,XLauncher/res/launcher_button_end_highlight.bmp,XLauncher/BorderImage/launcher_button_end_highlight.bmp;XLauncher/res/launcher_button_end_highlight.bmp,0,
XLauncher_Unicode/res/launcher_button_end_normal.bmp,launcher/patcher,unclassified/non-code,3296,61f34aee6aa56e6630f3edc9851c7247a256e4cb69774a94e75252a7a449e7d2,XLauncher/res/launcher_button_end_normal.bmp,XLauncher/BorderImage/launcher_button_end_normal.bmp;XLauncher/res/launcher_button_end_normal.bmp,0,
XLauncher_Unicode/res/launcher_button_join_highlight.bmp,launcher/patcher,unclassified/non-code,2280,e1587d7b710259ea71e72607ee9e77ed29dfc01ad54921508a1d7cff3159c5e2,,XLauncher/BorderImage/launcher_button_join_highlight.bmp;XLauncher/res/launcher_button_join_highlight.bmp,0,
XLauncher_Unicode/res/launcher_button_join_normal.bmp,launcher/patcher,unclassified/non-code,2280,075eb92aeae2b7865cdcfe81cbe151ae382c0ac46b26d8568b8615fafee99f4e,,XLauncher/BorderImage/launcher_button_join_normal.bmp;XLauncher/res/launcher_button_join_normal.bmp,0,
XLauncher_Unicode/res/launcher_button_option_highlight.bmp,launcher/patcher,unclassified/non-code,1368,8c869e6630f1f1a401287c52fa5bfb925f48e3785c7c186c570e777a0480aa7c,XLauncher/res/launcher_button_option_highlight.bmp,XLauncher/BorderImage/launcher_button_option_highlight.bmp;XLauncher/res/launcher_button_option_highlight.bmp,0,
XLauncher_Unicode/res/launcher_button_option_normal.bmp,launcher/patcher,unclassified/non-code,1380,ad0efee5573af59237e2e3d478c299d56fb3cd46c1a76f780b1b8efb99ca6721,XLauncher/res/launcher_button_option_normal.bmp,XLauncher/BorderImage/launcher_button_option_normal.bmp;XLauncher/res/launcher_button_option_normal.bmp,0,
XLauncher_Unicode/res/Launcherbutton.sfk,launcher/patcher,unclassified/non-code,120,a4a2db2b1daaffbd91e45337e726157689b7619ef97db91dceea103cef2f0cfd,XLauncher/res/Launcherbutton.sfk,XLauncher/res/Launcherbutton.sfk,0,
XLauncher_Unicode/res/Launcherbutton.wav,launcher/patcher,unclassified/non-code,7904,cc1d1c9966eab43a262e5757c837e5727c67f4060a51835be18992ac89ac59e7,XLauncher/res/Launcherbutton.wav,XLauncher/res/Launcherbutton.wav,0,
XLauncher_Unicode/res/LBorder_beegoong.bmp,launcher/patcher,unclassified/non-code,882056,cfcd858d96ee29726878d6b4851da5bd325149b192220e1328874e5f1a83692e,XLauncher/IMageResource/LBorder_beegoong.bmp;XLauncher/res/LBorder_beegoong.bmp,XLauncher/IMageResource/LBorder_beegoong.bmp;XLauncher/res/LBorder_beegoong.bmp,0,
XLauncher_Unicode/res/LBorder_gaebang.bmp,launcher/patcher,unclassified/non-code,882056,2e6c09a152986e28ddf6cfcc36113f90c076646e208919b67b99f4bd38cde377,XLauncher/IMageResource/LBorder_gaebang.bmp;XLauncher/res/LBorder_gaebang.bmp,XLauncher/IMageResource/LBorder_gaebang.bmp;XLauncher/res/LBorder_gaebang.bmp,0,
XLauncher_Unicode/res/LBorder_nokrim.bmp,launcher/patcher,unclassified/non-code,882056,a56c38bd6a80839b1160bb24c9e96a0451bae60b7fd12731b8efe0222886c3e6,XLauncher/IMageResource/LBorder_nokrim.bmp;XLauncher/res/LBorder_nokrim.bmp,XLauncher/IMageResource/LBorder_nokrim.bmp;XLauncher/res/LBorder_nokrim.bmp,0,
XLauncher_Unicode/res/LBorder_sorim.bmp,launcher/patcher,unclassified/non-code,882056,d8e9a1c9894b19e77afe3fd261a98ae3c59d227f706bada44938b23a8bc1cb67,XLauncher/IMageResource/LBorder_sorim.bmp;XLauncher/res/LBorder_sorim.bmp,XLauncher/IMageResource/LBorder_sorim.bmp;XLauncher/res/LBorder_sorim.bmp,0,
XLauncher_Unicode/res/left.bmp,launcher/patcher,unclassified/non-code,1162,76955e257a81c0adc917ca7abe21e35afb6139385899e986293baf2af7280322,XLauncher/res/left.bmp,XLauncher/res/left.bmp,0,
XLauncher_Unicode/res/list_bot.bmp,launcher/patcher,unclassified/non-code,1082,ac0d0535f9becb3ad26daabf52f0452df8008d9a1846e251f641dddeb6d49943,XLauncher/res/list_bot.bmp;XLauncher/res/list_top.bmp,XLauncher/res/list_bot.bmp,0,
XLauncher_Unicode/res/list_left.bmp,launcher/patcher,unclassified/non-code,1146,960093de287e9b67dd1b0aed1380722d48b8d808a5aec3661886955c6016b1f8,XLauncher/res/list_left.bmp;XLauncher/res/list_right.bmp,XLauncher/res/list_left.bmp,0,
XLauncher_Unicode/res/list_right.bmp,launcher/patcher,unclassified/non-code,1146,960093de287e9b67dd1b0aed1380722d48b8d808a5aec3661886955c6016b1f8,XLauncher/res/list_left.bmp;XLauncher/res/list_right.bmp,XLauncher/res/list_right.bmp,0,
XLauncher_Unicode/res/list_top.bmp,launcher/patcher,unclassified/non-code,1082,ac0d0535f9becb3ad26daabf52f0452df8008d9a1846e251f641dddeb6d49943,XLauncher/res/list_bot.bmp;XLauncher/res/list_top.bmp,XLauncher/res/list_top.bmp,0,
XLauncher_Unicode/res/lowquality_highlight.bmp,launcher/patcher,unclassified/non-code,2278,24fd8be731e52a7325bf33b09e979707d1c123c5e5c313d4453ead6263d67f62,XLauncher/res/lowquality_highlight.bmp,XLauncher/res/lowquality_highlight.bmp,0,
XLauncher_Unicode/res/lowquality_normal.bmp,launcher/patcher,unclassified/non-code,2278,fbd9c711b40f43d7320f9486795c84d95903a2d107f1d8af9fe8bf65daa7a008,XLauncher/res/lowquality_normal.bmp,XLauncher/res/lowquality_normal.bmp,0,
XLauncher_Unicode/res/luncherStart.sfk,launcher/patcher,unclassified/non-code,1448,32d2c9c7e8febc3d907b8ab8e11e616efa6bbabd5e2088606e5d3f5d3ad9c28b,XLauncher/res/luncherStart.sfk,XLauncher/res/luncherStart.sfk,0,
XLauncher_Unicode/res/luncherStart.wav,launcher/patcher,unclassified/non-code,707792,9ff6b6eeecd1463c34bf99b63c583e347f97aeaf967f5351cf7c003bf7b58b81,XLauncher/res/luncherStart.wav,XLauncher/res/luncherStart.wav,0,
XLauncher_Unicode/res/M0Q1ILL5.gif,launcher/patcher,unclassified/non-code,3594,10cb07c4b00df4f6721264d1c9a6c8d6633121a491a44e551c571d505ddc6746,XLauncher/res/M0Q1ILL5.gif,XLauncher/res/M0Q1ILL5.gif,0,
XLauncher_Unicode/res/MainIcon.ico,launcher/patcher,unclassified/non-code,9158,165c09f5a14dd2a37c35e125bfcc871a08d398548e3a4b9246afd4272196b7e3,XLauncher/res/MainIcon.ico;res/__GameMain.ico,XLauncher/res/MainIcon.ico,0,
XLauncher_Unicode/res/midquality_highlight.bmp,launcher/patcher,unclassified/non-code,2278,78eeee0787565957b1fc1d58031ebd528d94baca4ff6b20c6a3de0b0e4f60e9c,XLauncher/res/midquality_highlight.bmp,XLauncher/res/midquality_highlight.bmp,0,
XLauncher_Unicode/res/midquality_normal.bmp,launcher/patcher,unclassified/non-code,2278,e0156fab4e0e41324719b55996226727a59aa230616690dd65ea459b596b339e,XLauncher/res/midquality_normal.bmp,XLauncher/res/midquality_normal.bmp,0,
XLauncher_Unicode/res/miniclose_highlight.bmp,launcher/patcher,unclassified/non-code,376,2c3b83b36ab2ed92023d16f82453aadcf439b2247e5afa247a8743a9c2ead438,XLauncher/res/miniclose_highlight.bmp,XLauncher/res/miniclose_highlight.bmp,0,
XLauncher_Unicode/res/miniclose_normal.bmp,launcher/patcher,unclassified/non-code,368,9733e86801c6606ca60f4e5aa77df61bae12504a2bbf484ba0927baea47a3820,XLauncher/res/miniclose_normal.bmp,XLauncher/res/miniclose_normal.bmp,0,
XLauncher_Unicode/res/Minimize.bmp,launcher/patcher,unclassified/non-code,1334,cc480ba792e0557bc0d84a6c4bfc5dd18ac458d461b74cf784de4be7bfca5b87,XLauncher/res/Minimize.bmp,XLauncher/res/Minimize.bmp;XPatch/res/Minimize.bmp,0,
XLauncher_Unicode/res/notice_base.bmp,launcher/patcher,unclassified/non-code,249958,68d33422372526a34458260d164d10c31f4c857ca2cecc1c576426d7c75333f7,XLauncher/res/notice_base.bmp,XLauncher/BorderImage/notice_base.bmp;XLauncher/res/notice_base.bmp,0,
XLauncher_Unicode/res/notice_base.rgn,launcher/patcher,unclassified/non-code,5120,9d7e984cb6e904ebec3307ad6cc2e1e20fd920c6f200c2151c6d74180d81f70f,XLauncher/res/notice_base.rgn,XLauncher/res/notice_base.rgn,0,
XLauncher_Unicode/res/notice_button_close_highlight.bmp,launcher/patcher,unclassified/non-code,2012,91b03f3b312e3e9fbc9e963fef5cc207822f04b45927fd5fd48792212f68b379,XLauncher/res/notice_button_close_highlight.bmp,XLauncher/BorderImage/notice_button_close_highlight.bmp;XLauncher/res/notice_button_close_highlight.bmp,0,
XLauncher_Unicode/res/notice_button_close_normal.bmp,launcher/patcher,unclassified/non-code,2012,cc4953427beca557c01953eacfa842849630d232b7171bae82ca866508f07fe3,XLauncher/res/notice_button_close_normal.bmp,XLauncher/BorderImage/notice_button_close_normal.bmp;XLauncher/res/notice_button_close_normal.bmp,0,
XLauncher_Unicode/res/notice_small.bmp,launcher/patcher,unclassified/non-code,79160,006596b3a8b56c7a3172a83463d6dfff59b448a0a21bbd7b77a0783b93eb1f56,,XLauncher/res/notice_small.bmp,0,
XLauncher_Unicode/res/NoticeCloseButton.bmp,launcher/patcher,unclassified/non-code,604,3f99e6b615199b482236d072250fd537619573a541dd757adcf931f8172ac6cf,XLauncher/res/NoticeCloseButton.bmp,XLauncher/res/NoticeCloseButton.bmp,0,
XLauncher_Unicode/res/NoticeTitle.bmp,launcher/patcher,unclassified/non-code,27080,f7d9fa1dfe6617bff2bc51b6f45e1e20ac5378dd496584ce2ee2462583582b34,XLauncher/res/NoticeTitle.bmp,XLauncher/res/NoticeTitle.bmp,0,
XLauncher_Unicode/res/noticewindow.rgn,launcher/patcher,unclassified/non-code,14592,356511549685d45cb09e1850063a4f128539b8e11fddb4bb4782f709cf130221,XLauncher/res/noticewindow.rgn,XLauncher/res/noticewindow.rgn,0,
XLauncher_Unicode/res/OptionBorder.bmp,launcher/patcher,unclassified/non-code,382592,2410e14e113ff721273961ae398064c4760b393185059d7150f716a29d4b0310,,XLauncher/IMageResource/OptionBorder.bmp;XLauncher/res/OptionBorder.bmp,0,
XLauncher_Unicode/res/optionCancel_Hightlight.bmp,launcher/patcher,unclassified/non-code,2278,34719486f9e07159e1847272d08fac1c25cf439902e560149e4d5ab555504deb,XLauncher/res/optionCancel_Hightlight.bmp,XLauncher/res/optionCancel_Hightlight.bmp,0,
XLauncher_Unicode/res/optionCancel_Normal.bmp,launcher/patcher,unclassified/non-code,2278,e14d2a2b337e48ab7e955f642203b15948a18e847d62f85ff441e9c084c59d03,XLauncher/res/optionCancel_Normal.bmp,XLauncher/res/optionCancel_Normal.bmp,0,
XLauncher_Unicode/res/optionOK_Hightlight.bmp,launcher/patcher,unclassified/non-code,2278,2526dc496c5aaf345c01917675f49b81d0f686f5124787d10f4f92d6ae0d99f8,XLauncher/res/optionOK_Hightlight.bmp,XLauncher/res/optionOK_Hightlight.bmp,0,
XLauncher_Unicode/res/optionOK_normal.bmp,launcher/patcher,unclassified/non-code,2278,55cbaa838d929577f86310b05c1bf5c84aee225df0ffcc858400699b32e10517,XLauncher/res/optionOK_normal.bmp,XLauncher/res/optionOK_normal.bmp,0,
XLauncher_Unicode/res/PatchComplete.wav,launcher/patcher,unclassified/non-code,76974,a8641562ea1dddb002ba301298faa546cfd994faa35f3f7e0810b874b16f30af,XLauncher/res/PatchComplete.wav,XLauncher/res/PatchComplete.wav,0,
XLauncher_Unicode/res/patchslider.bmp,launcher/patcher,unclassified/non-code,4776,3fcdda0f56bf58860bbee83ec6bb845d73aed1640a7b7432ca01e125364564ca,XLauncher/res/patchslider.bmp,XLauncher/res/patchslider.bmp,0,
XLauncher_Unicode/res/patchsliderback.bmp,launcher/patcher,unclassified/non-code,4776,a96a4b6960dd58a5fc142f09c2d13ccaa287e4ce8ef54005ecfd83880de369ba,XLauncher/res/patchsliderback.bmp,XLauncher/res/patchsliderback.bmp,0,
XLauncher_Unicode/res/PopupBorder.bmp,launcher/patcher,unclassified/non-code,33896,9d2887dc1cc6aa278cb54664606f97aa8b56413613724430dcbdcfbfb164f0d3,XLauncher/IMageResource/PopupBorder.bmp;XLauncher/res/PopupBorder.bmp,XLauncher/IMageResource/PopupBorder.bmp;XLauncher/res/PopupBorder.bmp,0,
XLauncher_Unicode/res/ProgressbarBackBorder.bmp,launcher/patcher,unclassified/non-code,25844,4e760877ece31957c9778abf9862f199956e899594e69082b596a60c4abdec1f,XLauncher/res/ProgressbarBackBorder.bmp,XLauncher/res/ProgressbarBackBorder.bmp,0,
XLauncher_Unicode/res/ProgressbarBackBorderTitle.bmp,launcher/patcher,unclassified/non-code,3332,a7f8c24a8aaa1cf229d31171a5c85f8c253679cb0153266aa27451d5025f4a07,XLauncher/res/ProgressbarBackBorderTitle.bmp,XLauncher/res/ProgressbarBackBorderTitle.bmp,0,
XLauncher_Unicode/res/Resolution.bmp,launcher/patcher,unclassified/non-code,41446,2dca25729644c72517523193c68fe9f160e7c15c7b30bb20885d5c866e930e19,,,0,
XLauncher_Unicode/res/right.bmp,launcher/patcher,unclassified/non-code,776,68a678c2f1f33cdc1f4ed2a367a8a1770e9591aa0c0160dc79594843a05c6221,XLauncher/res/right.bmp,XLauncher/res/right.bmp,0,
XLauncher_Unicode/res/rightdown.bmp,launcher/patcher,unclassified/non-code,1498,e64edb25f65d8016323a9ed4fc16f273ed6fcc7173eeaed0091f2b6d39a39702,XLauncher/res/rightdown.bmp,XLauncher/res/rightdown.bmp,0,
XLauncher_Unicode/res/rs_CoLogo.bmp,launcher/patcher,unclassified/non-code,3320,6aabfbbc190d1ce54cb977a138e7439c58e3ce7d325ce684b0a0666b4a694706,,,0,
XLauncher_Unicode/res/rs_interface.txt,launcher/patcher,unclassified/non-code,5442,368744519dc504b65aa94e6deade14f0b7303abe67d8abef1296eff46ac2b792,,,0,
XLauncher_Unicode/res/security1.gif,launcher/patcher,unclassified/non-code,3606,ab36ec0cab386d96b9c2fd87b3d41f8d769f988d3c9d754ba34a2066723231e0,XLauncher/res/security1.gif,XLauncher/res/security1.gif,0,
XLauncher_Unicode/res/selectserverbtn_highlight.bmp,launcher/patcher,unclassified/non-code,2278,e4d630a2cfb1974ba84c26407ef6c9bd97beb36a17d2faa38c404b9c60d46cd2,XLauncher/res/selectserverbtn_highlight.bmp,XLauncher/res/selectserverbtn_highlight.bmp,0,
XLauncher_Unicode/res/selectserverbtn_normal.bmp,launcher/patcher,unclassified/non-code,2276,75006b50a7253b2890e356e4439ac38a9852bd210a19db55b96641ef356d3164,XLauncher/res/selectserverbtn_normal.bmp,XLauncher/res/selectserverbtn_normal.bmp,0,
XLauncher_Unicode/res/ServerSelect_CloseHighlight.bmp,launcher/patcher,unclassified/non-code,2278,fd2990474e6a6548188f7f14a97b5f9cb017461fdc8d6314ec8f58edaa537d7c,XLauncher/res/ServerSelect_CloseHighlight.bmp,XLauncher/res/ServerSelect_CloseHighlight.bmp,0,
XLauncher_Unicode/res/ServerSelect_CloseNormal.bmp,launcher/patcher,unclassified/non-code,2278,bf7f9d79d0f6439c53002b63dd3fc6b2143e8e724d825d848a345cd68315e8a6,XLauncher/res/ServerSelect_CloseNormal.bmp,XLauncher/res/ServerSelect_CloseNormal.bmp,0,
XLauncher_Unicode/res/ServerSelect_RefreshHighlight.bmp,launcher/patcher,unclassified/non-code,2278,1244cca0a06987649b0beb110ecc311f6490a806ced8562dd95689a1743014a1,XLauncher/res/ServerSelect_RefreshHighlight.bmp,XLauncher/res/ServerSelect_RefreshHighlight.bmp,0,
XLauncher_Unicode/res/ServerSelect_RefreshNormal.bmp,launcher/patcher,unclassified/non-code,2278,6971d2688fa5c04f88401f8823a15a31fd0b2e477a051750bc5412e93177d745,XLauncher/res/ServerSelect_RefreshNormal.bmp,XLauncher/res/ServerSelect_RefreshNormal.bmp,0,
XLauncher_Unicode/res/ServerSelectBorder.bmp,launcher/patcher,unclassified/non-code,382592,60b003a9fae332c2588a6596e5f0515869693b72e354962a098221157630c040,XLauncher/res/ServerSelectBorder.bmp,XLauncher/res/ServerSelectBorder.bmp,0,
XLauncher_Unicode/res/Setup.bmp,launcher/patcher,unclassified/non-code,1654,7e335ca10cc339799e96f4080ded59984dd13697dc2548074a4cca1a24c4d4b6,XLauncher/res/Setup.bmp,XLauncher/res/Setup.bmp,0,
XLauncher_Unicode/res/ShowPatchInfo_Hightlight.bmp,launcher/patcher,unclassified/non-code,2596,e256ffa0a5c52f69228e87d2ea5e104f1d890cf9f768fed6494285237e30fc75,XLauncher/res/ShowPatchInfo_Hightlight.bmp,XLauncher/res/ShowPatchInfo_Hightlight.bmp,0,
XLauncher_Unicode/res/ShowPatchInfo_Normal.bmp,launcher/patcher,unclassified/non-code,2596,e63ca79741773f16c82b2d0c163acd8fc4816dc0952ed83361e5f4627a09ce6d,XLauncher/res/ShowPatchInfo_Normal.bmp,XLauncher/res/ShowPatchInfo_Normal.bmp,0,
XLauncher_Unicode/res/StartGame.wav,launcher/patcher,unclassified/non-code,50188,669f2c1f2e349091fe1cef3d4ce96e889783808d2782319ba93aa34b85214269,XLauncher/res/StartGame.wav,XLauncher/res/StartGame.wav,0,
XLauncher_Unicode/res/Thumbs.db,launcher/patcher,unclassified/non-code,221696,4279a489a62ce16204421e687ae504a12f5d58f1db8f60786650719b4f059dec,,,0,
XLauncher_Unicode/res/TN_computer2.gif,launcher/patcher,unclassified/non-code,2388,9a7530a0a816df9a00a0475d37be689d9171a698203bebe5665dd29f555e54a7,XLauncher/res/TN_computer2.gif,XLauncher/res/TN_computer2.gif,0,
XLauncher_Unicode/res/tw_colog.bmp,launcher/patcher,unclassified/non-code,3322,158695cbb48c766b1f8b1f2d5f41dc044787d555b8bec71dc08cf438e404313c,,,0,
XLauncher_Unicode/res/tw_CoLogo.bmp,launcher/patcher,unclassified/non-code,3322,e81c24aab81e9069d10329870f2a546866752fbd6681aa84c0c710ddff001e00,,,0,
XLauncher_Unicode/res/tw_interface.txt,launcher/patcher,unclassified/non-code,2670,7324682c4dc78d6707b947efdbffd6560cbb5cc9ccfffb18b8dd0794be5ab14b,,,0,
XLauncher_Unicode/res/update_small.bmp,launcher/patcher,unclassified/non-code,79160,9febbb515689f66100246ed1a4ffc5ac5da07a1bc95bf69500e29b8d236a3546,,XLauncher/res/update_small.bmp,0,
XLauncher_Unicode/res/UpdateBorder.bmp,launcher/patcher,unclassified/non-code,34832,e72476ef1970010c03f0e2c871e6be528516ee4eeecd8a3f2acb6c4a91dc859c,,XLauncher/res/UpdateBorder.bmp,0,
XLauncher_Unicode/res/UpdateTitle.bmp,launcher/patcher,unclassified/non-code,26260,43491d46dbde9a455bc2766a2bcda3ea5ea8c4b70fbfa87608a479587f22bb83,,XLauncher/res/UpdateTitle.bmp,0,
XLauncher_Unicode/res/us_CoLogo.bmp,launcher/patcher,unclassified/non-code,3322,b6a011fd088e7833fd91bb8fea9adea466bd6137ea413a60656efb004ba11549,,,0,
XLauncher_Unicode/res/us_interface.txt,launcher/patcher,unclassified/non-code,4382,ef22a6daaae559ac7b6c374640b309eb047ddcbbb91cb6145e699806f9920b0f,,,0,
XLauncher_Unicode/res/VerticleScrollbarBottom.bmp,launcher/patcher,unclassified/non-code,452,1bc7e49057a0d4dad731ccb95595f2a309bb5566a296d52be1c1ce4747ae88c3,XLauncher/res/VerticleScrollbarBottom.bmp,XLauncher/res/VerticleScrollbarBottom.bmp,0,
XLauncher_Unicode/res/VerticleScrollBarDownArrow.bmp,launcher/patcher,unclassified/non-code,992,b75d8b239b651661f6ec526cac2aaba75a08dd9f9bcb75b2a7da87d9b848f75f,XLauncher/res/VerticleScrollBarDownArrow.bmp,XLauncher/res/VerticleScrollBarDownArrow.bmp,0,
XLauncher_Unicode/res/VerticleScrollBarSpan.bmp,launcher/patcher,unclassified/non-code,92,78f875159441f1193d5f229ba191e4af0fb72492fa9237758cf6991590026fcc,XLauncher/res/VerticleScrollBarSpan.bmp,XLauncher/res/VerticleScrollBarSpan.bmp,0,
XLauncher_Unicode/res/VerticleScrollBarThumb.bmp,launcher/patcher,unclassified/non-code,992,f834d0d7f8a5b31516f66cc91ddc14967654b5d34e8753d1cf7190e198dfb228,XLauncher/res/VerticleScrollBarThumb.bmp,XLauncher/res/VerticleScrollBarThumb.bmp,0,
XLauncher_Unicode/res/VerticleScrollbarTop.bmp,launcher/patcher,unclassified/non-code,452,89172cfe25a1f7c2e494ed45fde23b926e6f21b7120384858d0ad73768463468,XLauncher/res/VerticleScrollbarTop.bmp,XLauncher/res/VerticleScrollbarTop.bmp,0,
XLauncher_Unicode/res/VerticleScrollBarUpArrow.bmp,launcher/patcher,unclassified/non-code,992,fa450025f98deb855c43b09ccb4d79e4b02a6a397277807c7aea63b420b19f11,XLauncher/res/VerticleScrollBarUpArrow.bmp,XLauncher/res/VerticleScrollBarUpArrow.bmp,0,
XLauncher_Unicode/res/vn_CoLogo.bmp,launcher/patcher,unclassified/non-code,3324,48d64c0508af46d8da12a7605254e16c452d6672a9b79b7f2e9bcaf1ac80d577,,,0,
XLauncher_Unicode/res/vn_interface.txt,launcher/patcher,unclassified/non-code,4746,117d18c9408c63dd1babb7cf924fe20a3e3c328c17644b8d370007305f27d2a5,,,0,
XLauncher_Unicode/res/vssver.scc,launcher/patcher,unclassified/non-code,1328,890f964787913dde32a8537aedaef7e240a5aef8f717bc665ffa78cb64023887,,MeshControl/vssver.scc,0,
XLauncher_Unicode/res/WebBorder.bmp,launcher/patcher,unclassified/non-code,226078,cc4f5d30f25f5bc715c73b160162174b383bd174cff68e4d204ddbf0224bdf04,XLauncher/IMageResource/WebBorder.bmp;XLauncher/res/WebBorder.bmp,XLauncher/IMageResource/WebBorder.bmp;XLauncher/res/WebBorder.bmp,0,
XLauncher_Unicode/res/window.rgn,launcher/patcher,unclassified/non-code,5216,0e28303cbda86bd6ee99b32a0bd34a69acda5620bb560d49e360a7e2e20008b8,XLauncher/res/window.rgn,XLauncher/res/window.rgn;XLauncher/window.rgn,0,
XLauncher_Unicode/res/WWIIStarter title.bmp,launcher/patcher,unclassified/non-code,58676,f91c6d538151ec5e764792a70caa0e8889dc6bc1b4c7a6fec86b0b7b599f6559,XLauncher/res/WWIIStarter title.bmp,XLauncher/res/WWIIStarter title.bmp,0,
XLauncher_Unicode/res/WWIIStarter.ico,launcher/patcher,unclassified/non-code,2238,63071b8563701a805b30d4a7afaaf4dd05805ad6a1c35b57235e0f85a21fdd47,XLauncher/res/WWIIStarter.ico,XLauncher/res/WWIIStarter.ico,0,
XLauncher_Unicode/res/XLauncher.ico,launcher/patcher,unclassified/non-code,3262,70de75e664e6d9035e78a23823f36cacac13e6d15dc5d569a909274c845d4390,XLauncher/res/XLauncher.ico,XLauncher/res/XLauncher.ico,0,
XLauncher_Unicode/res/XLauncher.rc2,launcher/patcher,normal player dependency,388,b81c90481499f707980f99f3f3ddc2488d534fc984ce72730c7ce5ec1f4bb03f,,XLauncher/res/XLauncher.rc2,1,XLauncher_Unicode/XLauncher.rc
XLauncher_Unicode/ResChangeDialog.cpp,launcher/patcher,normal player dependency,18587,a4763f4447a9d2a4d32bbd954c7a74e7ddf14cab54679e3e5e9a51e7ef97b966,,,0,
XLauncher_Unicode/ResChangeDialog.h,launcher/patcher,normal player dependency,2029,a989d079ff6950d733a11e47fdfee07b69cd99dbce731ee6c1a520e690443ac8,,,2,XLauncher_Unicode/ResChangeDialog.cpp;XLauncher_Unicode/XLauncherDlg.cpp
XLauncher_Unicode/resource.h,launcher/patcher,normal player dependency,12886,bce0bee7d9b70c3bf095e2438b6c78156544bb6a7d60427ce0808732c939487b,,ChinaResource/resource.h;SetRegistry/SetRegistry/resource.h;SetRegistry/resource.h;XFileTransfer/resource.h;XLauncher/Resource.h;XPacker/Resource.h;XPatch/resource.h;qhtm sdk/resource.h;qhtm sdk/test/resource.h;resource.h,7,XLauncher_Unicode/FTPTransferDlg.cpp;XLauncher_Unicode/Package.cpp;XLauncher_Unicode/SkinHeaderCtrl.cpp;XLauncher_Unicode/SkinHorizontalScrollbar.cpp;XLauncher_Unicode/SkinVerticleScrollbar.cpp;XLauncher_Unicode/XLauncher.h;XLauncher_Unicode/XLauncher.rc
XLauncher_Unicode/SelectServer.cpp,launcher/patcher,normal player dependency,2514,f1ea5476e6b83346c12fb8958eb253ab4c61da43a911300c361efc13810d65fe,,XLauncher/SelectServer.cpp,0,
XLauncher_Unicode/SelectServer.h,launcher/patcher,normal player dependency,1404,c227391e00ad776ddd75434e381d05531ba6946df2971f9486653e811c3bee75,,XLauncher/SelectServer.h,2,XLauncher_Unicode/SelectServer.cpp;XLauncher_Unicode/XLauncherDlg.cpp
XLauncher_Unicode/SeverMessageDialog.cpp,launcher/patcher,normal player dependency,1830,9178cbb371f30b165d6e5fd2c18af6cb3c6b119bf02e19cc3d3aec3efa950b2c,,XLauncher/SeverMessageDialog.cpp;XPatch/SeverMessageDialog.cpp,0,
XLauncher_Unicode/SeverMessageDialog.h,launcher/patcher,normal player dependency,1482,b2c4624fec73884df264dddfdd83b2d77d6ac59c93f5ec2a619972a0b51a74a1,,XLauncher/SeverMessageDialog.h;XPatch/SeverMessageDialog.h,2,XLauncher_Unicode/SeverMessageDialog.cpp;XLauncher_Unicode/XLauncherDlg.cpp
XLauncher_Unicode/ShadeButtonST.cpp,launcher/patcher,normal player dependency,6860,30ecf855f8e7a9f63853db7c6e17e5e7ae4c2dddaf28b670dd444cb801e48253,,XLauncher/ShadeButtonST.cpp;XPatch/ShadeButtonST.cpp,0,
XLauncher_Unicode/ShadeButtonST.h,launcher/patcher,normal player dependency,1799,30fc6a7a6f95d974c0cd7825731476aabf4bf0a5eac1be6fd5afd2461084f71d,,XLauncher/ShadeButtonST.h;XPatch/ShadeButtonST.h,3,XLauncher_Unicode/ResChangeDialog.h;XLauncher_Unicode/ShadeButtonST.cpp;XLauncher_Unicode/XLauncherDlg.h
XLauncher_Unicode/SkinHeaderCtrl.cpp,launcher/patcher,normal player dependency,4059,118ff3ccbda876883a71a3c2e84725b7c57b7c37363504125d349f9c98aa14c3,,XLauncher/SkinHeaderCtrl.cpp,0,
XLauncher_Unicode/SkinHeaderCtrl.h,launcher/patcher,normal player dependency,1210,123244bc361b78bd50d49b661856abf757849d923d50d90b5ee2cb952950a3fe,,XLauncher/SkinHeaderCtrl.h,2,XLauncher_Unicode/SkinHeaderCtrl.cpp;XLauncher_Unicode/SkinListCtrl.h
XLauncher_Unicode/SkinHorizontalScrollbar.cpp,launcher/patcher,normal player dependency,6736,ee6f72ddb3949d541e0465de350c5f6540cf6967acd7d43d57aa170406e66b69,,XLauncher/SkinHorizontalScrollbar.cpp,0,
XLauncher_Unicode/SkinHorizontalScrollbar.h,launcher/patcher,normal player dependency,1741,69ca3b9c46dbe85884c50b60e51fa3183baf8f151caad7ff1f254093cea33a0d,,XLauncher/SkinHorizontalScrollbar.h,2,XLauncher_Unicode/SkinHorizontalScrollbar.cpp;XLauncher_Unicode/SkinListCtrl.h
XLauncher_Unicode/SkinListCtrl.cpp,launcher/patcher,normal player dependency,6974,d7e6b241deae4771e087712c25e3d71534bd8ec5d8c60dedf8c80c5918c82c4e,,XLauncher/SkinListCtrl.cpp,0,
XLauncher_Unicode/SkinListCtrl.h,launcher/patcher,normal player dependency,2025,63c4e3c52164aa83f0def92817d17a3d79906c07127a84f8afda21c8529a41f8,,XLauncher/SkinListCtrl.h,2,XLauncher_Unicode/SkinListCtrl.cpp;XLauncher_Unicode/XLauncherDlg.h
XLauncher_Unicode/SkinVerticleScrollbar.cpp,launcher/patcher,normal player dependency,7438,e61d61121f452734d2337087090b259e77e1158308f7558634cca70ad85a5552,,XLauncher/SkinVerticleScrollbar.cpp,0,
XLauncher_Unicode/SkinVerticleScrollbar.h,launcher/patcher,normal player dependency,1722,b62ae7075dd3e3b070951607331f04dfa3776fb623f4210f9173a938259624ae,,XLauncher/SkinVerticleScrollbar.h,2,XLauncher_Unicode/SkinListCtrl.h;XLauncher_Unicode/SkinVerticleScrollbar.cpp
XLauncher_Unicode/StdAfx.cpp,launcher/patcher,normal player dependency,234,c15d7dee829373db983c1dff1e08c1a1e899c50f31e0a31205e44970beb98721,,SetRegistry/SetRegistry/StdAfx.cpp;SetRegistry/StdAfx.cpp;StdAfx.cpp;XFControl/StdAfx.cpp;XFileTransfer/StdAfx.cpp;XLauncher/StdAfx.cpp;XPacker/StdAfx.cpp;XPatch/StdAfx.cpp;qhtm sdk/qhtm static link/stdafx.cpp;qhtm sdk/stdafx.cpp;qhtm sdk/test/stdafx.cpp,0,
XLauncher_Unicode/StdAfx.h,launcher/patcher,normal player dependency,1372,d4d2aa4336b0cbafc36f18abc5b75f07f50c770c087d082ea2500d873d05bfcd,,SetRegistry/SetRegistry/StdAfx.h;SetRegistry/StdAfx.h;StdAfx.h;XFControl/StdAfx.h;XFileTransfer/StdAfx.h;XLauncher/StdAfx.h;XPacker/StdAfx.h;XPatch/StdAfx.h;qhtm sdk/qhtm static link/stdafx.h;qhtm sdk/stdafx.h;qhtm sdk/test/stdafx.h,44,XLauncher_Unicode/BCMenu.cpp;XLauncher_Unicode/BitComboBox.cpp;XLauncher_Unicode/BitListBox.cpp;XLauncher_Unicode/BitmapDialog.cpp;XLauncher_Unicode/BitmapSlider.cpp;XLauncher_Unicode/BtnST.cpp;XLauncher_Unicode/CeXDib.cpp;XLauncher_Unicode/CheckVersionDlg.cpp;XLauncher_Unicode/DLGHTML.cpp;XLauncher_Unicode/Dib.cpp;XLauncher_Unicode/EnterSerialDlg.cpp;XLauncher_Unicode/FTPOptionsDialog.cpp;XLauncher_Unicode/FTPTransferDlg.cpp;XLauncher_Unicode/GradientProgressCtrl.cpp;XLauncher_Unicode/KCBusyProgressCtrl.cpp;XLauncher_Unicode/Label.cpp;XLauncher_Unicode/MacButtons.cpp;XLauncher_Unicode/Markup.cpp;XLauncher_Unicode/NotInstalledDialog.cpp;XLauncher_Unicode/Package.cpp;XLauncher_Unicode/ResChangeDialog.cpp;XLauncher_Unicode/SelectServer.cpp;XLauncher_Unicode/SeverMessageDialog.cpp;XLauncher_Unicode/ShadeButtonST.cpp;XLauncher_Unicode/SkinHeaderCtrl.cpp;XLauncher_Unicode/SkinHorizontalScrollbar.cpp;XLauncher_Unicode/SkinListCtrl.cpp;XLauncher_Unicode/SkinVerticleScrollbar.cpp;XLauncher_Unicode/StdAfx.cpp;XLauncher_Unicode/TcpInit.cpp;XLauncher_Unicode/TcpResource.cpp;XLauncher_Unicode/TcpService.cpp;XLauncher_Unicode/TextProgressCtrl.cpp;XLauncher_Unicode/WriteDir.cpp;XLauncher_Unicode/XBrowser.cpp;XLauncher_Unicode/XEncryption.cpp;XLauncher_Unicode/XFileDownload.cpp;XLauncher_Unicode/XLauncher.cpp;XLauncher_Unicode/XLauncherDlg.cpp;XLauncher_Unicode/XProgressBar.cpp;XLauncher_Unicode/XRegistry.cpp;XLauncher_Unicode/noticedialog.cpp;XLauncher_Unicode/webbrowser2.cpp;XLauncher_Unicode/xDib.cpp
XLauncher_Unicode/TcpInit.cpp,launcher/patcher,normal player dependency,13479,2fdf875fd133c6c637b908980079d4322abffb5c96c3aca62003e2fd268398ac,,XLauncher/TcpInit.cpp,0,
XLauncher_Unicode/TcpInit.h,launcher/patcher,normal player dependency,1296,fc2c1e6cc2c47b9919c81152b2c46738f5aa10c8b5a24fe7e352c3c46f2da7da,,XLauncher/TcpInit.h,1,XLauncher_Unicode/TcpInit.cpp
XLauncher_Unicode/TcpResource.cpp,launcher/patcher,normal player dependency,752,3bd0a9e165262d9ddafacf0cbeda33c07080aaf25de4a3e40c4a0019d4db22ea,,XLauncher/TcpResource.cpp,0,
XLauncher_Unicode/TcpResource.h,launcher/patcher,normal player dependency,2238,e107ccf92f6e593cecb6f72d97e985fe257bebb7c13c1d4dab27beea9ecc0a93,,XLauncher/TcpResource.h,2,XLauncher_Unicode/TcpResource.cpp;XLauncher_Unicode/TcpService.h
XLauncher_Unicode/TcpService.cpp,launcher/patcher,normal player dependency,766,563039720aaca8405ee5fe4b7090e48c2df2b11c0588b203ff7893b0f34a3a45,,XLauncher/TcpService.cpp,0,
XLauncher_Unicode/TcpService.h,launcher/patcher,normal player dependency,1372,dc2ef24925f67bddbcfdb0a6986649834b337f4faa238fbaeae536de71fc8d76,,XLauncher/TcpService.h,2,XLauncher_Unicode/TcpInit.cpp;XLauncher_Unicode/TcpService.cpp
XLauncher_Unicode/TextProgressCtrl.cpp,launcher/patcher,normal player dependency,9976,1a06038279271f43e57978dfb0d874c1aaed4c78d23fefb5614cad232bc1c70f,,XLauncher/TextProgressCtrl.cpp,0,
XLauncher_Unicode/TextProgressCtrl.h,launcher/patcher,normal player dependency,4274,60363aebef2455f96ffb0905125461653bb00cda1ed76dbbf458186eda21fd10,,XLauncher/TextProgressCtrl.h,2,XLauncher_Unicode/TextProgressCtrl.cpp;XLauncher_Unicode/XLauncherDlg.h
XLauncher_Unicode/vssver.scc,launcher/patcher,unclassified/non-code,1680,2bfdfa875b4e2e7ab4e2b7551f75823828657ddd7be9bda124e08f57593cbe42,,MeshControl/vssver.scc,0,
XLauncher_Unicode/webbrowser2.cpp,launcher/patcher,normal player dependency,10817,57c597a4fed03f794ac6058b6978f96009b5493bd8d55ecf002d151e7b55eba9,,XLauncher/webbrowser2.cpp,0,
XLauncher_Unicode/webbrowser2.h,launcher/patcher,normal player dependency,3645,00042ace198201ebd10bbe852101651092a64dd6cee2119cdad2e637579b1298,,XLauncher/webbrowser2.h,1,XLauncher_Unicode/webbrowser2.cpp
XLauncher_Unicode/WebController/custsite.cpp,launcher/patcher,normal player dependency,6774,892bebb766a3a659007742af16065a96c0f48d63553863107590a7df361f4a53,,XLauncher/WebController/custsite.cpp,0,
XLauncher_Unicode/WebController/custsite.h,launcher/patcher,normal player dependency,2978,d580b9ea55cc636aa7479fd20be74f7558189740592d62dbda6d3423607a18bf,,XLauncher/WebController/custsite.h,2,XLauncher_Unicode/WebController/custsite.cpp;XLauncher_Unicode/XLauncher.cpp
XLauncher_Unicode/WebController/idispimp.cpp,launcher/patcher,normal player dependency,3304,c88708f682b0c7903acdf5e573f1f3ebbfa780ac546bb49f3cef92c3f56c6458,,XLauncher/WebController/idispimp.cpp,0,
XLauncher_Unicode/WebController/idispimp.h,launcher/patcher,normal player dependency,1291,bdec689248b19c240fd54d7a5ec732220e614925fe1a595b22860e1f521fa492,,XLauncher/WebController/idispimp.h,3,XLauncher_Unicode/WebController/custsite.h;XLauncher_Unicode/WebController/idispimp.cpp;XLauncher_Unicode/XLauncher.h
XLauncher_Unicode/WebController/vssver.scc,launcher/patcher,unclassified/non-code,128,811c38a93363562289e6cb574973c5dd0bf99ef20b400387926f0354faa8b7e3,,MeshControl/vssver.scc,0,
XLauncher_Unicode/WebController/webbro.cpp,launcher/patcher,normal player dependency,10392,c8606751dca99d305353485596285f7c69e841c2062aaa6b47a61fbba31356fc,,XLauncher/WebController/webbro.cpp,0,
XLauncher_Unicode/WebController/webbro.h,launcher/patcher,normal player dependency,3786,f9503698a489fcc7066ab5b1749fab754979e27821c6fa3caacd25e608feda85,,XLauncher/WebController/webbro.h,3,XLauncher_Unicode/WebController/webbro.cpp;XLauncher_Unicode/XLauncherDlg.h;XLauncher_Unicode/noticedialog.h
XLauncher_Unicode/window.rgn,launcher/patcher,unclassified/non-code,29344,383faa8a97cfa68578a11270385b76d95c8c7a6737cd9613b21eb86627688ddd,XLauncher/window.rgn,XLauncher/res/window.rgn;XLauncher/window.rgn,0,
XLauncher_Unicode/WriteDir.cpp,launcher/patcher,normal player dependency,1994,3cd0278f3c1c9f4beaf5e625287f0706804cc618294a2311c1ef53153a1f0672,,XLauncher/WriteDir.cpp,0,
XLauncher_Unicode/WriteDir.h,launcher/patcher,normal player dependency,37,5ac681ebdc8a076e094ac2f6aec60688a88bba211021a8e695cf98176373d1ee,,XLauncher/WriteDir.h,1,XLauncher_Unicode/WriteDir.cpp
XLauncher_Unicode/ww2protocol.h,launcher/patcher,normal player dependency,44523,29df16820e3f1a89b5c94d607b050f1a1c2e032abe3e41df86d4290a01c51730,,XLauncher/ww2protocol.h,3,XLauncher_Unicode/TcpInit.h;XLauncher_Unicode/TcpResource.h;XLauncher_Unicode/TcpService.h
XLauncher_Unicode/XBrowser.cpp,launcher/patcher,normal player dependency,23289,6a5d1a92d69a8d5829a832441ef823a5b308c256f69e3a0ba406c4519f13e36f,,XLauncher/XBrowser.cpp,0,
XLauncher_Unicode/XBrowser.h,launcher/patcher,normal player dependency,6897,a6a9ec626931a56ae0cdef5092dbfc4d67dd5697418b392dc62553e7b7e44fc5,,XLauncher/XBrowser.h,3,XLauncher_Unicode/XBrowser.cpp;XLauncher_Unicode/XLauncherDlg.h;XLauncher_Unicode/noticedialog.h
XLauncher_Unicode/xDib.cpp,launcher/patcher,normal player dependency,15033,2e6366a4fc5b4e947be87a52af4b32079184dbd5ee0467e51de71d21a7a625f8,,XLauncher/xDib.cpp;XPatch/xDib.cpp,0,
XLauncher_Unicode/xDib.h,launcher/patcher,normal player dependency,2154,d24396f0a7c2fd043749649d1eef8f33cb2d579a737d767896c071444c47bf80,,XLauncher/xDib.h;XPatch/xDib.h,1,XLauncher_Unicode/xDib.cpp
XLauncher_Unicode/XEncryption.cpp,launcher/patcher,normal player dependency,9979,038fcf5d84f8603dd1a3b0511c2ae7205a168a2cd4d9ab14d29166069a1d2769,,XLauncher/XEncryption.cpp,0,
XLauncher_Unicode/XEncryption.h,launcher/patcher,normal player dependency,1240,ba4dda4ee7c64da53c9c01c6354f94e0f24c63a8909838109820866e7528be30,,XLauncher/XEncryption.h,3,XLauncher_Unicode/EnterSerialDlg.cpp;XLauncher_Unicode/XEncryption.cpp;XLauncher_Unicode/XLauncherDlg.cpp
XLauncher_Unicode/XEncryptiondata.h,launcher/patcher,normal player dependency,2090,72224a6010c1f244269d3144c90a1a828ac4be557886a6f1670914f6722d2f42,,XLauncher/XEncryptiondata.h,3,XLauncher_Unicode/EnterSerialDlg.cpp;XLauncher_Unicode/XEncryption.cpp;XLauncher_Unicode/XLauncherDlg.cpp
XLauncher_Unicode/XFileDownload.cpp,launcher/patcher,normal player dependency,2426,40338a2ae75527c799b4abb36158b5f8c4c40f47c84135708d921630aa364f4e,,XLauncher/XFileDownload.cpp,0,
XLauncher_Unicode/XFileDownload.h,launcher/patcher,normal player dependency,524,737c79545ca9aa09c4781a1656ea5fafed4e26288d4baf55de43064ee6a93d75,,XLauncher/XFileDownload.h,2,XLauncher_Unicode/XFileDownload.cpp;XLauncher_Unicode/XLauncherDlg.cpp
XLauncher_Unicode/XLauncher.aps,launcher/patcher,unclassified/non-code,435848,a2fcac7b261181a993ebf7ea4bf30076454b91faa176cceeede5f12dfef95ece,,,0,
XLauncher_Unicode/XLauncher.clw,launcher/patcher,unclassified/non-code,18261,82512709762856b88e6696b12beed4095bb9f81f12796b62dbd16ff8129a14ca,,XLauncher/XLauncher.clw,0,
XLauncher_Unicode/XLauncher.cpp,launcher/patcher,normal player dependency,9640,39fedc956b9053f3f6a22208845d87ad1c8312a8732b69fa5bb5111d77c73ccf,,XLauncher/XLauncher.cpp,0,
XLauncher_Unicode/XLauncher.dsp,launcher/patcher,unclassified/non-code,67545,b3f84bfb09f998cc224f69728a8282eb67734ce3f296fb630341af11778e2bf1,,XLauncher/XLauncher.dsp,0,
XLauncher_Unicode/XLauncher.dsw,launcher/patcher,unclassified/non-code,746,ab75d97ef3db35574dfc4cc3fa18c405e8f17c1f88da51004d7fe9694935be26,,XLauncher/XLauncher.dsw,0,
XLauncher_Unicode/XLauncher.h,launcher/patcher,normal player dependency,1557,e8c938098e71367eee457ce034ce7079a6b64f1f56bef22475cfff6d631760e3,,XLauncher/XLauncher.h,15,XLauncher_Unicode/BitmapDialog.cpp;XLauncher_Unicode/CheckVersionDlg.cpp;XLauncher_Unicode/EnterSerialDlg.cpp;XLauncher_Unicode/FTPOptionsDialog.cpp;XLauncher_Unicode/FTPTransferDlg.cpp;XLauncher_Unicode/NotInstalledDialog.cpp;XLauncher_Unicode/ResChangeDialog.cpp;XLauncher_Unicode/SelectServer.cpp;XLauncher_Unicode/SeverMessageDialog.cpp;XLauncher_Unicode/WebController/custsite.cpp;XLauncher_Unicode/XFileDownload.cpp;XLauncher_Unicode/XLauncher.cpp;XLauncher_Unicode/XLauncherDlg.cpp;XLauncher_Unicode/XProgressBar.cpp;XLauncher_Unicode/noticedialog.cpp
XLauncher_Unicode/XLauncher.log,generated/build artifact,unclassified/non-code,492,17a2e60103b5880789a2188cd51a246cf56b4b4193871bee574ea18a726fb046,,XLauncher/Debug/XLauncher.log;XLauncher/Release/XLauncher.log;XLauncher/XLauncher.log,0,
XLauncher_Unicode/XLauncher.ncb,generated/build artifact,unclassified/non-code,1590272,cddc022c783eaa765a6336705b555e882de10eae6a0259944315fef1897edc6d,,,0,
XLauncher_Unicode/XLauncher.opt,launcher/patcher,unclassified/non-code,345088,c7e6aa60eb21c5505cbc7ff8027201965df30ef3c5ccb2abc6b4a3852cc9af7e,,,0,
XLauncher_Unicode/XLauncher.plg,launcher/patcher,unclassified/non-code,7577,bda929bda5958ac17709faa93bdec1668b0234a962a82d7c2405d7d52b2b03bd,,XLauncher/XLauncher.plg,0,
XLauncher_Unicode/XLauncher.rc,launcher/patcher,normal player dependency,45695,334d1adb19e43bb95bfff5a41270b176b167e23e0e10be90084831034f25a942,,XLauncher/XLauncher.rc,0,
XLauncher_Unicode/XLauncher.stc,launcher/patcher,unclassified/non-code,43,d44d1d76dde1e29d52e0675a8979758c805c02d6cebfa6ce92ebcdbeab7f61d2,,XLauncher/XLauncher.stc,0,
XLauncher_Unicode/XLauncherDlg.cpp,launcher/patcher,normal player dependency,207972,133a2d75c1df585b0ead69921941d06e0e89b5ba7681bf710eb331af9a7b6c4c,,,0,
XLauncher_Unicode/XLauncherDlg.h,launcher/patcher,normal player dependency,14247,1149a4e73b4f814b3c6eb313fe5f7e2a2b97182c25ac433a89733b4377153cb5,,XLauncher/XLauncherDlg.h,5,XLauncher_Unicode/FTPTransferDlg.cpp;XLauncher_Unicode/Package.cpp;XLauncher_Unicode/SelectServer.cpp;XLauncher_Unicode/XLauncher.cpp;XLauncher_Unicode/XLauncherDlg.cpp
XLauncher_Unicode/XProgressBar.cpp,launcher/patcher,normal player dependency,549,6e335055add4fd1cab43d70e4ed1484efb7539df5121e7f411744dfdb2210fcf,,XLauncher/XProgressBar.cpp,0,
XLauncher_Unicode/XProgressBar.h,launcher/patcher,normal player dependency,583,ca89a5a1eae02725b3e043f8626d14c791b52e455d29949e50cce9262ed7f6d5,,XLauncher/XProgressBar.h,1,XLauncher_Unicode/XProgressBar.cpp
XLauncher_Unicode/XRegistry.cpp,launcher/patcher,normal player dependency,18509,9e5770825a3985ec8dfa9368fc3a459f8d542c3ae47af4c9fe52408befdc5107,,XKernel/XUtilities/XRegistry.cpp;XLauncher/XRegistry.cpp;XPatch/XRegistry.cpp,0,
XLauncher_Unicode/XRegistry.h,launcher/patcher,normal player dependency,3746,bd9f73a22cfb2f5b3eadd20f104905e77e45910ec28b1ba82e910f706bb77761,,XKernel/XRegistry.h;XLauncher/XRegistry.h;XPatch/XRegistry.h,8,XLauncher_Unicode/FTPOptionsDialog.cpp;XLauncher_Unicode/NotInstalledDialog.cpp;XLauncher_Unicode/SelectServer.cpp;XLauncher_Unicode/StdAfx.h;XLauncher_Unicode/XEncryption.cpp;XLauncher_Unicode/XLauncherDlg.cpp;XLauncher_Unicode/XLauncherDlg.h;XLauncher_Unicode/XRegistry.cpp
XLauncher_Unicode/XRegistryDef.h,launcher/patcher,normal player dependency,3922,5c8ff1f66f9bb313738ce80c52ba31f0b1ab83565372c2f19b62650504966911,,DataStructure/XRegistryDef.h;XLauncher/XRegistryDef.h,1,XLauncher_Unicode/XRegistry.h
XLauncher_Unicode/Zip/AutoBuffer.cpp,launcher/patcher,normal player dependency,1972,78d240f35d2ed072a2f058ab8c5c1531630d85e3254041e3794fc2ceb1d0e32b,,XLauncher/Zip/AutoBuffer.cpp;XPacker/Zip/AutoBuffer.cpp,0,
XLauncher_Unicode/Zip/AutoBuffer.h,launcher/patcher,normal player dependency,950,7fb359c4d684c33f829eeed99979bcac00527d33436362167d1e86c30110fdbb,,XLauncher/Zip/AutoBuffer.h;XPacker/Zip/AutoBuffer.h,6,XLauncher_Unicode/Zip/AutoBuffer.cpp;XLauncher_Unicode/Zip/CentralDir.h;XLauncher_Unicode/Zip/FileHeader.cpp;XLauncher_Unicode/Zip/FileHeader.h;XLauncher_Unicode/Zip/ZipInternalInfo.h;XLauncher_Unicode/Zip/ZipStorage.h
XLauncher_Unicode/Zip/BigFile.cpp,launcher/patcher,normal player dependency,960,9699d19de19e6d63e95772a062ef9defebb37c65b8b02f4b7f0c41e1946f3a97,,XLauncher/Zip/BigFile.cpp;XPacker/Zip/BigFile.cpp,0,
XLauncher_Unicode/Zip/BigFile.h,launcher/patcher,normal player dependency,563,d03b91556cbde6b38fff0953da60b785069d9361f558b9e5b300bae5dd474412,,XLauncher/Zip/BigFile.h;XPacker/Zip/BigFile.h,2,XLauncher_Unicode/Zip/BigFile.cpp;XLauncher_Unicode/Zip/ZipStorage.h
XLauncher_Unicode/Zip/CentralDir.cpp,launcher/patcher,normal player dependency,13415,10b14eb8de3c019ca99fe6801e63cc2aa029da9be818b570a3c691e3f9dad50a,,XLauncher/Zip/CentralDir.cpp;XPacker/Zip/CentralDir.cpp,0,
XLauncher_Unicode/Zip/CentralDir.h,launcher/patcher,normal player dependency,2307,2f39e97d9710f78782810f3d0ac4d82154416a9696134b261ab23587d9c5c484,,XLauncher/Zip/CentralDir.h;XPacker/Zip/CentralDir.h,2,XLauncher_Unicode/Zip/CentralDir.cpp;XLauncher_Unicode/Zip/ZipArchive.h
XLauncher_Unicode/Zip/FileHeader.cpp,launcher/patcher,normal player dependency,8139,144d65b719d381364fb28a23e099a3db7291248623bfae6d36a60e1df8b90102,,XLauncher/Zip/FileHeader.cpp;XPacker/Zip/FileHeader.cpp,0,
XLauncher_Unicode/Zip/FileHeader.h,launcher/patcher,normal player dependency,2765,fabfb6be0dbe35486ba2dd35371791f2258cc7ae1507acc62a39293a8271df8f,,XLauncher/Zip/FileHeader.h;XPacker/Zip/FileHeader.h,2,XLauncher_Unicode/Zip/CentralDir.h;XLauncher_Unicode/Zip/FileHeader.cpp
XLauncher_Unicode/Zip/vssver.scc,launcher/patcher,unclassified/non-code,288,5f8e77f3fa09fe26876843feb2d04fd113577bc8061ea68beda754ce7c4a918a,,MeshControl/vssver.scc,0,
XLauncher_Unicode/Zip/ZipArchive.cpp,launcher/patcher,normal player dependency,23186,cbeb2dd67f1841e5a61f13fc669801cd8f1077454091669bd8d627833c3a9377,,XLauncher/Zip/ZipArchive.cpp;XPacker/Zip/ZipArchive.cpp,0,
XLauncher_Unicode/Zip/ZipArchive.h,launcher/patcher,normal player dependency,20648,e19b7fb688a75a673f963c6ae8a3fb2de269411d993438646d15094139fdaaf8,,XLauncher/Zip/ZipArchive.h;XPacker/Zip/ZipArchive.h,4,XLauncher_Unicode/XLauncherDlg.cpp;XLauncher_Unicode/Zip/CentralDir.cpp;XLauncher_Unicode/Zip/ZipArchive.cpp;XLauncher_Unicode/Zip/ZipStorage.cpp
XLauncher_Unicode/Zip/ZipException.cpp,launcher/patcher,normal player dependency,1963,b2b9e730c84dce5ceef2e0d85714ecd4ec8e59875bf8be94d5bd02d5c382b3b2,,XLauncher/Zip/ZipException.cpp;XPacker/Zip/ZipException.cpp,0,
XLauncher_Unicode/Zip/ZipException.h,launcher/patcher,normal player dependency,2197,d8a4c32137f469292de1fc12b426ee507da727c8e415eab5178a7073d35c03f7,,XLauncher/Zip/ZipException.h;XPacker/Zip/ZipException.h,4,XLauncher_Unicode/Zip/CentralDir.h;XLauncher_Unicode/Zip/FileHeader.h;XLauncher_Unicode/Zip/ZipArchive.h;XLauncher_Unicode/Zip/ZipException.cpp
XLauncher_Unicode/Zip/ZipInternalInfo.cpp,launcher/patcher,normal player dependency,756,2198abbce2958726ecf2663f92c5de6e1d3f8284c1c545b45f7c694a5cf4105d,,XLauncher/Zip/ZipInternalInfo.cpp;XPacker/Zip/ZipInternalInfo.cpp,0,
XLauncher_Unicode/Zip/ZipInternalInfo.h,launcher/patcher,normal player dependency,939,a53742d66e4a2ee97a326a72aac4788b1081848379e38247b682f41023c7a665,,XLauncher/Zip/ZipInternalInfo.h;XPacker/Zip/ZipInternalInfo.h,2,XLauncher_Unicode/Zip/ZipArchive.h;XLauncher_Unicode/Zip/ZipInternalInfo.cpp
XLauncher_Unicode/Zip/ZipStorage.cpp,launcher/patcher,normal player dependency,9840,509c58f4ff8c7bec3b8d598f8de3257b9908b8e34f4d8dbbafddcdd69887ccee,,XLauncher/Zip/ZipStorage.cpp;XPacker/Zip/ZipStorage.cpp,0,
XLauncher_Unicode/Zip/ZipStorage.h,launcher/patcher,normal player dependency,4166,a1e910795ae5f1cb537afcf18ba4793ef006572eb68bd45d6c1e4fc2e7490b3f,,XLauncher/Zip/ZipStorage.h;XPacker/Zip/ZipStorage.h,3,XLauncher_Unicode/Zip/FileHeader.h;XLauncher_Unicode/Zip/ZipArchive.h;XLauncher_Unicode/Zip/ZipStorage.cpp
XMADWrapper/vssver.scc,resource/config/other,unclassified/non-code,144,3a3683c132757b3d634d6a7fdd6baca38af1cb8ac3a9b55ecea5a4d0df5430e7,,MeshControl/vssver.scc,0,
XPacker/res/blockdevice.xpm,resource/config/other,unclassified/non-code,5739,b58b40e90e832fb0ab177b96fc07ccd9efa16bde4f1516f9f9d9f42c3bd38a7d,,,0,
XPacker/res/vssver.scc,resource/config/other,unclassified/non-code,160,8766048421466ad288adfc4fefa29fd88e8878e822f43819b5284531bc10e988,,MeshControl/vssver.scc,0,
XPacker/Sound/vssver.scc,resource/config/other,unclassified/non-code,912,f521b0f348356dcc6191a3039ef67ca2e9ef1b5d37e5fce0372e7084bfe26534,,MeshControl/vssver.scc,0,
XPacker/vssver.scc,resource/config/other,unclassified/non-code,1088,c34f4afdf5f5abf6a4c343e1b1c77d604e3fda11588dc7cd5bfe048744e3b2d7,,MeshControl/vssver.scc,0,
XPacker/XPacker.aps,resource/config/other,unclassified/non-code,40300,4f0ed70e66019cd3526ef66eec4e65e8e2b9dea23d0e9af34d7afc949d188873,,,0,
XPacker/XPacker.clw,resource/config/other,unclassified/non-code,9772,679aa090243606a99b8500f93fd2468dd3dce7db6ea92c748597693bc93c2dc8,,,0,
XPacker/XPacker.ncb,generated/build artifact,unclassified/non-code,869376,66ffa47635c8213ce9ef70231cb49fd18b3db61a6d245397e84d10e54bde08e0,,,0,
XPacker/XPacker.opt,resource/config/other,unclassified/non-code,184832,a488cd51676b72efc32a4307ca3eed015db2b2958bebcc0ece83ff310179426e,,,0,
XPacker/Zip/vssver.scc,resource/config/other,unclassified/non-code,352,b815910b041604e75afc1f17fd7863ce1686a7d65578b791130cebd42dd3fca1,,MeshControl/vssver.scc,0,
XParticleCore/vssver.scc,resource/config/other,unclassified/non-code,368,f48674afaa22e81290bf2aa2aec47b094861039e23b678ac874db71765131254,,MeshControl/vssver.scc,0,
XPatch_Unicode/BitmapDialog.cpp,normal/shared source,normal player dependency,12377,ea642af19518af05c11051d9eab7707c01f45e8e815d6458fdffba8aa1502a9e,,XLauncher/BitmapDialog.cpp;XPatch/BitmapDialog.cpp,0,
XPatch_Unicode/BitmapDialog.h,normal/shared source,normal player dependency,3073,cf54f5eda4af12c3cea374fe31462947d557f8c77606e2246cea08eec7b3cf79,,XLauncher/BitmapDialog.h;XPatch/BitmapDialog.h,2,XPatch_Unicode/BitmapDialog.cpp;XPatch_Unicode/XPatchDlg.h
XPatch_Unicode/BtnST.cpp,normal/shared source,normal player dependency,30249,5aea315924a1acfc4fcd37702bf5fdd1b1c542f7b169fcdcd4d83593e33eab89,,XLauncher/BtnST.cpp;XPatch/BtnST.cpp,0,
XPatch_Unicode/BtnST.h,normal/shared source,normal player dependency,5446,565d5994109d729abaed2270ffd2296f291a70404aa83645f8ade43fbc64445e,,XLauncher/BtnST.h;XPatch/BtnST.h,2,XPatch_Unicode/BtnST.cpp;XPatch_Unicode/XPatchDlg.h
XPatch_Unicode/CeXDib.cpp,normal/shared source,normal player dependency,8351,b7afb8c5ff968e46b0a160ae708f4e8adeedad4335234bc6c1d7f8620abed674,,XLauncher/CeXDib.cpp,0,
XPatch_Unicode/CeXDib.h,normal/shared source,normal player dependency,2232,1cff0233fa70c6243989a395efbfdf4a7c622026deb990705388f8de4d4765b6,,XLauncher/CeXDib.h,2,XPatch_Unicode/CeXDib.cpp;XPatch_Unicode/ShadeButtonST.h
XPatch_Unicode/Dib.cpp,normal/shared source,normal player dependency,30248,02a359cc5370a182fcd2423f3f04861dfb3dc2f04a5b41e277efba05d422d099,,XLauncher/Dib.cpp;XPatch/Dib.cpp,0,
XPatch_Unicode/DIB.h,normal/shared source,normal player dependency,3233,f3242ca0d630b777df342d67d5dd703efa04406225ec34210fad904cf028b06c,,XLauncher/DIB.h;XPatch/DIB.h,2,XPatch_Unicode/Dib.cpp;XPatch_Unicode/SeverMessageDialog.h
XPatch_Unicode/Label.cpp,normal/shared source,normal player dependency,29773,5fedb25bec13c26c496a9428e1e653becdf8a622871dbc1a09c317b5e4777d13,,XLauncher/Label.cpp;XPatch/Label.cpp,0,
XPatch_Unicode/Label.h,normal/shared source,normal player dependency,3386,e4d02f742dfafa410f31ce4cb31100972724ecdc8a9d580f68b16bb15d5ea8cd,,XLauncher/Label.h;XPatch/Label.h,2,XPatch_Unicode/Label.cpp;XPatch_Unicode/XPatchDlg.h
XPatch_Unicode/mssccprj.scc,resource/config/other,unclassified/non-code,339,eef4d8700a1173b19d03bdf34c246ed98ed904f6cf9bae663ad83452af30793c,,NexonADBalloonLib/mssccprj.scc;SetRegistry/SetRegistry/mssccprj.scc;SetRegistry/mssccprj.scc;XFControl/mssccprj.scc;XFileTransfer/XFileTransfer/mssccprj.scc;XFileTransfer/mssccprj.scc;XGamebase/mssccprj.scc;XKernel/mssccprj.scc;XLauncher/mssccprj.scc;XPacker/mssccprj.scc;XPatch/mssccprj.scc;audio_sdk/asorg/src/AudioLib/mssccprj.scc;audio_sdk/asorg/src/AudioScript/mssccprj.scc;audio_sdk/include/AudioScript/mssccprj.scc;audio_sdk/src/AudioLib/mssccprj.scc;audio_sdk/src/AudioLib/src/AudioLib/mssccprj.scc;audio_sdk/src/AudioScript/AudioScript/mssccprj.scc;audio_sdk/src/AudioScript/mssccprj.scc;audio_sdk/src/mssccprj.scc;mssccprj.scc,0,
XPatch_Unicode/Package.cpp,normal/shared source,normal player dependency,33858,9df7d0e35a9950ade1c63709c265b464d6fea4956a595129b1b1af654522dccd,,XLauncher/Package.cpp;XPacker/Package.cpp;XPatch/Package.cpp,0,
XPatch_Unicode/Package.h,normal/shared source,normal player dependency,2298,f4178f8bc5875508eec4fbcc7b24a5114dd64873af55743ebc581760c280e006,,XLauncher/Package.h;XPacker/Package.h;XPatch/Package.h,2,XPatch_Unicode/Package.cpp;XPatch_Unicode/XPatchDlg.cpp
XPatch_Unicode/ReadMe.txt,resource/config/other,unclassified/non-code,3581,1832194b8295af2b87a171b5b8d3498b28e47ee74d5063725286b546a4ea9256,,ReadMe.txt;SetRegistry/ReadMe.txt;SetRegistry/SetRegistry/ReadMe.txt;XFControl/Win32/ReadMe.txt;XFileTransfer/ReadMe.txt;XLauncher/ReadMe.txt;XPacker/ReadMe.txt;XPatch/ReadMe.txt;qhtm sdk/qhtm static link/readme.txt;qhtm sdk/test/readme.txt,0,
XPatch_Unicode/RegStringDefine.h,normal/shared source,normal player dependency,949,62cb7a229bc9066bc0ea76a9539024de0a5b06e512755950403f7f2496d80153,,SetRegistry/RegStringDefine.h;SetRegistry/SetRegistry/RegStringDefine.h;XPatch/RegStringDefine.h,2,XPatch_Unicode/Package.cpp;XPatch_Unicode/XPatchDlg.cpp
XPatch_Unicode/res/Border.bmp,resource/config/other,unclassified/non-code,71838,d2a9791003dca82b71177c710fa4a6ffbd2f98a5b021d1eff5e5a9442ed8797e,,XLauncher/res/BORDER.bmp;XPatch/res/Border.bmp,0,
XPatch_Unicode/res/Close.bmp,resource/config/other,unclassified/non-code,1334,14eb41dbb0999e30cbf64c8a92b5652dc6589eda6c6c58c16b3c70f169a949e4,XPatch/res/Close.bmp,XLauncher/res/Close.bmp;XPatch/res/Close.bmp,0,
XPatch_Unicode/res/icon1.ico,resource/config/other,unclassified/non-code,1406,e2ee570ae46da490c797f8ebb2c91dce887f538cdb0835c7c478dd1a67d3d24c,XPatch/res/icon1.ico,XPacker/res/icon1.ico;XPatch/res/icon1.ico,0,
XPatch_Unicode/res/IMAGE10.bmp,resource/config/other,unclassified/non-code,17462,3b8e88edae3cd55a2e75a2625cced840994e7759e15fa422b4964f8cae33787f,XLauncher/res/IMAGE10.bmp,XLauncher/res/IMAGE10.bmp,0,
XPatch_Unicode/res/kr_interface.txt,resource/config/other,unclassified/non-code,398,f8fcd5bc4abe7805e91575545fb733fcd668ebf98763d485892092477b7901f5,,,0,
XPatch_Unicode/res/M0Q1ILL5.BMP,resource/config/other,unclassified/non-code,8310,8d286d6eefa70cbd03bed75c0c63bd1b8b26c7bebefd8dc5d8231ad3f8da59c4,XPatch/res/M0Q1ILL5.BMP,XPatch/res/M0Q1ILL5.BMP,0,
XPatch_Unicode/res/Minimize.bmp,resource/config/other,unclassified/non-code,1334,694b4d14be0ea37dd355a53ca43c63ce69c0c6661fee66a047ff8b370a43ce91,XPatch/res/Minimize.bmp,XLauncher/res/Minimize.bmp;XPatch/res/Minimize.bmp,0,
XPatch_Unicode/res/minimize.ico,resource/config/other,unclassified/non-code,1406,8e19a8d628103ce70f09b9af2bec9ecc33010883d1b53235ff05109b0d32ae7c,XPatch/res/minimize.ico,XPatch/res/minimize.ico,0,
XPatch_Unicode/res/Open.bmp,resource/config/other,unclassified/non-code,4718,c6f28bf1029132594336b71d742bf932e76fe20981c6409774dd42c2d178bc0c,XPatch/res/Open.bmp,XPatch/res/Open.bmp,0,
XPatch_Unicode/res/Open.ico,resource/config/other,unclassified/non-code,2238,31dc1954cd30bdf6a2623cb5e6491a9e95e5b3f1479dfd6d9275d905ec2ceda6,,,0,
XPatch_Unicode/res/tw_interface.txt,resource/config/other,unclassified/non-code,238,c37f1505a90f585b4716d99073c66ee11fe520069af1378f05456a6ae0f46b1f,,,0,
XPatch_Unicode/res/Upgrade.bmp,resource/config/other,unclassified/non-code,2846,9c7a26be35adcea43c0fb5eff45a11c85134ce9b21d26afbfb9643c9ec5de158,XPatch/res/Upgrade.bmp,XPatch/res/Upgrade.bmp,0,
XPatch_Unicode/res/us_Border.bmp,resource/config/other,unclassified/non-code,72418,69936c76f896791fb3e4a73be2f7bff7f3e42aab942bcf73338ec61b1d512b57,,,0,
XPatch_Unicode/res/us_interface.txt,resource/config/other,unclassified/non-code,500,f1d3fb7fb5769e842de3fc9bf1592ca06c5e7324b1fd39705d0c07da959e7289,,,0,
XPatch_Unicode/res/vn_Border.bmp,resource/config/other,unclassified/non-code,72328,95cbcd57579c80eded48cf532ce19c4e95a190de0dcd5b0b2cc6129ea44f919f,,,0,
XPatch_Unicode/res/vn_interface.txt,resource/config/other,unclassified/non-code,574,a3162265b3c935449a0a5bd900b2e47f1a5146f9dd0ae42b3748d032b95fce1c,,,0,
XPatch_Unicode/res/vssver.scc,resource/config/other,unclassified/non-code,352,d4e3076cc175b420684abd2a9e12d99e9983cb585c89e1cd2816e71e622ccb98,,MeshControl/vssver.scc,0,
XPatch_Unicode/res/XPactchMainIcon.ico,resource/config/other,unclassified/non-code,3262,0fca9f50231248d02e26da76ef68c87682c574eb324f4473269a255073963494,XPatch/res/XPactchMainIcon.ico,XPatch/res/XPactchMainIcon.ico,0,
XPatch_Unicode/res/XPatch.ico,resource/config/other,unclassified/non-code,2238,bdb5531827bf4149c677abe72dd17f7cda990b52bf36527b67ac5162fb082b30,XPatch/res/XPatch.ico,XPatch/res/XPatch.ico,0,
XPatch_Unicode/res/XPatch.rc2,normal/shared source,normal player dependency,390,79ca32d721aae0940c4d6d35c87feae5ecc1066fa3397106cfc16e8b77989573,,XPatch/res/XPatch.rc2,1,XPatch_Unicode/XPatch.rc
XPatch_Unicode/resource.h,normal/shared source,normal player dependency,1594,49f3f163b631ab53b3f59e05dbb501f92fc29db499e6abf286f707d5a523b20e,,ChinaResource/resource.h;SetRegistry/SetRegistry/resource.h;SetRegistry/resource.h;XFileTransfer/resource.h;XLauncher/Resource.h;XPacker/Resource.h;XPatch/resource.h;qhtm sdk/resource.h;qhtm sdk/test/resource.h;resource.h,3,XPatch_Unicode/Package.cpp;XPatch_Unicode/XPatch.h;XPatch_Unicode/XPatch.rc
XPatch_Unicode/SeverMessageDialog.cpp,normal/shared source,normal player dependency,1976,afc7098221db0b79fe8179557339d5e4a5be9f8377d9eae2d66cdad5dfffde08,,XLauncher/SeverMessageDialog.cpp;XPatch/SeverMessageDialog.cpp,0,
XPatch_Unicode/SeverMessageDialog.h,normal/shared source,normal player dependency,1379,7a81fa2a0852f07e15bd4a6e1bb1a9b9cbe7dad17ff538d7387efcb739ef9776,,XLauncher/SeverMessageDialog.h;XPatch/SeverMessageDialog.h,2,XPatch_Unicode/SeverMessageDialog.cpp;XPatch_Unicode/XPatchDlg.cpp
XPatch_Unicode/ShadeButtonST.cpp,normal/shared source,normal player dependency,6860,30ecf855f8e7a9f63853db7c6e17e5e7ae4c2dddaf28b670dd444cb801e48253,,XLauncher/ShadeButtonST.cpp;XPatch/ShadeButtonST.cpp,0,
XPatch_Unicode/ShadeButtonST.h,normal/shared source,normal player dependency,1787,f7de692c6c757a4773ca8f39bfeab009fcb2f9a0959b84a6b749b0b85e0d08c0,,XLauncher/ShadeButtonST.h;XPatch/ShadeButtonST.h,1,XPatch_Unicode/ShadeButtonST.cpp
XPatch_Unicode/StdAfx.cpp,normal/shared source,normal player dependency,231,a11fe3555745fb7f5001116ad40b0df98b96cda219d419d1dd8d8ec622d18294,,SetRegistry/SetRegistry/StdAfx.cpp;SetRegistry/StdAfx.cpp;StdAfx.cpp;XFControl/StdAfx.cpp;XFileTransfer/StdAfx.cpp;XLauncher/StdAfx.cpp;XPacker/StdAfx.cpp;XPatch/StdAfx.cpp;qhtm sdk/qhtm static link/stdafx.cpp;qhtm sdk/stdafx.cpp;qhtm sdk/test/stdafx.cpp,0,
XPatch_Unicode/StdAfx.h,normal/shared source,normal player dependency,1122,04d89a575a99c4fcadfb495cd34a329585ca3b1d7474e2bbe67236637de6e4e0,,SetRegistry/SetRegistry/StdAfx.h;SetRegistry/StdAfx.h;StdAfx.h;XFControl/StdAfx.h;XFileTransfer/StdAfx.h;XLauncher/StdAfx.h;XPacker/StdAfx.h;XPatch/StdAfx.h;qhtm sdk/qhtm static link/stdafx.h;qhtm sdk/stdafx.h;qhtm sdk/test/stdafx.h,13,XPatch_Unicode/BitmapDialog.cpp;XPatch_Unicode/BtnST.cpp;XPatch_Unicode/CeXDib.cpp;XPatch_Unicode/Dib.cpp;XPatch_Unicode/Label.cpp;XPatch_Unicode/Package.cpp;XPatch_Unicode/SeverMessageDialog.cpp;XPatch_Unicode/ShadeButtonST.cpp;XPatch_Unicode/StdAfx.cpp;XPatch_Unicode/XPatch.cpp;XPatch_Unicode/XPatchDlg.cpp;XPatch_Unicode/XRegistry.cpp;XPatch_Unicode/xDib.cpp
XPatch_Unicode/tw_Upgrade.psd,resource/config/other,unclassified/non-code,1071125,3ce2ba7454631e13572ed3bd7bdf4211c0ab218866afd0e350419a6c9ee41b54,,,0,
XPatch_Unicode/us_Upgrade.psd,resource/config/other,unclassified/non-code,1043600,6b3d55111ba147865ecc6c9a6b92db32a00e6166d0beca7b4080ce7212894e24,,,0,
XPatch_Unicode/vn_Upgrade.psd,resource/config/other,unclassified/non-code,1066143,188bc2a638457eb9093b36706d22179ab3bf15e5a01c94784b17c2826cadd7ac,,,0,
XPatch_Unicode/vssver.scc,resource/config/other,unclassified/non-code,672,631efb5c24ddb9a3d04861ea4ad24d4c3f056dccda67237c787a108ac503688a,,MeshControl/vssver.scc,0,
XPatch_Unicode/xDib.cpp,normal/shared source,normal player dependency,15033,2e6366a4fc5b4e947be87a52af4b32079184dbd5ee0467e51de71d21a7a625f8,,XLauncher/xDib.cpp;XPatch/xDib.cpp,0,
XPatch_Unicode/xDib.h,normal/shared source,normal player dependency,2154,d24396f0a7c2fd043749649d1eef8f33cb2d579a737d767896c071444c47bf80,,XLauncher/xDib.h;XPatch/xDib.h,1,XPatch_Unicode/xDib.cpp
XPatch_Unicode/XPatch.aps,resource/config/other,unclassified/non-code,135256,220b81d1e05eff62e2bb960e07e545d3240328c486f98268743360613b445a7f,,,0,
XPatch_Unicode/XPatch.cpp,normal/shared source,normal player dependency,2442,d4e69075fa4e6b377598441717eecd6f47ae0d2c2a62398894a6df2ed221e499,,XPatch/XPatch.cpp,0,
XPatch_Unicode/XPatch.dsp,resource/config/other,unclassified/non-code,16755,1257976aa41154450b61e97c108db1f2fd511da1bb194ec6b6d92e1ab855c52c,,XPatch/XPatch.dsp,0,
XPatch_Unicode/XPatch.dsw,resource/config/other,unclassified/non-code,506,032ea82e3217177e5050b9338b3d5a48a96293f8d3239f1c6bf6dc35c7cdc18d,,XPatch/XPatch.dsw,0,
XPatch_Unicode/XPatch.h,normal/shared source,normal player dependency,1275,a9d7e026b531c4c2cd114e2b7e7de018820394c110b7eff252019b0de36d41c3,,XPatch/XPatch.h,3,XPatch_Unicode/SeverMessageDialog.cpp;XPatch_Unicode/XPatch.cpp;XPatch_Unicode/XPatchDlg.cpp
XPatch_Unicode/XPatch.ncb,generated/build artifact,unclassified/non-code,746496,1fc5a1280ec40a70051907cd977dad079524a1617a0be7fad6a6d2c91869dc0d,,,0,
XPatch_Unicode/XPatch.opt,resource/config/other,unclassified/non-code,328192,0292bf4fa112de4e68d80a487003d6d8368877f2a604f5e9d18bf482dec55373,,,0,
XPatch_Unicode/XPatch.plg,resource/config/other,unclassified/non-code,3031,fa204deaaa823313c98cefa370234d9ddefdbef2c0556ad1f19c158092babe74,,XPatch/XPatch.plg,0,
XPatch_Unicode/XPatch.rc,normal/shared source,normal player dependency,7607,95886d7f3cb2134f40a2f47402882e93efa5f56d22b76c7d22baaed61f2fd278,,XPatch/XPatch.rc,0,
XPatch_Unicode/XPatch.stt,resource/config/other,unclassified/non-code,40,7a7d2ecf684b0edcebaa1cbd902130d1f71102769042d051d95ef34f197f8e85,,XPatch/XPatch.stt,0,
XPatch_Unicode/XPatchDlg.cpp,normal/shared source,normal player dependency,34380,31982fbae52002e9ac24b94603cd3a6ac1f621559ce8c0dcff464f697a9e1a3f,,XPatch/XPatchDlg.cpp,0,
XPatch_Unicode/XPatchDlg.h,normal/shared source,normal player dependency,3986,f5c4652a72d3c8fc7e23aa6a2f07ea56484ec0d8c09c2f771e975f7df730e1eb,,XPatch/XPatchDlg.h,3,XPatch_Unicode/Package.cpp;XPatch_Unicode/XPatch.cpp;XPatch_Unicode/XPatchDlg.cpp
XPatch_Unicode/XRegistry.cpp,normal/shared source,normal player dependency,18601,1805bd7deeafa7a5daef24930da0fe20a424fe725b8b59f965952bad464f4c69,,XKernel/XUtilities/XRegistry.cpp;XLauncher/XRegistry.cpp;XPatch/XRegistry.cpp,0,
XPatch_Unicode/XRegistry.h,normal/shared source,normal player dependency,3729,92c3f95bfb72a88565b7c14eedc5022a8f0a157dddaa1742925d2bececc62237,,XKernel/XRegistry.h;XLauncher/XRegistry.h;XPatch/XRegistry.h,4,XPatch_Unicode/Package.cpp;XPatch_Unicode/StdAfx.h;XPatch_Unicode/XPatchDlg.cpp;XPatch_Unicode/XRegistry.cpp
XPatch_Unicode/Zip/adler32.c,normal/shared source,normal player dependency,2237,ee13e3baecf7d6f9777a997601bcd0fb1056a8f6323ed7a99c6ce17bc644d07f,,XGamebase/src/libs/zlib/adler32.c;XLauncher/FlashCtrl/zlib/adler32.c,0,
XPatch_Unicode/Zip/AutoBuffer.cpp,normal/shared source,normal player dependency,1975,3cca8f410150ade030482cf224d5dfc1f0c4a7e9fbab97bd6edfc184c4ee32fb,,XLauncher/Zip/AutoBuffer.cpp;XPacker/Zip/AutoBuffer.cpp,0,
XPatch_Unicode/Zip/AutoBuffer.h,normal/shared source,normal player dependency,950,7fb359c4d684c33f829eeed99979bcac00527d33436362167d1e86c30110fdbb,,XLauncher/Zip/AutoBuffer.h;XPacker/Zip/AutoBuffer.h,6,XPatch_Unicode/Zip/AutoBuffer.cpp;XPatch_Unicode/Zip/CentralDir.h;XPatch_Unicode/Zip/FileHeader.cpp;XPatch_Unicode/Zip/FileHeader.h;XPatch_Unicode/Zip/ZipInternalInfo.h;XPatch_Unicode/Zip/ZipStorage.h
XPatch_Unicode/Zip/BigFile.cpp,normal/shared source,normal player dependency,963,0f84bf9b340a90c5286f9b42e8d6a0c2b2528ed72a59d7f9480410153869e637,,XLauncher/Zip/BigFile.cpp;XPacker/Zip/BigFile.cpp,0,
XPatch_Unicode/Zip/BigFile.h,normal/shared source,normal player dependency,563,d03b91556cbde6b38fff0953da60b785069d9361f558b9e5b300bae5dd474412,,XLauncher/Zip/BigFile.h;XPacker/Zip/BigFile.h,2,XPatch_Unicode/Zip/BigFile.cpp;XPatch_Unicode/Zip/ZipStorage.h
XPatch_Unicode/Zip/CentralDir.cpp,normal/shared source,normal player dependency,13418,0515759041dc67bd72bc5279c424cca8ccac19e19043d26ea94d3d0223054e55,,XLauncher/Zip/CentralDir.cpp;XPacker/Zip/CentralDir.cpp,0,
XPatch_Unicode/Zip/CentralDir.h,normal/shared source,normal player dependency,2307,2f39e97d9710f78782810f3d0ac4d82154416a9696134b261ab23587d9c5c484,,XLauncher/Zip/CentralDir.h;XPacker/Zip/CentralDir.h,2,XPatch_Unicode/Zip/CentralDir.cpp;XPatch_Unicode/Zip/ZipArchive.h
XPatch_Unicode/Zip/compress.c,normal/shared source,normal player dependency,2489,e2966c82454e2caeb56b67e3a265f92bad947f87165809a8c488c4bfe3ba3299,,XGamebase/src/libs/zlib/compress.c;XLauncher/FlashCtrl/zlib/compress.c,0,
XPatch_Unicode/Zip/crc32.c,normal/shared source,normal player dependency,9722,e9b50066a4759f496d3fd6eadefd3cb7c8db786820d434d22a951765432df42e,,XGamebase/src/libs/zlib/crc32.c;XLauncher/FlashCtrl/zlib/crc32.c,0,
XPatch_Unicode/Zip/crc32.h,normal/shared source,normal player dependency,30568,b8252ca25db989e06910c09b031a328a18ab9c32fb3ab6e6f5c98c0e2b0089cb,,XLauncher/FlashCtrl/zlib/crc32.h,1,XPatch_Unicode/Zip/crc32.c
XPatch_Unicode/Zip/deflate.c,normal/shared source,normal player dependency,54964,ea50b7b35082a6ad0b986f98766fef7c6130404f770dc0f21915bc5d113318e2,,XGamebase/src/libs/zlib/deflate.c;XLauncher/FlashCtrl/zlib/deflate.c,0,
XPatch_Unicode/Zip/deflate.h,normal/shared source,normal player dependency,11942,123d7d3fbd7516ec846021ee1e26708670c36eaa3d2e442d694888a714a8ce97,,XGamebase/src/libs/zlib/deflate.h;XLauncher/FlashCtrl/zlib/deflate.h,2,XPatch_Unicode/Zip/deflate.c;XPatch_Unicode/Zip/trees.c
XPatch_Unicode/Zip/FileHeader.cpp,normal/shared source,normal player dependency,8142,5268ae65847c49bcfff39aa1852f5a5a4304a1dd9c2182f065d3fdbfdba513a6,,XLauncher/Zip/FileHeader.cpp;XPacker/Zip/FileHeader.cpp,0,
XPatch_Unicode/Zip/FileHeader.h,normal/shared source,normal player dependency,2765,fabfb6be0dbe35486ba2dd35371791f2258cc7ae1507acc62a39293a8271df8f,,XLauncher/Zip/FileHeader.h;XPacker/Zip/FileHeader.h,2,XPatch_Unicode/Zip/CentralDir.h;XPatch_Unicode/Zip/FileHeader.cpp
XPatch_Unicode/Zip/gzio.c,normal/shared source,normal player dependency,30528,09fc2d3f0803127964edd1624a6044dff998ab7efab017710dd71e8240d5adf8,,XGamebase/src/libs/zlib/gzio.c;XLauncher/FlashCtrl/zlib/gzio.c,0,
XPatch_Unicode/Zip/infback.c,normal/shared source,normal player dependency,22038,bab4554d916b31e98c2d3f4a651d9fb80e40a16b67bbcfadb14329f3dd33876c,,XLauncher/FlashCtrl/zlib/infback.c,0,
XPatch_Unicode/Zip/inffast.c,normal/shared source,normal player dependency,12192,1ef14309006c253f32dd1adeef69a05ccf697dafaf4902cbcffc0325dcebdc94,,XGamebase/src/libs/zlib/inffast.c;XLauncher/FlashCtrl/zlib/inffast.c,0,
XPatch_Unicode/Zip/inffast.h,normal/shared source,normal player dependency,407,b338cc7381a11473014404298bc89c5c3d6d4f3f5bd4e5c7ca3a8c1c1216ad6a,,XGamebase/src/libs/zlib/inffast.h;XLauncher/FlashCtrl/zlib/inffast.h,3,XPatch_Unicode/Zip/infback.c;XPatch_Unicode/Zip/inffast.c;XPatch_Unicode/Zip/inflate.c
XPatch_Unicode/Zip/inffixed.h,normal/shared source,normal player dependency,6343,88a340c8e628d56682a99c3a9a38e44fafeb8b4c609e0df85ea17c66011e0f42,,XGamebase/src/libs/zlib/inffixed.h;XLauncher/FlashCtrl/zlib/inffixed.h,2,XPatch_Unicode/Zip/infback.c;XPatch_Unicode/Zip/inflate.c
XPatch_Unicode/Zip/inflate.c,normal/shared source,normal player dependency,45355,4575c718113dfeb8573c8cc24f955b62a6a41c9ea06ca7b132d6175f502f52c6,,XGamebase/src/libs/zlib/inflate.c;XLauncher/FlashCtrl/zlib/inflate.c,0,
XPatch_Unicode/Zip/inflate.h,normal/shared source,normal player dependency,5802,1c9e8dfe9462d644d573c9c49674ef2b6ea44ec8b2ebf9d5683d75576ad9b17e,,XLauncher/FlashCtrl/zlib/inflate.h,3,XPatch_Unicode/Zip/infback.c;XPatch_Unicode/Zip/inffast.c;XPatch_Unicode/Zip/inflate.c
XPatch_Unicode/Zip/inftrees.c,normal/shared source,normal player dependency,13338,22beb7ee3019c976bf084f71508fc814e76a04e689fa1470f0b15a386103e10c,,XGamebase/src/libs/zlib/inftrees.c;XLauncher/FlashCtrl/zlib/inftrees.c,0,
XPatch_Unicode/Zip/inftrees.h,normal/shared source,normal player dependency,2373,84167eec78c20778551311b8ef68980630dc0696473fc0109339e0955444a7e2,,XGamebase/src/libs/zlib/inftrees.h;XLauncher/FlashCtrl/zlib/inftrees.h,4,XPatch_Unicode/Zip/infback.c;XPatch_Unicode/Zip/inffast.c;XPatch_Unicode/Zip/inflate.c;XPatch_Unicode/Zip/inftrees.c
XPatch_Unicode/Zip/trees.c,normal/shared source,normal player dependency,44041,829e3e5f82392d3991027a36bda3b5aa1947fdb2b9a31a5a467267491c747b3d,,XGamebase/src/libs/zlib/trees.c;XLauncher/FlashCtrl/zlib/trees.c,0,
XPatch_Unicode/Zip/trees.h,normal/shared source,normal player dependency,8444,81579041310716219bbbf7c98849d91f5aeabdd7eadb1f8e9d7e2aa57724b58b,,XGamebase/src/libs/zlib/trees.h;XLauncher/FlashCtrl/zlib/trees.h,1,XPatch_Unicode/Zip/trees.c
XPatch_Unicode/Zip/uncompr.c,normal/shared source,normal player dependency,2087,2eb29295ca49201b0b0a6448dfca8706d81a78b9dbdf8fa006f3f636e29a65fc,,XGamebase/src/libs/zlib/uncompr.c;XLauncher/FlashCtrl/zlib/uncompr.c,0,
XPatch_Unicode/Zip/vssver.scc,resource/config/other,unclassified/non-code,656,c57aa61e530cad62f8ac15b25debecd2a46db905c48ad43d2463e0d38f013b45,,MeshControl/vssver.scc,0,
XPatch_Unicode/Zip/zconf.h,normal/shared source,normal player dependency,8934,c13f743a4bf4d5f2c01a88624014f148bc7e985f6d4b9bda21646f5ad2cc067a,,XGamebase/src/libs/zlib/zconf.h;XLauncher/FlashCtrl/zlib/zconf.h;XPacker/Zip/zconf.h,1,XPatch_Unicode/Zip/zlib.h
XPatch_Unicode/Zip/zconf.in.h,normal/shared source,normal player dependency,8934,c13f743a4bf4d5f2c01a88624014f148bc7e985f6d4b9bda21646f5ad2cc067a,,XLauncher/FlashCtrl/zlib/zconf.in.h,0,
XPatch_Unicode/Zip/ZipArchive.cpp,normal/shared source,normal player dependency,23189,14cf787e515ef7ad485d4d368113dea111c97340090ffebee472310be977912c,,XLauncher/Zip/ZipArchive.cpp;XPacker/Zip/ZipArchive.cpp,0,
XPatch_Unicode/Zip/ZipArchive.h,normal/shared source,normal player dependency,20648,e19b7fb688a75a673f963c6ae8a3fb2de269411d993438646d15094139fdaaf8,,XLauncher/Zip/ZipArchive.h;XPacker/Zip/ZipArchive.h,4,XPatch_Unicode/XPatchDlg.cpp;XPatch_Unicode/Zip/CentralDir.cpp;XPatch_Unicode/Zip/ZipArchive.cpp;XPatch_Unicode/Zip/ZipStorage.cpp
XPatch_Unicode/Zip/ZipException.cpp,normal/shared source,normal player dependency,1966,8ad41dea9f0e0e52db17f59567a91d13bd9c231a57dd98d26344aab74315016d,,XLauncher/Zip/ZipException.cpp;XPacker/Zip/ZipException.cpp,0,
XPatch_Unicode/Zip/ZipException.h,normal/shared source,normal player dependency,2197,d8a4c32137f469292de1fc12b426ee507da727c8e415eab5178a7073d35c03f7,,XLauncher/Zip/ZipException.h;XPacker/Zip/ZipException.h,4,XPatch_Unicode/Zip/CentralDir.h;XPatch_Unicode/Zip/FileHeader.h;XPatch_Unicode/Zip/ZipArchive.h;XPatch_Unicode/Zip/ZipException.cpp
XPatch_Unicode/Zip/ZipInternalInfo.cpp,normal/shared source,normal player dependency,759,8d6534c3431e828b6e0b8f1c7f56657d5c2b20a72dcb08c16b82c86bdb8a38f7,,XLauncher/Zip/ZipInternalInfo.cpp;XPacker/Zip/ZipInternalInfo.cpp,0,
XPatch_Unicode/Zip/ZipInternalInfo.h,normal/shared source,normal player dependency,939,a53742d66e4a2ee97a326a72aac4788b1081848379e38247b682f41023c7a665,,XLauncher/Zip/ZipInternalInfo.h;XPacker/Zip/ZipInternalInfo.h,2,XPatch_Unicode/Zip/ZipArchive.h;XPatch_Unicode/Zip/ZipInternalInfo.cpp
XPatch_Unicode/Zip/ZipStorage.cpp,normal/shared source,normal player dependency,9843,5323af026db6fcb501ac2fec2a9d316c376daa42ff28a1d2cc36774a3d0b354c,,XLauncher/Zip/ZipStorage.cpp;XPacker/Zip/ZipStorage.cpp,0,
XPatch_Unicode/Zip/ZipStorage.h,normal/shared source,normal player dependency,4166,a1e910795ae5f1cb537afcf18ba4793ef006572eb68bd45d6c1e4fc2e7490b3f,,XLauncher/Zip/ZipStorage.h;XPacker/Zip/ZipStorage.h,3,XPatch_Unicode/Zip/FileHeader.h;XPatch_Unicode/Zip/ZipArchive.h;XPatch_Unicode/Zip/ZipStorage.cpp
XPatch_Unicode/Zip/zlib.h,normal/shared source,normal player dependency,57739,2f0d6a8760cfb070c373b3a6b5282107c1f9b84d57de7393780ddd76069a61fd,,XGamebase/src/libs/zlib/zlib.h;XLauncher/FlashCtrl/zlib/zlib.h;XPacker/Zip/zlib.h,6,XPatch_Unicode/Zip/FileHeader.cpp;XPatch_Unicode/Zip/ZipInternalInfo.h;XPatch_Unicode/Zip/adler32.c;XPatch_Unicode/Zip/compress.c;XPatch_Unicode/Zip/uncompr.c;XPatch_Unicode/Zip/zutil.h
XPatch_Unicode/Zip/zutil.c,normal/shared source,normal player dependency,7006,1271cf01df51105d0acc4b7aa21418012830b9b92e68fef18c066ad84f0fdac7,,XGamebase/src/libs/zlib/zutil.c;XLauncher/FlashCtrl/zlib/zutil.c,0,
XPatch_Unicode/Zip/zutil.h,normal/shared source,normal player dependency,6496,637bdd5b0f740c5e59cc07486fd5364d88d016427b65b0d2025d1fb92ae73997,,XGamebase/src/libs/zlib/zutil.h;XLauncher/FlashCtrl/zlib/zutil.h,8,XPatch_Unicode/Zip/crc32.c;XPatch_Unicode/Zip/deflate.h;XPatch_Unicode/Zip/gzio.c;XPatch_Unicode/Zip/infback.c;XPatch_Unicode/Zip/inffast.c;XPatch_Unicode/Zip/inflate.c;XPatch_Unicode/Zip/inftrees.c;XPatch_Unicode/Zip/zutil.c
XProcess/_XProc_ProcessDefine.h,normal player/game process,normal player dependency,21381,d9df4031a3f45913fc71695bec33e3367c6d9211692c3f5a45d0384a2d0d40c1,,,0,
XProcess/_XWindow_MatchPR.cpp,normal player/game process,normal player dependency,454,efc0f0342b91445b53887be32f6a84a8fa38fd0f286d3f7aea53448bc9f58361,,,0,
XProcess/_XWindow_MatchPR.h,normal player/game process,normal player dependency,550,48a243ecb1373d30a9acf8962df390a1dfa07848cc150d933f79371589f3de25,,,1,XProcess/_XWindow_MatchPR.cpp
XProcess/_XWindow_TestServerNotice.cpp,normal player/game process,normal player dependency,516,b13804bef7c531af0cbb7e8b3c8fe8c5018f9a459e7b94a10ffc15013f209907,,,0,
XProcess/RenderTest_XProc_SelectCharacter.cpp,normal player/game process,normal player dependency,154081,1aeee4efe05f930b1d803fe13b74896a6b38e73087d7b3af0ec709f38851f568,,,0,
XProcess/vssver.scc,normal player/game process,normal player dependency,2464,0d8e8560f85239fc405a7458f9801a8964db8fab70b34dd65641329fc962517f,,MeshControl/vssver.scc,0,
XProcess/XMnDStructInfo.h,normal player/game process,normal player dependency,1882,ee6d08cb19e2351b9db3ea269cd8373670c19ba1e4870275c4057bd7d89e2ceb,,,4,Network/XNetwork_MasternDisciple.cpp;XProcess/XWindow_MessengerDialog.h;XProcess/XWindow_MnDGroup.h;XProcess/XWindow_NPCMnDInfo.h
XProcess/XProc_MainGame.cpp,normal player/game process,normal player dependency,728228,0aaa45e049e70306704444c354d36512f64234277824901eb71aad674c663fec,,,0,
XProcess/XProc_MainGame.h,normal player/game process,shared by GM and normal,23431,b890501070a877016f5d6b6b49e1485c9f0b0f7c24152bc6e042a9e8e94d44d3,,,6,EmperorOfDragons.h;XProcess/XProc_Loading.cpp;XProcess/XProc_MainGame.cpp;XProcess/XProc_MainGameCallBackFunctions.cpp;XProcess/XProc_MainGameMessageHandler.cpp;XProcess/XProc_ZeroLevel.cpp
XProcess/XProc_MainGameCallBackFunctions.cpp,normal player/game process,normal player dependency,57690,59f9e7b7419ad2a37646339b0f545320f4db327819b90073b706d68e87f449aa,,,0,
XProcess/XProc_MainGameDef.h,normal player/game process,shared by GM and normal,5961,f9c017bd7b8c37df4e4830540a5380c297957ed0f913239384f25baf355a6169,,,12,DataStructure/XLocalUser.cpp;DataStructure/XMob.cpp;DataStructure/XMob.h;DataStructure/XUser.cpp;Filtering/XWordFilteringManager.cpp;XControl/XMessageBox.cpp;XProcess/EODDEF_GlobalObject.h;XProcess/EODEXTDEF_GlobalObject.h;XProcess/XMessageWindow.cpp;XProcess/XProc_Loading.cpp;XProcess/XProc_MainGame.h;XProcess/XProc_ZeroLevel.h
XProcess/XWindow_Elixir.cpp,normal player/game process,normal player dependency,695,a80e39cb27d53d6523442bbe7f6da45409232bb6caa6dece52a828c9e79d023d,,,0,
XProcess/XWindow_Elixir.h,normal player/game process,normal player dependency,784,3d289d00719743d9be3fd767e89a28e4827a32d833dcaf88622a3e50e92185ae,,,1,XProcess/XWindow_Elixir.cpp
XProcess/XWindow_GM_EventManager.cpp,GM/admin,GM-only root,7004,b8d1660fb709793ee65fdf9117c3f5362b4e5a3265a01bbe6ee26b1b5a1cbc61,,,0,
XProcess/XWindow_GM_EventManager.h,GM/admin,GM-only root,957,c68dbf6ac042d491a14ba68e4655e764aeaa07f254539829f4e4119bb672782f,,,3,XProcess/XProc_FirstLoad.cpp;XProcess/XProc_MainGameMessageHandler.cpp;XProcess/XWindow_GM_EventManager.cpp
XProcess/XWindow_GM_MonsterManage.cpp,GM/admin,GM-only root,9221,595cfe577077aa3f1302eb70598c31b564637410068f3cccefdc05c0bfe3f6e6,,,0,
XProcess/XWindow_GM_MonsterManage.h,GM/admin,GM-only root,1103,c4a00a97b23ba5147c88688af732d63e9105114588b0e17bf99a68066b3de031,,,3,XProcess/XProc_FirstLoad.cpp;XProcess/XProc_MainGameMessageHandler.cpp;XProcess/XWindow_GM_MonsterManage.cpp
XProcess/XWindow_GM_SendNoticeMessage.cpp,GM/admin,GM-only root,17834,532fda53243bc5e16644b80508dbf7cb216411c318a54243662797029a394e0c,,,0,
XProcess/XWindow_GM_SendNoticeMessage.h,GM/admin,GM-only root,1301,0ca20d5fa8c2d7a0d2ef0764b35fb959beacd4c82a572eb09ffb6d2445b92126,,,4,XProcess/XProc_FirstLoad.cpp;XProcess/XProc_MainGame.cpp;XProcess/XProc_MainGameMessageHandler.cpp;XProcess/XWindow_GM_SendNoticeMessage.cpp
XProcess/XWindow_GM_StatusControl.cpp,GM/admin,GM-only root,12162,2d4b38e24c7004e891d9f8a0970e1e9a7c0627aa9b9ea1396001c8b33f6bd7a4,,,0,
XProcess/XWindow_GM_StatusControl.h,GM/admin,GM-only root,1012,eeac321d08fa440d309142e4394182a47bd3820efeb304f7675ae5fa57108b5e,,,4,XProcess/XProc_FirstLoad.cpp;XProcess/XProc_MainGameCallBackFunctions.cpp;XProcess/XProc_MainGameMessageHandler.cpp;XProcess/XWindow_GM_StatusControl.cpp
XProcess/XWindow_GM_UserCoordination.cpp,GM/admin,GM-only root,12049,ca664bcc75b7525ad809e1d7bacfc5fb6456fce3fec7ee859da250ddd17dbbe4,,,0,
XProcess/XWindow_GM_UserCoordination.h,GM/admin,GM-only root,1297,c32f5185b935625781e07e532aa578e79c0f207c3f7bfff20996f128898b9bb9,,,5,Network/XNetwork.cpp;XProcess/XProc_FirstLoad.cpp;XProcess/XProc_MainGameMessageHandler.cpp;XProcess/XWindow_GM_UserCoordination.cpp;XProcess/XWindow_WorldMinimap.cpp
XProcess/XWindow_GMCommand.cpp,GM/admin,GM-only root,7028,476b26166eb223e44afb31c3a49a11cb2e185f40d4be3cd6c2bf523a85597e31,,,0,
XProcess/XWindow_GMCommand.h,GM/admin,GM-only root,1392,568cb49e3d42a30584a313eb6e71d0af4599c1c9582edc9a86ee4f7b34601cc1,,,4,XProcess/XProc_FirstLoad.cpp;XProcess/XProc_MainGame.cpp;XProcess/XProc_MainGameMessageHandler.cpp;XProcess/XWindow_GMCommand.cpp
XProcess/XWindow_ItemDropConfirm.cpp,normal player/game process,normal player dependency,8946,743841094ecf94cb507d0b87f143ae69360c9ef7e8b6a16f826e5870202fc130,,,0,
XProcess/XWindow_ItemDropConfirm.h,normal player/game process,normal player dependency,1522,464db056bdc219c034c04e228e403f2c08e9297e453fac7a24735a98febe248b,,,1,XProcess/XWindow_ItemDropConfirm.cpp
XProcess/XWindow_ItemTooltip.cpp,normal player/game process,normal player dependency,39136,488e0d38aeae07b6e43961e04603bd1be5689e9ec93f0b2244972769c10924ad,,,0,
XProcess/XWindow_ItemTooltip.h,normal player/game process,normal player dependency,2962,7aab9ac6b7786b4478654361298e3e31fdb3efc5b1f06d8e1dbee33bc7b7965e,,,1,XProcess/XWindow_ItemTooltip.cpp
XProcess/XWindow_MatchInfo.cpp,normal player/game process,normal player dependency,5192,d7fa88ec4abaf1f794da0e109c4c19471b7cc47218d0d6c7c1b32a024470fa60,,,0,
XProcess/XWindow_MatchInfo.h,normal player/game process,normal player dependency,949,c3e97483382c3258a5659240289e39298ace3a9e477488a79923fcf230b80410,,,1,XProcess/XWindow_MatchInfo.cpp
XProcess/XWindow_MatchWindow.cpp,normal player/game process,normal player dependency,6688,26f42c7e5a00861f4943ca848cccccf8e39e1aa0e4733c36b4d6da69df2585fa,,,0,
XProcess/XWindow_MatchWindow.h,normal player/game process,normal player dependency,1279,bb916746a58c0f824b9da6da5021541a3a11f0449f6a47175501c614e7fd9e5a,,,1,XProcess/XWindow_MatchWindow.cpp
XProcess/XWindow_MnDCurrentPoint.cpp,normal player/game process,normal player dependency,5185,7200f00bea327390601592966f3c7d591fd7e10914cb5b7c09dc20b84aec6fe5,,,0,
XProcess/XWindow_MnDCurrentPoint.h,normal player/game process,normal player dependency,1242,9ff06d9d76da2ba4a6a1a9ae87055cd2b2e0033343f80a595e32ed56002cbb0c,,,6,XProcess/XProc_FirstLoad.cpp;XProcess/XProc_MainGame.cpp;XProcess/XWindow_MnDCurrentPoint.cpp;XProcess/XWindow_RecallItem.cpp;XProcess/XWindow_SmeltItem.cpp;XProcess/XWindow_SystemMsgDefault.cpp
XProcess/XWindow_MnDGroup.cpp,normal player/game process,normal player dependency,54277,be73953ee2344ed6b0dbb59aa52ff4e0a91e0797a115cc372c5aa88381fe0548,,,0,
XProcess/XWindow_MnDGroup.h,normal player/game process,normal player dependency,3116,aa57483a280bf145e6ecb4ff5b319a9dc0bb380f02d20800cc83ccc9b8613d29,,,5,DataStructure/XLocalUser.cpp;Network/XNetwork_MasternDisciple.cpp;XProcess/XProc_MainGameMessageHandler.cpp;XProcess/XWindow_Group.cpp;XProcess/XWindow_MnDGroup.cpp
XProcess/XWindow_MnDTotalPoint.cpp,normal player/game process,normal player dependency,5164,6d2a781d89b730517ce600ba93be695e3dcf6f148c8ab3c4a4e68ac546734a18,,,0,
XProcess/XWindow_MnDTotalPoint.h,normal player/game process,normal player dependency,1225,f66a3931c26f658158ad623ef1439f5f730cdec7ddd558a8fc243b3be4ab2303,,,6,XProcess/XProc_FirstLoad.cpp;XProcess/XProc_MainGame.cpp;XProcess/XWindow_MnDTotalPoint.cpp;XProcess/XWindow_RecallItem.cpp;XProcess/XWindow_SmeltItem.cpp;XProcess/XWindow_SystemMsgDefault.cpp
XProcess/XWindow_NPCMnDInfo.cpp,normal player/game process,normal player dependency,12618,f66f9d8c6505cf5d5abff14925b12a558770ea1f07acc36e552af800195bd1e5,,,0,
XProcess/XWindow_NPCMnDInfo.h,normal player/game process,normal player dependency,951,081b632f9f79c0c77826c5699cd2447d2e5cfd514b0c05e4f0dc23bee086c394,,,4,XProcess/XProc_FirstLoad.cpp;XProcess/XProc_MainGame.cpp;XProcess/XProc_MainGameMessageHandler.cpp;XProcess/XWindow_NPCMnDInfo.cpp
XProcess/XWindow_NPCSkillTooltip.cpp,normal player/game process,normal player dependency,31714,bcf9cf53e0d0b717a223a1d28ce041ff0d2f480317bd30cb0cc72da18679342d,,,0,
XProcess/XWindow_NPCSkillTooltip.h,normal player/game process,normal player dependency,2325,2a3017eb715d6eafae8eb62247e250cb1036980c2fd977a8e7ec8683f5f86041,,,1,XProcess/XWindow_NPCSkillTooltip.cpp
XProcess/XWindow_QSlot.cpp,normal player/game process,normal player dependency,50570,58da8bd32799832459a2774a6fc113be84f17ef702e5bbda172b1c51d8b0b07f,,,0,
XProcess/XWindow_QSlot.h,normal player/game process,normal player dependency,4382,97103a9effb9e04dccd8dac564c12f6365aa91da8659ae8c72c3b474e083253c,,,2,XProcess/XWindow_FSWindow.cpp;XProcess/XWindow_QSlot.cpp
XProcess/XWindow_SkillTooltip.cpp,normal player/game process,normal player dependency,33458,7de246e9049190502496cdaaa6293c023a86d9d4ca6a631a04c00ad411e5501d,,,0,
XProcess/XWindow_SkillTooltip.h,normal player/game process,normal player dependency,3097,1833356095652bf2a592ba206d13be5ee1d3fd121c01474be0235f30c942c837,,,1,XProcess/XWindow_SkillTooltip.cpp
XProcess/XWindow_TargetInfoSelect.cpp,normal player/game process,normal player dependency,3562,49c0c5b85bf402127b5b9bd464e5cf1dcf8e0a6c2dd9ca62b8b0194b0269a32f,,,0,
XProcess/XWindow_TargetInfoSelect.h,normal player/game process,normal player dependency,884,329c73f0a84e6195d6985d5ec1734901da45af61befe9a93f255a98df048eee0,,,4,XProcess/XProc_FirstLoad.cpp;XProcess/XProc_MainGameMessageHandler.cpp;XProcess/XWindow_MonsterStatus.cpp;XProcess/XWindow_TargetInfoSelect.cpp
XProcess/XWindow_TradeItemTooltip.cpp,normal player/game process,normal player dependency,45681,8b51925f60ecb31113aec75700677f75ceaaa89294195cc51321794a806a8d7f,,,0,
XProcess/XWindow_TradeItemTooltip.h,normal player/game process,normal player dependency,3160,822edad636e6f3f1395fa7c37441e73b4360b19e49c27f1b5358fdf6295cd82d,,,1,XProcess/XWindow_TradeItemTooltip.cpp
XProcess/XWindow_WeaponUpgrade.cpp,normal player/game process,normal player dependency,20365,2911d995662ea0c4b0c557797862ff5b864b289d77fb0f775f93c74c179b9c7c,,,0,
XProcess/XWindow_WeaponUpgrade.h,normal player/game process,normal player dependency,1939,f700dd644951f63a8d41d033d0c64ba00566b7c5ecebf1ebde5eb739dec981ee,,,1,XProcess/XWindow_WeaponUpgrade.cpp
XProcess/xwndow_trainingspell.cpp,normal player/game process,normal player dependency,1309,20c9484c4a72fdf9134807791d6860b5d4fd8a915ee97f6d96c0828b339cd1ab,,,0,
XSound/vssver.scc,shared engine/internal library,unclassified/non-code,80,46e07c84b77bd1d8abad2bc8d9e2e9997821be65e68efe7f3107b32839b8022d,,MeshControl/vssver.scc,0,
XSTreeWrapper/vssver.scc,resource/config/other,unclassified/non-code,240,3877ec382b363224c1d6d05bdb0f8b6d03b2e9526bc4e9c88e28e5b5c23bb05b,,MeshControl/vssver.scc,0,
