archive_path,github_path,category,status,archive_size,github_size,archive_added_lines_vs_github,archive_removed_lines_vs_github,line_similarity,archive_mtime,archive_sha256,github_sha256
audio_sdk/asorg/include/Audio.h,audio_sdk/asorg/include/Audio.h,normal/shared source,text-identical (encoding/EOL differs),1272,1226,,,,1341402488,083ac5ce99fd36628eb9c9c73a68313f1394d9a68710f0c5aab5b6f0561a45ed,1b1431ba2e6343b83125f0e81ebdc0dc4f61a742888b5ffa09301d9aaf430370
audio_sdk/asorg/include/AudioLib/3dl2.h,audio_sdk/asorg/include/AudioLib/3dl2.h,normal/shared source,text-identical (encoding/EOL differs),9381,9183,,,,1341402489,d5ec67288e0f9b5cb2b91fb8a2aaa548e856e60cee763714dc90338692ba6906,246a0b7214ef78cf11bb3110d3740477ebbc336f98f2626c0da472584f246c47
audio_sdk/asorg/include/AudioLib/3dl2help.h,audio_sdk/asorg/include/AudioLib/3dl2help.h,normal/shared source,text-identical (encoding/EOL differs),6980,6819,,,,1341402489,b813140d1f4e08ce27fea8006e4300f494b8dcb75c459db3428cf30ef939c73d,ba728c4ad2e949589f6b6a3228a8514fd3b9a38a3cdc8e142974ab5cdfd44ad9
audio_sdk/asorg/include/AudioLib/AudioLibFactory.h,audio_sdk/asorg/include/AudioLib/AudioLibFactory.h,normal/shared source,text-identical (encoding/EOL differs),733,706,,,,1341402489,86d53a5d0c07c24fc13a41491c2ae4cd1c7a0b8f29a35bc43601a2172c3c4d90,b23d8118583248fffc613fb591f992936697269b0f06a704653b8f05d08d3b48
audio_sdk/asorg/include/AudioLib/CDPlayer.h,audio_sdk/asorg/include/AudioLib/CDPlayer.h,normal/shared source,text-identical (encoding/EOL differs),2260,2158,,,,1341402489,c3624b4b0b2ab0148db368af9265981e219d7f3996c50227deb751653c8b8928,ce148e836e7ac032fcefa4eabc7c261c757fe6d8e364e1d8c731f635609783b2
audio_sdk/asorg/include/AudioLib/Common.h,audio_sdk/asorg/include/AudioLib/Common.h,normal/shared source,text-identical (encoding/EOL differs),1149,1100,,,,1341402489,cdf78e6e194acfb3b4ffff11d841b8a2c094894f6a02fc533c07ede845c79fed,e7b884841edcb767e2bd891e8fd074f0d079dd5e61f6b1886edf4174613fc9fc
audio_sdk/asorg/include/AudioLib/Diagnostics.h,audio_sdk/asorg/include/AudioLib/Diagnostics.h,normal/shared source,text-identical (encoding/EOL differs),2174,2087,,,,1341402489,ff9854fbbabf58eb80c3093a3abd957efd381f8a8426261956dc508cf5717075,510f37e70f13f32f45a5af3509287385de0fb47e06b03d6006b6ae6863e38bf6
audio_sdk/asorg/include/AudioLib/Errors.h,audio_sdk/asorg/include/AudioLib/Errors.h,normal/shared source,text-identical (encoding/EOL differs),1728,1681,,,,1341402489,7253faa34154f2c8a4e42b6eebfed39a4b7649b9c379793549ee3ca21f42f4a1,2a1cbd62e879d5db6a61d760940cdd6cbc9f2cdf1842576cc12218ac95e2d3f4
audio_sdk/asorg/include/AudioLib/IAudio.h,audio_sdk/asorg/include/AudioLib/IAudio.h,normal/shared source,text-identical (encoding/EOL differs),51037,49574,,,,1341402489,bab2eb1a2923d013eae7230551b50fd7822f5ea9480f41c68990a4d74bd65eb2,3e4b21dd06411d6c34a907b0a0ed11129bfa3b1ed6f647d4a178d71676811164
audio_sdk/asorg/include/AudioLib/IAudioExt.h,audio_sdk/asorg/include/AudioLib/IAudioExt.h,normal/shared source,text-identical (encoding/EOL differs),829,798,,,,1341402489,6d51acda811da416e72cc554c82db20160ae091f5f498024a48aba81272238f8,4beea3e1530451f841b62511fe7eaf2ccc69ee9d380eca58bf83754e112b16f5
audio_sdk/asorg/include/AudioLib/IAudioStream.h,audio_sdk/asorg/include/AudioLib/IAudioStream.h,normal/shared source,text-identical (encoding/EOL differs),2784,2710,,,,1341402489,b8f2432ee55ed184d66d4a1370c1e119f12f74432add98aada3ab8c8ebb43ad1,3fd0f0e002b0dd158745c2519094efad3c0cc25040672354b9d83a29ffc1a11f
audio_sdk/asorg/include/AudioLib/ObjectPool.h,audio_sdk/asorg/include/AudioLib/ObjectPool.h,normal/shared source,text-identical (encoding/EOL differs),2676,2553,,,,1341402489,2f912ded36e7d295a37637e3726b646df133de5d1ccac7d5d9e95232e6ee0a2f,5206cc60dff973c3e4dcd17eb4d20660e7549b60b829a16b4532a61ec0f4895d
audio_sdk/asorg/include/AudioLib/Types.h,audio_sdk/asorg/include/AudioLib/Types.h,normal/shared source,text-identical (encoding/EOL differs),945,914,,,,1341402489,080a6e130b174c47bbbb739d961133f597aea472f4343428e1855034cbd996ef,54f2e7e9be602bd47a1349006df8a707167e869bc3feba3058068b69d6f234cb
audio_sdk/asorg/include/AudioLib/Utilities.h,audio_sdk/asorg/include/AudioLib/Utilities.h,normal/shared source,text-identical (encoding/EOL differs),4536,4366,,,,1341402489,2db4d6052f2b1d87f2a9434fdb42f015e2463cb20b79731f449d3363b07d323a,8ea93e26af1de2f77e52ff31d30245220f738820f7a903575d043625dfab0e37
audio_sdk/asorg/include/AudioLib/XAudioPackage.h,audio_sdk/asorg/include/AudioLib/XAudioPackage.h,normal/shared source,text-identical (encoding/EOL differs),2291,2179,,,,1341402489,a08293723f5831345644029e1e77f4884011e14658d7c9df68ce41ee08109cfb,c7275fe637f8031e4545c34982a9d3f837f41ba32f02977dddb0959418a9de8f
audio_sdk/asorg/include/AudioScript/AudioScriptFactory.h,audio_sdk/asorg/include/AudioScript/AudioScriptFactory.h,normal/shared source,text-identical (encoding/EOL differs),806,777,,,,1341402489,ce643850db146d8a826fc02459b1d5d3093d4b504d74a72a83a996e7c587d9eb,8486e1068a939f2b9aaa0e827e470e4fdcac424be827e5a86d2bf88e847de076
audio_sdk/asorg/include/AudioScript/IMusic.h,audio_sdk/asorg/include/AudioScript/IMusic.h,normal/shared source,text-identical (encoding/EOL differs),3988,3867,,,,1341402489,509f1f53f752dafcddf7e37f3fbd444117ccee57c2de54e3070f61bc5e6ff7d7,c742a237df838d22805f0187aa35a1fddd11984dd40d00009fcaea124724730d
audio_sdk/asorg/include/AudioScript/ISound.h,audio_sdk/asorg/include/AudioScript/ISound.h,normal/shared source,text-identical (encoding/EOL differs),9146,8883,,,,1341402489,59f6db9c2ab77377debcfbd6dbbe365a4567cfba1d06d922a79081ac56b48f43,d4e8ad4f45672272f276c3f144a5570b0135d7bcdae9c727e7d03af9c2c9a1bd
audio_sdk/asorg/lib/AudioLib.lib,audio_sdk/asorg/lib/AudioLib.lib,resource/config/other,byte-identical,531026,531026,,,,1341402489,56117f361deb297aa763d21a76650ce46f62a6c790420c3db3628500cc24e128,56117f361deb297aa763d21a76650ce46f62a6c790420c3db3628500cc24e128
audio_sdk/asorg/lib/AudioLib_dbg.lib,audio_sdk/asorg/lib/AudioLib_dbg.lib,resource/config/other,byte-identical,2485724,2485724,,,,1341402490,8f7f9c0eb5d82fb7e47140f2478d7d69813cf8a77906573026e3cdf636a3ce91,8f7f9c0eb5d82fb7e47140f2478d7d69813cf8a77906573026e3cdf636a3ce91
audio_sdk/asorg/lib/AudioScript.lib,audio_sdk/asorg/lib/AudioScript.lib,resource/config/other,byte-identical,821304,821304,,,,1341402490,6d8d7bc027347f6cc3c9a272fec76726240031ec865b876d660f1fcbc8b57ee6,6d8d7bc027347f6cc3c9a272fec76726240031ec865b876d660f1fcbc8b57ee6
audio_sdk/asorg/lib/AudioScript_dbg.lib,audio_sdk/asorg/lib/AudioScript_dbg.lib,resource/config/other,byte-identical,3412204,3412204,,,,1341402490,6f540fcd79d80d1089905fed46f9b8927e8380e95b229f66b3369733cc6da8d1,6f540fcd79d80d1089905fed46f9b8927e8380e95b229f66b3369733cc6da8d1
audio_sdk/asorg/src/AudioLib/AudioCommon.h,audio_sdk/asorg/src/AudioLib/AudioCommon.h,normal/shared source,text-identical (encoding/EOL differs),1582,1525,,,,1341402490,2f92a57cbe916751cf39188cd536b73992c6cc2d2950d4d964e31ae556ccfca1,d167102d3d8dccb5b05b557afaa613bf11ed31b2cf83be062db5b7c9bd7b9be1
audio_sdk/asorg/src/AudioLib/AudioLib.dsp,audio_sdk/asorg/src/AudioLib/AudioLib.dsp,resource/config/other,text-identical (encoding/EOL differs),8705,8376,,,,1341402490,348a853850d51cdf8249ba16fcb802431c403dbb129f9d1b8cab4c856b4fbcdf,fd8d1d8dc946d5eb0e17cd33599bfe2951f7119dc031f1d678b7453fd7556ff7
audio_sdk/asorg/src/AudioLib/AudioLib.plg,audio_sdk/asorg/src/AudioLib/AudioLib.plg,resource/config/other,content-different,1137,1112,,,,1341402491,018193a275561206e28fb432e8a1ed5cf0deee1b8051e80156fc28e489638174,63e9ec51b7538cd03a4efe24832b7d2d6423584a51fcf2972c0539770852a1cb
audio_sdk/asorg/src/AudioLib/AudioLibFactory.cpp,audio_sdk/asorg/src/AudioLib/AudioLibFactory.cpp,normal/shared source,text-identical (encoding/EOL differs),718,694,,,,1341402491,5e354078885edfa641d9415b8156fc608c3aace988ebfa1ad2a4d7e6f2352260,1fdfb83bf6950d709ab50d9c1d4c288b3159ea3c9dc40e1a2843c7070b875347
audio_sdk/asorg/src/AudioLib/AudioMgr.cpp,audio_sdk/asorg/src/AudioLib/AudioMgr.cpp,normal/shared source,text-identical (encoding/EOL differs),40302,39031,,,,1341402491,4e228a9c77e4fb6acaed926d55a4bfe0a40ff8126bf13fcc9850a8fd603eca4f,2310f623238b3e8891bbc0968774b4f833a9c5400da59c4a01366fcf5fa30d59
audio_sdk/asorg/src/AudioLib/AudioMgr.h,audio_sdk/asorg/src/AudioLib/AudioMgr.h,normal/shared source,text-identical (encoding/EOL differs),8457,8174,,,,1341402491,19d623b9574bc4aae7dc4885f600d1c554f24980268f2fb655ca5b3c5c5bc156,8982e027fb03911fc8ddcba8fe5f2c80bf0d11a0cf26fe7db4dd3ef5322cb59c
audio_sdk/asorg/src/AudioLib/AudioScript.cpp,audio_sdk/asorg/src/AudioLib/AudioScript.cpp,normal/shared source,text-identical (encoding/EOL differs),4584,4403,,,,1341402491,f394885e6708be9001d166a04bf4c5ff80079e53c141bb7d91a96f892d78d89a,09a7f4df03651e14b53a9342fd36933d92ccd3bd6c93f0e0e8891e505cb649d9
audio_sdk/asorg/src/AudioLib/AudioScript.h,audio_sdk/asorg/src/AudioLib/AudioScript.h,normal/shared source,text-identical (encoding/EOL differs),1437,1373,,,,1341402491,848bcb0d119f0436be53b3e4f29e6253296e9cd6c389ff06347c21b062bca9a2,524ce78a93d4e10164d9b52acded791347e6dee38364e2e84454e9ec501bbae1
audio_sdk/asorg/src/AudioLib/AudioStreamFactory.cpp,audio_sdk/asorg/src/AudioLib/AudioStreamFactory.cpp,normal/shared source,text-identical (encoding/EOL differs),859,830,,,,1341402491,f6c89d8802b0fd831836db20d82d1a4019381704b240cbfb49bfc5ed88939a56,1afe886335b6cf83311152f37bb1e4fcb883a97ad0ae68ff7cae6b5d84316954
audio_sdk/asorg/src/AudioLib/AudioStreamFactory.h,audio_sdk/asorg/src/AudioLib/AudioStreamFactory.h,normal/shared source,text-identical (encoding/EOL differs),768,740,,,,1341402491,41c998a780bfd1a7585b40611f315d3c22317454eecb4ee488ce32eccb540cce,a29890144604c41c075926cc6fb66f9646a483a50e6dbdadf22cc1b0563e4386
audio_sdk/asorg/src/AudioLib/BufferCache.cpp,audio_sdk/asorg/src/AudioLib/BufferCache.cpp,normal/shared source,text-identical (encoding/EOL differs),4430,4261,,,,1341402491,2ba66f8f150119550d810695494b83ee8c2f373ecaca9ad6f9775e57520ec894,507406252a1af2ca86d22a8dfa76908761340ee99eb9d73afa690a72eed3a36e
audio_sdk/asorg/src/AudioLib/BufferCache.h,audio_sdk/asorg/src/AudioLib/BufferCache.h,normal/shared source,text-identical (encoding/EOL differs),1188,1137,,,,1341402491,2468236e81ace7ebdaa36dd13586f7e363f800c71b85950b3e5b7ba9e1fdaf0b,ecb2ca15ef5e3f66747b42d72f6b8cea3512cf8caf7232ff37ce64f220e4f773
audio_sdk/asorg/src/AudioLib/CDPlayer.cpp,audio_sdk/asorg/src/AudioLib/CDPlayer.cpp,normal/shared source,text-identical (encoding/EOL differs),6435,6192,,,,1341402491,b7b4049fb2c0ee0637b8a442bcab05144473f789bd2600c279ddfcd0f62bb52c,0675c801d20ee44e8e7e8db01e2e1d3249dcab8e643d49127e55d6c5fb57ec71
audio_sdk/asorg/src/AudioLib/Diagnostics.cpp,audio_sdk/asorg/src/AudioLib/Diagnostics.cpp,normal/shared source,text-identical (encoding/EOL differs),593,575,,,,1341402491,33aab1f8b7d7af3823a5bd79919cebbfe08bcdacc551aac33e7e7cdd7b523597,f47acd86854f9f11ff7917b387cdf6a5533e1fe6f9fb4fa21957c89222b91773
audio_sdk/asorg/src/AudioLib/DLS.cpp,audio_sdk/asorg/src/AudioLib/DLS.cpp,normal/shared source,text-identical (encoding/EOL differs),3374,3218,,,,1341402491,81376b108841b01ac086f0bf80d9319fa6149630988ce72ea3adccf21b627fdf,8a2fa0ca86e9cbb545abc743515e521c76369ccede68a12fe5cabefd737bbc7b
audio_sdk/asorg/src/AudioLib/DLS.h,audio_sdk/asorg/src/AudioLib/DLS.h,normal/shared source,text-identical (encoding/EOL differs),1238,1182,,,,1341402491,269b625817a86f9ba35bee9aa4ee1235ddef3f3a17f85174add23c6d52982d2a,3426b63dc45a05e8e544ba59ccae810d2013714e634893b1660c9900573e093a
audio_sdk/asorg/src/AudioLib/Errors.cpp,audio_sdk/asorg/src/AudioLib/Errors.cpp,normal/shared source,text-identical (encoding/EOL differs),3203,3071,,,,1341402491,0368f3c6e11c235eb4ec68400a4180b5b923bce2a7af53420a3140273370133e,52a7fc8e74db67be93a191759edddb86952eb662feb5ab2c0e2321ae59c7144d
audio_sdk/asorg/src/AudioLib/except/eax.h,audio_sdk/asorg/src/AudioLib/except/eax.h,normal/shared source,text-identical (encoding/EOL differs),18211,17752,,,,1341402493,e09f48aa020059a66295bf2b1f2b5dae89a6e83268014dbbfb7b1f58c935d89f,a7449bf68cee2c604fba467015bfea6af8a39f3dc956513e9f6bf03ff546c3a2
audio_sdk/asorg/src/AudioLib/except/Extensions.cpp,audio_sdk/asorg/src/AudioLib/except/Extensions.cpp,normal/shared source,text-identical (encoding/EOL differs),13776,13092,,,,1341402493,2e09627af6a1591d858f876b0ab5b6a72602221cce2ddf652881e906bf8ab4db,1ee75c0a8e5c3fc307b9dc205ee0661d5d9da67219e6a86276d95a2409054093
audio_sdk/asorg/src/AudioLib/except/Extensions.h,audio_sdk/asorg/src/AudioLib/except/Extensions.h,normal/shared source,text-identical (encoding/EOL differs),2948,2839,,,,1341402493,edf0042f6f54813ee2a1fe9956a050f1de75b2a716ba7f8fb050e307b57a4555,36cf7be76a3de0ddee8be366729f95024119cbbde20419180d6a5830a7d24a51
audio_sdk/asorg/src/AudioLib/except/Wave.cpp,audio_sdk/asorg/src/AudioLib/except/Wave.cpp,normal/shared source,text-identical (encoding/EOL differs),19499,18821,,,,1341402493,86264e86863629f7e89f22eac81d84b6de9415d8e2942008016c6c3d17b7fde0,c78525d2202d02eef8972e12755f61b9db12294b6076e2420142db8cdaeea412
audio_sdk/asorg/src/AudioLib/except/Wave.h,audio_sdk/asorg/src/AudioLib/except/Wave.h,normal/shared source,text-identical (encoding/EOL differs),2265,2179,,,,1341402493,1072b1f8a481f31683ced77e2ca01ce479f1e3fbf072d09d43f834fbb6b4a481,8a5adf367b4a160b3d0ac8c1e90a1bf63491306f7d62bb0e3281810d27643d73
audio_sdk/asorg/src/AudioLib/except/ZoomFx.h,audio_sdk/asorg/src/AudioLib/except/ZoomFx.h,normal/shared source,text-identical (encoding/EOL differs),5179,5034,,,,1341402493,c842a7d94e23c2d72b994634a7dcd7c98718e8396cb6a8e3b875716ee35fdb16,c984e6adbcc5cdd3f4538a8d66c70737a571487ed0c502f3ed192c5019a3a151
audio_sdk/asorg/src/AudioLib/FileStream.cpp,audio_sdk/asorg/src/AudioLib/FileStream.cpp,normal/shared source,text-identical (encoding/EOL differs),7537,7211,,,,1341402491,745d05a1fdfbc285964e13c0b368859afb318499ca5186b72cff117b41c65cec,e30ec22b4a46113df4e46e7a02466a720f9d2f63db0885e300881549fb169166
audio_sdk/asorg/src/AudioLib/FileStream.h,audio_sdk/asorg/src/AudioLib/FileStream.h,normal/shared source,text-identical (encoding/EOL differs),2091,1997,,,,1341402491,66ba571aefb7dbb069fc64297f58972f498c11ae3700e6017bce9669c980b7a9,5965481ff9f79ee8e10c990592fd8e6d4447ce2be6ca482afcb80b0c3719edca
audio_sdk/asorg/src/AudioLib/IAudioLoader.h,audio_sdk/asorg/src/AudioLib/IAudioLoader.h,normal/shared source,text-identical (encoding/EOL differs),1751,1691,,,,1341402491,901c2199d4ac916561e21b44f0f4a5582de1c093c52dcd8eddaef2a45fc88e60,4ea9d3f80969b1b4a74dcb6da6bdb4860734df1687b10e08b1b85643ff1015ce
audio_sdk/asorg/src/AudioLib/IGameFile.h,audio_sdk/asorg/src/AudioLib/IGameFile.h,normal/shared source,text-identical (encoding/EOL differs),561,532,,,,1341402491,4ad9e07adfca56d4ca731cd7a443ff9118ee1dbfc21be9fbef95a5600e2fe11d,cca3985a87aae1190566952dd36a69aab4608356909f39f64a81018e7d730c99
audio_sdk/asorg/src/AudioLib/Libraries.cpp,audio_sdk/asorg/src/AudioLib/Libraries.cpp,normal/shared source,text-identical (encoding/EOL differs),24,21,,,,1341402491,cac8c82217898bf8c8c16d32060efabd74571de6dd8471fa82f4c92ced2be59c,9388b56e7db8d6a6f15ee681afadc2499a23299b84a4cb9b55985bc750ec25c8
audio_sdk/asorg/src/AudioLib/Listener.cpp,audio_sdk/asorg/src/AudioLib/Listener.cpp,normal/shared source,text-identical (encoding/EOL differs),11088,10739,,,,1341402491,7131b5278894c28685c3ee2f60b7f53f034b812d1fba5919d9749c48b6e289b1,d08051dc834c5af2162db1efb981838cd57578075158bc0d23d82014be1fbbac
audio_sdk/asorg/src/AudioLib/Listener.h,audio_sdk/asorg/src/AudioLib/Listener.h,normal/shared source,text-identical (encoding/EOL differs),2319,2236,,,,1341402492,3969e3f412a84f4ba61fa29e38b6791cf7fe7d1a6915c68a5d31cebba66d3389,0ca6a0c3e55a626758a1ec8ca08531ba9d6517a5aea4ee1c5b037cdaad98ff87
audio_sdk/asorg/src/AudioLib/MemBlock.cpp,audio_sdk/asorg/src/AudioLib/MemBlock.cpp,normal/shared source,text-identical (encoding/EOL differs),756,684,,,,1341402492,8d7d6e53500f18384be4662e96c8315bf1dc56526f417ee52841f0f587bc7de4,6253372cfcc38603872b716b022048544664d57a72a92da280ccfbed8d40f299
audio_sdk/asorg/src/AudioLib/MemBlock.h,audio_sdk/asorg/src/AudioLib/MemBlock.h,normal/shared source,text-identical (encoding/EOL differs),868,809,,,,1341402492,7ddebc93228b1a367ab0c8ea146513273092f0b4198d33d0be9587fd2fbdd2d9,8dcd623d85a20b4383395062223ffa7543a0db4aeb485936952d881e647eda9b
audio_sdk/asorg/src/AudioLib/mssccprj.scc,audio_sdk/asorg/src/AudioLib/mssccprj.scc,resource/config/other,content-different,219,183,,,,1341402490,5dab268b908a02efc84f606e02c1de6e6b46796c6dd95be914a414c30a6cac54,ba2181a330c2b5b241b1696c1b249f6df8f2ff5440c0691b135249a8edcae771
audio_sdk/asorg/src/AudioLib/PropertySet.cpp,audio_sdk/asorg/src/AudioLib/PropertySet.cpp,normal/shared source,text-identical (encoding/EOL differs),6934,6703,,,,1341402492,2bbaf2b70905b92f3f785a18e9aff9d065edcfc51970983b5e31caf7b8b7cfb6,ae2d7045536ccc7d482363b4c57464c0b68e2a55b7482664cc2d439fd672e421
audio_sdk/asorg/src/AudioLib/PropertySet.h,audio_sdk/asorg/src/AudioLib/PropertySet.h,normal/shared source,text-identical (encoding/EOL differs),1768,1699,,,,1341402492,d28d5ee60b3de1ce791f1b365906d22e0d1ebe894ccf6c037979158b4ba7490c,0fdbca816b59986b08b6c893ba35fbb7fedefee19e31c706e18d98430a78ded6
audio_sdk/asorg/src/AudioLib/Segment.cpp,audio_sdk/asorg/src/AudioLib/Segment.cpp,normal/shared source,text-identical (encoding/EOL differs),13657,13144,,,,1341402492,820634e9d92af735b7ed2d2ff744675d06b6764d1405406657ea298d5b9f1245,d1bac45f3974cf4d19e4b2324100e86fe55c3763ee7a726fe571686cbf0409fa
audio_sdk/asorg/src/AudioLib/Segment.h,audio_sdk/asorg/src/AudioLib/Segment.h,normal/shared source,text-identical (encoding/EOL differs),2611,2511,,,,1341402492,8f9b02f48960f53a6d7be76467c9cc456bccebef1f45a1db380218e6926a4751,881a19ee5467ac64701184543287313b801fc8a2561563fc1d7e4ed25a0e6c86
audio_sdk/asorg/src/AudioLib/Sound.cpp,audio_sdk/asorg/src/AudioLib/Sound.cpp,normal/shared source,text-identical (encoding/EOL differs),26824,25822,,,,1341402492,c316a799f3e0856d2f40f62fe5889b77764c3075dbc2d4e63cc8c5935faea22e,de3f1241bf04a11711dd555f4ddc773c68112f9fb88d3967b3db3e9653dfc16e
audio_sdk/asorg/src/AudioLib/Sound.h,audio_sdk/asorg/src/AudioLib/Sound.h,normal/shared source,text-identical (encoding/EOL differs),3443,3298,,,,1341402492,3ec84c677a490a2d06dd6cdef9d68716167e9cc6a4cebbddcd2072dcec2279b7,6cfea8fe46bb01399a2a1576eb91920ee8f2aa7a38d37a6c50a7487894e14dee
audio_sdk/asorg/src/AudioLib/Sound3D.cpp,audio_sdk/asorg/src/AudioLib/Sound3D.cpp,normal/shared source,text-identical (encoding/EOL differs),18741,18013,,,,1341402492,447c3a3841e947729c759595727fdda78907bb6bfd158b839c61352ede82ba53,9b35aa5fb17f2c8a517152e6404961848629a8b5783308bcd63cdbe48d769650
audio_sdk/asorg/src/AudioLib/Sound3D.h,audio_sdk/asorg/src/AudioLib/Sound3D.h,normal/shared source,text-identical (encoding/EOL differs),3326,3197,,,,1341402492,ddec1896d3194f24e7738d68844ddea26ddc3f4113e5f5404c58553db0c57125,624fb911974093936bd11f55158d197d5097b4b9150d5e5460419e7506610b93
audio_sdk/asorg/src/AudioLib/Utilities.cpp,audio_sdk/asorg/src/AudioLib/Utilities.cpp,normal/shared source,text-identical (encoding/EOL differs),8158,7899,,,,1341402492,2a9eb41a907058b15cb6e37971d4f57f5d7a20adedaa61a770ee7d148ba08ed6,b0f40e03ce55caa9e0030ed878e58e5dbf511b552c0e60e030f3790f080d4617
audio_sdk/asorg/src/AudioLib/Vorbis.cpp,audio_sdk/asorg/src/AudioLib/Vorbis.cpp,normal/shared source,text-identical (encoding/EOL differs),10025,9648,,,,1341402492,3f7b58120fd214546b5b6460dcc2da528fed365d3a3d86dc6df1e309d9e10571,d6c00f49d6fc6c65294785c25c856d483c63445a91bfe652ad334f0aa0ce9e40
audio_sdk/asorg/src/AudioLib/Vorbis.h,audio_sdk/asorg/src/AudioLib/Vorbis.h,normal/shared source,text-identical (encoding/EOL differs),1956,1858,,,,1341402492,9b1e932bb637e3c29d218df7ef5d9fd04be494405a1096afa654aeaf357e6996,3021b57aed7f8d274d292988d4d887dc4e253d3b8098aeb5c0a92039a506d94d
audio_sdk/asorg/src/AudioLib/Wave.cpp,audio_sdk/asorg/src/AudioLib/Wave.cpp,normal/shared source,text-identical (encoding/EOL differs),17755,17149,,,,1341402492,afd1d8c9b80e76fabda70624013103e90597029310e0071eb8075bf9fb775065,72763f340ab66aa0cff2f76470f14cb58471d7fc332602dd5f0c3e20c3e92181
audio_sdk/asorg/src/AudioLib/Wave.h,audio_sdk/asorg/src/AudioLib/Wave.h,normal/shared source,text-identical (encoding/EOL differs),2016,1942,,,,1341402492,c204ac388784254c07a19f0d30bc76733f1df6317cbf978624f459db26f5352d,34f0b5d2661083ca37e7951375bfec3505e5598c34123848b7f79d50ff0f70b7
audio_sdk/asorg/src/AudioLib/WMA.cpp,audio_sdk/asorg/src/AudioLib/WMA.cpp,normal/shared source,text-identical (encoding/EOL differs),16668,15954,,,,1341402492,7dd7240a4390027ee9f644b3379afb4e4f78bd3d8a9c8b4f81fc967ab4391405,f27611bc902176b654fffa75c4cbd5d0adc9d8ab91bcddb5671d9bbf0c25c163
audio_sdk/asorg/src/AudioLib/WMA.h,audio_sdk/asorg/src/AudioLib/WMA.h,normal/shared source,text-identical (encoding/EOL differs),3964,3786,,,,1341402492,02f8d4de6cfca5d4739433b8b4b6a03ea52150b5bcbcf05e357576c7ddc78273,84b5366aeb6d4464f6292b31104c32491f2f2a65aa6d06a9b13ea980ab52c5dd
audio_sdk/asorg/src/AudioLib/XAudioPackage.cpp,audio_sdk/asorg/src/AudioLib/XAudioPackage.cpp,normal/shared source,text-identical (encoding/EOL differs),15538,14852,,,,1341402492,5b789653170b9213d3e02dd19e964bb0e8ddb0b11deb4fd232b42d18130758e8,182a1286b695a7f450bdec0547d1cef8532369f786f5f8065ad5fc76f497a3fd
audio_sdk/asorg/src/AudioLib/XPackageWave.cpp,audio_sdk/asorg/src/AudioLib/XPackageWave.cpp,normal/shared source,text-identical (encoding/EOL differs),7726,7456,,,,1341402492,963b3e5dd2616ea7ee67b8bc8f824a5e3d449a8564c0168c26d2bacaa0c29298,723f32db11346fef3883a335165e7a795d0aa26e48fb4dc613d159ca1d6275bd
audio_sdk/asorg/src/AudioLib/XPackageWave.h,audio_sdk/asorg/src/AudioLib/XPackageWave.h,normal/shared source,text-identical (encoding/EOL differs),1902,1827,,,,1341402493,03fcdfbe694d8d7654430bff11a6fd73dbf7ac32b0a1f105f9d4e7053336a03c,90dd20b6ea83e973da0964ddadb8d0715ccb2ef123a09b716634667f0dac9e1a
audio_sdk/asorg/src/AudioScript/AudioScript.dsp,audio_sdk/asorg/src/AudioScript/AudioScript.dsp,resource/config/other,text-identical (encoding/EOL differs),6027,5825,,,,1341402493,da4bfa768de96a4bad5e287966e99135211b51ea29617148ee45b7ee3573ba5d,096b4a1e4ed3a9d900ff87c60d1960e1133a27082481579e8946918c73e93f67
audio_sdk/asorg/src/AudioScript/AudioScript.plg,audio_sdk/asorg/src/AudioScript/AudioScript.plg,resource/config/other,content-different,2547,2491,,,,1341402493,0acb53fb3135113e071709cbab462f98d1e46ca2b280995d39444fdbe8ef6cbd,0edf4b0413737a5bbfabeb3a606ff45f1af06b380ccb273c0b79a4c8c5df0395
audio_sdk/asorg/src/AudioScript/AudioScriptFactory.cpp,audio_sdk/asorg/src/AudioScript/AudioScriptFactory.cpp,normal/shared source,text-identical (encoding/EOL differs),941,909,,,,1341402493,88f08ad960ababd0e9bf1ef58cab59e559f4399d5866989fec24693fe072f5b2,b69d93e2d2158fd4a34a2d32c6307e2f3891af3d0e1c44dae9d279acbf9bb4e8
audio_sdk/asorg/src/AudioScript/Lexer.cpp,audio_sdk/asorg/src/AudioScript/Lexer.cpp,normal/shared source,text-identical (encoding/EOL differs),45761,44242,,,,1341402493,0dae5c885ef7f46652b9587968c3e79eca2f27dd3a4ec71942a999c3c61dfbc2,e2476399b843cfaa7cd67f806f4f6b32047aa741a5aeca41ba67d0f0b6b4c3c6
audio_sdk/asorg/src/AudioScript/Lexer.h,audio_sdk/asorg/src/AudioScript/Lexer.h,normal/shared source,text-identical (encoding/EOL differs),7288,7091,,,,1341402493,156f4e37a13357c29efb7fad3da789d92029f2b74bb8b0442115a25d70541fed,7227fb3f71268569b7b5f00c7809bd5c744f7f0d5118dd871205319a1eeeb0d7
audio_sdk/asorg/src/AudioScript/mssccprj.scc,audio_sdk/asorg/src/AudioScript/mssccprj.scc,resource/config/other,content-different,225,189,,,,1341402493,8d93fcd8d62a7ab1fb31d1c35e57f2a813b997787293cfb4fb200654abecfbf0,85f4cf07dcb5d8ee120c607f4de62b92cd469f28f01531ec50b83dd5656c6945
audio_sdk/asorg/src/AudioScript/MusicMgr.cpp,audio_sdk/asorg/src/AudioScript/MusicMgr.cpp,normal/shared source,text-identical (encoding/EOL differs),11553,11118,,,,1341402493,595465bdf31a753cc11ee88ebdab32883d49889c1812e084bbb3c15d400918f8,43bf57a9ab81f5d469168644316100d62bd3c1a184526aa48bb1a0604fb54ebd
audio_sdk/asorg/src/AudioScript/MusicMgr.h,audio_sdk/asorg/src/AudioScript/MusicMgr.h,normal/shared source,text-identical (encoding/EOL differs),2178,2084,,,,1341402493,90a16b312abf3285f0cc477b0d0d0f9c9ae0627241dbabacfefb9c63b7915624,062f8f77a52aea3326a1f90ec5b4c85c9871084e9cebdc226c909b10dccd66e4
audio_sdk/asorg/src/AudioScript/Script.cpp,audio_sdk/asorg/src/AudioScript/Script.cpp,normal/shared source,text-identical (encoding/EOL differs),9051,8651,,,,1341402494,b717bf5c29871d28566bb29a76155a3d0e66dc4c4cadd52c93bb408e081dae00,c4d03e7329dce4eb140a7ff8af6cb461e9a8d1d861cb39473dd969c0e4fb4bc9
audio_sdk/asorg/src/AudioScript/Script.h,audio_sdk/asorg/src/AudioScript/Script.h,normal/shared source,text-identical (encoding/EOL differs),1965,1850,,,,1341402494,784a98a72900cb42d833f9a4c2d5d7cfba8a6788ba938c5065ad7a475b13d1f9,8a250fb65202ef6d5369c4a395f9351c4b6fa17cf6db51e2796c1765948e2bf6
audio_sdk/asorg/src/AudioScript/SoundMgr.cpp,audio_sdk/asorg/src/AudioScript/SoundMgr.cpp,normal/shared source,text-identical (encoding/EOL differs),27421,26569,,,,1341402494,88a764b0b714222bcd157d496b881b1230e2b3dcc5092e05d9d9012b58359c96,8cb680aeb586a0a0c6769572757d9f0d971476f4c8c1fac3252d46f6d1cecce0
audio_sdk/asorg/src/AudioScript/SoundMgr.h,audio_sdk/asorg/src/AudioScript/SoundMgr.h,normal/shared source,text-identical (encoding/EOL differs),4912,4749,,,,1341402494,a72db03f77b132bc080a590d9464d6378167f6b5da231f070528f8699c4a02bc,7dbf785b092f897f47745f622ec984d139dfa1ae0b8fd4daaec6e0814370124d
audio_sdk/asorg/src/AudioScript/SoundScape.cpp,audio_sdk/asorg/src/AudioScript/SoundScape.cpp,normal/shared source,text-identical (encoding/EOL differs),15392,14857,,,,1341402494,58233e7f3c7964ccd80860167ab240e2f3f09419137ee5246a772d2d8b6a77fd,9386f876e50a958489f56d697ae4652e7ff5cd638050477bc178a45385088e5f
audio_sdk/asorg/src/AudioScript/SoundScape.h,audio_sdk/asorg/src/AudioScript/SoundScape.h,normal/shared source,text-identical (encoding/EOL differs),3519,3363,,,,1341402494,973d422ab15979cce1a428b49cc16e640e4826e12851f5069f2d1c70cabb0f4e,79a8c5b40b5b5f17de1fb3500d2a76718cffebed3fa7ff9c8f7fac093f436468
audio_sdk/asorg/src/AudioScript/Theme.cpp,audio_sdk/asorg/src/AudioScript/Theme.cpp,normal/shared source,text-identical (encoding/EOL differs),3632,3507,,,,1341402494,3f612534e165c6043cab4f51616246bd7b73760538884759efe754293f9d9994,ffea7a8117ce662758f322a34d7cab5705a69093affd6b54a10d5ca7ca92bef6
audio_sdk/asorg/src/AudioScript/Theme.h,audio_sdk/asorg/src/AudioScript/Theme.h,normal/shared source,text-identical (encoding/EOL differs),1484,1429,,,,1341402494,d8e35160c9b1b9214b4c0b94a6fdc3572ca79b45f97fa708effcfffa3fbc4d85,e91bfff93bd0f8f7330034baffe37ea81a45ecbba70ff6169f039e8c9cabb5b9
audio_sdk/asorg/src/AudioScript/Token.cpp,audio_sdk/asorg/src/AudioScript/Token.cpp,normal/shared source,text-identical (encoding/EOL differs),10489,10045,,,,1341402494,8e8b5cb7f54d85c1915c82fc1bceaf8999ae54d49dc1bbac0a78c2fecbb73637,d00352f5730b30cf9f8eacc70dee7b5e06f1d1566d70b60136cd75c24a14bf5c
audio_sdk/asorg/src/AudioScript/Token.h,audio_sdk/asorg/src/AudioScript/Token.h,normal/shared source,text-identical (encoding/EOL differs),8795,8477,,,,1341402494,0bf5222041b9fee588e2d2a5ff981a090c14265214955e005c96658687816eb7,06cc386c408bb60b042e2ed0633c74d95bdbaf8b6bc2b8095d4f3c80b57e1c8b
audio_sdk/asorg/src/AudioScript/TokenFile.cpp,audio_sdk/asorg/src/AudioScript/TokenFile.cpp,normal/shared source,text-identical (encoding/EOL differs),16584,15887,,,,1341402494,4452f1f471b393f08fdfa813c8715936b5e951d2d9cf6cbbc985f2f63c31f62d,f7e797c0ff8541208d908efdc636e7414a05b392444938e923200e7f82b00973
audio_sdk/asorg/src/AudioScript/TokenFile.h,audio_sdk/asorg/src/AudioScript/TokenFile.h,normal/shared source,text-identical (encoding/EOL differs),3692,3566,,,,1341402494,c86cad7c7645c9935f2dfd3a39925c538b424b6e8ca386239c1f018d369883e5,932824145b8b61b04a0f25496713f98546c954855d01db1b52806db066f82241
audio_sdk/doc/GAP Audio System/Doc/HTML - English/annotated.html,audio_sdk/doc/GAP Audio System/Doc/HTML - English/annotated.html,resource/config/other,text-identical (encoding/EOL differs),6061,6008,,,,1341402495,2b3b7417ff696ff49e212865a9fe2fb9faaa27b885fc9add1d7b3131f5263330,38d4d28c1c1f2aeb9843f0a017997237b4fb4e958d1759c7254941e92773cf3d
audio_sdk/doc/GAP Audio System/Doc/HTML - English/classes.html,audio_sdk/doc/GAP Audio System/Doc/HTML - English/classes.html,resource/config/other,text-identical (encoding/EOL differs),5264,5238,,,,1341402495,5e48aeb99b067363e0fbda4610b90802227c18f49cd84f96d81c90d3c20938ad,31cb2a02273e5701c536eb690a37cd1dc755c1ec15f004c458ff81768e634c53
audio_sdk/doc/GAP Audio System/Doc/HTML - English/classIAudioBase-members.html,audio_sdk/doc/GAP Audio System/Doc/HTML - English/classIAudioBase-members.html,resource/config/other,text-identical (encoding/EOL differs),1791,1769,,,,1341402495,444c16a3445584946b4e88bfc98adea419afeb64c11c67bb240f5c6ebbbc7efe,678198b2c4df9153149844fc5ba4c0fdb0034570d2d81ce05b6a5e0349bf418b
audio_sdk/doc/GAP Audio System/Doc/HTML - English/classIAudioBase.gif,audio_sdk/doc/GAP Audio System/Doc/HTML - English/classIAudioBase.gif,resource/config/other,byte-identical,2065,2065,,,,1341402495,fd5acf15a8d12991161fef192453b52417b2f367e280713711bf2511cc9dd163,fd5acf15a8d12991161fef192453b52417b2f367e280713711bf2511cc9dd163
audio_sdk/doc/GAP Audio System/Doc/HTML - English/classIAudioBase.html,audio_sdk/doc/GAP Audio System/Doc/HTML - English/classIAudioBase.html,resource/config/other,text-identical (encoding/EOL differs),9045,8839,,,,1341402495,cbff37a9ac8ae48bb155df3cce742975fd007b89e75c5a92fa22232531129999,6c42c672e97db3336eeb1e66ff5e101b36153bf0b2bbdc4559e411586cb6149e
audio_sdk/doc/GAP Audio System/Doc/HTML - English/classIAudioManager-members.html,audio_sdk/doc/GAP Audio System/Doc/HTML - English/classIAudioManager-members.html,resource/config/other,text-identical (encoding/EOL differs),3709,3672,,,,1341402495,a4c1e0215973826963f1172026b3e2175eed6336ea20b60dcd2018c4da73c50c,91304dd067b3e53da8e110ca86ec36c1a9c2789ce1efc4fee941d3958b810236
audio_sdk/doc/GAP Audio System/Doc/HTML - English/classIAudioManager.html,audio_sdk/doc/GAP Audio System/Doc/HTML - English/classIAudioManager.html,resource/config/other,text-identical (encoding/EOL differs),28638,27836,,,,1341402495,1f9a16c4ea16ea80cbbe17298f2f601d9d234e4e4d958f55e9ba8c875480355b,014f3a10be2fcf57e55370d1695cad187a1a3e08b6f2993d51a9d210437ff0f0
audio_sdk/doc/GAP Audio System/Doc/HTML - English/classIAudioScript-members.html,audio_sdk/doc/GAP Audio System/Doc/HTML - English/classIAudioScript-members.html,resource/config/other,text-identical (encoding/EOL differs),2314,2288,,,,1341402495,9255d7723e1cd28f7831876b2968253462d0065223f08bed1999eb1259a30cfe,facc49e4af3333f0477e72c861b1f521ec5e0e720f04d43e936888964bf38c1f
audio_sdk/doc/GAP Audio System/Doc/HTML - English/classIAudioScript.gif,audio_sdk/doc/GAP Audio System/Doc/HTML - English/classIAudioScript.gif,resource/config/other,byte-identical,567,567,,,,1341402495,2a9f7b0bf4ffeff4fd4808d99a09006bf49349d2459a27ce1b8593cd6f240214,2a9f7b0bf4ffeff4fd4808d99a09006bf49349d2459a27ce1b8593cd6f240214
audio_sdk/doc/GAP Audio System/Doc/HTML - English/classIAudioScript.html,audio_sdk/doc/GAP Audio System/Doc/HTML - English/classIAudioScript.html,resource/config/other,text-identical (encoding/EOL differs),8397,8179,,,,1341402495,3499ebf2ec78c933b3568bbcd02f1ffe13c3dba75a9ac44f52a1c3252add9932,2ac70c8da1ab1f04e2cdea7e2305a2134eaf7e89a1c1809054e2218b3027c36b
audio_sdk/doc/GAP Audio System/Doc/HTML - English/classIAudioStream-members.html,audio_sdk/doc/GAP Audio System/Doc/HTML - English/classIAudioStream-members.html,resource/config/other,text-identical (encoding/EOL differs),1426,1408,,,,1341402495,0a18b215ffeb360fe781fc48d709c31cad69046e5add6edf74d8cb24c9d6403f,f1160dd24364840dcf30b1312bf68f97e99662e4dc594347593d0e579b4b340b
audio_sdk/doc/GAP Audio System/Doc/HTML - English/classIAudioStream.gif,audio_sdk/doc/GAP Audio System/Doc/HTML - English/classIAudioStream.gif,resource/config/other,byte-identical,528,528,,,,1341402496,476278ae55245fca70499464c426849450d75dc03bbeedff3d9b70a0c3705c3c,476278ae55245fca70499464c426849450d75dc03bbeedff3d9b70a0c3705c3c
audio_sdk/doc/GAP Audio System/Doc/HTML - English/classIAudioStream.html,audio_sdk/doc/GAP Audio System/Doc/HTML - English/classIAudioStream.html,resource/config/other,text-identical (encoding/EOL differs),3907,3831,,,,1341402496,d7ee4239784f94bce89cf7ccdb47a149557c23a5a2fc77e981621c49b1567e50,bd9bbb92d07a7b385205c89545a7b678edf789089cd58ca935106b689df76f9c
audio_sdk/doc/GAP Audio System/Doc/HTML - English/classIAudioStreamFactory-members.html,audio_sdk/doc/GAP Audio System/Doc/HTML - English/classIAudioStreamFactory-members.html,resource/config/other,text-identical (encoding/EOL differs),1472,1454,,,,1341402496,3ed3bfd379b01e5b7935ecc7e01d0f0155350977285f61190bbebac499d5d8c5,3d9cadd93f8eacf804e3a322fd758386a78a052bb629b3ceb689777ba7423d3d
audio_sdk/doc/GAP Audio System/Doc/HTML - English/classIAudioStreamFactory.html,audio_sdk/doc/GAP Audio System/Doc/HTML - English/classIAudioStreamFactory.html,resource/config/other,text-identical (encoding/EOL differs),4621,4547,,,,1341402496,1f473af72538c2c949cc907d02f5652cb475f8d8bcb66510afdfbf3cab428d35,611bda72c9b18445907ce3525eb707b9df1746585c8ff362ae75861316e6c2b0
audio_sdk/doc/GAP Audio System/Doc/HTML - English/classIDLS-members.html,audio_sdk/doc/GAP Audio System/Doc/HTML - English/classIDLS-members.html,resource/config/other,text-identical (encoding/EOL differs),2053,2028,,,,1341402496,fe37c40cfed5f3d609b956f988eab2de4a24e1fab6baecc9e462db2abbc544ac,4698e4612a85e8fd6a359bead3377d581f4e1e946c68a96531dbf330db711de4
audio_sdk/doc/GAP Audio System/Doc/HTML - English/classIDLS.gif,audio_sdk/doc/GAP Audio System/Doc/HTML - English/classIDLS.gif,resource/config/other,byte-identical,496,496,,,,1341402496,63272e3ff02b1cd4e8ffd3a57e51110fce407cca153a61b486e288b48ea64893,63272e3ff02b1cd4e8ffd3a57e51110fce407cca153a61b486e288b48ea64893
audio_sdk/doc/GAP Audio System/Doc/HTML - English/classIDLS.html,audio_sdk/doc/GAP Audio System/Doc/HTML - English/classIDLS.html,resource/config/other,text-identical (encoding/EOL differs),6457,6310,,,,1341402496,7aa0b03943a4f1c01f243f6349fc58d700beac48a7bfd3fc854abdfdcb020bfb,c55ac21a0771442ab9805d31ebc491a529a914a49afcb0f137711fae2d9e9cb4
audio_sdk/doc/GAP Audio System/Doc/HTML - English/classIEAXBuffer-members.html,audio_sdk/doc/GAP Audio System/Doc/HTML - English/classIEAXBuffer-members.html,resource/config/other,text-identical (encoding/EOL differs),3133,3101,,,,1341402496,64c02f19c65fffd74ba664ac176984d6144ec5d4c2b06248e5052faada7164ee,4adbecb5dbb616a3eaa1023af409265ea93b80306406e64f493a9e28aa8ce18f
audio_sdk/doc/GAP Audio System/Doc/HTML - English/classIEAXBuffer.html,audio_sdk/doc/GAP Audio System/Doc/HTML - English/classIEAXBuffer.html,resource/config/other,text-identical (encoding/EOL differs),18987,18399,,,,1341402496,0f9dcc9ffc731e1df0c8e38cf2c9ff80c932e54caf77c317d77ce80557694646,e94ab61f6bff85354584a6ab9f0593b246d8cf15264a7c282c90e83f664dd6fa
audio_sdk/doc/GAP Audio System/Doc/HTML - English/classIEAXListener-members.html,audio_sdk/doc/GAP Audio System/Doc/HTML - English/classIEAXListener-members.html,resource/config/other,text-identical (encoding/EOL differs),3284,3251,,,,1341402496,568f03f4e0fd24261d69ba793884edaef4fa408aa027c936996634b634a024e5,734fad7968d52c4629604414dd5432401f2c595a1ec6736eaef99f8405616159
audio_sdk/doc/GAP Audio System/Doc/HTML - English/classIEAXListener.html,audio_sdk/doc/GAP Audio System/Doc/HTML - English/classIEAXListener.html,resource/config/other,text-identical (encoding/EOL differs),20162,19537,,,,1341402496,469b5587295120e90bd910f68c93def07f7622e49247ea492450044b724b65a9,984a5e75d50e2e523d7562c031dc597c66658f529e42fc4050147a1816b436ea
audio_sdk/doc/GAP Audio System/Doc/HTML - English/classIListener-members.html,audio_sdk/doc/GAP Audio System/Doc/HTML - English/classIListener-members.html,resource/config/other,text-identical (encoding/EOL differs),4082,4046,,,,1341402496,e2d73a4e97073eb0ce89d5fe7764afa8ca2e0f9731ec6cc451ef58203cf59c5d,9a68226196fc6ed0e2f84803eaeb09415292905e546d55b8d38f3e168c728398
audio_sdk/doc/GAP Audio System/Doc/HTML - English/classIListener.html,audio_sdk/doc/GAP Audio System/Doc/HTML - English/classIListener.html,resource/config/other,text-identical (encoding/EOL differs),29632,28764,,,,1341402497,e4466963d63b32bf35794bce5358669b72725544da7bac45d97370262b8a65fa,38e8faa76679935c85d040ec566aab1ae794d427fcb716a8e04e1d71a86e23c0
audio_sdk/doc/GAP Audio System/Doc/HTML - English/classIMusicCallback-members.html,audio_sdk/doc/GAP Audio System/Doc/HTML - English/classIMusicCallback-members.html,resource/config/other,text-identical (encoding/EOL differs),1424,1406,,,,1341402497,628610c4972de9986a0df64ffb894f46e221dbabeb09dbfc91fd031dcab63dda,d3ad11a12413d5063a40ce01c5f8cb54211904465b235ff966f7fbd9b441b014
audio_sdk/doc/GAP Audio System/Doc/HTML - English/classIMusicCallback.gif,audio_sdk/doc/GAP Audio System/Doc/HTML - English/classIMusicCallback.gif,resource/config/other,byte-identical,645,645,,,,1341402497,70644b7d837b451f55a1b41953a70f9d662e64297b39172b61224fa233c5cec2,70644b7d837b451f55a1b41953a70f9d662e64297b39172b61224fa233c5cec2
audio_sdk/doc/GAP Audio System/Doc/HTML - English/classIMusicCallback.html,audio_sdk/doc/GAP Audio System/Doc/HTML - English/classIMusicCallback.html,resource/config/other,text-identical (encoding/EOL differs),3164,3098,,,,1341402497,e9bdbfba5a8496b3c66cf43f18d850901dcf1ad19fedd3fc3ce3d1fc72da79ff,eb63717cea72fc8bcd88b1aa9add7a86b2707c05f9f353ca8e3ba4daa83b3dce
audio_sdk/doc/GAP Audio System/Doc/HTML - English/classIMusicManager-members.html,audio_sdk/doc/GAP Audio System/Doc/HTML - English/classIMusicManager-members.html,resource/config/other,text-identical (encoding/EOL differs),2413,2386,,,,1341402497,1e81c23766c7532d4c5d57d6df06d39b247aa44447f897fa87ac5f4d29b18bf6,ea58fb23ab30ade51882d94c82ccbbc70220d7c322e99f807466101cd013e255
audio_sdk/doc/GAP Audio System/Doc/HTML - English/classIMusicManager.gif,audio_sdk/doc/GAP Audio System/Doc/HTML - English/classIMusicManager.gif,resource/config/other,byte-identical,640,640,,,,1341402497,479ba51c0ae7a65ac89bde937008e9655d0771c6a0a35a4ecbaf96b9f1aa267a,479ba51c0ae7a65ac89bde937008e9655d0771c6a0a35a4ecbaf96b9f1aa267a
audio_sdk/doc/GAP Audio System/Doc/HTML - English/classIMusicManager.html,audio_sdk/doc/GAP Audio System/Doc/HTML - English/classIMusicManager.html,resource/config/other,text-identical (encoding/EOL differs),13233,12880,,,,1341402497,1f0e363b72254fa6ee2eab305df0609bafc511af22f10db24b07820b905044cf,689878ec6f6c66c3997b65d737f4b5270c2e22916700646fb0ba63d4526930e2
audio_sdk/doc/GAP Audio System/Doc/HTML - English/classIPlayable-members.html,audio_sdk/doc/GAP Audio System/Doc/HTML - English/classIPlayable-members.html,resource/config/other,text-identical (encoding/EOL differs),2361,2333,,,,1341402497,dfd3016c20f4b7c49f5ee2c53e06a0486c57856d7173fb8dcf31e94e3d1a51b5,ae433dbce445bd0678d3f1a640ca2b256af58b8d77c2a4472db61de400620194
audio_sdk/doc/GAP Audio System/Doc/HTML - English/classIPlayable.gif,audio_sdk/doc/GAP Audio System/Doc/HTML - English/classIPlayable.gif,resource/config/other,byte-identical,1699,1699,,,,1341402497,6938b69aa1092f913db1faf819c351f2c8e97a41adb458227e7b844f7212d288,6938b69aa1092f913db1faf819c351f2c8e97a41adb458227e7b844f7212d288
audio_sdk/doc/GAP Audio System/Doc/HTML - English/classIPlayable.html,audio_sdk/doc/GAP Audio System/Doc/HTML - English/classIPlayable.html,resource/config/other,text-identical (encoding/EOL differs),9496,9258,,,,1341402497,1f72a27eaf6e57d86ae4282b402d9497687cb758f8db725a9a4eaa433d08d038,7139bfb23b628845565d667d7478fbc9723a29ace978eea194b0d1e61c892e3d
audio_sdk/doc/GAP Audio System/Doc/HTML - English/classISegment-members.html,audio_sdk/doc/GAP Audio System/Doc/HTML - English/classISegment-members.html,resource/config/other,text-identical (encoding/EOL differs),2474,2445,,,,1341402497,abb82bf26810c818fcf5a4ad8176eda0cf76c992d4f758644f313b94728b1fcc,e36cc20dbd8e6757c9e688691607485530b4428509af377d4ecc73ac049bc4c0
audio_sdk/doc/GAP Audio System/Doc/HTML - English/classISegment.gif,audio_sdk/doc/GAP Audio System/Doc/HTML - English/classISegment.gif,resource/config/other,byte-identical,770,770,,,,1341402497,07a87b3926113d24470c3cf1e9d74844477d03696da0c49552a4a67897d42efb,07a87b3926113d24470c3cf1e9d74844477d03696da0c49552a4a67897d42efb
audio_sdk/doc/GAP Audio System/Doc/HTML - English/classISegment.html,audio_sdk/doc/GAP Audio System/Doc/HTML - English/classISegment.html,resource/config/other,text-identical (encoding/EOL differs),4102,4024,,,,1341402497,df879a4466f7775fb416dfcbcfec0ea8cc07897685b6ac7827689523ef34a8df,7e66429709251de5f8bf5a719de99f55a7d1827d19b32c137792fe0c0c744df4
audio_sdk/doc/GAP Audio System/Doc/HTML - English/classISound-members.html,audio_sdk/doc/GAP Audio System/Doc/HTML - English/classISound-members.html,resource/config/other,text-identical (encoding/EOL differs),3704,3664,,,,1341402497,a08684f96255d49ca3513f183506ac628aa7e968e7a466c45b31d6babdcb5b78,11e20577e2d8294cfc50f0b33e0101c86242993eac7cf26fea64fe4b7c195656
audio_sdk/doc/GAP Audio System/Doc/HTML - English/classISound.gif,audio_sdk/doc/GAP Audio System/Doc/HTML - English/classISound.gif,resource/config/other,byte-identical,749,749,,,,1341402497,15c0118b9bd459b91da280bb1ea59ec3bc4b740623e1245ce0710050493d4c63,15c0118b9bd459b91da280bb1ea59ec3bc4b740623e1245ce0710050493d4c63
audio_sdk/doc/GAP Audio System/Doc/HTML - English/classISound.html,audio_sdk/doc/GAP Audio System/Doc/HTML - English/classISound.html,resource/config/other,text-identical (encoding/EOL differs),17907,17394,,,,1341402497,ff30a27a659067523083caf768ffb41034cfb660541012e866fb5842295028a0,ef90d19abcda00241febc384a7b28612ed0043930ec25984bcb1ab071db150ba
audio_sdk/doc/GAP Audio System/Doc/HTML - English/classISound3D-members.html,audio_sdk/doc/GAP Audio System/Doc/HTML - English/classISound3D-members.html,resource/config/other,text-identical (encoding/EOL differs),6343,6284,,,,1341402498,8609c526c8e647708e8364a5c9cded58f66eedce9b74c0989ff6b90342ed9d08,70fb2efafdd427fbb15f5c9a600b2fba52f8faf7f8af6e69fc0a9b27553043cd
audio_sdk/doc/GAP Audio System/Doc/HTML - English/classISound3D.gif,audio_sdk/doc/GAP Audio System/Doc/HTML - English/classISound3D.gif,resource/config/other,byte-identical,768,768,,,,1341402498,c896558025d655a7b5f6e4b89679694e7033cbb5d06380994e63f0fef683109d,c896558025d655a7b5f6e4b89679694e7033cbb5d06380994e63f0fef683109d
audio_sdk/doc/GAP Audio System/Doc/HTML - English/classISound3D.html,audio_sdk/doc/GAP Audio System/Doc/HTML - English/classISound3D.html,resource/config/other,text-identical (encoding/EOL differs),45876,44507,,,,1341402498,8bfec08df8d84b50bf90507684814c156a8242fbdc81031998341c6cdf09f386,91189d78143ca0fdf267ed9874ec8512eb4466bcd5843d2bed81eb84b668b87e
audio_sdk/doc/GAP Audio System/Doc/HTML - English/classISoundManager-members.html,audio_sdk/doc/GAP Audio System/Doc/HTML - English/classISoundManager-members.html,resource/config/other,text-identical (encoding/EOL differs),5373,5347,,,,1341402498,9f02fd66bde096779d53a94ffcb1d900f64cde036a07f0b8eba5688993f5d97a,be2a7e387186a280a41f214bf581aadf9f81f01e1ec338d2845145ca790c4950
audio_sdk/doc/GAP Audio System/Doc/HTML - English/classISoundManager.html,audio_sdk/doc/GAP Audio System/Doc/HTML - English/classISoundManager.html,resource/config/other,text-identical (encoding/EOL differs),19054,18627,,,,1341402498,c19995e3eb46b32b84e5b07d1a1aadc7ed07e1f453fc91b7b047d3cd6595d598,0ddb65d26305ebec6737b4c0993cd1d8f895613a9eefc677a6ef5bb3aec62277
audio_sdk/doc/GAP Audio System/Doc/HTML - English/classISoundScape-members.html,audio_sdk/doc/GAP Audio System/Doc/HTML - English/classISoundScape-members.html,resource/config/other,text-identical (encoding/EOL differs),2971,2939,,,,1341402498,d6bc1f3d119e89dbc0b2cab56ca90baec84b1a7d3049484e9e3956e973b0856b,960ec0874d1f2aa8b57a2b6ef26369c8cbf95947c80a78871049447c0cb46987
audio_sdk/doc/GAP Audio System/Doc/HTML - English/classISoundScape.gif,audio_sdk/doc/GAP Audio System/Doc/HTML - English/classISoundScape.gif,resource/config/other,byte-identical,816,816,,,,1341402498,4187ed67d9e05635ce41a0053d63cbdf3addb571ad924f8e5c9c4c6049e7d16d,4187ed67d9e05635ce41a0053d63cbdf3addb571ad924f8e5c9c4c6049e7d16d
audio_sdk/doc/GAP Audio System/Doc/HTML - English/classISoundScape.html,audio_sdk/doc/GAP Audio System/Doc/HTML - English/classISoundScape.html,resource/config/other,text-identical (encoding/EOL differs),7811,7612,,,,1341402498,f96fb2b4e9c28202372c20d2567794a4064432c6f63324ecf1610e129872268b,b382978707da1b9816e65840ef29a894f60ad97f85cb27cc416017a737548fad
audio_sdk/doc/GAP Audio System/Doc/HTML - English/classIZoomFX-members.html,audio_sdk/doc/GAP Audio System/Doc/HTML - English/classIZoomFX-members.html,resource/config/other,text-identical (encoding/EOL differs),1902,1880,,,,1341402498,ddafddb1831f5cc407ef8c41b5d4c839ef98d3b1016099c785a5740be45baa10,9c0fe28b6706943779829c9e165232274c69d0ca8b01c9aeefa14557d0ccc7a2
audio_sdk/doc/GAP Audio System/Doc/HTML - English/classIZoomFX.html,audio_sdk/doc/GAP Audio System/Doc/HTML - English/classIZoomFX.html,resource/config/other,text-identical (encoding/EOL differs),7716,7502,,,,1341402498,710f071ba0614b563f951d4dff70a6c77217d78542f6f989151b79177e747add,4d96fba42e058821967535c992f0e67573bbde39dfc24e565a7cc1a081b9e668
audio_sdk/doc/GAP Audio System/Doc/HTML - English/doxygen.css,audio_sdk/doc/GAP Audio System/Doc/HTML - English/doxygen.css,resource/config/other,text-identical (encoding/EOL differs),905,885,,,,1341402498,3ee5d98bc6a4219bbf0295f56bee05ef57844d382391cdbdd47fe18250c12476,b42135fe6ebc532afce33460487898f5c61ed6e50c499e21ff8709065b810866
audio_sdk/doc/GAP Audio System/Doc/HTML - English/doxygen.gif,audio_sdk/doc/GAP Audio System/Doc/HTML - English/doxygen.gif,resource/config/other,byte-identical,2378,2378,,,,1341402498,6bb8d48c1f8609fa0ee8662491f471a3f8170062f240142988746a0e340962be,6bb8d48c1f8609fa0ee8662491f471a3f8170062f240142988746a0e340962be
audio_sdk/doc/GAP Audio System/Doc/HTML - English/files.html,audio_sdk/doc/GAP Audio System/Doc/HTML - English/files.html,resource/config/other,text-identical (encoding/EOL differs),1743,1726,,,,1341402498,2e21467a9df648a327b2cb4d78e3c9575f83dae161f74d045c088e073e992b25,1d3039680c699785f1e9399c91e07355ab07bbb13ee42186cbdecc4804cd4f3d
audio_sdk/doc/GAP Audio System/Doc/HTML - English/functions.html,audio_sdk/doc/GAP Audio System/Doc/HTML - English/functions.html,resource/config/other,text-identical (encoding/EOL differs),24496,24229,,,,1341402499,703659356e76ba417e6794b54974d1a708443ef86c173f25a61eb582c77ece50,47ce8c426360930cbb92f9537131ccbc020cc2525a10cdfd20c1bd76dc556489
audio_sdk/doc/GAP Audio System/Doc/HTML - English/globals.html,audio_sdk/doc/GAP Audio System/Doc/HTML - English/globals.html,resource/config/other,text-identical (encoding/EOL differs),1425,1402,,,,1341402499,d67c58904b80a257b5449391d301d292ed398367906fbe62ffebf39a7721c443,634b97b45a834ff020a7af71772bb4196b9f6aa41d0fe6ed6780ac7da0adf230
audio_sdk/doc/GAP Audio System/Doc/HTML - English/hierarchy.html,audio_sdk/doc/GAP Audio System/Doc/HTML - English/hierarchy.html,resource/config/other,text-identical (encoding/EOL differs),3891,3820,,,,1341402499,7af93a6a2d1a17e63dc504b25f5f715b1c652abf8e44ae6b8db51efb0575186b,5662713e3847d9ebd6d992f4f6c5a73259717496a276c7238c5a27927e55554d
audio_sdk/doc/GAP Audio System/Doc/HTML - English/IAudio_8h-source.html,audio_sdk/doc/GAP Audio System/Doc/HTML - English/IAudio_8h-source.html,resource/config/other,text-identical (encoding/EOL differs),47635,47086,,,,1341402499,614228b63fa96982da8ed58ce0f6c8288e62db39186704b3580feb0229fbf82e,68304c96aaec08074b555621e89c9166f00568185aee80b8af1a9b55deda7e48
audio_sdk/doc/GAP Audio System/Doc/HTML - English/IAudio_8h.html,audio_sdk/doc/GAP Audio System/Doc/HTML - English/IAudio_8h.html,resource/config/other,text-identical (encoding/EOL differs),9864,9765,,,,1341402499,9ed827671bfdf4277ce81c49cfa5062ac6e8a8aa68180d644417b8136e972a5d,09b7623239476ca6f8e931065be96b78fefa806ec7b6340bdbd9ba06527685e3
audio_sdk/doc/GAP Audio System/Doc/HTML - English/IAudioExt_8h-source.html,audio_sdk/doc/GAP Audio System/Doc/HTML - English/IAudioExt_8h-source.html,resource/config/other,text-identical (encoding/EOL differs),16434,16229,,,,1341402499,ef6d62f7f0ed4e166d25dbd7f2e85f6165cdd65501683dc935e716019a2e798b,0a6f155a766a4dc9a9919a1187e065ca577f182ecb7f292648710b5470d98bc4
audio_sdk/doc/GAP Audio System/Doc/HTML - English/IAudioExt_8h.html,audio_sdk/doc/GAP Audio System/Doc/HTML - English/IAudioExt_8h.html,resource/config/other,text-identical (encoding/EOL differs),4288,4245,,,,1341402499,5e2f025a8bacfa43c1c4758e2dffc52f65bbab85b9aab8a4d7ee3740e69fbd7a,92ebd3fbbcd99da23e0ab170ad4f0b31c2e0e07e866f88183f4cac2277f70185
audio_sdk/doc/GAP Audio System/Doc/HTML - English/IAudioStream_8h-source.html,audio_sdk/doc/GAP Audio System/Doc/HTML - English/IAudioStream_8h-source.html,resource/config/other,text-identical (encoding/EOL differs),3853,3799,,,,1341402499,ac68d572d322da34eb3155a30478cb7f1bef8f140bf11eb044c0d15ae36a7b59,e07a7f4fdf0c2843fa4afcdadc5b8c0f004ab61413aa917e0c858073a97f4075
audio_sdk/doc/GAP Audio System/Doc/HTML - English/IAudioStream_8h.html,audio_sdk/doc/GAP Audio System/Doc/HTML - English/IAudioStream_8h.html,resource/config/other,text-identical (encoding/EOL differs),2225,2198,,,,1341402499,b371fe16e0b0d2fc676c732c26f16dfe9fd37a3f7bd97ace91483bdae7166656,ad1c4905c65db62a19e23aef15ffdba2442bde7407d3870ad24c7b671d4fb303
audio_sdk/doc/GAP Audio System/Doc/HTML - English/IMusic_8h-source.html,audio_sdk/doc/GAP Audio System/Doc/HTML - English/IMusic_8h-source.html,resource/config/other,text-identical (encoding/EOL differs),4715,4653,,,,1341402499,864421846bcb86430641bb3403c8513c43906de6fd124cfd750950962f23df15,38acc26ee4735ecb7a1eec0185c251d92873f269bd1e0e34e3985591e69fcb74
audio_sdk/doc/GAP Audio System/Doc/HTML - English/IMusic_8h.html,audio_sdk/doc/GAP Audio System/Doc/HTML - English/IMusic_8h.html,resource/config/other,text-identical (encoding/EOL differs),1754,1729,,,,1341402499,ab58616a99fc07f892c65334fa487ed086e9e1715b2d2ce29130bf0c89336465,dbef2c5865f1058da091d22fe4a6b951790eef241ddea0a1ae26e1186c7bfdf9
audio_sdk/doc/GAP Audio System/Doc/HTML - English/index.chm,audio_sdk/doc/GAP Audio System/Doc/HTML - English/index.chm,resource/config/other,byte-identical,167177,167177,,,,1341402499,9d72eb615ba6f7361348549fc4ae9e80bccb969ab0cc14edc19252ce476633d5,9d72eb615ba6f7361348549fc4ae9e80bccb969ab0cc14edc19252ce476633d5
audio_sdk/doc/GAP Audio System/Doc/HTML - English/index.hhc,audio_sdk/doc/GAP Audio System/Doc/HTML - English/index.hhc,resource/config/other,content-different,15382,15262,,,,1341402499,1b6e9a2a7e261494839176a112a65e86338e6468ce6fd0d46d95c1d68965a2b9,d8419952d14e05bf93154c895f67d5f86a130f2eda1bdcc1be07ae2f449ddacd
audio_sdk/doc/GAP Audio System/Doc/HTML - English/index.hhk,audio_sdk/doc/GAP Audio System/Doc/HTML - English/index.hhk,resource/config/other,content-different,117834,116528,,,,1341402500,a731544be3fe2a19928607b3035c37680522e0918f5a661efdab1396d8dceb55,9491937c5d4f4990dd2d4f23408709a687408e4565afdb754ef4fb2ec4982602
audio_sdk/doc/GAP Audio System/Doc/HTML - English/index.hhp,audio_sdk/doc/GAP Audio System/Doc/HTML - English/index.hhp,resource/config/other,content-different,2609,2507,,,,1341402500,774ce83cf832f32997ee670699389f07b4349d5ecec621dfa560f01820adc744,fc52379f4114287fd49b60ed58b22d8f41157c258223965eab9cec6345fa5962
audio_sdk/doc/GAP Audio System/Doc/HTML - English/index.html,audio_sdk/doc/GAP Audio System/Doc/HTML - English/index.html,resource/config/other,text-identical (encoding/EOL differs),1175,1158,,,,1341402500,1adaf59630529e81d1fc124ab4979caf77e7cefda1593de4de095ca25e9200b7,ea2e2f16366ec9eeb5d11b37830d60aa7361a29f104b50d167332b150888f6cb
audio_sdk/doc/GAP Audio System/Doc/HTML - English/ISound_8h-source.html,audio_sdk/doc/GAP Audio System/Doc/HTML - English/ISound_8h-source.html,resource/config/other,text-identical (encoding/EOL differs),13973,13824,,,,1341402500,826f714c5c168b75b3145da70ff2fa7f16290907b91ee193db45d9f34a9374a3,fa5ccc4ea5c57275a297f635a263a74fa30190a708e1f238e3a298c1b7d8918f
audio_sdk/doc/GAP Audio System/Doc/HTML - English/ISound_8h.html,audio_sdk/doc/GAP Audio System/Doc/HTML - English/ISound_8h.html,resource/config/other,text-identical (encoding/EOL differs),2779,2748,,,,1341402500,303a2ff61ac3a5c3ab1a8c14922821c5491d1761a818c73fb3a8151c321205a5,b222011d25f4f1eb45bd16b6e87712bd68265f206103e583ab0f2ca399e510b5
audio_sdk/doc/GAP Audio System/Doc/HTML - English/structAudioMgrInit-members.html,audio_sdk/doc/GAP Audio System/Doc/HTML - English/structAudioMgrInit-members.html,resource/config/other,text-identical (encoding/EOL differs),3008,2969,,,,1341402500,1be10778457e217703c5d8c6c6e332c5dd9f25c758ab850e15d9d187e832728e,74beae10fdda0268750abc7f349c33df5da3dc4c2b131a6768571f6dc9013987
audio_sdk/doc/GAP Audio System/Doc/HTML - English/structAudioMgrInit.html,audio_sdk/doc/GAP Audio System/Doc/HTML - English/structAudioMgrInit.html,resource/config/other,text-identical (encoding/EOL differs),11586,11403,,,,1341402500,8e020fd3c8e5521edfe3af083470d3687363a3dad7bc599e3d726b37338190e1,f5ff3250217c93de7439c5ea32f29738485adfb20d623e05058d18b5a49aa3be
audio_sdk/doc/GAP Audio System/Doc/HTML - English/structAudioMgrStats-members.html,audio_sdk/doc/GAP Audio System/Doc/HTML - English/structAudioMgrStats-members.html,resource/config/other,text-identical (encoding/EOL differs),1882,1858,,,,1341402500,92ff5ea61aebad55a2d32a62d24e47fd8690f08e69b1682cdb38dd7f5fd0ed0f,85f48e0025e19d2034518463c08b5f1d50ad80d7c12c0cf0cfd47ce1ffe17c6f
audio_sdk/doc/GAP Audio System/Doc/HTML - English/structAudioMgrStats.html,audio_sdk/doc/GAP Audio System/Doc/HTML - English/structAudioMgrStats.html,resource/config/other,text-identical (encoding/EOL differs),5643,5533,,,,1341402500,1444cbfdce7ade464185b5e5edd604f3a7b7b0dc46dcdd88826a3aaa85f4626a,e57c8b0f0915485ee4ba58bc401e66af40c21dfbb7005cf255849c691a807746
audio_sdk/doc/GAP Audio System/Doc/HTML - English/structAudioScriptInit-members.html,audio_sdk/doc/GAP Audio System/Doc/HTML - English/structAudioScriptInit-members.html,resource/config/other,text-identical (encoding/EOL differs),1653,1632,,,,1341402500,4d8536733d279c79f85e32ccb59ad86c78d87b074ade85aaa4ed5a0cfa86ff71,8121b67c7a604816d554dc648013d411faf3520bc434041e78db975a0457866f
audio_sdk/doc/GAP Audio System/Doc/HTML - English/structAudioScriptInit.html,audio_sdk/doc/GAP Audio System/Doc/HTML - English/structAudioScriptInit.html,resource/config/other,text-identical (encoding/EOL differs),4798,4697,,,,1341402500,d30478970a8d077142c2158fee1a7ea10ed0ade698ad38d7e10db5bbcf6fae74,40343aa809f12d0cd3850a310f17abdfae7186c03187b6049efa1cac2b6d04e3
audio_sdk/doc/GAP Audio System/Doc/HTML - English/structBackgroundInit-members.html,audio_sdk/doc/GAP Audio System/Doc/HTML - English/structBackgroundInit-members.html,resource/config/other,text-identical (encoding/EOL differs),2162,2134,,,,1341402500,1154f8618359f2a7c0075100688ae9f513dcacee1ce8a3f10893bb3e03650ae6,96c545a5879bef07ff275bbc681aeb86405fc03d42b3eb0f1d8b018456157502
audio_sdk/doc/GAP Audio System/Doc/HTML - English/structBackgroundInit.html,audio_sdk/doc/GAP Audio System/Doc/HTML - English/structBackgroundInit.html,resource/config/other,text-identical (encoding/EOL differs),5462,5400,,,,1341402500,574f4e47ca2157144090f4ca3b2e7018edb72ea7ee7eccaae623383f1e263a2a,df95a89182230a1a8d0fcaa51ae7f67e5c6254297d0709efdeeeb85557ce0383
audio_sdk/doc/GAP Audio System/Doc/HTML - English/structDLSInit-members.html,audio_sdk/doc/GAP Audio System/Doc/HTML - English/structDLSInit-members.html,resource/config/other,text-identical (encoding/EOL differs),1528,1508,,,,1341402501,e556d033f2bbefd3cfcf65a7816b8f1a3eb6d9e77be513620d3df0a1ef38beb1,b2cc79efbf8c9e872fc127e07a3689a3a52a7a824862a4a710b7ce92badac64c
audio_sdk/doc/GAP Audio System/Doc/HTML - English/structDLSInit.html,audio_sdk/doc/GAP Audio System/Doc/HTML - English/structDLSInit.html,resource/config/other,text-identical (encoding/EOL differs),4348,4250,,,,1341402501,0fd34667e3ce282104e981efbe32b5ae4bcde6badf3a7557bc6f299e5d1abe33,9a01c9eb6ad95d00f01381bcc843608824ca156ca3b75c765c5cc0e241c3d98a
audio_sdk/doc/GAP Audio System/Doc/HTML - English/structEAXBufferProps-members.html,audio_sdk/doc/GAP Audio System/Doc/HTML - English/structEAXBufferProps-members.html,resource/config/other,text-identical (encoding/EOL differs),1506,1487,,,,1341402501,4d9f38ee78508077fc4e114ecd0a310579cf75ac96989a7d948c7e0548409b35,6aca6e2bc801796cbc753c80bd23a64b0bd93917d9053bf2da5c780ecdd59121
audio_sdk/doc/GAP Audio System/Doc/HTML - English/structEAXBufferProps.gif,audio_sdk/doc/GAP Audio System/Doc/HTML - English/structEAXBufferProps.gif,resource/config/other,byte-identical,801,801,,,,1341402501,24581040c96a92208a3b59125530a014af23ea32d5bdb3e5f7353d35eeada1a3,24581040c96a92208a3b59125530a014af23ea32d5bdb3e5f7353d35eeada1a3
audio_sdk/doc/GAP Audio System/Doc/HTML - English/structEAXBufferProps.html,audio_sdk/doc/GAP Audio System/Doc/HTML - English/structEAXBufferProps.html,resource/config/other,text-identical (encoding/EOL differs),3303,3263,,,,1341402501,8e8409332a2e7e13050874cc8a3f0c45900c55d5432ebe56876841a5fba6fea2,ff367ed935e1a58dd9b960a49d111ee8999964942668e2e3525ef680968bcfa0
audio_sdk/doc/GAP Audio System/Doc/HTML - English/structEAXListenerProps-members.html,audio_sdk/doc/GAP Audio System/Doc/HTML - English/structEAXListenerProps-members.html,resource/config/other,text-identical (encoding/EOL differs),1518,1499,,,,1341402501,51ff36908f785b3a1cd3260f9d0411b8b7525e37e87f35454bf04c89a095c09a,450f18e436514fcf9746ab4299cde95f4634682fa401fea0d8834d545a05da20
audio_sdk/doc/GAP Audio System/Doc/HTML - English/structEAXListenerProps.gif,audio_sdk/doc/GAP Audio System/Doc/HTML - English/structEAXListenerProps.gif,resource/config/other,byte-identical,837,837,,,,1341402501,d2f89b34e42197a287b24024d6480b978ea7e0405876408c60488ac94ebca366,d2f89b34e42197a287b24024d6480b978ea7e0405876408c60488ac94ebca366
audio_sdk/doc/GAP Audio System/Doc/HTML - English/structEAXListenerProps.html,audio_sdk/doc/GAP Audio System/Doc/HTML - English/structEAXListenerProps.html,resource/config/other,text-identical (encoding/EOL differs),3351,3311,,,,1341402501,6a90d99d324c6f2ad4b75aabe1467e09645f7467257a7bd561a339ea4c996bf1,4da9d263df17b187c329f568c644a77758d22ebbe5dcf89f6fe8984eda26ec5f
audio_sdk/doc/GAP Audio System/Doc/HTML - English/structListenerInit-members.html,audio_sdk/doc/GAP Audio System/Doc/HTML - English/structListenerInit-members.html,resource/config/other,text-identical (encoding/EOL differs),1586,1567,,,,1341402501,c8f157406d759583abc2efda07f2c4682e499277e9445b013124d176d582f8df,e3c78bbc696e00cb01dd58329338a801a89f1be02b1693ab5dc0b6187a4e8920
audio_sdk/doc/GAP Audio System/Doc/HTML - English/structListenerInit.html,audio_sdk/doc/GAP Audio System/Doc/HTML - English/structListenerInit.html,resource/config/other,text-identical (encoding/EOL differs),2892,2855,,,,1341402501,8c2fce06a5030167e49f51da2fd38cedf435ea56973653995714fd0d5b2dbb01,ad0441bfb312ea4e262e139d4498de6b9db9d843df97724a6f2a0b69c13a11a0
audio_sdk/doc/GAP Audio System/Doc/HTML - English/structListenerProp-members.html,audio_sdk/doc/GAP Audio System/Doc/HTML - English/structListenerProp-members.html,resource/config/other,text-identical (encoding/EOL differs),1997,1971,,,,1341402501,394d18a7f79f3e5cd2d5d509ff7fcde9953575089c612359fbbff12f6bd8c019,ec33b368b0bbd1438169b412af7daa7bffdd8e1a2ce8d9ea226a873beaa57e54
audio_sdk/doc/GAP Audio System/Doc/HTML - English/structListenerProp.html,audio_sdk/doc/GAP Audio System/Doc/HTML - English/structListenerProp.html,resource/config/other,text-identical (encoding/EOL differs),6248,6133,,,,1341402501,7eb44e169fd744a9842c11e326a4d1b01ee1cea8f55e2d7b06ec27aea3d2b1da,a18194faa9a24d2d94b23f96dbd1e83f94fb2fc3908439af603ebbad70736b8b
audio_sdk/doc/GAP Audio System/Doc/HTML - English/structPeriodicInit-members.html,audio_sdk/doc/GAP Audio System/Doc/HTML - English/structPeriodicInit-members.html,resource/config/other,text-identical (encoding/EOL differs),2111,2083,,,,1341402501,23b363167864718fb4951c62df68f55544109f760fab90f71a7cf9c2c9fac0fc,02db1536d49f5255b7e262cdd3c73bd462407137a0741f889b7167f7cb1feeb1
audio_sdk/doc/GAP Audio System/Doc/HTML - English/structPeriodicInit.html,audio_sdk/doc/GAP Audio System/Doc/HTML - English/structPeriodicInit.html,resource/config/other,text-identical (encoding/EOL differs),5397,5335,,,,1341402501,88cc515bb6b943476e324e55420e63a8ee220c9dc57f43b76ee7aac22ecb39ca,b0606f10f9ec3e669bd0c7a2162002548ec715e2ff93d2981abfcd21adda4bea
audio_sdk/doc/GAP Audio System/Doc/HTML - English/structSegmentInit-members.html,audio_sdk/doc/GAP Audio System/Doc/HTML - English/structSegmentInit-members.html,resource/config/other,text-identical (encoding/EOL differs),1751,1728,,,,1341402502,7dd34cd3a17f217efbfdd463b77193cc6e219441fa483fd7630dea7f4f42a24f,72b870818615465dc6bcfd890d1d04f621c4604f2f56bf88fb369f8d4b1b95c3
audio_sdk/doc/GAP Audio System/Doc/HTML - English/structSegmentInit.html,audio_sdk/doc/GAP Audio System/Doc/HTML - English/structSegmentInit.html,resource/config/other,text-identical (encoding/EOL differs),6873,6711,,,,1341402502,3ea34b7b639fcb036e70e8d19c866c64ccf3ddd797bfeef644a0e2e1648c5371,c401eadbeaa62d780cb3b1fa4868bda293e3a687651b5c70fe419936a937d8d9
audio_sdk/doc/GAP Audio System/Doc/HTML - English/structSound3DInit-members.html,audio_sdk/doc/GAP Audio System/Doc/HTML - English/structSound3DInit-members.html,resource/config/other,text-identical (encoding/EOL differs),1888,1863,,,,1341402502,2e3476f4c3c4ca2be287c7e52383b119a79cdf88efd0230484a5b99bb347cc58,1b57dc8cfde44b7afb166e824338d850e8cf4fdd8c3e00d9510b3f8dd8dd8ec0
audio_sdk/doc/GAP Audio System/Doc/HTML - English/structSound3DInit.html,audio_sdk/doc/GAP Audio System/Doc/HTML - English/structSound3DInit.html,resource/config/other,text-identical (encoding/EOL differs),7455,7285,,,,1341402502,52a3798183f8e6409dcfc666feed00f3ca48c7894977bb63d0af91fa9365a5f4,a2201f7b11c666d1dbdf2a814b9801f03f5d2e203f660f33ed633731c6910630
audio_sdk/doc/GAP Audio System/Doc/HTML - English/structSound3DProp-members.html,audio_sdk/doc/GAP Audio System/Doc/HTML - English/structSound3DProp-members.html,resource/config/other,text-identical (encoding/EOL differs),2336,2305,,,,1341402502,9931ca8ce6c853486ac567fd4b7249505727c9a6913438099eccfaf2c7bdc160,0f021cc9fb0187f57aa7c460309c5c7a25628379cfec631d8515269c47e16af8
audio_sdk/doc/GAP Audio System/Doc/HTML - English/structSound3DProp.html,audio_sdk/doc/GAP Audio System/Doc/HTML - English/structSound3DProp.html,resource/config/other,text-identical (encoding/EOL differs),9812,9599,,,,1341402502,9c2a8c9c333b39a08544b940d31beeb00e001dabdd6fd38e696bbf9362293f3b,2459a78d4d5f6268baab167bf14a7bd089b41e3cb17a45e3694329830c67d807
audio_sdk/doc/GAP Audio System/Doc/HTML - English/structSoundInit-members.html,audio_sdk/doc/GAP Audio System/Doc/HTML - English/structSoundInit-members.html,resource/config/other,text-identical (encoding/EOL differs),1864,1839,,,,1341402502,e900dab57d603b1c9d6a543d997024bac318769653232b6e0febae2d9f3c4537,21a27b80790211446143cd84b91e7efcf96c81197f65bb8a09a738805b3ac7f2
audio_sdk/doc/GAP Audio System/Doc/HTML - English/structSoundInit.html,audio_sdk/doc/GAP Audio System/Doc/HTML - English/structSoundInit.html,resource/config/other,text-identical (encoding/EOL differs),7395,7225,,,,1341402502,6abf8042c40f8dbac681f83c1bc16ec252b8775e4657320f67fe31216c68fba7,0a3c387441cd494db9d48894259d8f4df121e9365433111ef298e9b224872bf0
audio_sdk/doc/GAP Audio System/Doc/HTML - English/structSoundProp-members.html,audio_sdk/doc/GAP Audio System/Doc/HTML - English/structSoundProp-members.html,resource/config/other,text-identical (encoding/EOL differs),1732,1709,,,,1341402502,ebe53da2f7319b6311bea505f8cb9fb89175a49ad46117240f1f0ecf7f806b58,d5f00570a8eebc043cec924cf6c75c055e74ac0ebe2f0a981a46045fd52ebaf4
audio_sdk/doc/GAP Audio System/Doc/HTML - English/structSoundProp.html,audio_sdk/doc/GAP Audio System/Doc/HTML - English/structSoundProp.html,resource/config/other,text-identical (encoding/EOL differs),5079,4972,,,,1341402502,ef2067020037756faf72104c8c63d706cd88cd3e915cf8cbe5c1585d8c84bc52,ec36bf025378ec1648a8443f6271cfd1c8433fc9401b40215877e2b31c6055ff
audio_sdk/doc/GAP Audio System/Doc/HTML - English/structZoomFXBox-members.html,audio_sdk/doc/GAP Audio System/Doc/HTML - English/structZoomFXBox-members.html,resource/config/other,text-identical (encoding/EOL differs),1476,1457,,,,1341402502,9ef35841a01bb82f149d1224fa27bf3aecb09586e9fa9f75da939fbc30640456,15a9c268d25200bb8a4215465d909950914f7425a653615537f97327d0510638
audio_sdk/doc/GAP Audio System/Doc/HTML - English/structZoomFXBox.gif,audio_sdk/doc/GAP Audio System/Doc/HTML - English/structZoomFXBox.gif,resource/config/other,byte-identical,610,610,,,,1341402502,76c25219b7bddcfc4e50a309594b1ea9b6f7681d75107961ed08fe19583dbc4f,76c25219b7bddcfc4e50a309594b1ea9b6f7681d75107961ed08fe19583dbc4f
audio_sdk/doc/GAP Audio System/Doc/HTML - English/structZoomFXBox.html,audio_sdk/doc/GAP Audio System/Doc/HTML - English/structZoomFXBox.html,resource/config/other,text-identical (encoding/EOL differs),3197,3157,,,,1341402503,53012388c6cc453e92bc2d6f56b0a6a8d3933548e209bccd9d5ce89b0ba944ca,13897bf6225f44a3b4241c24ebbf08b048194e2d3194e450d837bab1a28678c0
audio_sdk/doc/GAP Audio System/Doc/HTML - English/structZoomFXOrientation-members.html,audio_sdk/doc/GAP Audio System/Doc/HTML - English/structZoomFXOrientation-members.html,resource/config/other,text-identical (encoding/EOL differs),1524,1505,,,,1341402503,55f79d35efb006cdb28a7f6f3b6a30089a9b2ac388389fd8a0374df8209435fa,71ba9f8792272ac3db46d857eda245df53ed92e136d531480ede7ec543998338
audio_sdk/doc/GAP Audio System/Doc/HTML - English/structZoomFXOrientation.gif,audio_sdk/doc/GAP Audio System/Doc/HTML - English/structZoomFXOrientation.gif,resource/config/other,byte-identical,801,801,,,,1341402503,4a73b9f90c5c489758456eb4ba25a601b75c959ab3ba03c54eba22dc67dbae84,4a73b9f90c5c489758456eb4ba25a601b75c959ab3ba03c54eba22dc67dbae84
audio_sdk/doc/GAP Audio System/Doc/HTML - English/structZoomFXOrientation.html,audio_sdk/doc/GAP Audio System/Doc/HTML - English/structZoomFXOrientation.html,resource/config/other,text-identical (encoding/EOL differs),3365,3325,,,,1341402503,d222ffda0f3f69073786cca4c9f8a6ec4b151877f654f94d88387e7156dc2d7b,19555ed3fa0889f1cfce8ee79a4960da0fd8eed896b354ebaf8a9da85bc32590
audio_sdk/doc/GAP Audio System/Doc/HTML - English/structZoomFXProps-members.html,audio_sdk/doc/GAP Audio System/Doc/HTML - English/structZoomFXProps-members.html,resource/config/other,text-identical (encoding/EOL differs),1488,1469,,,,1341402503,03b5ffa02b303c451f8d2b08a78a5334650fe24fbf604e5e15ca509d800d2cc8,046348b27279ff05bb891ab1962730082789ad1023f463e34b8e8a591eb19bb6
audio_sdk/doc/GAP Audio System/Doc/HTML - English/structZoomFXProps.gif,audio_sdk/doc/GAP Audio System/Doc/HTML - English/structZoomFXProps.gif,resource/config/other,byte-identical,839,839,,,,1341402503,68cf0c9b28ff0a972b3398bf158bb0ea1f82e03573bd308c0cb8330c4a070706,68cf0c9b28ff0a972b3398bf158bb0ea1f82e03573bd308c0cb8330c4a070706
audio_sdk/doc/GAP Audio System/Doc/HTML - English/structZoomFXProps.html,audio_sdk/doc/GAP Audio System/Doc/HTML - English/structZoomFXProps.html,resource/config/other,text-identical (encoding/EOL differs),3267,3227,,,,1341402503,9bf841c6ec7bd5a46012d106a2e7a8b470104ca5982eef73fbf53c665388179c,586f774d50f83e1d90a5722d82b30893f1ff58a61dc566d732c295b7b1d40d2d
audio_sdk/doc/GAP Audio System/GAP Audio System.dop,audio_sdk/doc/GAP Audio System/GAP Audio System.dop,resource/config/other,content-different,3797,3796,,,,1341402495,17c08608af3c94842db7417366bb47ff95edc85c63f1acbaa4f6b83fbbd09cfd,18f2246cd0483dd1c790361f4cda7934992ea46f97fc93be4f804d00c0aa0a93
audio_sdk/doc/GAP Audio System/GAP Audio System.dow,audio_sdk/doc/GAP Audio System/GAP Audio System.dow,resource/config/other,content-different,110,109,,,,1341402495,5ca612d614a33f42d9aec2844f65d0cce786e760f29077eb293ce95a308ffe69,2a1a1b8286569939d3119df1a16903112ccac420d159231f791ad22521a21d6f
audio_sdk/doc/GAP Audio System/GAP Audio System.dox,audio_sdk/doc/GAP Audio System/GAP Audio System.dox,resource/config/other,content-different,1820,1757,,,,1341402495,952119d34baeb14b8dc052467d7d8760976211a13c793e94ac6ae4706b56cd52,4a652add195a96975bddedf2cd76c2e69452a2f88324d1b774f760f16fba8961
audio_sdk/doc/GAP Audio System/NO,audio_sdk/doc/GAP Audio System/NO,resource/config/other,content-different,55948,54203,,,,1341402495,f60f08faca14934889b8a03d94cf606804e3a3571ca317d65f99d68ff24b723a,896f6605fcb5baf21d2cec97119137c7e7c406fa375b3f0b3a7141d36a0d095f
audio_sdk/doc/GAP Reference.chm,audio_sdk/doc/GAP Reference.chm,resource/config/other,byte-identical,167177,167177,,,,1341402494,9d72eb615ba6f7361348549fc4ae9e80bccb969ab0cc14edc19252ce476633d5,9d72eb615ba6f7361348549fc4ae9e80bccb969ab0cc14edc19252ce476633d5
audio_sdk/include/Audio.h,audio_sdk/include/Audio.h,normal/shared source,text-identical (encoding/EOL differs),1272,1226,,,,1341402503,083ac5ce99fd36628eb9c9c73a68313f1394d9a68710f0c5aab5b6f0561a45ed,1b1431ba2e6343b83125f0e81ebdc0dc4f61a742888b5ffa09301d9aaf430370
audio_sdk/include/AudioLib/3dl2.h,audio_sdk/include/AudioLib/3dl2.h,normal/shared source,text-identical (encoding/EOL differs),9381,9183,,,,1341402503,d5ec67288e0f9b5cb2b91fb8a2aaa548e856e60cee763714dc90338692ba6906,246a0b7214ef78cf11bb3110d3740477ebbc336f98f2626c0da472584f246c47
audio_sdk/include/AudioLib/3dl2help.h,audio_sdk/include/AudioLib/3dl2help.h,normal/shared source,text-identical (encoding/EOL differs),6980,6819,,,,1341402503,b813140d1f4e08ce27fea8006e4300f494b8dcb75c459db3428cf30ef939c73d,ba728c4ad2e949589f6b6a3228a8514fd3b9a38a3cdc8e142974ab5cdfd44ad9
audio_sdk/include/AudioLib/AudioLibFactory.h,audio_sdk/include/AudioLib/AudioLibFactory.h,normal/shared source,text-identical (encoding/EOL differs),733,706,,,,1341402503,86d53a5d0c07c24fc13a41491c2ae4cd1c7a0b8f29a35bc43601a2172c3c4d90,b23d8118583248fffc613fb591f992936697269b0f06a704653b8f05d08d3b48
audio_sdk/include/AudioLib/CDPlayer.h,audio_sdk/include/AudioLib/CDPlayer.h,normal/shared source,text-identical (encoding/EOL differs),2260,2158,,,,1341402503,c3624b4b0b2ab0148db368af9265981e219d7f3996c50227deb751653c8b8928,ce148e836e7ac032fcefa4eabc7c261c757fe6d8e364e1d8c731f635609783b2
audio_sdk/include/AudioLib/Common.h,audio_sdk/include/AudioLib/Common.h,normal/shared source,text-identical (encoding/EOL differs),1149,1100,,,,1341402503,cdf78e6e194acfb3b4ffff11d841b8a2c094894f6a02fc533c07ede845c79fed,e7b884841edcb767e2bd891e8fd074f0d079dd5e61f6b1886edf4174613fc9fc
audio_sdk/include/AudioLib/Diagnostics.h,audio_sdk/include/AudioLib/Diagnostics.h,normal/shared source,text-identical (encoding/EOL differs),1494,1434,,,,1341402503,dbcfc75b0e981358a36ede608d5a7dfc8cc3852a394508e449a06737fdfb3b34,562cd43f1be395b3c42b544cbe15c43d62cdb0a2793bba6d690a6aca6d7d0249
audio_sdk/include/AudioLib/Errors.h,audio_sdk/include/AudioLib/Errors.h,normal/shared source,text-identical (encoding/EOL differs),1728,1681,,,,1341402504,7253faa34154f2c8a4e42b6eebfed39a4b7649b9c379793549ee3ca21f42f4a1,2a1cbd62e879d5db6a61d760940cdd6cbc9f2cdf1842576cc12218ac95e2d3f4
audio_sdk/include/AudioLib/IAudio.h,audio_sdk/include/AudioLib/IAudio.h,normal/shared source,text-identical (encoding/EOL differs),51084,49619,,,,1341402504,7e89aca58c958bbfc2e7ea660ecebd780b1530788145338edf23bf917bcfd517,29b5733ac0dff1032a901dcf396d4371b31ad2477a075f375949a3d41fbacdf6
audio_sdk/include/AudioLib/IAudioExt.h,audio_sdk/include/AudioLib/IAudioExt.h,normal/shared source,text-identical (encoding/EOL differs),829,798,,,,1341402504,6d51acda811da416e72cc554c82db20160ae091f5f498024a48aba81272238f8,4beea3e1530451f841b62511fe7eaf2ccc69ee9d380eca58bf83754e112b16f5
audio_sdk/include/AudioLib/IAudioStream.h,audio_sdk/include/AudioLib/IAudioStream.h,normal/shared source,text-identical (encoding/EOL differs),2784,2710,,,,1341402504,b8f2432ee55ed184d66d4a1370c1e119f12f74432add98aada3ab8c8ebb43ad1,3fd0f0e002b0dd158745c2519094efad3c0cc25040672354b9d83a29ffc1a11f
audio_sdk/include/AudioLib/ObjectPool.h,audio_sdk/include/AudioLib/ObjectPool.h,normal/shared source,text-identical (encoding/EOL differs),2676,2553,,,,1341402504,2f912ded36e7d295a37637e3726b646df133de5d1ccac7d5d9e95232e6ee0a2f,5206cc60dff973c3e4dcd17eb4d20660e7549b60b829a16b4532a61ec0f4895d
audio_sdk/include/AudioLib/Types.h,audio_sdk/include/AudioLib/Types.h,normal/shared source,text-identical (encoding/EOL differs),945,914,,,,1341402504,080a6e130b174c47bbbb739d961133f597aea472f4343428e1855034cbd996ef,54f2e7e9be602bd47a1349006df8a707167e869bc3feba3058068b69d6f234cb
audio_sdk/include/AudioLib/Utilities.h,audio_sdk/include/AudioLib/Utilities.h,normal/shared source,text-identical (encoding/EOL differs),4536,4366,,,,1341402504,2db4d6052f2b1d87f2a9434fdb42f015e2463cb20b79731f449d3363b07d323a,8ea93e26af1de2f77e52ff31d30245220f738820f7a903575d043625dfab0e37
audio_sdk/include/AudioLib/XAudioPackage.h,audio_sdk/include/AudioLib/XAudioPackage.h,normal/shared source,text-identical (encoding/EOL differs),2291,2179,,,,1341402504,a08293723f5831345644029e1e77f4884011e14658d7c9df68ce41ee08109cfb,c7275fe637f8031e4545c34982a9d3f837f41ba32f02977dddb0959418a9de8f
audio_sdk/include/AudioScript/AudioScript.dsp,audio_sdk/include/AudioScript/AudioScript.dsp,resource/config/other,text-identical (encoding/EOL differs),16826,16424,,,,1341402504,cb594f5af9d5f03df7ded0b9f788dc5d38d3f7dc7094bb81414092297a9942ba,7e1696c9f0233622fa40af6529c20507357afd4b5ffdabdd1ada77bbee0343ef
audio_sdk/include/AudioScript/AudioScriptFactory.cpp,audio_sdk/include/AudioScript/AudioScriptFactory.cpp,normal/shared source,text-identical (encoding/EOL differs),941,909,,,,1341402504,88f08ad960ababd0e9bf1ef58cab59e559f4399d5866989fec24693fe072f5b2,b69d93e2d2158fd4a34a2d32c6307e2f3891af3d0e1c44dae9d279acbf9bb4e8
audio_sdk/include/AudioScript/AudioScriptFactory.h,audio_sdk/include/AudioScript/AudioScriptFactory.h,normal/shared source,text-identical (encoding/EOL differs),806,777,,,,1341402504,ce643850db146d8a826fc02459b1d5d3093d4b504d74a72a83a996e7c587d9eb,8486e1068a939f2b9aaa0e827e470e4fdcac424be827e5a86d2bf88e847de076
audio_sdk/include/AudioScript/IMusic.h,audio_sdk/include/AudioScript/IMusic.h,normal/shared source,text-identical (encoding/EOL differs),3988,3867,,,,1341402504,509f1f53f752dafcddf7e37f3fbd444117ccee57c2de54e3070f61bc5e6ff7d7,c742a237df838d22805f0187aa35a1fddd11984dd40d00009fcaea124724730d
audio_sdk/include/AudioScript/ISound.h,audio_sdk/include/AudioScript/ISound.h,normal/shared source,text-identical (encoding/EOL differs),9146,8883,,,,1341402505,59f6db9c2ab77377debcfbd6dbbe365a4567cfba1d06d922a79081ac56b48f43,d4e8ad4f45672272f276c3f144a5570b0135d7bcdae9c727e7d03af9c2c9a1bd
audio_sdk/include/AudioScript/Lexer.cpp,audio_sdk/include/AudioScript/Lexer.cpp,normal/shared source,text-identical (encoding/EOL differs),45761,44242,,,,1341402505,0dae5c885ef7f46652b9587968c3e79eca2f27dd3a4ec71942a999c3c61dfbc2,e2476399b843cfaa7cd67f806f4f6b32047aa741a5aeca41ba67d0f0b6b4c3c6
audio_sdk/include/AudioScript/Lexer.h,audio_sdk/include/AudioScript/Lexer.h,normal/shared source,text-identical (encoding/EOL differs),7288,7091,,,,1341402505,156f4e37a13357c29efb7fad3da789d92029f2b74bb8b0442115a25d70541fed,7227fb3f71268569b7b5f00c7809bd5c744f7f0d5118dd871205319a1eeeb0d7
audio_sdk/include/AudioScript/mssccprj.scc,audio_sdk/include/AudioScript/mssccprj.scc,resource/config/other,content-different,223,192,,,,1341402504,343fa2944715928d5cf741e253b579bc56b4e41508a7324bb5b495d2ff36754c,a93306b040eaf411520379f5b245ff8c1786d1ecd43cde62bfcbb1f1e2c28728
audio_sdk/include/AudioScript/MusicMgr.cpp,audio_sdk/include/AudioScript/MusicMgr.cpp,normal/shared source,text-identical (encoding/EOL differs),11553,11118,,,,1341402505,595465bdf31a753cc11ee88ebdab32883d49889c1812e084bbb3c15d400918f8,43bf57a9ab81f5d469168644316100d62bd3c1a184526aa48bb1a0604fb54ebd
audio_sdk/include/AudioScript/MusicMgr.h,audio_sdk/include/AudioScript/MusicMgr.h,normal/shared source,text-identical (encoding/EOL differs),2178,2084,,,,1341402505,90a16b312abf3285f0cc477b0d0d0f9c9ae0627241dbabacfefb9c63b7915624,062f8f77a52aea3326a1f90ec5b4c85c9871084e9cebdc226c909b10dccd66e4
audio_sdk/include/AudioScript/Script.cpp,audio_sdk/include/AudioScript/Script.cpp,normal/shared source,text-identical (encoding/EOL differs),9051,8651,,,,1341402505,b717bf5c29871d28566bb29a76155a3d0e66dc4c4cadd52c93bb408e081dae00,c4d03e7329dce4eb140a7ff8af6cb461e9a8d1d861cb39473dd969c0e4fb4bc9
audio_sdk/include/AudioScript/Script.h,audio_sdk/include/AudioScript/Script.h,normal/shared source,text-identical (encoding/EOL differs),1965,1850,,,,1341402505,784a98a72900cb42d833f9a4c2d5d7cfba8a6788ba938c5065ad7a475b13d1f9,8a250fb65202ef6d5369c4a395f9351c4b6fa17cf6db51e2796c1765948e2bf6
audio_sdk/include/AudioScript/SoundMgr.cpp,audio_sdk/include/AudioScript/SoundMgr.cpp,normal/shared source,text-identical (encoding/EOL differs),27423,26571,,,,1341402505,f5718cf674418baa8ae1885dfe14562777a54e3eafa10818fe9e01127cbd215e,e3fa6a02ce069cfc794516244f8b4c10be1665aac9f0cd0f2421a4265f51b2f4
audio_sdk/include/AudioScript/SoundMgr.h,audio_sdk/include/AudioScript/SoundMgr.h,normal/shared source,text-identical (encoding/EOL differs),4912,4749,,,,1341402505,a72db03f77b132bc080a590d9464d6378167f6b5da231f070528f8699c4a02bc,7dbf785b092f897f47745f622ec984d139dfa1ae0b8fd4daaec6e0814370124d
audio_sdk/include/AudioScript/SoundScape.cpp,audio_sdk/include/AudioScript/SoundScape.cpp,normal/shared source,text-identical (encoding/EOL differs),15392,14857,,,,1341402505,58233e7f3c7964ccd80860167ab240e2f3f09419137ee5246a772d2d8b6a77fd,9386f876e50a958489f56d697ae4652e7ff5cd638050477bc178a45385088e5f
audio_sdk/include/AudioScript/SoundScape.h,audio_sdk/include/AudioScript/SoundScape.h,normal/shared source,text-identical (encoding/EOL differs),3519,3363,,,,1341402505,973d422ab15979cce1a428b49cc16e640e4826e12851f5069f2d1c70cabb0f4e,79a8c5b40b5b5f17de1fb3500d2a76718cffebed3fa7ff9c8f7fac093f436468
audio_sdk/include/AudioScript/Theme.cpp,audio_sdk/include/AudioScript/Theme.cpp,normal/shared source,text-identical (encoding/EOL differs),3632,3507,,,,1341402505,3f612534e165c6043cab4f51616246bd7b73760538884759efe754293f9d9994,ffea7a8117ce662758f322a34d7cab5705a69093affd6b54a10d5ca7ca92bef6
audio_sdk/include/AudioScript/Theme.h,audio_sdk/include/AudioScript/Theme.h,normal/shared source,text-identical (encoding/EOL differs),1484,1429,,,,1341402505,d8e35160c9b1b9214b4c0b94a6fdc3572ca79b45f97fa708effcfffa3fbc4d85,e91bfff93bd0f8f7330034baffe37ea81a45ecbba70ff6169f039e8c9cabb5b9
audio_sdk/include/AudioScript/Token.cpp,audio_sdk/include/AudioScript/Token.cpp,normal/shared source,text-identical (encoding/EOL differs),10489,10045,,,,1341402506,8e8b5cb7f54d85c1915c82fc1bceaf8999ae54d49dc1bbac0a78c2fecbb73637,d00352f5730b30cf9f8eacc70dee7b5e06f1d1566d70b60136cd75c24a14bf5c
audio_sdk/include/AudioScript/Token.h,audio_sdk/include/AudioScript/Token.h,normal/shared source,text-identical (encoding/EOL differs),8795,8477,,,,1341402506,0bf5222041b9fee588e2d2a5ff981a090c14265214955e005c96658687816eb7,06cc386c408bb60b042e2ed0633c74d95bdbaf8b6bc2b8095d4f3c80b57e1c8b
audio_sdk/include/AudioScript/TokenFile.cpp,audio_sdk/include/AudioScript/TokenFile.cpp,normal/shared source,text-identical (encoding/EOL differs),16584,15887,,,,1341402506,4452f1f471b393f08fdfa813c8715936b5e951d2d9cf6cbbc985f2f63c31f62d,f7e797c0ff8541208d908efdc636e7414a05b392444938e923200e7f82b00973
audio_sdk/include/AudioScript/TokenFile.h,audio_sdk/include/AudioScript/TokenFile.h,normal/shared source,text-identical (encoding/EOL differs),3692,3566,,,,1341402506,c86cad7c7645c9935f2dfd3a39925c538b424b6e8ca386239c1f018d369883e5,932824145b8b61b04a0f25496713f98546c954855d01db1b52806db066f82241
audio_sdk/lib/AudioLib.lib,audio_sdk/lib/AudioLib.lib,resource/config/other,byte-identical,531026,531026,,,,1341402506,56117f361deb297aa763d21a76650ce46f62a6c790420c3db3628500cc24e128,56117f361deb297aa763d21a76650ce46f62a6c790420c3db3628500cc24e128
audio_sdk/lib/AudioLib_dbg.lib,audio_sdk/lib/AudioLib_dbg.lib,resource/config/other,byte-identical,2485724,2485724,,,,1341402506,8f7f9c0eb5d82fb7e47140f2478d7d69813cf8a77906573026e3cdf636a3ce91,8f7f9c0eb5d82fb7e47140f2478d7d69813cf8a77906573026e3cdf636a3ce91
audio_sdk/lib/AudioScript.lib,audio_sdk/lib/AudioScript.lib,resource/config/other,byte-identical,821304,821304,,,,1341402506,6d8d7bc027347f6cc3c9a272fec76726240031ec865b876d660f1fcbc8b57ee6,6d8d7bc027347f6cc3c9a272fec76726240031ec865b876d660f1fcbc8b57ee6
audio_sdk/lib/AudioScript_dbg.lib,audio_sdk/lib/AudioScript_dbg.lib,resource/config/other,byte-identical,3412204,3412204,,,,1341402507,6f540fcd79d80d1089905fed46f9b8927e8380e95b229f66b3369733cc6da8d1,6f540fcd79d80d1089905fed46f9b8927e8380e95b229f66b3369733cc6da8d1
audio_sdk/src/Audio.h,audio_sdk/src/Audio.h,normal/shared source,text-identical (encoding/EOL differs),1272,1226,,,,1341402507,083ac5ce99fd36628eb9c9c73a68313f1394d9a68710f0c5aab5b6f0561a45ed,1b1431ba2e6343b83125f0e81ebdc0dc4f61a742888b5ffa09301d9aaf430370
audio_sdk/src/AudioLib/AudioCommon.h,audio_sdk/src/AudioLib/AudioCommon.h,normal/shared source,text-identical (encoding/EOL differs),1883,1811,,,,1341402508,ab19bfcc3a0f4dfd89e928dd19822a92dd995e5a5ad6a4205d362e05ced9b523,94b682425b797df525d3f85f390cd9f3357a6d40dfb53defad992ec2d7e0b70c
audio_sdk/src/AudioLib/AudioLib.dsp,audio_sdk/src/AudioLib/AudioLib.dsp,resource/config/other,text-identical (encoding/EOL differs),21995,21458,,,,1341402508,d45bd832b0b41bcb88dcdc49bb16f6e17b83e7b4927ebec505c214a4d2c19b89,a2df932e0aee885f5afa9b282816e4050b462f69c5dcc9145c79d3c9713d0dd5
audio_sdk/src/AudioLib/AudioLib.plg,audio_sdk/src/AudioLib/AudioLib.plg,resource/config/other,content-different,285,269,,,,1341402508,2e16ada22df5433131b129145a3e9b012bda5608a9e0e60f99f1865091fcdb94,8692e6cd0d210c5178c0491a83efd623f399471ea93d69719e1bab9c237b2a2a
audio_sdk/src/AudioLib/AudioLib.stc,audio_sdk/src/AudioLib/AudioLib.stc,resource/config/other,content-different,74,72,,,,1341402508,a575408be438c99494945c38c95d64e9a971faf2f0927df5412e9ec4d6433ad8,72f96d18fa3010258b1b59a21028b4a7b4aec3469122fff6a8e3eda1cfdcfcf7
audio_sdk/src/AudioLib/AudioLib.stt,audio_sdk/src/AudioLib/AudioLib.stt,resource/config/other,content-different,44,42,,,,1341402508,72d74f9b834fd147a450a0c7fb93a5c1e98355b3e53e7f82fe62a4589e60cbb0,5c319f6b55a30e0b5cf388af3c95a993f93945842ed038453532f9d55294f5e1
audio_sdk/src/AudioLib/AudioLibFactory.cpp,audio_sdk/src/AudioLib/AudioLibFactory.cpp,normal/shared source,text-identical (encoding/EOL differs),718,694,,,,1341402509,5e354078885edfa641d9415b8156fc608c3aace988ebfa1ad2a4d7e6f2352260,1fdfb83bf6950d709ab50d9c1d4c288b3159ea3c9dc40e1a2843c7070b875347
audio_sdk/src/AudioLib/AudioMgr.cpp,audio_sdk/src/AudioLib/AudioMgr.cpp,normal/shared source,text-identical (encoding/EOL differs),40310,39039,,,,1341402509,f839ce7cc1267e548d9fcdbdaf51e81c59f7e749dc750534fb7df65c2f4e2703,59acff65897ebaf6f5faf80996ea1453a3ede1ddb0deb94e6a15212af1681070
audio_sdk/src/AudioLib/AudioMgr.h,audio_sdk/src/AudioLib/AudioMgr.h,normal/shared source,text-identical (encoding/EOL differs),8458,8175,,,,1341402509,1045bc9037b536cb884dbc24e4262ba0fdb30211bde26077584c06f285d3df6f,1885f20071fdced928e5b1b42808db91b06bbb2195adc16fff76775421e96b2b
audio_sdk/src/AudioLib/AudioScript.cpp,audio_sdk/src/AudioLib/AudioScript.cpp,normal/shared source,text-identical (encoding/EOL differs),4584,4403,,,,1341402509,f394885e6708be9001d166a04bf4c5ff80079e53c141bb7d91a96f892d78d89a,09a7f4df03651e14b53a9342fd36933d92ccd3bd6c93f0e0e8891e505cb649d9
audio_sdk/src/AudioLib/AudioScript.h,audio_sdk/src/AudioLib/AudioScript.h,normal/shared source,text-identical (encoding/EOL differs),1437,1373,,,,1341402509,848bcb0d119f0436be53b3e4f29e6253296e9cd6c389ff06347c21b062bca9a2,524ce78a93d4e10164d9b52acded791347e6dee38364e2e84454e9ec501bbae1
audio_sdk/src/AudioLib/AudioStreamFactory.cpp,audio_sdk/src/AudioLib/AudioStreamFactory.cpp,normal/shared source,text-identical (encoding/EOL differs),859,830,,,,1341402509,f6c89d8802b0fd831836db20d82d1a4019381704b240cbfb49bfc5ed88939a56,1afe886335b6cf83311152f37bb1e4fcb883a97ad0ae68ff7cae6b5d84316954
audio_sdk/src/AudioLib/AudioStreamFactory.h,audio_sdk/src/AudioLib/AudioStreamFactory.h,normal/shared source,text-identical (encoding/EOL differs),768,740,,,,1341402509,41c998a780bfd1a7585b40611f315d3c22317454eecb4ee488ce32eccb540cce,a29890144604c41c075926cc6fb66f9646a483a50e6dbdadf22cc1b0563e4386
audio_sdk/src/AudioLib/BufferCache.cpp,audio_sdk/src/AudioLib/BufferCache.cpp,normal/shared source,text-identical (encoding/EOL differs),4430,4261,,,,1341402509,2ba66f8f150119550d810695494b83ee8c2f373ecaca9ad6f9775e57520ec894,507406252a1af2ca86d22a8dfa76908761340ee99eb9d73afa690a72eed3a36e
audio_sdk/src/AudioLib/BufferCache.h,audio_sdk/src/AudioLib/BufferCache.h,normal/shared source,text-identical (encoding/EOL differs),1188,1137,,,,1341402509,2468236e81ace7ebdaa36dd13586f7e363f800c71b85950b3e5b7ba9e1fdaf0b,ecb2ca15ef5e3f66747b42d72f6b8cea3512cf8caf7232ff37ce64f220e4f773
audio_sdk/src/AudioLib/CDPlayer.cpp,audio_sdk/src/AudioLib/CDPlayer.cpp,normal/shared source,text-identical (encoding/EOL differs),6435,6192,,,,1341402509,b7b4049fb2c0ee0637b8a442bcab05144473f789bd2600c279ddfcd0f62bb52c,0675c801d20ee44e8e7e8db01e2e1d3249dcab8e643d49127e55d6c5fb57ec71
audio_sdk/src/AudioLib/Diagnostics.cpp,audio_sdk/src/AudioLib/Diagnostics.cpp,normal/shared source,text-identical (encoding/EOL differs),1677,1613,,,,1341402509,7a129c19dd24f8da01f111f017a7f07e87734fb6c39976d1251d65e18ed44062,b6d0426272245fab2929b57b0e81e58a3ba2c3d9a79d29083f526d5bfcba8eb0
audio_sdk/src/AudioLib/DLS.cpp,audio_sdk/src/AudioLib/DLS.cpp,normal/shared source,text-identical (encoding/EOL differs),3374,3218,,,,1341402509,81376b108841b01ac086f0bf80d9319fa6149630988ce72ea3adccf21b627fdf,8a2fa0ca86e9cbb545abc743515e521c76369ccede68a12fe5cabefd737bbc7b
audio_sdk/src/AudioLib/DLS.h,audio_sdk/src/AudioLib/DLS.h,normal/shared source,text-identical (encoding/EOL differs),1238,1182,,,,1341402509,269b625817a86f9ba35bee9aa4ee1235ddef3f3a17f85174add23c6d52982d2a,3426b63dc45a05e8e544ba59ccae810d2013714e634893b1660c9900573e093a
audio_sdk/src/AudioLib/Errors.cpp,audio_sdk/src/AudioLib/Errors.cpp,normal/shared source,text-identical (encoding/EOL differs),3211,3079,,,,1341402509,e0b1986b61494f8975bb092d04a75b9b7ba7573147c61ebffbd9e5c2a14c3eed,2049eb44e94b9477959132ba6cf4da2c4db03ef8d19e4d5f4b38fbcb64aea83a
audio_sdk/src/AudioLib/except/eax.h,audio_sdk/src/AudioLib/except/eax.h,normal/shared source,text-identical (encoding/EOL differs),18211,17752,,,,1341402512,e09f48aa020059a66295bf2b1f2b5dae89a6e83268014dbbfb7b1f58c935d89f,a7449bf68cee2c604fba467015bfea6af8a39f3dc956513e9f6bf03ff546c3a2
audio_sdk/src/AudioLib/except/Extensions.cpp,audio_sdk/src/AudioLib/except/Extensions.cpp,normal/shared source,text-identical (encoding/EOL differs),13776,13092,,,,1341402512,2e09627af6a1591d858f876b0ab5b6a72602221cce2ddf652881e906bf8ab4db,1ee75c0a8e5c3fc307b9dc205ee0661d5d9da67219e6a86276d95a2409054093
audio_sdk/src/AudioLib/except/Extensions.h,audio_sdk/src/AudioLib/except/Extensions.h,normal/shared source,text-identical (encoding/EOL differs),2948,2839,,,,1341402512,edf0042f6f54813ee2a1fe9956a050f1de75b2a716ba7f8fb050e307b57a4555,36cf7be76a3de0ddee8be366729f95024119cbbde20419180d6a5830a7d24a51
audio_sdk/src/AudioLib/except/Wave.cpp,audio_sdk/src/AudioLib/except/Wave.cpp,normal/shared source,text-identical (encoding/EOL differs),19499,18821,,,,1341402512,86264e86863629f7e89f22eac81d84b6de9415d8e2942008016c6c3d17b7fde0,c78525d2202d02eef8972e12755f61b9db12294b6076e2420142db8cdaeea412
audio_sdk/src/AudioLib/except/Wave.h,audio_sdk/src/AudioLib/except/Wave.h,normal/shared source,text-identical (encoding/EOL differs),2265,2179,,,,1341402512,1072b1f8a481f31683ced77e2ca01ce479f1e3fbf072d09d43f834fbb6b4a481,8a5adf367b4a160b3d0ac8c1e90a1bf63491306f7d62bb0e3281810d27643d73
audio_sdk/src/AudioLib/except/ZoomFx.h,audio_sdk/src/AudioLib/except/ZoomFx.h,normal/shared source,text-identical (encoding/EOL differs),5179,5034,,,,1341402512,c842a7d94e23c2d72b994634a7dcd7c98718e8396cb6a8e3b875716ee35fdb16,c984e6adbcc5cdd3f4538a8d66c70737a571487ed0c502f3ed192c5019a3a151
audio_sdk/src/AudioLib/FileStream.cpp,audio_sdk/src/AudioLib/FileStream.cpp,normal/shared source,text-identical (encoding/EOL differs),7537,7211,,,,1341402509,745d05a1fdfbc285964e13c0b368859afb318499ca5186b72cff117b41c65cec,e30ec22b4a46113df4e46e7a02466a720f9d2f63db0885e300881549fb169166
audio_sdk/src/AudioLib/FileStream.h,audio_sdk/src/AudioLib/FileStream.h,normal/shared source,text-identical (encoding/EOL differs),2091,1997,,,,1341402510,66ba571aefb7dbb069fc64297f58972f498c11ae3700e6017bce9669c980b7a9,5965481ff9f79ee8e10c990592fd8e6d4447ce2be6ca482afcb80b0c3719edca
audio_sdk/src/AudioLib/IAudioLoader.h,audio_sdk/src/AudioLib/IAudioLoader.h,normal/shared source,text-identical (encoding/EOL differs),1751,1691,,,,1341402510,901c2199d4ac916561e21b44f0f4a5582de1c093c52dcd8eddaef2a45fc88e60,4ea9d3f80969b1b4a74dcb6da6bdb4860734df1687b10e08b1b85643ff1015ce
audio_sdk/src/AudioLib/IGameFile.h,audio_sdk/src/AudioLib/IGameFile.h,normal/shared source,text-identical (encoding/EOL differs),561,532,,,,1341402510,4ad9e07adfca56d4ca731cd7a443ff9118ee1dbfc21be9fbef95a5600e2fe11d,cca3985a87aae1190566952dd36a69aab4608356909f39f64a81018e7d730c99
audio_sdk/src/AudioLib/include/AudioLib/3dl2.h,audio_sdk/src/AudioLib/include/AudioLib/3dl2.h,normal/shared source,text-identical (encoding/EOL differs),9381,9183,,,,1341402512,d5ec67288e0f9b5cb2b91fb8a2aaa548e856e60cee763714dc90338692ba6906,246a0b7214ef78cf11bb3110d3740477ebbc336f98f2626c0da472584f246c47
audio_sdk/src/AudioLib/include/AudioLib/3dl2help.h,audio_sdk/src/AudioLib/include/AudioLib/3dl2help.h,normal/shared source,text-identical (encoding/EOL differs),6980,6819,,,,1341402512,b813140d1f4e08ce27fea8006e4300f494b8dcb75c459db3428cf30ef939c73d,ba728c4ad2e949589f6b6a3228a8514fd3b9a38a3cdc8e142974ab5cdfd44ad9
audio_sdk/src/AudioLib/include/AudioLib/AudioLibFactory.h,audio_sdk/src/AudioLib/include/AudioLib/AudioLibFactory.h,normal/shared source,text-identical (encoding/EOL differs),733,706,,,,1341402512,86d53a5d0c07c24fc13a41491c2ae4cd1c7a0b8f29a35bc43601a2172c3c4d90,b23d8118583248fffc613fb591f992936697269b0f06a704653b8f05d08d3b48
audio_sdk/src/AudioLib/include/AudioLib/CDPlayer.h,audio_sdk/src/AudioLib/include/AudioLib/CDPlayer.h,normal/shared source,text-identical (encoding/EOL differs),2260,2158,,,,1341402513,c3624b4b0b2ab0148db368af9265981e219d7f3996c50227deb751653c8b8928,ce148e836e7ac032fcefa4eabc7c261c757fe6d8e364e1d8c731f635609783b2
audio_sdk/src/AudioLib/include/AudioLib/Common.h,audio_sdk/src/AudioLib/include/AudioLib/Common.h,normal/shared source,text-identical (encoding/EOL differs),1149,1100,,,,1341402513,cdf78e6e194acfb3b4ffff11d841b8a2c094894f6a02fc533c07ede845c79fed,e7b884841edcb767e2bd891e8fd074f0d079dd5e61f6b1886edf4174613fc9fc
audio_sdk/src/AudioLib/include/AudioLib/Diagnostics.h,audio_sdk/src/AudioLib/include/AudioLib/Diagnostics.h,normal/shared source,text-identical (encoding/EOL differs),1494,1434,,,,1341402513,dbcfc75b0e981358a36ede608d5a7dfc8cc3852a394508e449a06737fdfb3b34,562cd43f1be395b3c42b544cbe15c43d62cdb0a2793bba6d690a6aca6d7d0249
audio_sdk/src/AudioLib/include/AudioLib/Errors.h,audio_sdk/src/AudioLib/include/AudioLib/Errors.h,normal/shared source,text-identical (encoding/EOL differs),1728,1681,,,,1341402513,7253faa34154f2c8a4e42b6eebfed39a4b7649b9c379793549ee3ca21f42f4a1,2a1cbd62e879d5db6a61d760940cdd6cbc9f2cdf1842576cc12218ac95e2d3f4
audio_sdk/src/AudioLib/include/AudioLib/IAudio.h,audio_sdk/src/AudioLib/include/AudioLib/IAudio.h,normal/shared source,text-identical (encoding/EOL differs),51084,49619,,,,1341402513,7e89aca58c958bbfc2e7ea660ecebd780b1530788145338edf23bf917bcfd517,29b5733ac0dff1032a901dcf396d4371b31ad2477a075f375949a3d41fbacdf6
audio_sdk/src/AudioLib/include/AudioLib/IAudioExt.h,audio_sdk/src/AudioLib/include/AudioLib/IAudioExt.h,normal/shared source,text-identical (encoding/EOL differs),829,798,,,,1341402513,6d51acda811da416e72cc554c82db20160ae091f5f498024a48aba81272238f8,4beea3e1530451f841b62511fe7eaf2ccc69ee9d380eca58bf83754e112b16f5
audio_sdk/src/AudioLib/include/AudioLib/IAudioStream.h,audio_sdk/src/AudioLib/include/AudioLib/IAudioStream.h,normal/shared source,text-identical (encoding/EOL differs),2784,2710,,,,1341402513,b8f2432ee55ed184d66d4a1370c1e119f12f74432add98aada3ab8c8ebb43ad1,3fd0f0e002b0dd158745c2519094efad3c0cc25040672354b9d83a29ffc1a11f
audio_sdk/src/AudioLib/include/AudioLib/ObjectPool.h,audio_sdk/src/AudioLib/include/AudioLib/ObjectPool.h,normal/shared source,text-identical (encoding/EOL differs),2676,2553,,,,1341402513,2f912ded36e7d295a37637e3726b646df133de5d1ccac7d5d9e95232e6ee0a2f,5206cc60dff973c3e4dcd17eb4d20660e7549b60b829a16b4532a61ec0f4895d
audio_sdk/src/AudioLib/include/AudioLib/Types.h,audio_sdk/src/AudioLib/include/AudioLib/Types.h,normal/shared source,text-identical (encoding/EOL differs),945,914,,,,1341402513,080a6e130b174c47bbbb739d961133f597aea472f4343428e1855034cbd996ef,54f2e7e9be602bd47a1349006df8a707167e869bc3feba3058068b69d6f234cb
audio_sdk/src/AudioLib/include/AudioLib/Utilities.h,audio_sdk/src/AudioLib/include/AudioLib/Utilities.h,normal/shared source,text-identical (encoding/EOL differs),4536,4366,,,,1341402513,2db4d6052f2b1d87f2a9434fdb42f015e2463cb20b79731f449d3363b07d323a,8ea93e26af1de2f77e52ff31d30245220f738820f7a903575d043625dfab0e37
audio_sdk/src/AudioLib/include/AudioLib/XAudioPackage.h,audio_sdk/src/AudioLib/include/AudioLib/XAudioPackage.h,normal/shared source,text-identical (encoding/EOL differs),2291,2179,,,,1341402513,a08293723f5831345644029e1e77f4884011e14658d7c9df68ce41ee08109cfb,c7275fe637f8031e4545c34982a9d3f837f41ba32f02977dddb0959418a9de8f
audio_sdk/src/AudioLib/Libraries.cpp,audio_sdk/src/AudioLib/Libraries.cpp,normal/shared source,text-identical (encoding/EOL differs),24,21,,,,1341402510,cac8c82217898bf8c8c16d32060efabd74571de6dd8471fa82f4c92ced2be59c,9388b56e7db8d6a6f15ee681afadc2499a23299b84a4cb9b55985bc750ec25c8
audio_sdk/src/AudioLib/Listener.cpp,audio_sdk/src/AudioLib/Listener.cpp,normal/shared source,text-identical (encoding/EOL differs),11088,10739,,,,1341402510,7131b5278894c28685c3ee2f60b7f53f034b812d1fba5919d9749c48b6e289b1,d08051dc834c5af2162db1efb981838cd57578075158bc0d23d82014be1fbbac
audio_sdk/src/AudioLib/Listener.h,audio_sdk/src/AudioLib/Listener.h,normal/shared source,text-identical (encoding/EOL differs),2319,2236,,,,1341402510,3969e3f412a84f4ba61fa29e38b6791cf7fe7d1a6915c68a5d31cebba66d3389,0ca6a0c3e55a626758a1ec8ca08531ba9d6517a5aea4ee1c5b037cdaad98ff87
audio_sdk/src/AudioLib/MemBlock.cpp,audio_sdk/src/AudioLib/MemBlock.cpp,normal/shared source,text-identical (encoding/EOL differs),756,684,,,,1341402510,8d7d6e53500f18384be4662e96c8315bf1dc56526f417ee52841f0f587bc7de4,6253372cfcc38603872b716b022048544664d57a72a92da280ccfbed8d40f299
audio_sdk/src/AudioLib/MemBlock.h,audio_sdk/src/AudioLib/MemBlock.h,normal/shared source,text-identical (encoding/EOL differs),868,809,,,,1341402510,7ddebc93228b1a367ab0c8ea146513273092f0b4198d33d0be9587fd2fbdd2d9,8dcd623d85a20b4383395062223ffa7543a0db4aeb485936952d881e647eda9b
audio_sdk/src/AudioLib/MemoryWave.cpp,audio_sdk/src/AudioLib/MemoryWave.cpp,normal/shared source,text-identical (encoding/EOL differs),4400,4211,,,,1341402510,e6d4e68a8b0801971f071a332a481854b7d5bf20570705c3b6524d741760854d,e22c65549eb1d77ff791cb854eac7155c097fb845e5d8919ec4e6d8416c9ff8f
audio_sdk/src/AudioLib/MemoryWave.h,audio_sdk/src/AudioLib/MemoryWave.h,normal/shared source,text-identical (encoding/EOL differs),1598,1537,,,,1341402510,97c5d5877802053116b32943110ec369a4b349bcec63172af9ee16bc65c12ca1,e08f3ebc897649ae527c542bb57560b36a11a23b825066b26492bb6c260352f5
audio_sdk/src/AudioLib/mssccprj.scc,audio_sdk/src/AudioLib/mssccprj.scc,resource/config/other,content-different,213,177,,,,1341402508,fa73f03878b3f075356a863e57f6a07063ed515c00e5e0c5ee0d10d90c2aa4b5,f71758a8080336748d82f8c7ceb12728f2015caf700b5ad3cf3a76bfcaa21b14
audio_sdk/src/AudioLib/PropertySet.cpp,audio_sdk/src/AudioLib/PropertySet.cpp,normal/shared source,text-identical (encoding/EOL differs),6934,6703,,,,1341402510,2bbaf2b70905b92f3f785a18e9aff9d065edcfc51970983b5e31caf7b8b7cfb6,ae2d7045536ccc7d482363b4c57464c0b68e2a55b7482664cc2d439fd672e421
audio_sdk/src/AudioLib/PropertySet.h,audio_sdk/src/AudioLib/PropertySet.h,normal/shared source,text-identical (encoding/EOL differs),1768,1699,,,,1341402510,d28d5ee60b3de1ce791f1b365906d22e0d1ebe894ccf6c037979158b4ba7490c,0fdbca816b59986b08b6c893ba35fbb7fedefee19e31c706e18d98430a78ded6
audio_sdk/src/AudioLib/Segment.cpp,audio_sdk/src/AudioLib/Segment.cpp,normal/shared source,text-identical (encoding/EOL differs),13657,13144,,,,1341402511,820634e9d92af735b7ed2d2ff744675d06b6764d1405406657ea298d5b9f1245,d1bac45f3974cf4d19e4b2324100e86fe55c3763ee7a726fe571686cbf0409fa
audio_sdk/src/AudioLib/Segment.h,audio_sdk/src/AudioLib/Segment.h,normal/shared source,text-identical (encoding/EOL differs),2611,2511,,,,1341402511,8f9b02f48960f53a6d7be76467c9cc456bccebef1f45a1db380218e6926a4751,881a19ee5467ac64701184543287313b801fc8a2561563fc1d7e4ed25a0e6c86
audio_sdk/src/AudioLib/Sound.cpp,audio_sdk/src/AudioLib/Sound.cpp,normal/shared source,text-identical (encoding/EOL differs),27911,26866,,,,1341402511,5b827bc20f86cf165f9e551469cf45110130a283063d22810d415aa0edbbc4de,68ead6f788502d608dd1b16fe9a05e749abf03856d7969b79876562df9d1d3e6
audio_sdk/src/AudioLib/Sound.h,audio_sdk/src/AudioLib/Sound.h,normal/shared source,text-identical (encoding/EOL differs),3515,3367,,,,1341402511,0f6580bda3f93d84aff80f788f68aaf4b7a90254f353896d44cd08e4d1ca26ab,69a36eacbd9645369858490b9bb3ff395f3ea9f959d3d3b66bd28c973a7b2cce
audio_sdk/src/AudioLib/Sound3D.cpp,audio_sdk/src/AudioLib/Sound3D.cpp,normal/shared source,text-identical (encoding/EOL differs),18753,18023,,,,1341402511,c296a1a2c9be1408e54d8a353cf3da88e53bd5f5baa712aab41e60011502d953,6f00dbb07c4c39e53aaf9d94c2db16a0e7044e9f2b5c2b1850c9331068bf2d7e
audio_sdk/src/AudioLib/Sound3D.h,audio_sdk/src/AudioLib/Sound3D.h,normal/shared source,text-identical (encoding/EOL differs),3326,3197,,,,1341402511,ddec1896d3194f24e7738d68844ddea26ddc3f4113e5f5404c58553db0c57125,624fb911974093936bd11f55158d197d5097b4b9150d5e5460419e7506610b93
audio_sdk/src/AudioLib/src/AudioLib/AudioCommon.h,audio_sdk/src/AudioLib/src/AudioLib/AudioCommon.h,normal/shared source,text-identical (encoding/EOL differs),1883,1811,,,,1341402513,ab19bfcc3a0f4dfd89e928dd19822a92dd995e5a5ad6a4205d362e05ced9b523,94b682425b797df525d3f85f390cd9f3357a6d40dfb53defad992ec2d7e0b70c
audio_sdk/src/AudioLib/src/AudioLib/AudioLib.dsp,audio_sdk/src/AudioLib/src/AudioLib/AudioLib.dsp,resource/config/other,text-identical (encoding/EOL differs),13913,13501,,,,1341402513,cacc8f4943df6f3018ec62f2a897480b5641c8b4a5dd650b0d2b69b19cb17ac8,6aa8a951d851cd5979f42c767b43fd80279349ed4b31df0c943109b87e29f0ba
audio_sdk/src/AudioLib/src/AudioLib/AudioLibFactory.cpp,audio_sdk/src/AudioLib/src/AudioLib/AudioLibFactory.cpp,normal/shared source,text-identical (encoding/EOL differs),718,694,,,,1341402513,5e354078885edfa641d9415b8156fc608c3aace988ebfa1ad2a4d7e6f2352260,1fdfb83bf6950d709ab50d9c1d4c288b3159ea3c9dc40e1a2843c7070b875347
audio_sdk/src/AudioLib/src/AudioLib/AudioMgr.cpp,audio_sdk/src/AudioLib/src/AudioLib/AudioMgr.cpp,normal/shared source,text-identical (encoding/EOL differs),40310,39039,,,,1341402514,f839ce7cc1267e548d9fcdbdaf51e81c59f7e749dc750534fb7df65c2f4e2703,59acff65897ebaf6f5faf80996ea1453a3ede1ddb0deb94e6a15212af1681070
audio_sdk/src/AudioLib/src/AudioLib/AudioMgr.h,audio_sdk/src/AudioLib/src/AudioLib/AudioMgr.h,normal/shared source,text-identical (encoding/EOL differs),8458,8175,,,,1341402514,1045bc9037b536cb884dbc24e4262ba0fdb30211bde26077584c06f285d3df6f,1885f20071fdced928e5b1b42808db91b06bbb2195adc16fff76775421e96b2b
audio_sdk/src/AudioLib/src/AudioLib/AudioScript.cpp,audio_sdk/src/AudioLib/src/AudioLib/AudioScript.cpp,normal/shared source,text-identical (encoding/EOL differs),4584,4403,,,,1341402514,f394885e6708be9001d166a04bf4c5ff80079e53c141bb7d91a96f892d78d89a,09a7f4df03651e14b53a9342fd36933d92ccd3bd6c93f0e0e8891e505cb649d9
audio_sdk/src/AudioLib/src/AudioLib/AudioScript.h,audio_sdk/src/AudioLib/src/AudioLib/AudioScript.h,normal/shared source,text-identical (encoding/EOL differs),1437,1373,,,,1341402514,848bcb0d119f0436be53b3e4f29e6253296e9cd6c389ff06347c21b062bca9a2,524ce78a93d4e10164d9b52acded791347e6dee38364e2e84454e9ec501bbae1
audio_sdk/src/AudioLib/src/AudioLib/AudioStreamFactory.cpp,audio_sdk/src/AudioLib/src/AudioLib/AudioStreamFactory.cpp,normal/shared source,text-identical (encoding/EOL differs),859,830,,,,1341402514,f6c89d8802b0fd831836db20d82d1a4019381704b240cbfb49bfc5ed88939a56,1afe886335b6cf83311152f37bb1e4fcb883a97ad0ae68ff7cae6b5d84316954
audio_sdk/src/AudioLib/src/AudioLib/AudioStreamFactory.h,audio_sdk/src/AudioLib/src/AudioLib/AudioStreamFactory.h,normal/shared source,text-identical (encoding/EOL differs),768,740,,,,1341402514,41c998a780bfd1a7585b40611f315d3c22317454eecb4ee488ce32eccb540cce,a29890144604c41c075926cc6fb66f9646a483a50e6dbdadf22cc1b0563e4386
audio_sdk/src/AudioLib/src/AudioLib/BufferCache.cpp,audio_sdk/src/AudioLib/src/AudioLib/BufferCache.cpp,normal/shared source,text-identical (encoding/EOL differs),4430,4261,,,,1341402514,2ba66f8f150119550d810695494b83ee8c2f373ecaca9ad6f9775e57520ec894,507406252a1af2ca86d22a8dfa76908761340ee99eb9d73afa690a72eed3a36e
audio_sdk/src/AudioLib/src/AudioLib/BufferCache.h,audio_sdk/src/AudioLib/src/AudioLib/BufferCache.h,normal/shared source,text-identical (encoding/EOL differs),1188,1137,,,,1341402514,2468236e81ace7ebdaa36dd13586f7e363f800c71b85950b3e5b7ba9e1fdaf0b,ecb2ca15ef5e3f66747b42d72f6b8cea3512cf8caf7232ff37ce64f220e4f773
audio_sdk/src/AudioLib/src/AudioLib/CDPlayer.cpp,audio_sdk/src/AudioLib/src/AudioLib/CDPlayer.cpp,normal/shared source,text-identical (encoding/EOL differs),6435,6192,,,,1341402514,b7b4049fb2c0ee0637b8a442bcab05144473f789bd2600c279ddfcd0f62bb52c,0675c801d20ee44e8e7e8db01e2e1d3249dcab8e643d49127e55d6c5fb57ec71
audio_sdk/src/AudioLib/src/AudioLib/Diagnostics.cpp,audio_sdk/src/AudioLib/src/AudioLib/Diagnostics.cpp,normal/shared source,text-identical (encoding/EOL differs),1677,1613,,,,1341402514,7a129c19dd24f8da01f111f017a7f07e87734fb6c39976d1251d65e18ed44062,b6d0426272245fab2929b57b0e81e58a3ba2c3d9a79d29083f526d5bfcba8eb0
audio_sdk/src/AudioLib/src/AudioLib/DLS.cpp,audio_sdk/src/AudioLib/src/AudioLib/DLS.cpp,normal/shared source,text-identical (encoding/EOL differs),3374,3218,,,,1341402514,81376b108841b01ac086f0bf80d9319fa6149630988ce72ea3adccf21b627fdf,8a2fa0ca86e9cbb545abc743515e521c76369ccede68a12fe5cabefd737bbc7b
audio_sdk/src/AudioLib/src/AudioLib/DLS.h,audio_sdk/src/AudioLib/src/AudioLib/DLS.h,normal/shared source,text-identical (encoding/EOL differs),1238,1182,,,,1341402514,269b625817a86f9ba35bee9aa4ee1235ddef3f3a17f85174add23c6d52982d2a,3426b63dc45a05e8e544ba59ccae810d2013714e634893b1660c9900573e093a
audio_sdk/src/AudioLib/src/AudioLib/Errors.cpp,audio_sdk/src/AudioLib/src/AudioLib/Errors.cpp,normal/shared source,text-identical (encoding/EOL differs),3211,3079,,,,1341402515,e0b1986b61494f8975bb092d04a75b9b7ba7573147c61ebffbd9e5c2a14c3eed,2049eb44e94b9477959132ba6cf4da2c4db03ef8d19e4d5f4b38fbcb64aea83a
audio_sdk/src/AudioLib/src/AudioLib/FileStream.cpp,audio_sdk/src/AudioLib/src/AudioLib/FileStream.cpp,normal/shared source,text-identical (encoding/EOL differs),7537,7211,,,,1341402515,745d05a1fdfbc285964e13c0b368859afb318499ca5186b72cff117b41c65cec,e30ec22b4a46113df4e46e7a02466a720f9d2f63db0885e300881549fb169166
audio_sdk/src/AudioLib/src/AudioLib/FileStream.h,audio_sdk/src/AudioLib/src/AudioLib/FileStream.h,normal/shared source,text-identical (encoding/EOL differs),2091,1997,,,,1341402515,66ba571aefb7dbb069fc64297f58972f498c11ae3700e6017bce9669c980b7a9,5965481ff9f79ee8e10c990592fd8e6d4447ce2be6ca482afcb80b0c3719edca
audio_sdk/src/AudioLib/src/AudioLib/IAudioLoader.h,audio_sdk/src/AudioLib/src/AudioLib/IAudioLoader.h,normal/shared source,text-identical (encoding/EOL differs),1751,1691,,,,1341402515,901c2199d4ac916561e21b44f0f4a5582de1c093c52dcd8eddaef2a45fc88e60,4ea9d3f80969b1b4a74dcb6da6bdb4860734df1687b10e08b1b85643ff1015ce
audio_sdk/src/AudioLib/src/AudioLib/Listener.cpp,audio_sdk/src/AudioLib/src/AudioLib/Listener.cpp,normal/shared source,text-identical (encoding/EOL differs),11088,10739,,,,1341402515,7131b5278894c28685c3ee2f60b7f53f034b812d1fba5919d9749c48b6e289b1,d08051dc834c5af2162db1efb981838cd57578075158bc0d23d82014be1fbbac
audio_sdk/src/AudioLib/src/AudioLib/Listener.h,audio_sdk/src/AudioLib/src/AudioLib/Listener.h,normal/shared source,text-identical (encoding/EOL differs),2319,2236,,,,1341402515,3969e3f412a84f4ba61fa29e38b6791cf7fe7d1a6915c68a5d31cebba66d3389,0ca6a0c3e55a626758a1ec8ca08531ba9d6517a5aea4ee1c5b037cdaad98ff87
audio_sdk/src/AudioLib/src/AudioLib/MemoryWave.cpp,audio_sdk/src/AudioLib/src/AudioLib/MemoryWave.cpp,normal/shared source,text-identical (encoding/EOL differs),4400,4211,,,,1341402515,e6d4e68a8b0801971f071a332a481854b7d5bf20570705c3b6524d741760854d,e22c65549eb1d77ff791cb854eac7155c097fb845e5d8919ec4e6d8416c9ff8f
audio_sdk/src/AudioLib/src/AudioLib/MemoryWave.h,audio_sdk/src/AudioLib/src/AudioLib/MemoryWave.h,normal/shared source,text-identical (encoding/EOL differs),1598,1537,,,,1341402515,97c5d5877802053116b32943110ec369a4b349bcec63172af9ee16bc65c12ca1,e08f3ebc897649ae527c542bb57560b36a11a23b825066b26492bb6c260352f5
audio_sdk/src/AudioLib/src/AudioLib/mssccprj.scc,audio_sdk/src/AudioLib/src/AudioLib/mssccprj.scc,resource/config/other,content-different,226,195,,,,1341402513,84c41ac3853c58ffc53301ab6055abb7a832c6292b1374e7e4a98087e20a01f5,27b71c8bd9333d263cc9f65132c1c831e2a9bc906d547511b1d0d4b9be99df0e
audio_sdk/src/AudioLib/src/AudioLib/PropertySet.cpp,audio_sdk/src/AudioLib/src/AudioLib/PropertySet.cpp,normal/shared source,text-identical (encoding/EOL differs),6934,6703,,,,1341402515,2bbaf2b70905b92f3f785a18e9aff9d065edcfc51970983b5e31caf7b8b7cfb6,ae2d7045536ccc7d482363b4c57464c0b68e2a55b7482664cc2d439fd672e421
audio_sdk/src/AudioLib/src/AudioLib/PropertySet.h,audio_sdk/src/AudioLib/src/AudioLib/PropertySet.h,normal/shared source,text-identical (encoding/EOL differs),1768,1699,,,,1341402515,d28d5ee60b3de1ce791f1b365906d22e0d1ebe894ccf6c037979158b4ba7490c,0fdbca816b59986b08b6c893ba35fbb7fedefee19e31c706e18d98430a78ded6
audio_sdk/src/AudioLib/src/AudioLib/Segment.cpp,audio_sdk/src/AudioLib/src/AudioLib/Segment.cpp,normal/shared source,text-identical (encoding/EOL differs),13657,13144,,,,1341402515,820634e9d92af735b7ed2d2ff744675d06b6764d1405406657ea298d5b9f1245,d1bac45f3974cf4d19e4b2324100e86fe55c3763ee7a726fe571686cbf0409fa
audio_sdk/src/AudioLib/src/AudioLib/Segment.h,audio_sdk/src/AudioLib/src/AudioLib/Segment.h,normal/shared source,text-identical (encoding/EOL differs),2611,2511,,,,1341402515,8f9b02f48960f53a6d7be76467c9cc456bccebef1f45a1db380218e6926a4751,881a19ee5467ac64701184543287313b801fc8a2561563fc1d7e4ed25a0e6c86
audio_sdk/src/AudioLib/src/AudioLib/Sound.cpp,audio_sdk/src/AudioLib/src/AudioLib/Sound.cpp,normal/shared source,text-identical (encoding/EOL differs),27911,26866,,,,1341402515,5b827bc20f86cf165f9e551469cf45110130a283063d22810d415aa0edbbc4de,68ead6f788502d608dd1b16fe9a05e749abf03856d7969b79876562df9d1d3e6
audio_sdk/src/AudioLib/src/AudioLib/Sound.h,audio_sdk/src/AudioLib/src/AudioLib/Sound.h,normal/shared source,text-identical (encoding/EOL differs),3515,3367,,,,1341402515,0f6580bda3f93d84aff80f788f68aaf4b7a90254f353896d44cd08e4d1ca26ab,69a36eacbd9645369858490b9bb3ff395f3ea9f959d3d3b66bd28c973a7b2cce
audio_sdk/src/AudioLib/src/AudioLib/Sound3D.cpp,audio_sdk/src/AudioLib/src/AudioLib/Sound3D.cpp,normal/shared source,text-identical (encoding/EOL differs),18753,18023,,,,1341402515,c296a1a2c9be1408e54d8a353cf3da88e53bd5f5baa712aab41e60011502d953,6f00dbb07c4c39e53aaf9d94c2db16a0e7044e9f2b5c2b1850c9331068bf2d7e
audio_sdk/src/AudioLib/src/AudioLib/Sound3D.h,audio_sdk/src/AudioLib/src/AudioLib/Sound3D.h,normal/shared source,text-identical (encoding/EOL differs),3326,3197,,,,1341402515,ddec1896d3194f24e7738d68844ddea26ddc3f4113e5f5404c58553db0c57125,624fb911974093936bd11f55158d197d5097b4b9150d5e5460419e7506610b93
audio_sdk/src/AudioLib/src/AudioLib/Utilities.cpp,audio_sdk/src/AudioLib/src/AudioLib/Utilities.cpp,normal/shared source,text-identical (encoding/EOL differs),8158,7899,,,,1341402516,2a9eb41a907058b15cb6e37971d4f57f5d7a20adedaa61a770ee7d148ba08ed6,b0f40e03ce55caa9e0030ed878e58e5dbf511b552c0e60e030f3790f080d4617
audio_sdk/src/AudioLib/src/AudioLib/Vorbis.cpp,audio_sdk/src/AudioLib/src/AudioLib/Vorbis.cpp,normal/shared source,text-identical (encoding/EOL differs),10025,9648,,,,1341402516,3f7b58120fd214546b5b6460dcc2da528fed365d3a3d86dc6df1e309d9e10571,d6c00f49d6fc6c65294785c25c856d483c63445a91bfe652ad334f0aa0ce9e40
audio_sdk/src/AudioLib/src/AudioLib/Vorbis.h,audio_sdk/src/AudioLib/src/AudioLib/Vorbis.h,normal/shared source,text-identical (encoding/EOL differs),1956,1858,,,,1341402516,9b1e932bb637e3c29d218df7ef5d9fd04be494405a1096afa654aeaf357e6996,3021b57aed7f8d274d292988d4d887dc4e253d3b8098aeb5c0a92039a506d94d
audio_sdk/src/AudioLib/src/AudioLib/Wave.cpp,audio_sdk/src/AudioLib/src/AudioLib/Wave.cpp,normal/shared source,text-identical (encoding/EOL differs),17900,17289,,,,1341402516,c3d69e4161cc68dec7c1d9e3c17e25b8a3a4ebc95cbd0f15b743e21271d84ed6,946bf18ba2b1e556d03f66c1eaa84644e161d95a9636eb35173a8e9cb52106a9
audio_sdk/src/AudioLib/src/AudioLib/Wave.h,audio_sdk/src/AudioLib/src/AudioLib/Wave.h,normal/shared source,text-identical (encoding/EOL differs),2017,1943,,,,1341402516,b44203245c10b53a48565fef025793fc0d8cc82c913ff2952e46dc1f707aeb91,33ce8d330007787d80dbfb694b6baa75c398ee5a117cf85e81473851d9b3a25a
audio_sdk/src/AudioLib/src/AudioLib/WMA.cpp,audio_sdk/src/AudioLib/src/AudioLib/WMA.cpp,normal/shared source,text-identical (encoding/EOL differs),16668,15954,,,,1341402516,7dd7240a4390027ee9f644b3379afb4e4f78bd3d8a9c8b4f81fc967ab4391405,f27611bc902176b654fffa75c4cbd5d0adc9d8ab91bcddb5671d9bbf0c25c163
audio_sdk/src/AudioLib/src/AudioLib/WMA.h,audio_sdk/src/AudioLib/src/AudioLib/WMA.h,normal/shared source,text-identical (encoding/EOL differs),3964,3786,,,,1341402516,02f8d4de6cfca5d4739433b8b4b6a03ea52150b5bcbcf05e357576c7ddc78273,84b5366aeb6d4464f6292b31104c32491f2f2a65aa6d06a9b13ea980ab52c5dd
audio_sdk/src/AudioLib/src/AudioLib/XAudioPackage.cpp,audio_sdk/src/AudioLib/src/AudioLib/XAudioPackage.cpp,normal/shared source,text-identical (encoding/EOL differs),15534,14848,,,,1341402516,d68b75ded76dfe3f3a8cc5d771496c2623605840b1ded32b2d4236a211955b93,fd9c2a333ba218f3ed3fe5e4487ed974ef98b1cc34c6645c9f01b1cd68e3aa14
audio_sdk/src/AudioLib/src/AudioLib/XPackageWave.cpp,audio_sdk/src/AudioLib/src/AudioLib/XPackageWave.cpp,normal/shared source,text-identical (encoding/EOL differs),7725,7455,,,,1341402516,67fc4d2fc6dd93d679d70e3d92678545b43ce723a24dec7c828f89b034d8cfa2,0c1bd0752d840a0ffa708111eb8e9a8ee19714fff2e24a66daeed0e607570a7b
audio_sdk/src/AudioLib/src/AudioLib/XPackageWave.h,audio_sdk/src/AudioLib/src/AudioLib/XPackageWave.h,normal/shared source,text-identical (encoding/EOL differs),1902,1827,,,,1341402516,03fcdfbe694d8d7654430bff11a6fd73dbf7ac32b0a1f105f9d4e7053336a03c,90dd20b6ea83e973da0964ddadb8d0715ccb2ef123a09b716634667f0dac9e1a
audio_sdk/src/AudioLib/Utilities.cpp,audio_sdk/src/AudioLib/Utilities.cpp,normal/shared source,text-identical (encoding/EOL differs),8158,7899,,,,1341402511,2a9eb41a907058b15cb6e37971d4f57f5d7a20adedaa61a770ee7d148ba08ed6,b0f40e03ce55caa9e0030ed878e58e5dbf511b552c0e60e030f3790f080d4617
audio_sdk/src/AudioLib/Vorbis.cpp,audio_sdk/src/AudioLib/Vorbis.cpp,normal/shared source,text-identical (encoding/EOL differs),10025,9648,,,,1341402511,3f7b58120fd214546b5b6460dcc2da528fed365d3a3d86dc6df1e309d9e10571,d6c00f49d6fc6c65294785c25c856d483c63445a91bfe652ad334f0aa0ce9e40
audio_sdk/src/AudioLib/Vorbis.h,audio_sdk/src/AudioLib/Vorbis.h,normal/shared source,text-identical (encoding/EOL differs),1956,1858,,,,1341402511,9b1e932bb637e3c29d218df7ef5d9fd04be494405a1096afa654aeaf357e6996,3021b57aed7f8d274d292988d4d887dc4e253d3b8098aeb5c0a92039a506d94d
audio_sdk/src/AudioLib/Wave.cpp,audio_sdk/src/AudioLib/Wave.cpp,normal/shared source,text-identical (encoding/EOL differs),17900,17289,,,,1341402511,c3d69e4161cc68dec7c1d9e3c17e25b8a3a4ebc95cbd0f15b743e21271d84ed6,946bf18ba2b1e556d03f66c1eaa84644e161d95a9636eb35173a8e9cb52106a9
audio_sdk/src/AudioLib/Wave.h,audio_sdk/src/AudioLib/Wave.h,normal/shared source,text-identical (encoding/EOL differs),2017,1943,,,,1341402511,b44203245c10b53a48565fef025793fc0d8cc82c913ff2952e46dc1f707aeb91,33ce8d330007787d80dbfb694b6baa75c398ee5a117cf85e81473851d9b3a25a
audio_sdk/src/AudioLib/WMA.cpp,audio_sdk/src/AudioLib/WMA.cpp,normal/shared source,text-identical (encoding/EOL differs),16668,15954,,,,1341402511,7dd7240a4390027ee9f644b3379afb4e4f78bd3d8a9c8b4f81fc967ab4391405,f27611bc902176b654fffa75c4cbd5d0adc9d8ab91bcddb5671d9bbf0c25c163
audio_sdk/src/AudioLib/WMA.h,audio_sdk/src/AudioLib/WMA.h,normal/shared source,text-identical (encoding/EOL differs),3964,3786,,,,1341402511,02f8d4de6cfca5d4739433b8b4b6a03ea52150b5bcbcf05e357576c7ddc78273,84b5366aeb6d4464f6292b31104c32491f2f2a65aa6d06a9b13ea980ab52c5dd
audio_sdk/src/AudioLib/XAudioPackage.cpp,audio_sdk/src/AudioLib/XAudioPackage.cpp,normal/shared source,text-identical (encoding/EOL differs),15534,14848,,,,1341402512,d68b75ded76dfe3f3a8cc5d771496c2623605840b1ded32b2d4236a211955b93,fd9c2a333ba218f3ed3fe5e4487ed974ef98b1cc34c6645c9f01b1cd68e3aa14
audio_sdk/src/AudioLib/XPackageWave.cpp,audio_sdk/src/AudioLib/XPackageWave.cpp,normal/shared source,text-identical (encoding/EOL differs),7725,7455,,,,1341402512,67fc4d2fc6dd93d679d70e3d92678545b43ce723a24dec7c828f89b034d8cfa2,0c1bd0752d840a0ffa708111eb8e9a8ee19714fff2e24a66daeed0e607570a7b
audio_sdk/src/AudioLib/XPackageWave.h,audio_sdk/src/AudioLib/XPackageWave.h,normal/shared source,text-identical (encoding/EOL differs),1902,1827,,,,1341402512,03fcdfbe694d8d7654430bff11a6fd73dbf7ac32b0a1f105f9d4e7053336a03c,90dd20b6ea83e973da0964ddadb8d0715ccb2ef123a09b716634667f0dac9e1a
audio_sdk/src/AudioScript.dsp,audio_sdk/src/AudioScript.dsp,resource/config/other,text-identical (encoding/EOL differs),10134,9857,,,,1341402507,ec50478f1f35dffac5d7d4db7fd1160fc6eb6c2fa6e2c442ca02873b05171e99,cc4980ce9bf4bcd4ed0b740de3a599a8bc987d71725b755a93d352c42e54d177
audio_sdk/src/AudioScript/AudioScript.dsp,audio_sdk/src/AudioScript/AudioScript.dsp,resource/config/other,text-identical (encoding/EOL differs),16825,16423,,,,1341402516,e0abb24fbd9f380e5a641353b54faab23364e18a8ee138c7776a383d0e245529,11e33436d1881370dcff3c6421cedf33df665bbf0083af6e43f5eb6ffc110e5e
audio_sdk/src/AudioScript/AudioScript.plg,audio_sdk/src/AudioScript/AudioScript.plg,resource/config/other,content-different,2616,2560,,,,1341402516,8c95317580b58e6681a3ab284717b7a3878712cbcee7b64e37fdaf87dcdff6d0,815d5910287f8352b24d0f181870337c0c30b77cd5f337520f9280cb716a7f56
audio_sdk/src/AudioScript/AudioScript.stc,audio_sdk/src/AudioScript/AudioScript.stc,resource/config/other,content-different,77,75,,,,1341402516,1ed3dd52e01b6314ebd575dc6fd98f5bc6a177611b61937d11bc2fefc8570eb7,35178a180d1c7418c444c097f65f94a292aac792d2abd9986946ced233bc770e
audio_sdk/src/AudioScript/AudioScript.stt,audio_sdk/src/AudioScript/AudioScript.stt,resource/config/other,content-different,47,45,,,,1341402516,742fe44443e092efd5f840235afa090ed057654cfe09abe980ff7a449dc0eba3,d1d002b59a0f6d917ea0d1554e1a118efa6c85b86828b6441c1c094d189a9926
audio_sdk/src/AudioScript/AudioScript/Audio.h,audio_sdk/src/AudioScript/AudioScript/Audio.h,normal/shared source,text-identical (encoding/EOL differs),1272,1226,,,,1341402518,083ac5ce99fd36628eb9c9c73a68313f1394d9a68710f0c5aab5b6f0561a45ed,1b1431ba2e6343b83125f0e81ebdc0dc4f61a742888b5ffa09301d9aaf430370
audio_sdk/src/AudioScript/AudioScript/AudioScript.dsp,audio_sdk/src/AudioScript/AudioScript/AudioScript.dsp,resource/config/other,text-identical (encoding/EOL differs),15518,15141,,,,1341402518,4cfedecabf987ce7a6cd506b82b50ec433bd6a99d5b258ba7e2972f06488c393,c67d636ad4a6c6e0e9781b16d713fbb56e71e6ac15a0acd1c66bed06767f1c8f
audio_sdk/src/AudioScript/AudioScript/AudioScriptFactory.cpp,audio_sdk/src/AudioScript/AudioScript/AudioScriptFactory.cpp,normal/shared source,text-identical (encoding/EOL differs),941,909,,,,1341402518,88f08ad960ababd0e9bf1ef58cab59e559f4399d5866989fec24693fe072f5b2,b69d93e2d2158fd4a34a2d32c6307e2f3891af3d0e1c44dae9d279acbf9bb4e8
audio_sdk/src/AudioScript/AudioScript/AudioScriptFactory.h,audio_sdk/src/AudioScript/AudioScript/AudioScriptFactory.h,normal/shared source,text-identical (encoding/EOL differs),806,777,,,,1341402518,ce643850db146d8a826fc02459b1d5d3093d4b504d74a72a83a996e7c587d9eb,8486e1068a939f2b9aaa0e827e470e4fdcac424be827e5a86d2bf88e847de076
audio_sdk/src/AudioScript/AudioScript/IMusic.h,audio_sdk/src/AudioScript/AudioScript/IMusic.h,normal/shared source,text-identical (encoding/EOL differs),3988,3867,,,,1341402518,509f1f53f752dafcddf7e37f3fbd444117ccee57c2de54e3070f61bc5e6ff7d7,c742a237df838d22805f0187aa35a1fddd11984dd40d00009fcaea124724730d
audio_sdk/src/AudioScript/AudioScript/ISound.h,audio_sdk/src/AudioScript/AudioScript/ISound.h,normal/shared source,text-identical (encoding/EOL differs),9146,8883,,,,1341402518,59f6db9c2ab77377debcfbd6dbbe365a4567cfba1d06d922a79081ac56b48f43,d4e8ad4f45672272f276c3f144a5570b0135d7bcdae9c727e7d03af9c2c9a1bd
audio_sdk/src/AudioScript/AudioScript/Lexer.cpp,audio_sdk/src/AudioScript/AudioScript/Lexer.cpp,normal/shared source,text-identical (encoding/EOL differs),45761,44242,,,,1341402518,0dae5c885ef7f46652b9587968c3e79eca2f27dd3a4ec71942a999c3c61dfbc2,e2476399b843cfaa7cd67f806f4f6b32047aa741a5aeca41ba67d0f0b6b4c3c6
audio_sdk/src/AudioScript/AudioScript/Lexer.h,audio_sdk/src/AudioScript/AudioScript/Lexer.h,normal/shared source,text-identical (encoding/EOL differs),7288,7091,,,,1341402518,156f4e37a13357c29efb7fad3da789d92029f2b74bb8b0442115a25d70541fed,7227fb3f71268569b7b5f00c7809bd5c744f7f0d5118dd871205319a1eeeb0d7
audio_sdk/src/AudioScript/AudioScript/mssccprj.scc,audio_sdk/src/AudioScript/AudioScript/mssccprj.scc,resource/config/other,content-different,231,200,,,,1341402518,af08644ee4281f363b1fbab4dda5dd8ae78dad23c93b07b50227cdfbc140f07c,efa9a171bfae6fcbb73167cebaf33a2037845deea6ed3474244d33438577609a
audio_sdk/src/AudioScript/AudioScript/MusicMgr.cpp,audio_sdk/src/AudioScript/AudioScript/MusicMgr.cpp,normal/shared source,text-identical (encoding/EOL differs),11553,11118,,,,1341402518,595465bdf31a753cc11ee88ebdab32883d49889c1812e084bbb3c15d400918f8,43bf57a9ab81f5d469168644316100d62bd3c1a184526aa48bb1a0604fb54ebd
audio_sdk/src/AudioScript/AudioScript/MusicMgr.h,audio_sdk/src/AudioScript/AudioScript/MusicMgr.h,normal/shared source,text-identical (encoding/EOL differs),2178,2084,,,,1341402519,90a16b312abf3285f0cc477b0d0d0f9c9ae0627241dbabacfefb9c63b7915624,062f8f77a52aea3326a1f90ec5b4c85c9871084e9cebdc226c909b10dccd66e4
audio_sdk/src/AudioScript/AudioScript/Script.cpp,audio_sdk/src/AudioScript/AudioScript/Script.cpp,normal/shared source,text-identical (encoding/EOL differs),9051,8651,,,,1341402519,b717bf5c29871d28566bb29a76155a3d0e66dc4c4cadd52c93bb408e081dae00,c4d03e7329dce4eb140a7ff8af6cb461e9a8d1d861cb39473dd969c0e4fb4bc9
audio_sdk/src/AudioScript/AudioScript/Script.h,audio_sdk/src/AudioScript/AudioScript/Script.h,normal/shared source,text-identical (encoding/EOL differs),1965,1850,,,,1341402519,784a98a72900cb42d833f9a4c2d5d7cfba8a6788ba938c5065ad7a475b13d1f9,8a250fb65202ef6d5369c4a395f9351c4b6fa17cf6db51e2796c1765948e2bf6
audio_sdk/src/AudioScript/AudioScript/SoundMgr.cpp,audio_sdk/src/AudioScript/AudioScript/SoundMgr.cpp,normal/shared source,text-identical (encoding/EOL differs),27423,26571,,,,1341402519,f5718cf674418baa8ae1885dfe14562777a54e3eafa10818fe9e01127cbd215e,e3fa6a02ce069cfc794516244f8b4c10be1665aac9f0cd0f2421a4265f51b2f4
audio_sdk/src/AudioScript/AudioScript/SoundMgr.h,audio_sdk/src/AudioScript/AudioScript/SoundMgr.h,normal/shared source,text-identical (encoding/EOL differs),4912,4749,,,,1341402519,a72db03f77b132bc080a590d9464d6378167f6b5da231f070528f8699c4a02bc,7dbf785b092f897f47745f622ec984d139dfa1ae0b8fd4daaec6e0814370124d
audio_sdk/src/AudioScript/AudioScript/SoundScape.cpp,audio_sdk/src/AudioScript/AudioScript/SoundScape.cpp,normal/shared source,text-identical (encoding/EOL differs),15392,14857,,,,1341402519,58233e7f3c7964ccd80860167ab240e2f3f09419137ee5246a772d2d8b6a77fd,9386f876e50a958489f56d697ae4652e7ff5cd638050477bc178a45385088e5f
audio_sdk/src/AudioScript/AudioScript/SoundScape.h,audio_sdk/src/AudioScript/AudioScript/SoundScape.h,normal/shared source,text-identical (encoding/EOL differs),3519,3363,,,,1341402519,973d422ab15979cce1a428b49cc16e640e4826e12851f5069f2d1c70cabb0f4e,79a8c5b40b5b5f17de1fb3500d2a76718cffebed3fa7ff9c8f7fac093f436468
audio_sdk/src/AudioScript/AudioScript/Theme.cpp,audio_sdk/src/AudioScript/AudioScript/Theme.cpp,normal/shared source,text-identical (encoding/EOL differs),3632,3507,,,,1341402519,3f612534e165c6043cab4f51616246bd7b73760538884759efe754293f9d9994,ffea7a8117ce662758f322a34d7cab5705a69093affd6b54a10d5ca7ca92bef6
audio_sdk/src/AudioScript/AudioScript/Theme.h,audio_sdk/src/AudioScript/AudioScript/Theme.h,normal/shared source,text-identical (encoding/EOL differs),1484,1429,,,,1341402519,d8e35160c9b1b9214b4c0b94a6fdc3572ca79b45f97fa708effcfffa3fbc4d85,e91bfff93bd0f8f7330034baffe37ea81a45ecbba70ff6169f039e8c9cabb5b9
audio_sdk/src/AudioScript/AudioScript/Token.cpp,audio_sdk/src/AudioScript/AudioScript/Token.cpp,normal/shared source,text-identical (encoding/EOL differs),10489,10045,,,,1341402519,8e8b5cb7f54d85c1915c82fc1bceaf8999ae54d49dc1bbac0a78c2fecbb73637,d00352f5730b30cf9f8eacc70dee7b5e06f1d1566d70b60136cd75c24a14bf5c
audio_sdk/src/AudioScript/AudioScript/Token.h,audio_sdk/src/AudioScript/AudioScript/Token.h,normal/shared source,text-identical (encoding/EOL differs),8795,8477,,,,1341402519,0bf5222041b9fee588e2d2a5ff981a090c14265214955e005c96658687816eb7,06cc386c408bb60b042e2ed0633c74d95bdbaf8b6bc2b8095d4f3c80b57e1c8b
audio_sdk/src/AudioScript/AudioScript/TokenFile.cpp,audio_sdk/src/AudioScript/AudioScript/TokenFile.cpp,normal/shared source,text-identical (encoding/EOL differs),16584,15887,,,,1341402519,4452f1f471b393f08fdfa813c8715936b5e951d2d9cf6cbbc985f2f63c31f62d,f7e797c0ff8541208d908efdc636e7414a05b392444938e923200e7f82b00973
audio_sdk/src/AudioScript/AudioScript/TokenFile.h,audio_sdk/src/AudioScript/AudioScript/TokenFile.h,normal/shared source,text-identical (encoding/EOL differs),3692,3566,,,,1341402519,c86cad7c7645c9935f2dfd3a39925c538b424b6e8ca386239c1f018d369883e5,932824145b8b61b04a0f25496713f98546c954855d01db1b52806db066f82241
audio_sdk/src/AudioScript/AudioScriptFactory.cpp,audio_sdk/src/AudioScript/AudioScriptFactory.cpp,normal/shared source,text-identical (encoding/EOL differs),941,909,,,,1341402517,88f08ad960ababd0e9bf1ef58cab59e559f4399d5866989fec24693fe072f5b2,b69d93e2d2158fd4a34a2d32c6307e2f3891af3d0e1c44dae9d279acbf9bb4e8
audio_sdk/src/AudioScript/Lexer.cpp,audio_sdk/src/AudioScript/Lexer.cpp,normal/shared source,text-identical (encoding/EOL differs),45761,44242,,,,1341402517,0dae5c885ef7f46652b9587968c3e79eca2f27dd3a4ec71942a999c3c61dfbc2,e2476399b843cfaa7cd67f806f4f6b32047aa741a5aeca41ba67d0f0b6b4c3c6
audio_sdk/src/AudioScript/Lexer.h,audio_sdk/src/AudioScript/Lexer.h,normal/shared source,text-identical (encoding/EOL differs),7288,7091,,,,1341402517,156f4e37a13357c29efb7fad3da789d92029f2b74bb8b0442115a25d70541fed,7227fb3f71268569b7b5f00c7809bd5c744f7f0d5118dd871205319a1eeeb0d7
audio_sdk/src/AudioScript/mssccprj.scc,audio_sdk/src/AudioScript/mssccprj.scc,resource/config/other,content-different,219,183,,,,1341402516,2b75b5057574db29fa7933d126522082268ac5edcb74515c438047b177ebdf3e,b0969258754719c2b6d16a50b7a635cc69ae4e706945021234cc1cd6a98e7b04
audio_sdk/src/AudioScript/MusicMgr.cpp,audio_sdk/src/AudioScript/MusicMgr.cpp,normal/shared source,text-identical (encoding/EOL differs),11553,11118,,,,1341402517,595465bdf31a753cc11ee88ebdab32883d49889c1812e084bbb3c15d400918f8,43bf57a9ab81f5d469168644316100d62bd3c1a184526aa48bb1a0604fb54ebd
audio_sdk/src/AudioScript/MusicMgr.h,audio_sdk/src/AudioScript/MusicMgr.h,normal/shared source,text-identical (encoding/EOL differs),2178,2084,,,,1341402517,90a16b312abf3285f0cc477b0d0d0f9c9ae0627241dbabacfefb9c63b7915624,062f8f77a52aea3326a1f90ec5b4c85c9871084e9cebdc226c909b10dccd66e4
audio_sdk/src/AudioScript/Script.cpp,audio_sdk/src/AudioScript/Script.cpp,normal/shared source,text-identical (encoding/EOL differs),9051,8651,,,,1341402517,b717bf5c29871d28566bb29a76155a3d0e66dc4c4cadd52c93bb408e081dae00,c4d03e7329dce4eb140a7ff8af6cb461e9a8d1d861cb39473dd969c0e4fb4bc9
audio_sdk/src/AudioScript/Script.h,audio_sdk/src/AudioScript/Script.h,normal/shared source,text-identical (encoding/EOL differs),1965,1850,,,,1341402517,784a98a72900cb42d833f9a4c2d5d7cfba8a6788ba938c5065ad7a475b13d1f9,8a250fb65202ef6d5369c4a395f9351c4b6fa17cf6db51e2796c1765948e2bf6
audio_sdk/src/AudioScript/SoundMgr.cpp,audio_sdk/src/AudioScript/SoundMgr.cpp,normal/shared source,text-identical (encoding/EOL differs),27423,26571,,,,1341402517,f5718cf674418baa8ae1885dfe14562777a54e3eafa10818fe9e01127cbd215e,e3fa6a02ce069cfc794516244f8b4c10be1665aac9f0cd0f2421a4265f51b2f4
audio_sdk/src/AudioScript/SoundMgr.h,audio_sdk/src/AudioScript/SoundMgr.h,normal/shared source,text-identical (encoding/EOL differs),4912,4749,,,,1341402517,a72db03f77b132bc080a590d9464d6378167f6b5da231f070528f8699c4a02bc,7dbf785b092f897f47745f622ec984d139dfa1ae0b8fd4daaec6e0814370124d
audio_sdk/src/AudioScript/SoundScape.cpp,audio_sdk/src/AudioScript/SoundScape.cpp,normal/shared source,text-identical (encoding/EOL differs),15392,14857,,,,1341402517,58233e7f3c7964ccd80860167ab240e2f3f09419137ee5246a772d2d8b6a77fd,9386f876e50a958489f56d697ae4652e7ff5cd638050477bc178a45385088e5f
audio_sdk/src/AudioScript/SoundScape.h,audio_sdk/src/AudioScript/SoundScape.h,normal/shared source,text-identical (encoding/EOL differs),3519,3363,,,,1341402517,973d422ab15979cce1a428b49cc16e640e4826e12851f5069f2d1c70cabb0f4e,79a8c5b40b5b5f17de1fb3500d2a76718cffebed3fa7ff9c8f7fac093f436468
audio_sdk/src/AudioScript/Theme.cpp,audio_sdk/src/AudioScript/Theme.cpp,normal/shared source,text-identical (encoding/EOL differs),3632,3507,,,,1341402517,3f612534e165c6043cab4f51616246bd7b73760538884759efe754293f9d9994,ffea7a8117ce662758f322a34d7cab5705a69093affd6b54a10d5ca7ca92bef6
audio_sdk/src/AudioScript/Theme.h,audio_sdk/src/AudioScript/Theme.h,normal/shared source,text-identical (encoding/EOL differs),1484,1429,,,,1341402517,d8e35160c9b1b9214b4c0b94a6fdc3572ca79b45f97fa708effcfffa3fbc4d85,e91bfff93bd0f8f7330034baffe37ea81a45ecbba70ff6169f039e8c9cabb5b9
audio_sdk/src/AudioScript/Token.cpp,audio_sdk/src/AudioScript/Token.cpp,normal/shared source,text-identical (encoding/EOL differs),10489,10045,,,,1341402517,8e8b5cb7f54d85c1915c82fc1bceaf8999ae54d49dc1bbac0a78c2fecbb73637,d00352f5730b30cf9f8eacc70dee7b5e06f1d1566d70b60136cd75c24a14bf5c
audio_sdk/src/AudioScript/Token.h,audio_sdk/src/AudioScript/Token.h,normal/shared source,text-identical (encoding/EOL differs),8795,8477,,,,1341402517,0bf5222041b9fee588e2d2a5ff981a090c14265214955e005c96658687816eb7,06cc386c408bb60b042e2ed0633c74d95bdbaf8b6bc2b8095d4f3c80b57e1c8b
audio_sdk/src/AudioScript/TokenFile.cpp,audio_sdk/src/AudioScript/TokenFile.cpp,normal/shared source,text-identical (encoding/EOL differs),16584,15887,,,,1341402518,4452f1f471b393f08fdfa813c8715936b5e951d2d9cf6cbbc985f2f63c31f62d,f7e797c0ff8541208d908efdc636e7414a05b392444938e923200e7f82b00973
audio_sdk/src/AudioScript/TokenFile.h,audio_sdk/src/AudioScript/TokenFile.h,normal/shared source,text-identical (encoding/EOL differs),3692,3566,,,,1341402518,c86cad7c7645c9935f2dfd3a39925c538b424b6e8ca386239c1f018d369883e5,932824145b8b61b04a0f25496713f98546c954855d01db1b52806db066f82241
audio_sdk/src/AudioScriptFactory.cpp,audio_sdk/src/AudioScriptFactory.cpp,normal/shared source,text-identical (encoding/EOL differs),941,909,,,,1341402507,88f08ad960ababd0e9bf1ef58cab59e559f4399d5866989fec24693fe072f5b2,b69d93e2d2158fd4a34a2d32c6307e2f3891af3d0e1c44dae9d279acbf9bb4e8
audio_sdk/src/AudioScriptFactory.h,audio_sdk/src/AudioScriptFactory.h,normal/shared source,text-identical (encoding/EOL differs),806,777,,,,1341402507,ce643850db146d8a826fc02459b1d5d3093d4b504d74a72a83a996e7c587d9eb,8486e1068a939f2b9aaa0e827e470e4fdcac424be827e5a86d2bf88e847de076
audio_sdk/src/IMusic.h,audio_sdk/src/IMusic.h,normal/shared source,text-identical (encoding/EOL differs),3988,3867,,,,1341402507,509f1f53f752dafcddf7e37f3fbd444117ccee57c2de54e3070f61bc5e6ff7d7,c742a237df838d22805f0187aa35a1fddd11984dd40d00009fcaea124724730d
audio_sdk/src/ISound.h,audio_sdk/src/ISound.h,normal/shared source,text-identical (encoding/EOL differs),9146,8883,,,,1341402507,59f6db9c2ab77377debcfbd6dbbe365a4567cfba1d06d922a79081ac56b48f43,d4e8ad4f45672272f276c3f144a5570b0135d7bcdae9c727e7d03af9c2c9a1bd
audio_sdk/src/Lexer.cpp,audio_sdk/src/Lexer.cpp,normal/shared source,text-identical (encoding/EOL differs),45761,44242,,,,1341402507,0dae5c885ef7f46652b9587968c3e79eca2f27dd3a4ec71942a999c3c61dfbc2,e2476399b843cfaa7cd67f806f4f6b32047aa741a5aeca41ba67d0f0b6b4c3c6
audio_sdk/src/Lexer.h,audio_sdk/src/Lexer.h,normal/shared source,text-identical (encoding/EOL differs),7288,7091,,,,1341402507,156f4e37a13357c29efb7fad3da789d92029f2b74bb8b0442115a25d70541fed,7227fb3f71268569b7b5f00c7809bd5c744f7f0d5118dd871205319a1eeeb0d7
audio_sdk/src/mssccprj.scc,audio_sdk/src/mssccprj.scc,resource/config/other,content-different,207,176,,,,1341402507,75d97050dfaeb47419226f08c088dc6bdb3304bd35fb444b1d5fac6d6ca1fd79,b18072d1348407a144a1fa256a9d2f76cc983ac647a66030bfd3cbee46aba089
audio_sdk/src/MusicMgr.cpp,audio_sdk/src/MusicMgr.cpp,normal/shared source,text-identical (encoding/EOL differs),11553,11118,,,,1341402507,595465bdf31a753cc11ee88ebdab32883d49889c1812e084bbb3c15d400918f8,43bf57a9ab81f5d469168644316100d62bd3c1a184526aa48bb1a0604fb54ebd
audio_sdk/src/MusicMgr.h,audio_sdk/src/MusicMgr.h,normal/shared source,text-identical (encoding/EOL differs),2178,2084,,,,1341402507,90a16b312abf3285f0cc477b0d0d0f9c9ae0627241dbabacfefb9c63b7915624,062f8f77a52aea3326a1f90ec5b4c85c9871084e9cebdc226c909b10dccd66e4
audio_sdk/src/Script.cpp,audio_sdk/src/Script.cpp,normal/shared source,text-identical (encoding/EOL differs),9051,8651,,,,1341402507,b717bf5c29871d28566bb29a76155a3d0e66dc4c4cadd52c93bb408e081dae00,c4d03e7329dce4eb140a7ff8af6cb461e9a8d1d861cb39473dd969c0e4fb4bc9
audio_sdk/src/Script.h,audio_sdk/src/Script.h,normal/shared source,text-identical (encoding/EOL differs),1965,1850,,,,1341402507,784a98a72900cb42d833f9a4c2d5d7cfba8a6788ba938c5065ad7a475b13d1f9,8a250fb65202ef6d5369c4a395f9351c4b6fa17cf6db51e2796c1765948e2bf6
audio_sdk/src/SoundMgr.cpp,audio_sdk/src/SoundMgr.cpp,normal/shared source,text-identical (encoding/EOL differs),27423,26571,,,,1341402508,f5718cf674418baa8ae1885dfe14562777a54e3eafa10818fe9e01127cbd215e,e3fa6a02ce069cfc794516244f8b4c10be1665aac9f0cd0f2421a4265f51b2f4
audio_sdk/src/SoundMgr.h,audio_sdk/src/SoundMgr.h,normal/shared source,text-identical (encoding/EOL differs),4912,4749,,,,1341402508,a72db03f77b132bc080a590d9464d6378167f6b5da231f070528f8699c4a02bc,7dbf785b092f897f47745f622ec984d139dfa1ae0b8fd4daaec6e0814370124d
audio_sdk/src/SoundScape.cpp,audio_sdk/src/SoundScape.cpp,normal/shared source,text-identical (encoding/EOL differs),15392,14857,,,,1341402508,58233e7f3c7964ccd80860167ab240e2f3f09419137ee5246a772d2d8b6a77fd,9386f876e50a958489f56d697ae4652e7ff5cd638050477bc178a45385088e5f
audio_sdk/src/SoundScape.h,audio_sdk/src/SoundScape.h,normal/shared source,text-identical (encoding/EOL differs),3519,3363,,,,1341402508,973d422ab15979cce1a428b49cc16e640e4826e12851f5069f2d1c70cabb0f4e,79a8c5b40b5b5f17de1fb3500d2a76718cffebed3fa7ff9c8f7fac093f436468
audio_sdk/src/Theme.cpp,audio_sdk/src/Theme.cpp,normal/shared source,text-identical (encoding/EOL differs),3632,3507,,,,1341402508,3f612534e165c6043cab4f51616246bd7b73760538884759efe754293f9d9994,ffea7a8117ce662758f322a34d7cab5705a69093affd6b54a10d5ca7ca92bef6
audio_sdk/src/Theme.h,audio_sdk/src/Theme.h,normal/shared source,text-identical (encoding/EOL differs),1484,1429,,,,1341402508,d8e35160c9b1b9214b4c0b94a6fdc3572ca79b45f97fa708effcfffa3fbc4d85,e91bfff93bd0f8f7330034baffe37ea81a45ecbba70ff6169f039e8c9cabb5b9
audio_sdk/src/Token.cpp,audio_sdk/src/Token.cpp,normal/shared source,text-identical (encoding/EOL differs),10489,10045,,,,1341402508,8e8b5cb7f54d85c1915c82fc1bceaf8999ae54d49dc1bbac0a78c2fecbb73637,d00352f5730b30cf9f8eacc70dee7b5e06f1d1566d70b60136cd75c24a14bf5c
audio_sdk/src/Token.h,audio_sdk/src/Token.h,normal/shared source,text-identical (encoding/EOL differs),8795,8477,,,,1341402508,0bf5222041b9fee588e2d2a5ff981a090c14265214955e005c96658687816eb7,06cc386c408bb60b042e2ed0633c74d95bdbaf8b6bc2b8095d4f3c80b57e1c8b
audio_sdk/src/TokenFile.cpp,audio_sdk/src/TokenFile.cpp,normal/shared source,text-identical (encoding/EOL differs),16584,15887,,,,1341402508,4452f1f471b393f08fdfa813c8715936b5e951d2d9cf6cbbc985f2f63c31f62d,f7e797c0ff8541208d908efdc636e7414a05b392444938e923200e7f82b00973
audio_sdk/src/TokenFile.h,audio_sdk/src/TokenFile.h,normal/shared source,text-identical (encoding/EOL differs),3692,3566,,,,1341402508,c86cad7c7645c9935f2dfd3a39925c538b424b6e8ca386239c1f018d369883e5,932824145b8b61b04a0f25496713f98546c954855d01db1b52806db066f82241
DataStructure/EODDEF_ModelData.h,DataStructure/EODDEF_ModelData.h,normal/shared source,content-different,4299,4182,2,0,0.988506,1341402520,4007f5d6872d9243ccea5da991d357945173add03917145fc3b23d03b3aba1d4,6beed68de0d33271cc46420ab478877afd22a2a6cd859ce3a78818d2fda8337d
DataStructure/EODEXTDEF_ModelData.h,DataStructure/EODEXTDEF_ModelData.h,normal/shared source,content-different,6908,6581,10,0,0.967105,1341402520,fa33c9b1078e3328100575e24de8cbb66edd6e302de594384502c61ba4e0f7a4,061aa0dfa85b3d7d107913c7f429dec6972a8c2d896994e9f96a6f9a4b00bdc2
DataStructure/FlashControlInterface.h,DataStructure/FlashControlInterface.h,third-party/middleware,text-identical (encoding/EOL differs),2040,1975,,,,1341402520,f91157681f75c9b01df36fd01696826beb0360a8c73357a6262635fa43d4747d,01c1e0a88569b542a40946b87af20b23d1275a7c253cf0b0500c151b9d0bd387
DataStructure/Notice/XNoticeProcess.cpp,DataStructure/Notice/XNoticeProcess.cpp,normal/shared source,content-different,9484,9177,5,5,0.98538,1384269400,1b196f6fa25b8efdab990aff7713617b33238099d6b2a9c046726f8c3cb16961,ec72dd49f5bf7e50a7d67fc19b24cacd53383f6cdbea3282add01bd99f4e4384
DataStructure/Notice/XNoticeProcess.h,DataStructure/Notice/XNoticeProcess.h,normal/shared source,text-identical (encoding/EOL differs),3103,2996,,,,1341402526,f6204d11e9baba643c061297740528b37402517fbafaf631a06d4d7590337d82,77429ee120216a82b456539efda8224baa43e94308075a764485450c204c8335
DataStructure/Notice/XNoticeScript.cpp,DataStructure/Notice/XNoticeScript.cpp,normal/shared source,content-different,4064,3931,2,4,0.984615,1384267141,0aa3133ce6e851eed0d6ca5255fcb849938d20432c6963c7f2127e561f23b4bd,55f1d1bf0cb983d88117390c4cebc44ffa3fe3298ce62dc5dfde615c00e9c3e9
DataStructure/Notice/XNoticeScript.h,DataStructure/Notice/XNoticeScript.h,normal/shared source,text-identical (encoding/EOL differs),1560,1495,,,,1341402527,1fb086163950bb299c5581e915aafdfa272acab5d5c1be956efbea6456955691,e53a475a8265c71e2f2034d74edc522c22ffdaec3c8b78d8e58120e907276e67
DataStructure/XActionTable.h,DataStructure/XActionTable.h,normal/shared source,text-identical (encoding/EOL differs),9878,9613,,,,1341402520,9ed12e7bc27ccf9a321ceb462683129b05283b1333fb134ade9624364478412a,1a371f8b7b1c7dfcd86597ffb53e05bf24eafda2c0e0779e9a615fdace54d8e8
DataStructure/XArea.cpp,DataStructure/XArea.cpp,normal/shared source,content-different,8512,8198,2,2,0.993528,1384267142,8d165346102f9382cedf193ac91999d71168122800f829a095baa6e466e0fb31,59861307a97b475c95d307cb93fe2d3693967127d11b58296f66ba0b263e1c80
DataStructure/XArea.h,DataStructure/XArea.h,normal/shared source,text-identical (encoding/EOL differs),2901,2787,,,,1341402520,d4223e00ab81bc574d8db5c795c649f893c14639e083a26b8c667263f2a68f8f,a8fb328bb52fc75b70a36a9d97de0834b6946bc88250759b5e11450a1cefe476
DataStructure/XAreaManager.cpp,DataStructure/XAreaManager.cpp,normal/shared source,content-different,14595,14059,4,4,0.992395,1384267142,c1e1b161e2b6712f0850c08031e30673b8404c14e0ac2dfab09fabbc51a993ea,cb9f10def1f8bd883892c4ef9c238fc144fa0686360b71609e58281e6c02405b
DataStructure/XAreaManager.h,DataStructure/XAreaManager.h,normal/shared source,text-identical (encoding/EOL differs),2020,1954,,,,1341402520,272a770e4559c6aec779e95a83cf4a70ae4f4447944a3c905234488c16fa6462,33329b852669cc32d78ea7908a504750579d5c963601bcd4852d9a4ec7aeb651
DataStructure/XBattleLog.cpp,DataStructure/XBattleLog.cpp,normal/shared source,content-different,9498,9138,9,9,0.976864,1384266475,cfed6eb2a46884d7384c9339abe8e6b9979ea493ee135b215bb1369fc9e84b3b,48141fcef1e29da8f565698712b529ed474332726ca7af66939c3e07f973ae2d
DataStructure/XBattleLog.h,DataStructure/XBattleLog.h,normal/shared source,content-different,1737,1657,1,1,0.9875,1341402521,6fc4fa3ee2e19b777de846288a9e688e8311c5e1624edae1f6223c004b8f529b,3b4089d3da27badd2bceaa5cb947ffc802c9d24aac859f543d805ea2874f8ab7
DataStructure/XCastleBaseType.h,DataStructure/XCastleBaseType.h,normal/shared source,text-identical (encoding/EOL differs),3333,3129,,,,1341402521,e8e482d9b3b17e27da4893219ff2456df704c0121cf14f9f00f0026fed70cd45,99c39ea9ca0f2afb82d4996ec5ae7c4cd713e9aa210ed4d37af3c297c90a954e
DataStructure/XCastleInfo.cpp,DataStructure/XCastleInfo.cpp,normal/shared source,text-identical (encoding/EOL differs),2714,2622,,,,1341402521,7005007c58e361399d0084824e649d088b80b2d88c5dd3bf2ed1762ecc82ccd8,3ceb4074aaa0abff33ef5bd4856d56f5a78008cbf1b768053f7b6b239966f396
DataStructure/XCastleInfo.h,DataStructure/XCastleInfo.h,normal/shared source,text-identical (encoding/EOL differs),1349,1297,,,,1341402521,7d9a86798a9dbd3e5ce7f9cf81e3cfada62f9a52a9eea22b27a72667ca11b4ab,11542e35e00f31e8679b7cb8da9a1462401482e0f10d834295983d8e2337f833
DataStructure/XCastleManager.cpp,DataStructure/XCastleManager.cpp,normal/shared source,content-different,32432,31203,5,5,0.99628,1341402521,f043f0cea9fc6ff0df81400779b168e829b235fed3688fd67159a1ee9ef12a99,74995a18078aa7fff4b463b085493333c53be15e5ba5139f472cd8036d333de1
DataStructure/XCastleManager.h,DataStructure/XCastleManager.h,normal/shared source,text-identical (encoding/EOL differs),3998,3867,,,,1341402521,e9c49e0e7c688bc23cce74d35e8d66d90b55fa2d384553ae6d02198d8a2b49db,aa88535a281c5fe8f8869114d09a6d27b8276e57a4331076fe6a4cc69ae77071
DataStructure/XCastleScheduler.cpp,DataStructure/XCastleScheduler.cpp,normal/shared source,content-different,30919,29290,2,2,0.998768,1384266475,d824d06440c4b9f21649e49b491cd2ca784c3d74b1afcf7ba60feedb553d7f77,122d97ba60cc6afac319bb004f1f28cca7aaa52f6f8a5a8e5360241c376d7c7d
DataStructure/XCastleScheduler.h,DataStructure/XCastleScheduler.h,normal/shared source,text-identical (encoding/EOL differs),2757,2670,,,,1341402521,3828d700460c0499b613c5fc59f3e17a912e759007d8f38a87db9cffbd640482,306190cdf26b8353a90d7be3be43b5ea4bd81fb767b0f2c20242dde263a8be2f
DataStructure/XCharacterState.cpp,DataStructure/XCharacterState.cpp,normal/shared source,content-different,407194,393230,238,134,0.983402,1394981130,5a563e59a63401939c5cece954eef7e403b738f58f20c6e55e1a8210266713f9,931040567b82644b138b75c0a06fa542ff0af997c0637a01ae5b4bf1c8a9aa7c
DataStructure/XCharacterState.h,DataStructure/XCharacterState.h,normal/shared source,text-identical (encoding/EOL differs),23387,22818,,,,1341402521,60497e3a1f23db6fe2dc3df1c201b7ae4055f99913785ef91f3e05c013fb59d0,332a9b8a2e0adb472d1d82896829288d2d8c798dfd6248e83042cf4ecca32be6
DataStructure/xdummy.cpp,DataStructure/xdummy.cpp,normal/shared source,text-identical (encoding/EOL differs),7170,6855,,,,1341402521,b713388b74ae432002e104e8d1253cb359aa72ef3145999ea2fada14d2237956,0b3f8d7506a062d2d7de4d7989a15d6c08e4b1209dca7f8343fcb0193616373a
DataStructure/xdummy.h,DataStructure/xdummy.h,normal/shared source,text-identical (encoding/EOL differs),1557,1486,,,,1341402521,e079659e250aa974df39c93eab93ace92a78932aa06781f38519d8dd06774bdd,bc7ea2c2f7fe386b69d4e17f9a287773dd92bd10fbeed549d6a8c1e2880f7feb
DataStructure/XFame.cpp,DataStructure/XFame.cpp,normal/shared source,content-different,2038,1923,2,2,0.979167,1384270221,5b07883f5c46650d153ebc89550216a30adb5f665f7d118ece32ca23d16cf8b9,268b645e3a7960dacc357db5002d63be9aaf94a00fe3c8169993b346ed61562b
DataStructure/XFame.h,DataStructure/XFame.h,normal/shared source,text-identical (encoding/EOL differs),734,703,,,,1341402521,739bb0b0dcd9dbb9eb43d1b9bdb27d592281571b5cb47553ef378b9b6f54ba66,15092c23ffa7bb5dcea22abb3dcf4ba7ee20c8b9d3387095b455d20a8bacefbb
DataStructure/XFindFileManager.cpp,DataStructure/XFindFileManager.cpp,normal/shared source,content-different,3790,3652,3,3,0.982249,1341402521,1a7f18db4b6b9a604671aae6fee6de88a6b1ae2df06777a99dca152459c3bb7e,8ddf403bc4fb7a3d5a2c9d8c3a1e548a095c2ffe910fbe6a5c4a32e72d20cf26
DataStructure/XFindFileManager.h,DataStructure/XFindFileManager.h,normal/shared source,text-identical (encoding/EOL differs),1865,1791,,,,1341402522,a55218cad6d3669f6258ff1bf98057e0559a0487afdc278e831e39f074f503e7,46d4f00f059c3fea4b8bb33cbd3c675856ef2f81b268b9d0cf8aa7c4a11a1f4e
DataStructure/XFunctionalObject.cpp,DataStructure/XFunctionalObject.cpp,normal/shared source,content-different,81465,79202,23,23,0.990608,1384267141,04a2a0fa061b3df4f5a09184a9aebb604810d4b07e0d1ab998674a197b4e0668,7b42e4cdddcc0751a2544cdf75e87be72164bc624e0cd1d6c553dfd681eb3e47
DataStructure/XFunctionalObject.h,DataStructure/XFunctionalObject.h,normal/shared source,text-identical (encoding/EOL differs),3326,3220,,,,1341402522,e4aef31381d165d2033f84ae5b8cd8e422295c6106e44f5c82de4966b9ce99b2,9c428750e4aca86cb896080c27bc38963d5e9c4298385a919c902abbb94f335a
DataStructure/XGameItem.cpp,DataStructure/XGameItem.cpp,normal/shared source,content-different,347116,337346,102,101,0.990309,1410639099,7a1b6876cd3ed0b968759106a1772a6f1d6b48e297f396ba145c6cda1f7f55bb,843b868d20e4bb8ea10c0c3a1167caf51ca6cedb6a093c8669c2a13cc6422835
DataStructure/XGameItem.h,DataStructure/XGameItem.h,normal/shared source,content-different,14670,15644,16,33,0.941736,1410640227,6f215939def4baba7a4a4c189bc4640b6fbfaa356b99b915af9d815bb7962c57,0291b6d439acc2ad38f32f11fe048f8fcfa756dff6f24cb5c72ef9db767bb659
DataStructure/XGameItemDefine.h,DataStructure/XGameItemDefine.h,normal/shared source,content-different,31497,30272,2,3,0.998002,1570740664,807653c8f7590b30cacf2049e97d261e7e2de9675b1abc9634a67e613329fb8a,8c1bc57843fd805b817b5049ada50d6ec291f6d3f53d608421fcc627aeeb4766
DataStructure/XHeroActionTable.h,DataStructure/XHeroActionTable.h,normal/shared source,text-identical (encoding/EOL differs),501,476,,,,1341402522,4fc6f5056db6f567de984c70c2388e5e630264f1623e45a6c5857a09b2caf1c2,1678896a9a81a4e892442f6157f259164d4912a49a37d5aa64f9ce839756dcd9
DataStructure/XHeroLocalUser.cpp,DataStructure/XHeroLocalUser.cpp,normal/shared source,content-different,31954,30885,3,3,0.99725,1384266475,3a49caa05ced3d15a6250c0c79d3bada560686db64025c0f6328dfda6ebb9334,fbe55c35bce901cab8d39dd34af51b26c3805c85ba0f3b9fcce0b3db0a2e1abe
DataStructure/XHeroLocalUser.h,DataStructure/XHeroLocalUser.h,normal/shared source,text-identical (encoding/EOL differs),1351,1306,,,,1341402522,6e95375b953c904cda5529f12a533073a16ecbd4865bc370ef97934760068e8a,e3e3593f27fddfc7a6ebad460f0d5089dc39e612ed9e51cda3aa15dbe9aace86
DataStructure/XLifeEventManager.cpp,DataStructure/XLifeEventManager.cpp,normal/shared source,content-different,3862,3688,4,4,0.97351,1384269401,42daa5d52ab825b3db49ca013d6cfbff7c2cb4dc5ee14995afcc6891395f8cd9,6909c266e24e15ddc93808c207310c986f640cf4d7bd3b77ab8ce481b6539e88
DataStructure/XLifeEventManager.h,DataStructure/XLifeEventManager.h,normal/shared source,text-identical (encoding/EOL differs),1922,1844,,,,1341402522,5be8368f3480872a95f20850a60aaaff31a638592e234a5dff14c1ce2a09c67e,9b1c8bd4e3a58213a6e604494540a6302d8b10fea4251bbffe7c573e82ed0309
DataStructure/XLocalUser.cpp,DataStructure/XLocalUser.cpp,normal/shared source,content-different,563291,558562,242,581,0.976044,1384269401,4b35fb250ab0cf4cd9cfabeaad95333aa9c17eae9a102841ff1639bbe42aee07,27bc8441848c6a4403e0efb0020496eaa91e0a6bd9d0ece561e3c5db2cee47ab
DataStructure/XLocalUser.h,DataStructure/XLocalUser.h,normal/shared source,content-different,36971,35921,4,15,0.992575,1384268675,40d0a82b60184d4974c40d01fad57a8f364ef579c41c2644ee6def6f8bb57a02,69bd1e5e8dce68cf99fac2da3eed23916f2d1ad8c76bcf837e2eb9906748d3e8
DataStructure/XLocalUser_Battle.cpp,DataStructure/XLocalUser_Battle.cpp,normal/shared source,content-different,455582,454624,541,932,0.939465,1384266475,a3f9b8c7d57e027fa4c30a2153809fd2fd1e05518b7f3b112982199f1e1df1f3,d63e6e99ebab0f7ab931dceb471f4970b7e947bd3442206fee94bc74387e5855
DataStructure/XLocalUser_Training.cpp,DataStructure/XLocalUser_Training.cpp,normal/shared source,content-different,50928,49504,6,5,0.996899,1341402524,f203ef258db3c05ed33f29bd0189eac9e4e4db6f5cf2f6d64e71c173c33203cf,f363647f550b1ef4d325cf2cdb0848f93308bd70ffaad8f225e5b814075e93f2
DataStructure/XLocalUser_VirtualMode.cpp,DataStructure/XLocalUser_VirtualMode.cpp,normal/shared source,content-different,74620,73343,3,17,0.995606,1384266475,603cfd2f8b07db909686d8d419a2300450834428d3520806f202b20cee12e96e,85c0c319a255e4cc9c3ded0c5b72c291f8d7f740fbab6be7537448ab838e12bd
DataStructure/XMatchEventBaseType.h,DataStructure/XMatchEventBaseType.h,normal/shared source,text-identical (encoding/EOL differs),1935,1831,,,,1341402524,68d90a02188c3fdc889ba195a6380da40c3a44e70e83e9f256a6469ad4a1f650,d468de5fc9252f36d4d49b5e770f497862d0051c6dfd2c74c1d468116334f2c8
DataStructure/XMatchEventManager.cpp,DataStructure/XMatchEventManager.cpp,normal/shared source,content-different,25356,24357,7,7,0.993525,1341402524,181f845f75fc973c82020a2d9ddb75abfe002c05aaeb9e1416ac6a8f8c1b9a74,1b06956ba74ef036c71e7ba1ef2bae97b1a4827015071fe45cc37f1f3263f4f8
DataStructure/XMatchEventManager.h,DataStructure/XMatchEventManager.h,normal/shared source,text-identical (encoding/EOL differs),2645,2567,,,,1341402524,3335f198059ad34edcea9db386acf61b74baeff8afc4563a60ec260b813d3e5b,408567d4288a300c1ec7049ebb90221fcbf41d1002b1f81d1d7bf982dcfa21ac
DataStructure/XMessengerFriend.cpp,DataStructure/XMessengerFriend.cpp,normal/shared source,text-identical (encoding/EOL differs),570,547,,,,1341402524,6df74329e2788e4e75644caa20592852885de6e1fd8cb485db5f65b745a918e6,21fa2f907e7a5a279fdad575c96db5a4dd79f45a8cdf7f95539d22f1dc793197
DataStructure/XMessengerFriend.h,DataStructure/XMessengerFriend.h,normal/shared source,text-identical (encoding/EOL differs),703,676,,,,1341402524,75f965f0272152a2b27590d4b27f83c0f0d59c13be812d18d5d94466954d7f7c,689eb2d72def9db811c226443e2e19831db38bc6a33752af4d396dfc9e97d6ad
DataStructure/XMessengerGroup.cpp,DataStructure/XMessengerGroup.cpp,normal/shared source,text-identical (encoding/EOL differs),590,567,,,,1341402524,123fe7dd9f01aa17e09de5fe091b9d32dc0627bcefbd0a601bab1e3ec9fe4085,d055814e433242d2470e52a0a6f863f9dc08eff90f4efee44d1f6734d7fd42a9
DataStructure/XMessengerGroup.h,DataStructure/XMessengerGroup.h,normal/shared source,text-identical (encoding/EOL differs),739,710,,,,1341402524,3696cab4cc6bea677c6929678f2eec781765f5710779577acf8b279e4221fda8,29c0a2ad9b87352a6542963f81568dd67ea66a2d8085009b1d538b1f1d547ce2
DataStructure/XMLPaser.cpp,DataStructure/XMLPaser.cpp,normal/shared source,text-identical (encoding/EOL differs),15813,15092,,,,1341402525,cb0ba17cb7ad53d933d28c84f1caa6330dc2b3db6078c4670f4f2cbb78d607c5,3eebb923c7f5ebddd738e2be166c154207e6c075a1452fef2a13caed4622221a
DataStructure/XMLPaser.h,DataStructure/XMLPaser.h,normal/shared source,content-different,3942,3805,1,0,0.99631,1341402525,39529d626839a6133e59710d269864ea97ec29c48e506a95f26f50ea24d441d8,9d6ae9b50899e275f9c426e04bae243a8861008824dd3b141e2566932566e099
DataStructure/XMob.cpp,DataStructure/XMob.cpp,normal/shared source,content-different,127267,123175,11,11,0.997266,1384269401,279d44aea6d40d8b76014405a96dc3defe3721b92064fd3af6d2539328401d35,b8308cce02f82949a11ab19917b04f3fd59104dc1efa750374b620a6d0d6d72d
DataStructure/XMob.h,DataStructure/XMob.h,normal/shared source,text-identical (encoding/EOL differs),12357,11891,,,,1341402525,4e7cc57ea8ee4b88ebbbf4d4a3f330fccd9f8bf22d5f374b51cca7ed87b89f0f,ab4c79ef5c2badf291016998e9bab6c470d8eebc15713f64543b9ca22fe87241
DataStructure/XModelManager.cpp,DataStructure/XModelManager.cpp,normal/shared source,text-identical (encoding/EOL differs),1905,1835,,,,1341402525,76682c7e749af849dc59f46ed412095de9f3d9055abc53dfb0d5ca14cba5d804,d3f38f9c00e38b8e5e239d61f9c4313e00093757db7dbbbc56da2ed64b1e0977
DataStructure/XModelManager.h,DataStructure/XModelManager.h,normal/shared source,text-identical (encoding/EOL differs),1085,1050,,,,1341402525,2be5e5651669b5222750ebbf0187926c0b1253b968c17934754a551c28f74173,079f78c5d46327815167b1bcb82f99be32b5a73ad3a0a9169a2e09c4241e1422
DataStructure/XNPC.cpp,DataStructure/XNPC.cpp,normal/shared source,content-different,58374,56585,12,12,0.993143,1384270869,e2dfe0cd92d5811cc84643644403f13104bab118d43c295945414162c9ccf429,0cee2112b43700af08776fd61e1c23645565ee2b926df238c0fa0344bc7441a7
DataStructure/XNPC.h,DataStructure/XNPC.h,normal/shared source,content-different,14382,14233,1,5,0.992754,1341402525,7abb8bef96591b0b4ed04c3db3a2cee78172637287802b631edf4bdb3f8a7efd,9289ca765d236607d799c50c40003117b2af4571cc484f112bd6981324b326cb
DataStructure/XPathFinder.cpp,DataStructure/XPathFinder.cpp,normal/shared source,content-different,56093,54574,11,11,0.992382,1384271653,a9d2fcf9e262367f886dc8f601833aef077ce927064b0a3cfb6e6110fc34f30f,c7b8deb55f8085823b34a80c4bead196f54a8b540d1d5c2a522217e27e31ab0b
DataStructure/XPathFinder.h,DataStructure/XPathFinder.h,normal/shared source,content-different,9641,9349,1,1,0.99635,1384266526,47d5abcb22c7c2e2ecd3f73cd7916c470aa08a26ae5601b0904283b2b8b3074b,3b5ed98d96382cbd0cba79a5139d6da1ec3544e160ab638eb9cfb8bd197aeb66
DataStructure/XRegistryDef.h,DataStructure/XRegistryDef.h,normal/shared source,text-identical (encoding/EOL differs),9281,9099,,,,1341402525,acebf4a02b3e7d7a48838992d4e01cd889c9619a63adbdec5cfc36f726bc9532,845aa32f2f139241cf9be02b5c846315f3aaded73d79c798509f6335f0d58301
DataStructure/xseat.cpp,DataStructure/xseat.cpp,normal/shared source,text-identical (encoding/EOL differs),4730,4511,,,,1341402525,6058251777d5f1c5e203a76546731a486b877a24333d7290a6211224a5c625d3,41c19bc4d3ae182327443bb7601ba0c9df127aed1c1d312add925ecde0b94f93
DataStructure/xseat.h,DataStructure/xseat.h,normal/shared source,text-identical (encoding/EOL differs),1229,1176,,,,1341402525,4b0489096f5ce7f9fbbb1d5082b0e6cb9797771aa1d2845612dc0ee9a26eda8d,27bc83039c54c83de681774dd5ce4b37a61625cba41d0ad39fb4c41c9a8ea099
DataStructure/XSetItemInfomation.cpp,DataStructure/XSetItemInfomation.cpp,normal/shared source,content-different,19333,21338,22,84,0.91547,1384267142,451a285018930a4ab37f776d056165180833ee5d7e047bc513278606b7ae426e,00c1b9719d0bef5bb25c51c5477341358351967c93b76ff196a90268b3132ff7
DataStructure/XSetItemInfomation.h,DataStructure/XSetItemInfomation.h,normal/shared source,content-different,3694,3767,1,2,0.987552,1341402525,98c01e967f0df1edd0825916b7ca1974711b0abfa796070e23a114ec69d60421,51efe1bf675a974e438847f44ae3798696eb092e5c5e9f5227155a9536949024
DataStructure/XSkillItem.cpp,DataStructure/XSkillItem.cpp,normal/shared source,content-different,149112,144059,54,54,0.988919,1384269401,871509b591968dfa0bd52afc06cb17ace1d2539cba8b27fc8d77055641408f94,5cab03696627b8f22c1751aeb31af3981f3b4fa78ac6ac1e52bd0b17f9280074
DataStructure/XSkillItem.h,DataStructure/XSkillItem.h,normal/shared source,text-identical (encoding/EOL differs),17019,16396,,,,1341402525,d10c521a6c796056d6a866bae3c29ef8a3436de4d7e4cc20ae3b54d5c04c9027,5a4bd1bb32cb0d1afea6c714eaff22353d362b9ecfadc2b953a5c8ddc73802e8
DataStructure/XSkillMastery.cpp,DataStructure/XSkillMastery.cpp,normal/shared source,content-different,5415,5298,9,9,0.95814,1341402525,b8156294929d134d70df029a9c3ee502467a86a13868b6e0de7793baea186529,bf5428b052c527216c428efcc79fec2961fc2a80496fa3c8c5a2f498978e2986
DataStructure/XSkillMastery.h,DataStructure/XSkillMastery.h,normal/shared source,text-identical (encoding/EOL differs),2294,2202,,,,1341402525,811c4886e8a2c246755a03daf3ec322d1d4a6348953bed95755e1ce230d81ac5,57e34620d709e48a90cace856cef6a5591ae333a902634c7186e27cdab1d1a70
DataStructure/XSR_STRINGHEADER.H,DataStructure/XSR_STRINGHEADER.H,normal/shared source,content-different,258112,259348,0,84,0.988587,1341402526,1ea6190dd34c1f5a3366cdad51a236a235e53afe541cb0ab0ded1e6554aa10d9,553fce92365e8cc95f7db80d00e1ae35ea22f1f6ebc56d53b000d1f2de70bd0e
DataStructure/XStringDataBase.cpp,DataStructure/XStringDataBase.cpp,normal/shared source,text-identical (encoding/EOL differs),6277,6059,,,,1341402526,faddc3587a500f328696395263c1affb979476a6acb20fafbfe7fee8c5652532,2ebe4501cd70e3e3a1b9e858e263f262192f497b24719542cc54b31a27dc6ac7
DataStructure/XStringDataBase.h,DataStructure/XStringDataBase.h,normal/shared source,text-identical (encoding/EOL differs),3024,2893,,,,1341402526,fd4ac6f85379ac1cfb760bbc9add0137c40bffb40737d59eee7a50d605af2a64,524c6186cb1e4f905a912db25955287f070fb9dfd5087d7f285b646f6bf33261
DataStructure/XStringResourceManager.cpp,DataStructure/XStringResourceManager.cpp,normal/shared source,content-different,19633,18542,21,21,0.977918,1384269400,0a44e705718f2e53ee2a9692f5de900e5ed0d7771359cf4d39d3df0391bf27db,4bca940b7a023066d49651ee6f529cf01bbe2c77c4f0d6b7225f663187032854
DataStructure/XStringResourceManager.h,DataStructure/XStringResourceManager.h,normal/shared source,text-identical (encoding/EOL differs),706,673,,,,1341402526,ef80065e989b329efacc6864495a2eca0fed573e7f1f24204ad3cddd3c9b983c,533e835b671998b58ffd145ac5afb22826ce1d20ceb0b64559730dab0d337a29
DataStructure/XTagString.cpp,DataStructure/XTagString.cpp,normal/shared source,content-different,6249,6015,2,2,0.991266,1384268024,e5b8d9e0af638d72eb0b9f1d8c64bdc2fc1674688e7d6485670d3be9e63678bd,02bb752abbe2d14e0fbb561d8207ae355af7ef4d0bb72622f4a28e199b5d1a0d
DataStructure/XTagString.h,DataStructure/XTagString.h,normal/shared source,text-identical (encoding/EOL differs),1659,1596,,,,1341402526,0e52866405db11c94453c4788576ca62dc45796d81f5a02ee37f6dbd3641bf54,1d2f6d04758ab06acf2fbdd46921837e5acc021616e31332f6d0b42057fdd935
DataStructure/XTextureAnimation.cpp,DataStructure/XTextureAnimation.cpp,normal/shared source,content-different,7095,7306,1,21,0.963576,1341402526,3ebc61cb975acd52185bb6f7054160393749141eb2a86d2b02fab1a06af37325,d983a5fdbd6c5837d4238969537405edbba90045113f7330c35e4de1782f1886
DataStructure/XTextureAnimation.h,DataStructure/XTextureAnimation.h,normal/shared source,content-different,4176,4553,2,19,0.920755,1341402526,c880b14dba3632a0c508c6e20ab97f1d0ea7c2cb8554d0baeee639bfcc0bcacb,eac70bb39e2a6aa2e6ad887dc078dae9cb2c182a67f0bcc482226aa7b0436257
DataStructure/XUser.cpp,DataStructure/XUser.cpp,normal/shared source,content-different,356563,366321,185,513,0.964942,1384270869,85c4d86006cebb029ae20a8709f22cc328b57233122e7c8207a181b3b2405917,e99eacc56d9503ab656933953fac2990125c402df423a214fe697976af209ee6
DataStructure/XUser.h,DataStructure/XUser.h,normal/shared source,content-different,27736,28145,2,52,0.973241,1410622319,cb569fae54030490e23cf6e83bb67133b24be33889ba898e3b845f4cb7e60b87,dfc4c994ed71623f6b392c04c3c41d36b648f5f397a677677e7648917afb60bd
EmperorOfDragons.cpp,EmperorOfDragons.cpp,normal/shared source,content-different,199142,194069,19,42,0.994624,1410623408,6d9d62e14d30c081d87a75e31d5ccfcb27861096331930f6d6d7bd945ea0e1d7,bb27d39c71fcd7700449237132e9f4748696ac2d139f22d74682912130c57581
EmperorOfDragons.dsp,EmperorOfDragons.dsp,resource/config/other,content-different,204702,201560,2,58,0.993038,1341402488,af0d53d843c73de86efb92cc657720b46e596e763a839e153a0b612bbdc65d04,8d088a8cea5b687dbdf13d0b7628b9f92285d7cb89183bc3c942856c1547a4e1
EmperorOfDragons.dsw,EmperorOfDragons.dsw,resource/config/other,content-different,4176,2096,81,4,0.730159,1341402488,781c5653033e2686c1d0b3205573ab8a41d1becc982d94cd1e263930af8e4c07,87fac6df6033ed1f031d55152272c857c198c0caf2960600cd2ae09ea8b33f50
EmperorOfDragons.h,EmperorOfDragons.h,normal/shared source,text-identical (encoding/EOL differs),11608,11286,,,,1341402488,086625e5119f0d494c06b520d98116c83350f42ac122931f87fe22124d19f177,88bc5aff7a2b9b2db8a8657b0279e278422d76a1ee0f80db853638e2eba1c0fa
EmperorOfDragons.ICO,EmperorOfDragons.ICO,resource/config/other,byte-identical,2238,2238,,,,1341402488,0c24aa45382ee1db9329c961ac08ba3973e9d9637b34e86cd4d63f5b9c298ac6,0c24aa45382ee1db9329c961ac08ba3973e9d9637b34e86cd4d63f5b9c298ac6
EmperorOfDragons.mak,EmperorOfDragons.mak,resource/config/other,text-identical (encoding/EOL differs),103750,100839,,,,1341402488,46755a558604a9c4c75627c67539ef5b5a5e46364e46d168bd2d5d78c46ee9a9,2c2605c6b68055e30ed7af3078abcef88ebc77cd344596cba8f210682778ae71
EmperorOfDragons.ncb,EmperorOfDragons.ncb,generated/build artifact,content-different,4604928,9815040,,,,1510681359,8babedd59683f5895a741d7a941b7de19d5fe85fe22c57b2cdec426c141a6f23,04b69a8af9f56b925095522910d5c5625de87b70194f51140c262f57c1121069
EmperorOfDragons.opt,EmperorOfDragons.opt,resource/config/other,content-different,106496,445952,,,,1510681357,71029bdb3ef6d65d084da562c7cb048c7946547b2f65fb5ba0b99a08a306ab51,363245094b3c15fcdccc425a98d9f869b94b2bc8c296293595b849cd610079d0
EmperorOfDragons.plg,EmperorOfDragons.plg,resource/config/other,content-different,17576,259,,,,1510681178,c35766936ce3e5dea90dc02d8cbef116837168adbaab309262c5006eefa08fe3,008bd5193c2b54a83c0198fc487d73959974dfa9efded4c2b1657db6dd48c7f9
EmperorOfDragons.rc,EmperorOfDragons.rc,normal/shared source,text-identical (encoding/EOL differs),36869,35907,,,,1341402488,5addccb758f25be765f3796d84c44e077275109d1629c19fe15474386ab6d726,0d83959a47eb95c813ba5b5be21ecc8578780fdf6887e02d999509e7512d5117
EmperorOfDragons.stc,EmperorOfDragons.stc,resource/config/other,content-different,82,80,,,,1341402488,c52430e8e23ef4478a94d886191d3b96b250bfb8016949e5bc1a0296aea48c23,bb177cabf56e9b7b64b68163d1eb4ab30c1d95c242d997b3b0c0bf0f7d0307f5
EmperorOfDragons.stt,EmperorOfDragons.stt,resource/config/other,content-different,66,63,,,,1341402488,e6a7d6fe2f5814dc3041732e5ec5d08a14829e4745479b372128a120adbc2d88,d01792c5aad27cf8ca74fb2cceb602ae211318c63c055a332ca36259d1eb6805
Filtering/XFileEx.cpp,Filtering/XFileEx.cpp,shared engine/internal library,text-identical (encoding/EOL differs),2116,2030,,,,1341402527,7596645142867afbcd9d2e628a8dea2b0bcb9f47c269f83198bd78b6c6596f35,893444744ef3cd05e6dc88c16cdb41097731a00b52152b88a8ec526a5f533205
Filtering/XFileEx.h,Filtering/XFileEx.h,shared engine/internal library,text-identical (encoding/EOL differs),8012,7734,,,,1341402527,686b579a1e2411af583097c2b15ec104074d8a956a6c5b2ec8fa6b438799e4ce,1b38f49b3ce237d5fef2057c0fc32bd68fe545a7a7dd968e0043f11571a582b0
Filtering/XWordFilteringList.cpp,Filtering/XWordFilteringList.cpp,shared engine/internal library,text-identical (encoding/EOL differs),6569,6263,,,,1341402527,52dec784f06e80305bd2ddd0762561775fe56eb2347a6d08ce725a4a38cb7045,b964c3bf8bcefc6988cfd97deb5790ae903e9b1e84f6c273f1529ff52e65d803
Filtering/XWordFilteringList.h,Filtering/XWordFilteringList.h,shared engine/internal library,text-identical (encoding/EOL differs),912,865,,,,1341402527,da43005a7521ac8d2b3557485d5b32aefa88fbc51b8d068994173b1984b449b9,749e06f768524f0febb8ce94e348547d6836919785c572719d7202a0674fdf0b
Filtering/XWordFilteringManager.cpp,Filtering/XWordFilteringManager.cpp,shared engine/internal library,content-different,16266,20721,11,245,0.843902,1384270868,d2dbaf4f667866269bc6e4c0a4a7c5bd9fbd34a21ebade66135d81677e51cbe1,052eedcac804397e1d4266f3ed5f0bbb36ca276f4f45d8878aa9b6f4ee1e44eb
Filtering/XWordFilteringManager.h,Filtering/XWordFilteringManager.h,shared engine/internal library,content-different,1149,1144,0,1,0.992,1341402527,886c245d9c71e27ca0b8b31d17a8b2f038bd962ccd0b84f553b6ab0b99ff3d89,689f2fce7d9a35c2fe2011c4c799eb5c2ab13c164e9e91d0d5876bf45a1ec3d1
Library/KR/NexonADBalloonLib_RD.lib,Library/KR/NexonADBalloonLib_RD.lib,third-party/middleware,content-different,324530,128780,,,,1570747993,f0bcea47a8caee3b16bf65076447de93ec0d2ea6e5984e48711cb2477bda0fab,1ec3b7c3a066e86f1a190f1b115dcc4602fc2ed7ed3656882b8e7a3d9664d938
Library/KR/XGamebase_GM.lib,Library/KR/XGamebase_GM.lib,third-party/middleware,content-different,1704824,1861910,,,,1510680751,950d92e63c1248e6566b600f735a224e325c38a9ae272d4cf03c9e2c4026c98b,eb471adc3b1a115b3399d73e4a96a466143f0947f1bb28fb0cd8b4f20ff878d9
MeshControl/vssver.scc,MeshControl/vssver.scc,resource/config/other,byte-identical,656,656,,,,1101361570,32120f6883eecf6c7105bd3b1b1a707ed212f0b44f4e8aefdf21510ebfd76cf0,32120f6883eecf6c7105bd3b1b1a707ed212f0b44f4e8aefdf21510ebfd76cf0
MeshControl/X3DKernelDefine.h,MeshControl/X3DKernelDefine.h,normal/shared source,text-identical (encoding/EOL differs),4629,4491,,,,1341402536,1a7f682977a7bd2cd501a7d82541b068833110753623a37146dff08c927576a0,96958c9dd88cb234d170dbb579310fdcdeb858a7e7abb36b3ca133083c80aceb
MeshControl/XAnimMeshContainer.cpp,MeshControl/XAnimMeshContainer.cpp,normal/shared source,content-different,138869,134177,59,59,0.986801,1384270869,070295cf57b808f5866d3e757c170868f758c273cdbb38c88fa588e472d0b7b9,747757682e6eef281adf9016e212b1383040777b348e747e753fd355f54101a0
MeshControl/XAnimMeshContainer.h,MeshControl/XAnimMeshContainer.h,normal/shared source,text-identical (encoding/EOL differs),9242,9031,,,,1341402536,11eafd5f895e777a6db2630f55bd2fb713843501fae0b4df0279572b9c14e3f7,631cdab97ae2f4691341e6b45eb4da567388d9f759027704e9e49e2f025d17d3
MeshControl/XBipedController.cpp,MeshControl/XBipedController.cpp,normal/shared source,content-different,257622,250730,71,61,0.990308,1384270868,d964351d956a5d62c4b4b4fc61dfd595defab379f4166911b6d4c686c1335be7,9986846f2f3d897752382346d8604c546dfcbd2573a2171a66f3632ea334f253
MeshControl/XBipedController.h,MeshControl/XBipedController.h,normal/shared source,content-different,13137,12718,1,1,0.997602,1384267139,e799d8ec6ee50dcf58a659ee4bde657136688140044021f8b2c17c044c55aeca,9d9328ff0f13ef9f271fbaf7291895f16aa9c6ad2613b683165752bb48789d46
MeshControl/XDecalObject.cpp,MeshControl/XDecalObject.cpp,normal/shared source,text-identical (encoding/EOL differs),28639,27737,,,,1341402536,b7b5b7bd3a63b7451bfca016d9fa0d2c923d9556cad2b533662fb04a675b47d3,4d1e9ef1e4a3ae0f20716a4f280d5c48aee3504b5ff99dfdfcc0876916f6d286
MeshControl/XDecalObject.h,MeshControl/XDecalObject.h,normal/shared source,text-identical (encoding/EOL differs),3449,3334,,,,1341402537,5b58f5834232520e1b9bc8cbac253cf2466749790f56b4184b9eb58949ed6d6b,3bf42f092c3ea5dd95d29609aa7d9ef0fe319bac125be2dfb19d221b22508450
MeshControl/XEffect_SwordTrace.cpp,MeshControl/XEffect_SwordTrace.cpp,normal/shared source,content-different,6536,6302,4,4,0.981395,1384269400,55d7b693b51d369efd08f5da12ec46a211eb3cd82ac86d6933c324960258ad2c,c2c8b13dad6b17715ff1f9013e8bfd565a8bd7e89ebbda8fcc374c2c821b9f5c
MeshControl/XEffect_SwordTrace.h,MeshControl/XEffect_SwordTrace.h,normal/shared source,content-different,2265,2171,1,1,0.988764,1384268023,2ddf32b07c7409a2d79680653ec2c17a12a45384ebbd8a39fa0d005124b40511,e94b240d6edb16b3c9959bd1ef640fabef552948213314ed1913c0cb8f8355bd
MeshControl/XEnvironmentManager.cpp,MeshControl/XEnvironmentManager.cpp,normal/shared source,content-different,29785,29055,1,1,0.998626,1384267139,36c0721f3b487d7a19f291e5475b4d0b8b684a717647d424111a23b07e01559a,1eebd80b828d40cbfee507a69dd1d6a729bb956bcc2f0f09828b907bad49750f
MeshControl/XEnvironmentManager.h,MeshControl/XEnvironmentManager.h,normal/shared source,text-identical (encoding/EOL differs),5822,5629,,,,1341402537,b412f22d428bc63b3aa177e59a7ad46bdad0747587e60abd0dc72644501dbd35,500d4a9dd89246b65092a8ab810be2f3fd3905c1652c127673fd8b304683c9be
MeshControl/XGrassManager.cpp,MeshControl/XGrassManager.cpp,normal/shared source,content-different,6428,6183,1,1,0.995902,1384267139,00aa15055d08853d012e4262d6592c39ce03f338ff0fbe1e5a29168a12583519,8ae8fa3f3223598cc6329ee1825c0357f1d3e6202eff32b3e5ccd184b91ac0f6
MeshControl/XGrassManager.h,MeshControl/XGrassManager.h,normal/shared source,text-identical (encoding/EOL differs),1762,1695,,,,1341402537,2d49f6ca6a0460d829857d28f3d0458b860fb20f971c4beb584ad78834e9a509,e83fd5e07d2ab0ce4a1fc990d58e74305bff8c1940a3389ec561496d36130ebf
MeshControl/XKeyframeController.cpp,MeshControl/XKeyframeController.cpp,normal/shared source,content-different,6314,6108,1,1,0.995074,1384268024,fd90d392aa2450349448581e4d3d4a12f6a8e7fc8cc763efc6010be94fb8cae4,a9429aa9a661d382c6557064410da5b84d119959022556e21779e4083308a2a0
MeshControl/XKeyframeController.h,MeshControl/XKeyframeController.h,normal/shared source,text-identical (encoding/EOL differs),2112,2030,,,,1341402537,bf43ba985451106465b830c05fbc81c6804d3cf5c17676bc836b855cb703c04f,8ba4f3b0c321b0f7c84f3287b5b3bf43f12a6b2f9d1f0b89380f9485e1332ad7
MeshControl/XKeyframeController_Load.cpp,MeshControl/XKeyframeController_Load.cpp,normal/shared source,content-different,3791,3648,1,1,0.992857,1384268024,21af72b1307366c13bb3deb7c50b69f81b3f2f9f7fac040f94c410bd319df890,0f28d3f5ad932ee7f009f32e27c2b0e25823dfd98061773c3ea6e5ea0d28ffcc
MeshControl/XKeyframeDescriptor.cpp,MeshControl/XKeyframeDescriptor.cpp,normal/shared source,content-different,2985,2881,1,1,0.990196,1384268024,2fb923da962015badaf8d7fff38843de3a588e165312c421b5644a91f3360afb,d0fd603ef59093a038029c9eb5760dd24890ce5fd0485767aa959a71ba3e0326
MeshControl/XKeyframeDescriptor.h,MeshControl/XKeyframeDescriptor.h,normal/shared source,text-identical (encoding/EOL differs),1410,1360,,,,1341402537,ad5345fa264965ab394b5f7da0166f7b2681e7b272a9cb19d8117401dded6ec1,afb15519deed5015ff8724057cef67274c74f3e115621b657688b08e83b1e5df
MeshControl/XLensFlare.cpp,MeshControl/XLensFlare.cpp,normal/shared source,content-different,7939,7696,3,3,0.986547,1384269400,230ce8e426f59800e34e06b48e2c67ff0b29f75621b3626d2f09d6828b6b4ae1,74e4568bc85065ff7b7f84889d7919647c56eb993412c66fe3937eba5a92b15b
MeshControl/XLensFlare.h,MeshControl/XLensFlare.h,normal/shared source,text-identical (encoding/EOL differs),1755,1670,,,,1341402537,3ee98f907b95e0381d8335844945b74755ef0d70c7d6444924ecfe45ef1d6be9,94f61dc63f12d9f10102aa60ace3baacac1feac8b1e10b246261887dbaafa705
MeshControl/XLodTerrain.cpp,MeshControl/XLodTerrain.cpp,normal/shared source,content-different,188812,182502,45,45,0.992616,1384270869,b40cb0640628b4cbf8f7b6f072be21ca8cf7df1d02a87d6c7a98b54e7440c51f,08141c5aadbceccb5ffc468ae7d88920e72c39cd010958c8096360374a9c9eda
MeshControl/XLodTerrain.h,MeshControl/XLodTerrain.h,normal/shared source,text-identical (encoding/EOL differs),19284,18541,,,,1341402537,311dabf96fe71ee9fc0f78d39e4e3f4abdf358b2dabe5be5011f07942ad65c26,ea5e3bf60034fb99eec89a2521381bf6e0b12297ef63fa9fb062d7518c26f8a0
MeshControl/XLodTerrain_TileQuad.cpp,MeshControl/XLodTerrain_TileQuad.cpp,normal/shared source,content-different,8996,8714,1,1,0.996337,1384269400,22e76cd4925c1e67905696d6943b4c9704d33511061447ab8f2d1df7ea79a59e,56bc02b4a07383c025c238e07d6a8fb2612bae9675adf2763829b10a2ed3ee7a
MeshControl/XLodTerrainDefine.h,MeshControl/XLodTerrainDefine.h,normal/shared source,text-identical (encoding/EOL differs),8268,7741,,,,1341402538,b8c0ee6df26b02672ce3726174258a8525c94c7ffcd82654711b808e4a57232b,042a8192227bdfd29f0ef53f394e94f276cb7b0823792f55b615c879cc0e6e67
MeshControl/XMeshContainer.cpp,MeshControl/XMeshContainer.cpp,normal/shared source,content-different,55505,53578,30,30,0.983416,1384270868,7ab75541b0ec94e779cdf365568a36ed866cdd49351e86683f74bb8f6e7866ef,f72bf33163685037cb79de3488182f405c8a3c55b124e894044022a0dbb02d26
MeshControl/XMeshContainer.h,MeshControl/XMeshContainer.h,normal/shared source,text-identical (encoding/EOL differs),4088,3966,,,,1341402538,fa7bdc4acd53229a115b703c58cb40b11a3394e4dabb424e19cddb5ec902e013,1c227450154099beab2e3208de04b7aacc11a989ffff5514da816d597dfe0204
MeshControl/XObjectManager.cpp,MeshControl/XObjectManager.cpp,normal/shared source,content-different,37070,35602,8,8,0.994402,1384270869,cbfb950c749a8dde512b71c393dc5e1e60bc7cc4027616ac4a9459c80bab07b6,0a32b22d1b3e543487e3b62c99b8fcb19ebc69eb56176b20b71e2931e6700e0f
MeshControl/XObjectManager.h,MeshControl/XObjectManager.h,normal/shared source,content-different,12368,11784,2,2,0.99654,1384268024,4cdf105426d3ace8802f596e99cbc1dec5e67bb44e532245105bcf50d62c39d0,15d394f24f86d0507393fb08ece3c9a8e3d620e8010fac8cb74c27dc53c0f787
MeshControl/XPathObject.cpp,MeshControl/XPathObject.cpp,normal/shared source,content-different,13719,13114,21,21,0.957576,1384269400,d8c4826aae660b6d7eb2ad6c6f17631a9d7f8841e398943c9a88a002d60a7404,8b8f8d4d69805d7b27039c0afc65a5a1ab217da366143229d43d36d2cbdac823
MeshControl/XPathObject.h,MeshControl/XPathObject.h,normal/shared source,text-identical (encoding/EOL differs),2979,2861,,,,1341402538,cf045b23d09c81b7311f92648033d08dcf457a9fefa6e63ba4bba7003f717822,60c80f8ff056aeb0008e47483c5a51cff709edcfa31505a29271349be7b3dbb4
MeshControl/XPostProcessCore.cpp,MeshControl/XPostProcessCore.cpp,normal/shared source,content-different,24855,24145,4,4,0.99431,1384267140,f7575492cacd1c3a340f21147f2098f66f6c7af0f070e3272e84075965056bcc,fdf30806c0391f13b93da75d08bed06416c157d338dd4680d8b0b70dbe8de708
MeshControl/XPostProcessCore.h,MeshControl/XPostProcessCore.h,normal/shared source,text-identical (encoding/EOL differs),5209,5012,,,,1341402538,be6d3a619a47d36552298e8d509119d105047e75542f6118452d15b5242a13ba,43e27515d47da970393b42298b03cbe2cb845cbad9092f5ac106986f047f523d
MeshControl/XRenderStateControl.cpp,MeshControl/XRenderStateControl.cpp,normal/shared source,content-different,90745,89349,52,69,0.977638,1384268024,c7dc56383490e15b4a7f7583f77035d294b76241587ad4b1126e5f3f623c40d7,3792bdfa747b41a0e374319b47143c9712a400ee0ad5f4175bfd017312e9b6fd
MeshControl/XRenderStateControl.h,MeshControl/XRenderStateControl.h,normal/shared source,content-different,670,637,2,0,0.966667,1570747945,ea16ad84a321c7fd5cb34ba14422b27e8fbdfa21b72d0d6621b8f5127dcfa8d3,90a971b8c78747dbb7ef8ace54911d7735f476521bc3b92122a7bb4f9f9a61e4
MeshControl/XShaderWater.cpp,MeshControl/XShaderWater.cpp,normal/shared source,text-identical (encoding/EOL differs),1772,1711,,,,1341402538,9fad4f3eb23a54cd1337c848f3c17f040c7c7ee6dce465a49daba342817bdc3d,67e04062430c258c75e496bce4397b79b7c6b7f41e3f278da07f86e25b41e6f8
MeshControl/XShaderWater.h,MeshControl/XShaderWater.h,normal/shared source,text-identical (encoding/EOL differs),552,527,,,,1341402538,0bf5bb7ac8797a3e80bcfccb39d2c9efa11b523c1b34936e36ee403e09802dd8,57577b5f18d774f91973613a63fd539e1016320a87ea2904cc116ff0be90b382
MeshControl/XShaderWaterNoiseGenerator.cpp,MeshControl/XShaderWaterNoiseGenerator.cpp,normal/shared source,text-identical (encoding/EOL differs),13391,12964,,,,1341402538,9da086b5c44f8018c3dac766316bff1bf44094fedc96569996188fd3d5f67bb7,ae5ca224457052601d7a0c3432089388e9aa106e7ec51b5a7bbeff8b464c3422
MeshControl/XShaderWaterNoiseGenerator.h,MeshControl/XShaderWaterNoiseGenerator.h,normal/shared source,text-identical (encoding/EOL differs),2012,1943,,,,1341402538,0056487562883c077633b1d4dae07b8995f61e954c4298b170447a33aa7baac6,40f2c6c1ad2b85cbf6ffd034654e9787aa8f7db8d896f7574a9935082d7d951b
MeshControl/XShaderWaterParameterHandler.cpp,MeshControl/XShaderWaterParameterHandler.cpp,normal/shared source,text-identical (encoding/EOL differs),4441,4249,,,,1341402538,d60f86c8e709ed990f845bfcf66dadf14554eb69d61bdfeff3e0777ed8e92060,38a8f2b034da8ed79215d9c4fd7f1eabb1e403893d599132305390deeac241c1
MeshControl/XShaderWaterParameterHandler.h,MeshControl/XShaderWaterParameterHandler.h,normal/shared source,text-identical (encoding/EOL differs),2263,2171,,,,1341402539,3d78f270d684beaa551a68b357cb189a4a42802b3d33654055fe4af40d6ba464,e6ff8af81ba3017d023b449b6d97a1478a0dfac66f9f766b8598d958b1f9561b
MeshControl/XShaderWaterSurface.cpp,MeshControl/XShaderWaterSurface.cpp,normal/shared source,text-identical (encoding/EOL differs),26295,25611,,,,1341402539,7fd0ee2098a93ca432af5800a9e5b005b209df550cb542720f667528fbe6214f,d695f0f6ffdf517ec39a31dc6558084419088248cd3f76c63807cb24fed9451a
MeshControl/XShaderWaterSurface.h,MeshControl/XShaderWaterSurface.h,normal/shared source,text-identical (encoding/EOL differs),3390,3275,,,,1341402539,ea760e5b3b919fbd15898cf51c831aec6ecfb06e79eb825a1c8450bf6078da79,b15eff5661f658602f0eb56117afc95d5faf7bc980f78232de2a70c6f7189d7d
MeshControl/XVSAConstants.h,MeshControl/XVSAConstants.h,normal/shared source,text-identical (encoding/EOL differs),1435,1385,,,,1341402539,9668415197ce5cc394a4f013525113a40027749ee0a6137b1d4d5466495f1039,df6df101a5accb2ccfd089fc7be3e6c01e25f91387dda84dbb0cff4f507b3b9f
MeshControl/XWater.cpp,MeshControl/XWater.cpp,normal/shared source,content-different,32726,31579,5,5,0.995595,1384266475,eb7edd77f7a6804ac63b753e00f8feca4ca7ddab3f66774e7df0d3095ff445d3,7660067f82a6d29c2d3077a15d934378b0beea11a3f3132bc7b91a7389717110
MeshControl/XWater.h,MeshControl/XWater.h,normal/shared source,content-different,6095,5851,1,1,0.995868,1384267139,ea5ef056874e98ae66bf2f323cc7398b134155e579f9bf0a7bb62cd4f6ab05a9,ca4a57f50feb95da90ba5cdf2282dbe0862291567ff38b15d95c6a74b9265dc4
mssccprj.scc,mssccprj.scc,resource/config/other,content-different,510,437,,,,1341402488,13116a0e924db7f0184724692ce3c4635ece8f6f3bc4e5b72a9fb2e9b01dd72d,16a322e66448fb35dc393360ce2cb88438afb258765deb3b7272b0a7466ef1cf
Network/Game_packets.h,Network/Game_packets.h,normal/shared source,content-different,14174,13817,0,4,0.99604,1341402539,3ec241d6305353f56a806ce81762921cbe460603b4727922bbca248a2fd33713,24cfecc0477371bddbd86a0dc5f16223b4cc63003dfd586811ad5945f90dba6d
Network/netdefine.h,Network/netdefine.h,normal/shared source,text-identical (encoding/EOL differs),636,614,,,,1341402539,47245e818e536b6bfc989e417d76c7d273c26de9a803cb32acac7d6ca3face3a,b97bd5a26e39155869ce1c18b4c1ace16f86a44a9c5d768afd933dab80ebe1ae
Network/packet_for_battle.h,Network/packet_for_battle.h,normal/shared source,content-different,38585,37265,1,2,0.998937,1341402539,7baab310195d326e71e84021573a47ca5730094d85c12a7c5a5921497fda6388,49246ca209ed85ee8e9e3d6ac299145eacb4a5a5f0720d83f160b577b523bb17
Network/packet_for_boss.h,Network/packet_for_boss.h,normal/shared source,text-identical (encoding/EOL differs),7158,6939,,,,1341402539,e48e6b604d226078392fbfc56f22fac30de947f42d09a7cdfc1e7c8cfc106c6b,ecea5721f05af4292b40730a99d1b3beef0fee52d9e88a369fd6247dba994122
Network/packet_for_cashitem.h,Network/packet_for_cashitem.h,normal/shared source,text-identical (encoding/EOL differs),2289,2205,,,,1341402539,8120d8fa21cc8c02cf5f317335c7b645823548b2facb010ad6caa2b63d867a8e,801503e56ddac81753d2434f422a3363663fee3bde2645167f1c045dbfbfaeb3
Network/packet_for_cb.h,Network/packet_for_cb.h,normal/shared source,content-different,15532,14976,0,1,0.999193,1341402539,b43e2a6d8186be9b6b4c3e3f0489ce9213ea02a0eeaf667169e65a0b0cbe4dd0,66fdce8541f2b8266d4cbc6b9a928c0d5dd48b9ef62adc35e4e9e9e97a8d6d5b
Network/packet_for_collection.h,Network/packet_for_collection.h,normal/shared source,text-identical (encoding/EOL differs),2189,2110,,,,1341402539,465aaeb4e49e9678d4c0bc8eb0b3024a43fa5a5a307850eec2fe6e27f7e9d52c,5d78054879aefcedf0968eda08c632e4620b0d4c1b3481dd7faf17864a7d32d6
Network/packet_for_ctrl_gms.h,Network/packet_for_ctrl_gms.h,normal/shared source,content-different,12627,12505,4,17,0.978417,1341402540,d60df25a91ca245a5f2d9fb4ebf4223c03a70ea2090bafc3367398cd9a730361,7f4c00d0740dedc755522c4d0acb6f941e6a66adfcafa9ac46c7390332960975
Network/packet_for_event.h,Network/packet_for_event.h,normal/shared source,content-different,7950,7919,0,8,0.984848,1341402540,fa39f1cfc8c2a3bd959300a7b007a8dcc07f60eef5d32b80dcb725d7b2c0e1ed,b4a2a961fef7b53684be5785093f71532be8962e4750b41c4584fd4050de71c8
Network/packet_for_items_trade.h,Network/packet_for_items_trade.h,normal/shared source,content-different,51504,50038,1,1,0.99932,1341402540,b1a1dd60d91d146246e06e8375b8d47ce14243da1d9e47a581b36568e0034bb1,56678ff7ac71abfd5e0170d9d965a77d78989276d5ddb03ef867be92f4656a05
Network/packet_for_level.h,Network/packet_for_level.h,normal/shared source,text-identical (encoding/EOL differs),1970,1885,,,,1341402540,4b8202978c685d0ac5b8e0db9d149f32b8a4b67d87522ea99eba226bf1f92bf3,89da5963a9feef96dc96e94ee78189263c5b83140011653b71ded26934ec606b
Network/packet_for_lobby.h,Network/packet_for_lobby.h,normal/shared source,text-identical (encoding/EOL differs),8854,8571,,,,1341402540,d7b8aee3597dfc56030ee9b6cdc1345036b665984889bb957dd6c52629f6cb1b,2d51d437df06067ff1ce89f87641055326449fcccb6a75a512065d5c6b7ee591
Network/packet_for_login.h,Network/packet_for_login.h,normal/shared source,text-identical (encoding/EOL differs),7788,7509,,,,1341402540,151d00a1d300b00e1873351fafe16aab945eec473b1221d78dfbc4897c7d773c,da307b23cb77f6847ce60cca9c396a9e1de907012a7201ece2fce09ef0900299
Network/packet_for_match.h,Network/packet_for_match.h,normal/shared source,text-identical (encoding/EOL differs),21215,20466,,,,1341402540,cc414b1ad89a1f512e486c4100fef1ef400b55da5881b3538b3e031375c928ef,f6b056f7e4fdfc22f46495814abf003342febcc3bcc4fe174b27565b132cffb3
Network/packet_for_messenger.h,Network/packet_for_messenger.h,normal/shared source,content-different,23898,23111,9,4,0.991788,1341402540,ddb07c7607cf3d1a6ce23981014ab545b2c1200e2cb2009649e60b1684c3e12c,87a16ba35a57175e5e2de91cce878a250cc70ca8ddc6df5195581ffd7571e5ab
Network/packet_for_nickname.h,Network/packet_for_nickname.h,normal/shared source,text-identical (encoding/EOL differs),6829,6610,,,,1341402540,4421d6a786121fe4068ed473466d3facb3229ff529165ab420c96c0643fcf018,87c5bd1b60c0fd0e89a5408bb7675ea26b843408d7005499c9320c899071f884
Network/packet_for_organization.h,Network/packet_for_organization.h,normal/shared source,text-identical (encoding/EOL differs),17265,16713,,,,1341402540,e47d12fd838d5c6845f673d7c3c539ad9376a92e6b68a438c5e0c233c99724a0,fa795323282ba2fb9e83e7d101cb122da1d6e96848fe8129fbf1ff39fe3d4ef7
Network/packet_for_party.h,Network/packet_for_party.h,normal/shared source,text-identical (encoding/EOL differs),6354,6163,,,,1341402540,4e20b3688109d4574d62098594c392c8c558d0e0600a3dfc2866077b6f43539d,d757c5f0f3837764f670a9b3f8d891e99f4401a660805f8874966f6232ad43ed
Network/packet_for_personalstore.h,Network/packet_for_personalstore.h,normal/shared source,text-identical (encoding/EOL differs),7837,7635,,,,1341402540,7736883f9e2d1edaab43dc65ca187839d45e5a820c5af9e2659e23d6a384e101,b4e4427a2ef9402ff41f7944a02d24a8e61b6d84a069df7a84a910c7c7ac18d1
Network/packet_for_pk.h,Network/packet_for_pk.h,normal/shared source,text-identical (encoding/EOL differs),7186,6889,,,,1341402540,7214073084101750c397fa171956e6288cdf18cfb858c22b732bd56843a0f9a7,3a3cdfd0ebda76db886246eb70bb3a9d9ae4765c5c84f703e8c449e45e7e5a55
Network/packet_for_quest.h,Network/packet_for_quest.h,normal/shared source,content-different,13011,12830,1,7,0.990268,1341402540,18b00fa84e76cb45afc107c02edade1873ad6d8502dec92fad8cacf73681c187,2d39fe73c899010ecddd579acbfc070149c2fc5d4030cb981715c7e3570457e4
Network/packet_for_skill.h,Network/packet_for_skill.h,normal/shared source,text-identical (encoding/EOL differs),12956,12492,,,,1341402541,6a0e3b46e9504f4005b3e286e73f40d219095c152a94dcb0a525a3e83f2220b1,69fd9f3fb38c631663434175e35438039a98ce5300f95d8210cfee3d3180152c
Network/packet_for_svrmove.h,Network/packet_for_svrmove.h,normal/shared source,text-identical (encoding/EOL differs),1806,1735,,,,1341402541,bda5c58e6a575801cfb853bae1e5c1d086567c26f7e8a1fd9fa2917816d8dacb,1205b684d31333fbc6ea39f492e50c8220c30b9ff502878d6b3e9bd2ba5e0852
Network/packet_for_unigrouplobby.h,Network/packet_for_unigrouplobby.h,normal/shared source,text-identical (encoding/EOL differs),4849,4708,,,,1341402541,117ca0a52fe99c636c45fe3dc8c479f7f1a3b1c703b48c87dd41590b85e5af22,b3fca8c966ae976d3b64b499e89cb158aa4311579f52a2bc5db148ace40b0dff
Network/packet_for_xtrap.h,Network/packet_for_xtrap.h,third-party/middleware,text-identical (encoding/EOL differs),1062,1011,,,,1341402541,ff5336f1d3c4dbd011d83c1a6e2be8614aaf5b5e2c5789f3abca66630f93af8c,01d7ef6453ce8a4a3c7fd289738a8059dc585ab1cb18d0aebdb73ddbfa3e7ba2
Network/packet_for_zone_monster.h,Network/packet_for_zone_monster.h,normal/shared source,text-identical (encoding/EOL differs),33520,32221,,,,1341402541,e58858d7071576c2b7f5d36c44dcee8ecee71a188f044d7a8b310d68f9db1cbc,a7962ad7ceb0d04a9ecaa3f7964bf544b388a40955ceb12b17b43dcb15132c3b
Network/Request.cpp,Network/Request.cpp,normal/shared source,text-identical (encoding/EOL differs),13103,12638,,,,1341402541,daf8b40635f82c779a8c527fefa36341700456d8d322b1a874c42867264a5e21,c7ad714694bd1474c90bf34932fab212320508d32ac4eb65c47b0f0e4f1e0603
Network/Request.h,Network/Request.h,normal/shared source,text-identical (encoding/EOL differs),1970,1902,,,,1341402541,f2bc3a13051e03e2c1e62333b17ccae0898aab313b774da908abdb41b197fced,dbef212bb255ed7e0408bbfe4293aef3c1d2aa6467e09da8f7f6df2ec1aebf3f
Network/XMD5.H,Network/XMD5.H,normal/shared source,text-identical (encoding/EOL differs),1649,1598,,,,1341402541,9719d660a01d33ffec9b3cda3bc29c87d1d39c90c426d26131ffe354d4122e06,3349f61542ba04e901000d7833c58ea5fa9a88974ff89e2a5ea38cf6cf4b1c0a
Network/XMD5c.c,Network/XMD5c.c,normal/shared source,text-identical (encoding/EOL differs),10772,10431,,,,1341402541,dd6d3b790187ea8218254ab1a57b00b6350caa0bc603694b2a5300a1eecdae7a,1ca5ea4f7aca0412e4f5ce3d7b75247912d4ecc6409c87adb8c5beb3189f4bf3
Network/XMD5c.cpp,Network/XMD5c.cpp,normal/shared source,content-different,15424,15028,1,7,0.992218,1384267140,be9c07e6342f915ea742f055d4661a2cc60983216a3da03cb9a48ecb36318055,2ae6d4c7adb3a5768b2ac371174d3d0b7078782fc0caef8a77e781b479bd4080
Network/XMD5Global.h,Network/XMD5Global.h,normal/shared source,text-identical (encoding/EOL differs),813,782,,,,1341402541,a7c3b986d6fff204ecedadd5be84952ea7db8819c658fdd0b39f193465d430b0,76f04c4b7b08faa0b69116cf35b63aef453c2373f0c1ced115861e210c50f5b1
Network/XNetwork.cpp,Network/XNetwork.cpp,normal/shared source,content-different,578845,584934,350,799,0.967114,1384270869,53f157f6d4644686e406ee14bd4a45680683b23b7bdb7a91829a3b02300aa2ec,d828a1ffc87f1e14a6cbb0ff4c05f38a63f20749e41a61b2f9ef46a1f88bff3f
Network/XNetwork.h,Network/XNetwork.h,normal/shared source,content-different,38489,37792,4,8,0.993485,1410620536,ba8b2690eff16d3a68fdf7580017357311937dc883821d8b12009f825eb10cbb,0f9f7ccc105892be20c0cdada059fbd8f4752f5d95e215dccc1e5d06e76da13a
Network/XNetwork_Battle.cpp,Network/XNetwork_Battle.cpp,normal/shared source,content-different,240053,235815,66,109,0.987329,1384270869,a97da35ae8011ee9011ffe20a353c640034a4f8ded0e09038550c45736f913f2,c7fa50bf18b67c4a4888c98a76d39c9c3969b2f34d2bb9280b70ad2884e58274
Network/XNetwork_Boss.cpp,Network/XNetwork_Boss.cpp,normal/shared source,content-different,19497,18923,8,8,0.986486,1384268627,2f83589cab83d3f1fc1b471324c7c7dad7af77ba13060401e73674c9e0f57120,32b8c8db6fe3dccc370e7fe057bc7802d57452b5c1ddd9bd8dcc9061de45ee36
Network/XNetwork_cb.cpp,Network/XNetwork_cb.cpp,normal/shared source,content-different,56248,55362,35,45,0.977337,1384266475,d17b54c63dc91d70efdf98e9bc49d814a9ae74ddc1693184ccb81a6d57ebf54f,2ab3a10e3f1aa70101029b08a0832715e20ce3f0c26b714a48615d1ac719ba01
Network/XNetwork_charac_monster.cpp,Network/XNetwork_charac_monster.cpp,normal/shared source,content-different,121601,119419,39,71,0.983974,1384270221,853b7c9be645ef55c1bf39268b53386d9cc581df41c83416fca6a162e9345176,becb3f2571a6bbfc17123b0fc6ed287feb44d78c342b78d8f591c0d915a719fa
Network/XNetwork_Collection.cpp,Network/XNetwork_Collection.cpp,normal/shared source,content-different,15402,14941,4,4,0.99115,1384267142,f91e7960f8b914de91b9e2152922f8b35134f92b457275e1170950b6ba231c14,98ec79be50ff26f4509e3130d1d9eeebc34b6ede5a6294f12662c3f04cbace9e
Network/XNetwork_ctrl_gms.cpp,Network/XNetwork_ctrl_gms.cpp,normal/shared source,content-different,22788,22297,21,21,0.961039,1384267142,4cbbb71c6b9d51c1d0b7721149c3c01ea4a61245f5c5acb32667258ff651d006,31b09a7df0ab4d7ba4cf4693d7f963df2583b72d14e8d03c1e8c82b756f71e3a
Network/XNetwork_item_trade.cpp,Network/XNetwork_item_trade.cpp,normal/shared source,content-different,344422,342592,470,497,0.940076,1410620550,863884de3fd45447b523bc70bd3e1a5187c72adcb51ed0f664bb2ecf67d68d52,1622658a84b87808c72fc924c41b6a69dd3e1a3d9bd50b7416effba7bf4ffdde
Network/XNetwork_Match.cpp,Network/XNetwork_Match.cpp,normal/shared source,content-different,73494,73756,73,93,0.959314,1384270869,234715fd2d7b0ec37ce38aef701304611fdd2e5d322dfdbb56677d96a05bc763,2fd382cd6c3649f805e59ac967f6b20b65ece94fb53f5217710674746e7643ee
Network/XNetwork_Messenger.cpp,Network/XNetwork_Messenger.cpp,normal/shared source,content-different,97722,98650,127,158,0.945972,1384267142,302a9c8085ea34c78ad158553ecd6c71aa907a8431e92d381b09fb956ca457e8,aec377e497b4c014cea6cd6108bb7f6ed0f00a56892db3d589761f45fb44cf86
Network/XNetwork_Nickname.cpp,Network/XNetwork_Nickname.cpp,normal/shared source,content-different,18036,17682,27,27,0.950368,1384270869,e0964b5fc373e24410597bebf5d93cbcf3c004fd6d3b1a871d068ba617ddd379,f7c13bb39f526e053f0aaf230a9ab87d58bd2eadc25e44d6fc52daa772f93efa
Network/XNetwork_Organization.cpp,Network/XNetwork_Organization.cpp,normal/shared source,content-different,36552,36487,61,61,0.935518,1384270221,1f4e119ca17e5d714fb2350bcb557da375c583c3820a421a93faf2d7ab2064f4,156baeca6237426523785bfbaead96584174718cc749528c1f17d3de1b3cee49
Network/XNetwork_Party.cpp,Network/XNetwork_Party.cpp,normal/shared source,content-different,48897,48015,73,75,0.946064,1384270869,34584054ae7e5194865d49795947eed680105a26226c8cac46dee6a8a2ae64ff,7fdd21af63d88bd58ebde595aac855318610fc1670f615d5c8bc6803c93830f5
Network/XNetwork_PersonalStore.cpp,Network/XNetwork_PersonalStore.cpp,normal/shared source,content-different,56525,55529,68,68,0.948328,1384270869,43a2b24459f3726f5402dda522abe995c9aca01b6b88d0715d9722985a0027b5,d0064c0060903788f0e5bfc5b2e7480124e1e648d9ea5f69fe19b2f5b92430d1
Network/XNetwork_PKPenalty.cpp,Network/XNetwork_PKPenalty.cpp,normal/shared source,content-different,23127,22784,6,12,0.986175,1384270221,95bbf42ff122862a36694338200af6c353c5598559a9a847153b2ca528501abe,991526cbc8326cf0facdec2a1995d7000938d814008bd9ecb5c3ee2e944b952f
Network/XNetwork_quest.cpp,Network/XNetwork_quest.cpp,normal/shared source,content-different,135730,133496,140,141,0.960683,1384270869,c36b2db8e1f6d34d1dc3b2d2998651b4c55bc80c53e64d9fa792a97918771501,6092a8953f809055550b21221278d28ea99b561a8d9fa62058cee23655ecb439
Network/XNetwork_UniGroupLobby.cpp,Network/XNetwork_UniGroupLobby.cpp,normal/shared source,text-identical (encoding/EOL differs),9111,8889,,,,1341402543,fda9cf4aa75ff374f752c7a5bbdf9375d15cda8f3be97da9126ef36f662e2db0,f12476c33ae8f2d3afe348b65e81f12a22815edc4e3349e88bdcd0e389b3ff93
Network/XNetwork_XTrap.cpp,Network/XNetwork_XTrap.cpp,third-party/middleware,content-different,2491,2409,1,1,0.99115,1341402543,48d470a40d3cd9e3168eade88aababb23e582d5cafb965f5bbf09388a6811775,90ab3df888514334d09f125650906ac1ca38474de29f76903cdf61f69d1f85ef
Network/XNetworkDefine.h,Network/XNetworkDefine.h,normal/shared source,text-identical (encoding/EOL differs),3276,3180,,,,1341402543,e8ec4d5731a1fc69428af21a57ebe0ba4255af58a4bb7b5d660552d1804481c8,9011c260304492767a3c4d8747fe5be728e11f7a0b82049064808125249bb8f2
NexonADBalloonLib/ADBalloon.cpp,NexonADBalloonLib/ADBalloon.cpp,normal/shared source,text-identical (encoding/EOL differs),27893,26814,,,,1341402543,2295cb6f3dde5a51b2a352fbde48f4b0dc853e000474ead3573f3313a7c03c13,7cc1efbbeda7b2f04183fe7f1f2b32a1c1bcdc803e2fe7b537fcb21b152ef7a8
NexonADBalloonLib/ADBalloon.h,NexonADBalloonLib/ADBalloon.h,normal/shared source,text-identical (encoding/EOL differs),239,224,,,,1341402543,2b9ac7ef6ef7a49ad22ee143efae47fc68cdac9ecd74690116ffaf8026a46662,bdeb03b1d246dcccf8d594f9fb24ce8f4677c6a60b4f5857c9e1bf3c88a4063c
NexonADBalloonLib/BrowserControl.cpp,NexonADBalloonLib/BrowserControl.cpp,normal/shared source,byte-identical,0,0,,,,1341402543,e3b0c44298fc1c149afbf4c8996fb92427ae41e4649b934ca495991b7852b855,e3b0c44298fc1c149afbf4c8996fb92427ae41e4649b934ca495991b7852b855
NexonADBalloonLib/BrowserControl.h,NexonADBalloonLib/BrowserControl.h,normal/shared source,byte-identical,0,0,,,,1341402543,e3b0c44298fc1c149afbf4c8996fb92427ae41e4649b934ca495991b7852b855,e3b0c44298fc1c149afbf4c8996fb92427ae41e4649b934ca495991b7852b855
NexonADBalloonLib/mssccprj.scc,NexonADBalloonLib/mssccprj.scc,resource/config/other,content-different,392,349,,,,1341402543,df246e1d9f174b98203fc794552bf85d534f90c615aa2cf83ad631cd6dd8f40e,02631a0355dbdbc20182a2ebbbc884ef0794ee5a9f3b06bff23aa54b34233a00
NexonADBalloonLib/NexonADBalloonLib.dsp,NexonADBalloonLib/NexonADBalloonLib.dsp,resource/config/other,content-different,4778,4646,1,1,0.992126,1341402543,8a7334735c7ee49c10f496df029712d9b10f052971eaa7cfb13a03c2baf6a03a,1afe8874ce8e6729198b954608ff1bb247dfd2f602eb5850c54c2f5abfa57d75
NexonADBalloonLib/NexonADBalloonLib.dsw,NexonADBalloonLib/NexonADBalloonLib.dsw,resource/config/other,text-identical (encoding/EOL differs),557,528,,,,1341402543,85cb80425c92bebb0a0ca8b001010070ae948b62bb9f8d5a6733c9bfa2ea09b2,5cc8f6e4a3a435b32690e6f854aff4150704f3eceaaa5a71a3aee9b8bd762dc3
NexonADBalloonLib/NexonADBalloonLib.plg,NexonADBalloonLib/NexonADBalloonLib.plg,resource/config/other,content-different,815,961,,,,1341402543,2d397c180270af9e6b34cb69d7e5192e3c6194f502781eef916e57fddcb74bd8,f772994318c605cf84a8add91cf614fc226ce1d368aadc6ed875cce9a56553e7
NMClass/NMCOClientObject.cpp,NMClass/NMCOClientObject.cpp,shared engine/internal library,text-identical (encoding/EOL differs),28633,27368,,,,1341402543,b5c1d0b5f2f939e2370f210d59c1b28a86be7473cbcad333abbca0c06ecb4e28,9569ad5471784c96df2c55b7ed5621f446b44e9584590483412a6d0caf694125
NMClass/NMCOClientObject.h,NMClass/NMCOClientObject.h,shared engine/internal library,text-identical (encoding/EOL differs),13423,12804,,,,1341402543,9e28ddcd6d79d0a7ce084d328b4c7ae61fbcaabe8dbf679ecc4007425a518926,927b7eba4978d31d28dc05badc9251078a3c4a513cedff9b581581fec2d81be3
NMClass/nmcogame.lib,NMClass/nmcogame.lib,shared engine/internal library,byte-identical,3134,3134,,,,1341402544,907775bce51187a37ae6e62737ee4fe67c0a072b7c6849c7f06cf7d2197e4682,907775bce51187a37ae6e62737ee4fe67c0a072b7c6849c7f06cf7d2197e4682
NMClass/NMCOHelpers.cpp,NMClass/NMCOHelpers.cpp,shared engine/internal library,text-identical (encoding/EOL differs),11802,11239,,,,1341402544,802145b7f3e9e3f5cb795447b05b34124f3314671a1797356721daa38bc728df,31f4ff20113838797be464e74eedaae0028dabb96d02b1656aa63ad2d5502d8f
NMClass/NMCOHelpers.h,NMClass/NMCOHelpers.h,shared engine/internal library,text-identical (encoding/EOL differs),5046,4823,,,,1341402544,2c4ef5bbbdf462dd698bb35639a6687d1ecef2767ad1d82a6c2852a3c8ac3319,19d9d736ad73dd21d5fa6d0e56723a37e5df7e33c182b47714eace02eccc9931
NMClass/NMCONew.h,NMClass/NMCONew.h,shared engine/internal library,text-identical (encoding/EOL differs),1922,1856,,,,1341402544,7abf5752b07e7c66b2795c6255633f9b79139f31c66e0ccd89d6844c71153b2a,e2dc55331dbfd372eb15cfe947db613e8fde650d0466fd231653a6a7e4a061d9
NMClass/nmconew.lib,NMClass/nmconew.lib,shared engine/internal library,byte-identical,1944,1944,,,,1341402544,0e46d8ef7cd18b0a4ca30cf1b31112919c2579c22ee3d308105bfe43d9d697f4,0e46d8ef7cd18b0a4ca30cf1b31112919c2579c22ee3d308105bfe43d9d697f4
NMClass/NMCRChatRoom.cpp,NMClass/NMCRChatRoom.cpp,shared engine/internal library,text-identical (encoding/EOL differs),2670,2563,,,,1341402544,c15e4be2b375f20e665b126dbc13fd2ce6967888baa303a756e8ff1e3b5bd78e,d34025e5da389d8713746316a40e3f38f01b1142466e88b4d881e443b5bbedd9
NMClass/NMCRChatRoom.h,NMClass/NMCRChatRoom.h,shared engine/internal library,text-identical (encoding/EOL differs),1189,1153,,,,1341402544,70245afe3ddff9be29fe2f76c54a09831a70be188a5203b4f6465095264ae5ee,06877bb049ae8d0e410a7e6387b4b84c5f02cb56ab0500a303234eb7a8184509
NMClass/NMCSChatSession.cpp,NMClass/NMCSChatSession.cpp,shared engine/internal library,text-identical (encoding/EOL differs),439,419,,,,1341402544,496e30d00447e74e4bc8cc70762e08b0987b28783825098a51af93312be4de75,14eb1740e7b6e1f4e078b740af074085e4069b8537d092f06655b58657e52d7e
NMClass/NMCSChatSession.h,NMClass/NMCSChatSession.h,shared engine/internal library,text-identical (encoding/EOL differs),481,462,,,,1341402544,0d21cb0f8d92abeeb26e91d686e76e2bbef3180033656c77b0747cb053d1544a,14b3d4355ef94b57b4b9348e9cc122a6b5d9a823409672e1e10d36b963afc232
NMClass/NMDataObject.cpp,NMClass/NMDataObject.cpp,shared engine/internal library,text-identical (encoding/EOL differs),74600,72051,,,,1341402544,c00511fe715841211d37156944fef4ba2196b6ea4ad67fadbb68a13b032dd470,0decccf5b342eef33fcb2af03afe84fd77f38effc9624d4c1ded76293c5797bc
NMClass/NMDataObject.h,NMClass/NMDataObject.h,shared engine/internal library,text-identical (encoding/EOL differs),58254,56148,,,,1341402544,6573b3e678ce1967c607b9fa6829975f6360ba17f1cdedeb8ffcd0e3f1df5acf,e993a6eb27ab7663f58a8dba3370fc281423bb838a1f99a26a77f3f7cd83c3c8
NMClass/NMEventHandler.cpp,NMClass/NMEventHandler.cpp,shared engine/internal library,text-identical (encoding/EOL differs),17833,17599,,,,1341402544,7c6aaf87c914e6187f50398302750f00ab4559d6902efd61ddcf7a1be8b6ba4a,445c233b7d4ab6f1357cfac7fd932a7cbd3b76d7e003e433cae433bdca10d19c
NMClass/NMEventHandler.h,NMClass/NMEventHandler.h,shared engine/internal library,text-identical (encoding/EOL differs),8755,8598,,,,1341402544,9f4c98a86b0d9590c3bbfad94cf564428e0ec35966ccb5cc30a866948f41ddd6,17b68e403e464b9ccf3501416e367932a81f014a7140e335e210f691e89aad07
NMClass/NMEventObject.cpp,NMClass/NMEventObject.cpp,shared engine/internal library,text-identical (encoding/EOL differs),51500,49592,,,,1341402544,3bf190dfccaf084902a064df06e73a60eb4158573c20af34ec5db6cf2fd2dc03,d1a4c117d2785ed202b828bf34b6a39d29b9a47ccb2426facd40f5f77590cd12
NMClass/NMEventObject.h,NMClass/NMEventObject.h,shared engine/internal library,text-identical (encoding/EOL differs),30779,29469,,,,1341402545,1b06c87561649a8efdb1910f41c285c7e3e9f27fcdeed9a37dbccd48b4d58704,90aec2cd178c9d45dd3bed31c19b2ee5fc5292630672cfc6f59dd2e2a3bdf5e7
NMClass/NMFDSFileDownloadSession.cpp,NMClass/NMFDSFileDownloadSession.cpp,shared engine/internal library,text-identical (encoding/EOL differs),1736,1667,,,,1341402545,ba2e46923ff6bcfec76553c341d4b0b92498b96d6b5818c5cec11fe523e7d645,c56f817eb4d4a22f253a9711e5a7cdec190dad0adac013b812de177a4778a8ed
NMClass/NMFDSFileDownloadSession.h,NMClass/NMFDSFileDownloadSession.h,shared engine/internal library,text-identical (encoding/EOL differs),762,737,,,,1341402545,705ae7d0759c5efcdfb80ad2a1aae6c048cc7835941746c47429fdaadf8e9260,8b433484e424c40ccbc47e1f11f9bc3bde4ad099a39513d99da8d8f1b6bf456c
NMClass/NMFiles.cpp,NMClass/NMFiles.cpp,shared engine/internal library,text-identical (encoding/EOL differs),609,580,,,,1341402545,53c2175bd9373cb5332808def1021c2fdaaedee7002577239c31f84a899b6edf,dd9d58ddbe91b994aba1529fbac63e4ac331fe827b6cd84ee4c91fef5d655c77
NMClass/NMFunctionObject.cpp,NMClass/NMFunctionObject.cpp,shared engine/internal library,text-identical (encoding/EOL differs),161177,154838,,,,1341402545,532853e572b21c57edcfd27c6fc415896d7635ababd8ddeec2cd1217ae08a0d6,5d88d1a091fcde928f91434dab2268d4140173449eaf431cdeabab220d7662a5
NMClass/NMFunctionObject.h,NMClass/NMFunctionObject.h,shared engine/internal library,text-identical (encoding/EOL differs),68921,65628,,,,1341402545,c4d21235ca7770e460ec470ed9b5bb059962227994607e98caf71f45f8e16de7,f96ad4a695c9912870035fc0390293f07e8cca3ac1d51e6a2279f7ac8d834ac0
NMClass/NMFUSFileUploadSession.cpp,NMClass/NMFUSFileUploadSession.cpp,shared engine/internal library,text-identical (encoding/EOL differs),1468,1413,,,,1341402545,7671ab4c6e7a9665150609796cd246da3f664c4f22cf1eb49351ec43bc67c0a9,28a9b4203b4a700bd7e3da8835d9cc26b7b8814ef629f83a559dd1b328884ab8
NMClass/NMFUSFileUploadSession.h,NMClass/NMFUSFileUploadSession.h,shared engine/internal library,text-identical (encoding/EOL differs),710,687,,,,1341402545,41cf650c9e98d2b1b565c3d9e4f7e597fb27e44ac820d22b2dc678bb2b47fb23,115fb7d8b4e337b47794ebb327ea6dbf4995a051a867f9ddb3cdaf99a1b7353d
NMClass/NMGeneral.h,NMClass/NMGeneral.h,shared engine/internal library,text-identical (encoding/EOL differs),1371,1314,,,,1341402545,712d8697c0aa38e2ac533b938456ae550c95ae1a22fb4dfcc9d4b74c1a2bc6ee,e648bc4a469982a27b80d9b2f6a776378a466b311db7a0b1ad471474b426a80b
NMClass/NMGSGeneralSession.cpp,NMClass/NMGSGeneralSession.cpp,shared engine/internal library,text-identical (encoding/EOL differs),5865,5610,,,,1341402545,c837346538135c40d77f9f9cc1d8d4c3024d3d7ba4456bde1160078153799587,73c21e1bb01254e7d929c492f3c155a3022e54d5bea829676e8fe53dfeb107f4
NMClass/NMGSGeneralSession.h,NMClass/NMGSGeneralSession.h,shared engine/internal library,text-identical (encoding/EOL differs),1561,1512,,,,1341402545,5273a671d9d3029eb2541e7a61feefc8be3aabf62fa4ac497f4ccced50e99723,51fe44c703555187211547709cc9e47731cb3e61d33b98fbf48f70649665513d
NMClass/NMManager.cpp,NMClass/NMManager.cpp,shared engine/internal library,text-identical (encoding/EOL differs),4856,4658,,,,1341402545,14e1cba4c6c37088bca5da51119a53d9dee9fd97d24eb8f518a6dbb07afaa980,c06973c80558006d97dd54b55884d9d1d7026d226698d4a88f60f0bf8aa76bec
NMClass/NMManager.h,NMClass/NMManager.h,shared engine/internal library,text-identical (encoding/EOL differs),2083,2003,,,,1341402545,9ac323e038bdbe750cba433b65350a477bafeaac7043f8e69cb7347eba0ceb60,50b99315dee8d081df72767514536859e12cdc3380bf664753209903692319e7
NMClass/NMPCH.h,NMClass/NMPCH.h,shared engine/internal library,text-identical (encoding/EOL differs),1100,1044,,,,1341402545,2192374d7bdd45127b112624a4b61d0126951ed48790450ba95276a59b63022b,d73766f0533b913f9acf54c80cfd5e437beeec4d06edf032583ae72493fd826d
NMClass/NMPCH2.h,NMClass/NMPCH2.h,shared engine/internal library,text-identical (encoding/EOL differs),1013,957,,,,1341402545,69949df288d64ef4c356cd3de44104298a83921fbe30cfdf41b1ca80ab1bf672,daf1ff228d59e60f2bdf713002b4798e833db2c91af20d1c5a362efed9287bdb
NMClass/NMSerializable.cpp,NMClass/NMSerializable.cpp,shared engine/internal library,text-identical (encoding/EOL differs),24587,23651,,,,1341402545,5e4f8dc357eec358d8062c42abc7424409582e20a955a53aa5ac2ae6e320acdf,032b9cc3256d2ccc3d9e54c841be95983ff4a20357274373059b3801b756d88a
NMClass/NMSerializable.h,NMClass/NMSerializable.h,shared engine/internal library,text-identical (encoding/EOL differs),8356,8075,,,,1341402546,7e3ac34d479a3436f877219f019f045a3a1a56a221d2a8d0e277c3d822b1ffd6,9e58e432d797a7cca27a6266ed5f1187d9b5bc4f68fa2d2ffdf37ee1bca33b47
NMClass/NMWSWBSession.cpp,NMClass/NMWSWBSession.cpp,shared engine/internal library,text-identical (encoding/EOL differs),692,665,,,,1341402546,cf722ab8f2578afbf3dcd3d64443c60d86f34bc3a14d2b360c59c20ea6968d63,bced125c970ec2affbf8bc023c816077b1e4ce317137ebfe731246c6a3eb32f2
NMClass/NMWSWBSession.h,NMClass/NMWSWBSession.h,shared engine/internal library,text-identical (encoding/EOL differs),518,499,,,,1341402546,e2dc8bfc07343bd4cc94f450185647c86e31905e76b6915c63a032a89a95e732,9ded27b0c9716ba5d1e4d51a5d63edb4af7aa59bf1b3ceee6111c99c77acad69
NMClass/PCH.h,NMClass/PCH.h,shared engine/internal library,text-identical (encoding/EOL differs),176,174,,,,1341402546,56e7df47394f21b78a95d55a793661aa58a73f063bfa4a17c3a19c61bca318b5,3f021a7b6f5e742b11393c1c0974cabe3f2eea3f67dac541226b600f265fed75
res/GameMain.ico,res/GameMain.ico,resource/config/other,byte-identical,13094,13094,,,,1341402551,daf2c511f67fd7ca5c1bd49cb3f179b1c75f8ce4f51b1cbf5b82fbd334e01c3c,daf2c511f67fd7ca5c1bd49cb3f179b1c75f8ce4f51b1cbf5b82fbd334e01c3c
res/NineDragons.ico,res/NineDragons.ico,resource/config/other,byte-identical,3262,3262,,,,1341402551,dc0b0be7efc08182d1a5b30675e08401f2f6efba5f078e16130d7a9514b5a44e,dc0b0be7efc08182d1a5b30675e08401f2f6efba5f078e16130d7a9514b5a44e
res/pause.ico,res/pause.ico,resource/config/other,byte-identical,766,766,,,,1341402551,2edf17fc749cab9952e12a70514618d10273cdaa920adc10eb29f10d7f992327,2edf17fc749cab9952e12a70514618d10273cdaa920adc10eb29f10d7f992327
res/play.ico,res/play.ico,resource/config/other,byte-identical,766,766,,,,1341402551,cfeda2e3b7f686eda7c8c29c8ef5f28d7c211f9884fe591e901bae3673ed6643,cfeda2e3b7f686eda7c8c29c8ef5f28d7c211f9884fe591e901bae3673ed6643
res/stop.ico,res/stop.ico,resource/config/other,byte-identical,766,766,,,,1341402552,4905720bd3b7b9c2f7616905ef6bde723f2168347e4d8cca51170d0932fbe651,4905720bd3b7b9c2f7616905ef6bde723f2168347e4d8cca51170d0932fbe651
resource.h,resource.h,normal/shared source,text-identical (encoding/EOL differs),15724,15371,,,,1341402488,85f9e909b61fb852aa066342c50abd2fcc1c38d79000a8bf9454f7426377967a,b91c8e0028880d923a518e4b6498be40bc3fa0778062b1782dacab6feaed1002
Resource/cur00001.cur,Resource/cur00001.cur,resource/config/other,byte-identical,2238,2238,,,,1341402552,380ac1baf999187cc6561a02d30c546e1facd9e2f03d5f27eea97828a8e145db,380ac1baf999187cc6561a02d30c546e1facd9e2f03d5f27eea97828a8e145db
Resource/cursor1.cur,Resource/cursor1.cur,resource/config/other,byte-identical,2238,2238,,,,1341402552,f02136ef28789b879bdee597a32e6993bc889e780f381c5d57d0df52a596ecfc,f02136ef28789b879bdee597a32e6993bc889e780f381c5d57d0df52a596ecfc
Resource/mp_arrow_diagonal_left.cur,Resource/mp_arrow_diagonal_left.cur,resource/config/other,byte-identical,2238,2238,,,,1341402552,671f7ae7f5c26cae3eb9f8e06b5b99af7be14bb747e6acc3ce9f7815a91ae889,671f7ae7f5c26cae3eb9f8e06b5b99af7be14bb747e6acc3ce9f7815a91ae889
Resource/mp_arrow_diagonal_right.cur,Resource/mp_arrow_diagonal_right.cur,resource/config/other,byte-identical,2238,2238,,,,1341402552,464b0b00625fda91c38fdba2b2f92a756d1f81f20e4c18ad27f160a77d6eaaa8,464b0b00625fda91c38fdba2b2f92a756d1f81f20e4c18ad27f160a77d6eaaa8
Resource/mp_arrow_rightandleft.cur,Resource/mp_arrow_rightandleft.cur,resource/config/other,byte-identical,2238,2238,,,,1341402552,dd5d45e0cef38579ed89ab2b455071e2e203540d5881ead6b6052e193b0dcae9,dd5d45e0cef38579ed89ab2b455071e2e203540d5881ead6b6052e193b0dcae9
Resource/mp_arrow_topandbottom.cur,Resource/mp_arrow_topandbottom.cur,resource/config/other,byte-identical,2238,2238,,,,1341402552,afae2a6711c46dc1bc5f1b290eaf270416492f6bdb3467b43454c4cb005069c4,afae2a6711c46dc1bc5f1b290eaf270416492f6bdb3467b43454c4cb005069c4
Resource/mp_changeview.cur,Resource/mp_changeview.cur,resource/config/other,byte-identical,2238,2238,,,,1341402552,0217000ccb82bf7666d9f4492b7bfcd2422a46c4b4d42a922ddaf3c3686d753d,0217000ccb82bf7666d9f4492b7bfcd2422a46c4b4d42a922ddaf3c3686d753d
Resource/mp_characterselect.cur,Resource/mp_characterselect.cur,resource/config/other,byte-identical,2238,2238,,,,1341402552,63287647d9240ed081b24771f09c52e663b55bc54d8be5e9abfff8d710055dbd,63287647d9240ed081b24771f09c52e663b55bc54d8be5e9abfff8d710055dbd
Resource/mp_chatresizeclick.cur,Resource/mp_chatresizeclick.cur,resource/config/other,byte-identical,2238,2238,,,,1341402552,b0bc3d65a9cabee552a8bfd0a78b18820118df36e815ac9d16fcb9c512ad38ba,b0bc3d65a9cabee552a8bfd0a78b18820118df36e815ac9d16fcb9c512ad38ba
Resource/mp_chatresizeover.cur,Resource/mp_chatresizeover.cur,resource/config/other,byte-identical,2238,2238,,,,1341402553,ccca8e9ff93fa735287932b5e2bf5ababa679c2c1034c374722476248382229a,ccca8e9ff93fa735287932b5e2bf5ababa679c2c1034c374722476248382229a
Resource/mp_choice.cur,Resource/mp_choice.cur,resource/config/other,byte-identical,2238,2238,,,,1341402553,a770ade1c107586d837b992550040b5ff91b3a3ed686f9cdb9d7d797f0d8286d,a770ade1c107586d837b992550040b5ff91b3a3ed686f9cdb9d7d797f0d8286d
Resource/mp_choice_push.cur,Resource/mp_choice_push.cur,resource/config/other,byte-identical,2238,2238,,,,1341402553,b0850566d3f3870e66e93987aee35e4c2d79080940866d4c54419506f42ab22f,b0850566d3f3870e66e93987aee35e4c2d79080940866d4c54419506f42ab22f
Resource/mp_combat.cur,Resource/mp_combat.cur,resource/config/other,byte-identical,2238,2238,,,,1341402553,e225d8952a0a69d1e4bdd607451f38abcd806c7754ce61b06daa618adbe677b5,e225d8952a0a69d1e4bdd607451f38abcd806c7754ce61b06daa618adbe677b5
Resource/mp_combat_push.cur,Resource/mp_combat_push.cur,resource/config/other,byte-identical,2238,2238,,,,1341402553,a6e22b12fc60ac3b713e530b12080a58de092628e4ed7caba8ce4adf9045f4e1,a6e22b12fc60ac3b713e530b12080a58de092628e4ed7caba8ce4adf9045f4e1
Resource/mp_CONVERSATION.cur,Resource/mp_CONVERSATION.cur,resource/config/other,byte-identical,2238,2238,,,,1341402553,3eb25aabfd44daf83835bb68a739266358bd3cf86c54de2ff03c027920e3131a,3eb25aabfd44daf83835bb68a739266358bd3cf86c54de2ff03c027920e3131a
Resource/mp_gatecursor.cur,Resource/mp_gatecursor.cur,resource/config/other,byte-identical,2238,2238,,,,1341402553,c7a15623379cf96c1204175b64ae7f187dec2286f25e921674c61d7cfcfdf081,c7a15623379cf96c1204175b64ae7f187dec2286f25e921674c61d7cfcfdf081
Resource/mp_lpsclick.cur,Resource/mp_lpsclick.cur,resource/config/other,byte-identical,2238,2238,,,,1341402553,ace8790b5918d0c8d2dcdee02d5d5559001872f83ce19c1fa44c93b62776a4e4,ace8790b5918d0c8d2dcdee02d5d5559001872f83ce19c1fa44c93b62776a4e4
Resource/mp_lpsover.cur,Resource/mp_lpsover.cur,resource/config/other,byte-identical,2238,2238,,,,1341402553,80bd561db68cf27eb10da37a697f214cd842fd39e4055540c22aa25d1fcf2b4e,80bd561db68cf27eb10da37a697f214cd842fd39e4055540c22aa25d1fcf2b4e
Resource/mp_mobover.cur,Resource/mp_mobover.cur,resource/config/other,byte-identical,2238,2238,,,,1341402553,e7d69f804d39064a62511520230615682b8057be12d01a4543b17b481d3cfc5d,e7d69f804d39064a62511520230615682b8057be12d01a4543b17b481d3cfc5d
Resource/mp_mobover_click.cur,Resource/mp_mobover_click.cur,resource/config/other,byte-identical,2238,2238,,,,1341402553,fd52829f5825a6130f34a33f7c791371afcc875208f968e8dcd9d66699907f74,fd52829f5825a6130f34a33f7c791371afcc875208f968e8dcd9d66699907f74
Resource/mp_noway.cur,Resource/mp_noway.cur,resource/config/other,byte-identical,2238,2238,,,,1341402553,ea312ee915bde7fa22e251bfa308ca01ac0f4850168216d831b186980b4babca,ea312ee915bde7fa22e251bfa308ca01ac0f4850168216d831b186980b4babca
Resource/mp_peace.cur,Resource/mp_peace.cur,resource/config/other,byte-identical,2238,2238,,,,1341402553,d8ceea837c9d9ec955d23945ad04f618cfe2e92346dbb7824457325a24e3c7a1,d8ceea837c9d9ec955d23945ad04f618cfe2e92346dbb7824457325a24e3c7a1
Resource/mp_peace_push.cur,Resource/mp_peace_push.cur,resource/config/other,byte-identical,2238,2238,,,,1341402553,6a31db205ac16c7875d97451590c8063a4513da539b8362ba77760549adbd4b3,6a31db205ac16c7875d97451590c8063a4513da539b8362ba77760549adbd4b3
Resource/mp_pickup_shut.cur,Resource/mp_pickup_shut.cur,resource/config/other,byte-identical,2238,2238,,,,1341402553,973f7535b3113455906a6eff2ca548e03e2ec10295c4ce781de862c1b1c2e6df,973f7535b3113455906a6eff2ca548e03e2ec10295c4ce781de862c1b1c2e6df
Resource/mp_pickup_spread.cur,Resource/mp_pickup_spread.cur,resource/config/other,byte-identical,2238,2238,,,,1341402553,ab9499eaba2fea04962dccf5ad199d4c15248ab5cadad2bc97dbb05019746569,ab9499eaba2fea04962dccf5ad199d4c15248ab5cadad2bc97dbb05019746569
Resource/mp_screenmove_down.cur,Resource/mp_screenmove_down.cur,resource/config/other,byte-identical,2238,2238,,,,1341402554,fed231cedc237a331308dfd9510efae8634bf273dc625e5eacc40464db6b6efd,fed231cedc237a331308dfd9510efae8634bf273dc625e5eacc40464db6b6efd
Resource/mp_screenmove_downleft.cur,Resource/mp_screenmove_downleft.cur,resource/config/other,byte-identical,2238,2238,,,,1341402554,94be5ed024b6024f963d4b2ac5cecdede8bc8d25cb58fb32c142ae9148c12cbe,94be5ed024b6024f963d4b2ac5cecdede8bc8d25cb58fb32c142ae9148c12cbe
Resource/mp_screenmove_downright.cur,Resource/mp_screenmove_downright.cur,resource/config/other,byte-identical,2238,2238,,,,1341402554,23be52a20035660eb4cf3e0d929f8c2316cf1f707a6513d28314f75e51011c01,23be52a20035660eb4cf3e0d929f8c2316cf1f707a6513d28314f75e51011c01
Resource/mp_screenmove_left.cur,Resource/mp_screenmove_left.cur,resource/config/other,byte-identical,2238,2238,,,,1341402554,62dd7126f4e08cf7740be357c387de130a7085caee737102231742cf0dab7e13,62dd7126f4e08cf7740be357c387de130a7085caee737102231742cf0dab7e13
Resource/mp_screenmove_right.cur,Resource/mp_screenmove_right.cur,resource/config/other,byte-identical,2238,2238,,,,1341402554,acabf97a907ae8e1cd7c6704dd075651dd181b2bc88884b5f0133b01cff79273,acabf97a907ae8e1cd7c6704dd075651dd181b2bc88884b5f0133b01cff79273
Resource/mp_screenmove_up.cur,Resource/mp_screenmove_up.cur,resource/config/other,byte-identical,2238,2238,,,,1341402554,237deda09b9419e871b076f67af9277fc6deba750835f6882321cbb36b104416,237deda09b9419e871b076f67af9277fc6deba750835f6882321cbb36b104416
Resource/mp_screenmove_upleft.cur,Resource/mp_screenmove_upleft.cur,resource/config/other,byte-identical,2238,2238,,,,1341402554,dfb39156bde96167f9dbfeb74fc729fa35ca4ae16eb817bb36f1b536be283cc2,dfb39156bde96167f9dbfeb74fc729fa35ca4ae16eb817bb36f1b536be283cc2
Resource/mp_screenmove_upright.cur,Resource/mp_screenmove_upright.cur,resource/config/other,byte-identical,2238,2238,,,,1341402554,e4547db7cf5257f14f0fa220fdcd7f8d4dd1150b82a736710b819c608943a928,e4547db7cf5257f14f0fa220fdcd7f8d4dd1150b82a736710b819c608943a928
Resource/mp_status.cur,Resource/mp_status.cur,resource/config/other,byte-identical,2238,2238,,,,1341402554,431baa856d92482e304161dc5ccce4d5759d3bb29cbd4e5b21a51c34a8194dd1,431baa856d92482e304161dc5ccce4d5759d3bb29cbd4e5b21a51c34a8194dd1
Resource/mp_statusclick.cur,Resource/mp_statusclick.cur,resource/config/other,byte-identical,2238,2238,,,,1341402554,5a2da13b485d316129aaf7d5958af8c430cbd45cf42ea1f57af9d7cf7d4748b4,5a2da13b485d316129aaf7d5958af8c430cbd45cf42ea1f57af9d7cf7d4748b4
Resource/mp_warpgate.cur,Resource/mp_warpgate.cur,resource/config/other,byte-identical,2238,2238,,,,1341402554,df37d1df2181d7955514b279517926f60a0dda19b33bf11758bfdfed3332448b,df37d1df2181d7955514b279517926f60a0dda19b33bf11758bfdfed3332448b
Resource/reborncl.cur,Resource/reborncl.cur,resource/config/other,byte-identical,2238,2238,,,,1341402554,fb8efb9f10e123e658bed79f6e130e155a29541108cf783ca9609b43848d9a94,fb8efb9f10e123e658bed79f6e130e155a29541108cf783ca9609b43848d9a94
Resource/reborncu.cur,Resource/reborncu.cur,resource/config/other,byte-identical,2238,2238,,,,1341402554,b58b67087b0f336615ca485d024b5dc38d13f89a7861eec8bb85ae52370d9425,b58b67087b0f336615ca485d024b5dc38d13f89a7861eec8bb85ae52370d9425
Resource/SandGlass1.cur,Resource/SandGlass1.cur,resource/config/other,byte-identical,2238,2238,,,,1341402554,b3434b9cb3994b6277b15e8756ba651af8294bc32eb450d6544c3b2441c87255,b3434b9cb3994b6277b15e8756ba651af8294bc32eb450d6544c3b2441c87255
Resource/SandGlass2.cur,Resource/SandGlass2.cur,resource/config/other,byte-identical,2238,2238,,,,1341402555,76c30ab3edd0ffc9c22e071f1802a43e5c3bf4ffea075b9ce85b935f8b10c0f8,76c30ab3edd0ffc9c22e071f1802a43e5c3bf4ffea075b9ce85b935f8b10c0f8
Resource/SandGlass3.cur,Resource/SandGlass3.cur,resource/config/other,byte-identical,2238,2238,,,,1341402555,63e03fc34c5b2561f401455a1697c8b3442fdd8674bbfb98990e9f84d5e40a0e,63e03fc34c5b2561f401455a1697c8b3442fdd8674bbfb98990e9f84d5e40a0e
Resource/SandGlass4.cur,Resource/SandGlass4.cur,resource/config/other,byte-identical,2238,2238,,,,1341402555,c753b1ab407265f392c6e74b03d1cad13688df43d7a58b9a62ee7f93a8e6f422,c753b1ab407265f392c6e74b03d1cad13688df43d7a58b9a62ee7f93a8e6f422
Resource/SandGlass5.cur,Resource/SandGlass5.cur,resource/config/other,byte-identical,2238,2238,,,,1341402555,b95dc5ccc11257a7f463821026b77df6047cc8955ac33c53229a45de7731a0bc,b95dc5ccc11257a7f463821026b77df6047cc8955ac33c53229a45de7731a0bc
Resource/SandGlass6.cur,Resource/SandGlass6.cur,resource/config/other,byte-identical,2238,2238,,,,1341402555,e7ad3b3800897554e61af7ce75d9f089a93a3cc847a9473d27646a7fc0e34174,e7ad3b3800897554e61af7ce75d9f089a93a3cc847a9473d27646a7fc0e34174
Script/XCollectionItem.cpp,Script/XCollectionItem.cpp,normal/shared source,content-different,4997,4827,5,5,0.97191,1384267140,dcc38c651ae5db62f38d63129724846df0e25ad43cf9086d8bfca1b6d65c9b33,b9040b162dcfa0f8541b1550d7dedff5e8fbdee1e8d19d375f1136330087d027
Script/XCollectionItem.h,Script/XCollectionItem.h,normal/shared source,text-identical (encoding/EOL differs),2550,2463,,,,1341402555,643233d507fb1f6832e4427263b4e9535fc8fbf35f83ead23ddb5c855c95d190,98c56bd1468a0fd6d5e20786ffdc58a3b8cd29284492477a98e381b2bc1e85db
Script/XCollectionManager.cpp,Script/XCollectionManager.cpp,normal/shared source,content-different,14735,14457,20,28,0.948936,1410641882,15462dba6fa7aaef99a55d7a1cf9fd9379a0d47b6fbd97f38c16b7617b792cac,70b5cec5ccc0cec30e9f09c35666e0715e56822993ad373e2246bc9cc5aeaa41
Script/XCollectionManager.h,Script/XCollectionManager.h,normal/shared source,text-identical (encoding/EOL differs),1209,1158,,,,1341402555,0e3bfadc7463c59b343f3122ad47dc4345f93096b907b9e6e3aa6500ea7d859e,aa39936f14ecd3add7c191cd1880117e8391dfe871dd51053069c45b507304e6
Script/XFunctionalObjectActionItem.cpp,Script/XFunctionalObjectActionItem.cpp,normal/shared source,content-different,15078,14678,3,4,0.992716,1341402555,1106802954410181774ff36222513d12764928ee1e15934bd0b706d183a560c8,9bf769ed72ac3565643a2b7c352f53c427d62a24a520b8baa5aa86699bab8ab3
Script/XFunctionalObjectActionItem.h,Script/XFunctionalObjectActionItem.h,normal/shared source,text-identical (encoding/EOL differs),2193,2134,,,,1341402555,c98346af2d69fb5e50015a4c661656e9e7903a8fffad820b1598c7559aafd07c,21b1331c9107026a7b88cfe74922636d76d80d4ea7557f07110c1d8c51afa7aa
Script/XFunctionalObjectConditionItem.cpp,Script/XFunctionalObjectConditionItem.cpp,normal/shared source,content-different,15194,14667,5,5,0.990876,1384266475,ea0ef1546add718ffca3d7af5764c16573cde0e4cc304cd06173aadfed5ae13d,b9fcd2e92b07cd9443da53231cdaaae5e9af8aeb68feda19567f5ad74a621f61
Script/XFunctionalObjectConditionItem.h,Script/XFunctionalObjectConditionItem.h,normal/shared source,text-identical (encoding/EOL differs),2249,2190,,,,1341402555,7aa65e8cd2b7075340ea2e21bf27aaa2e3f62dba6b6cbcbbaf6a002ee7b08b0b,b5efec4dac98aa575a829f0cd19c90efe4a8aad223c73cd73bb888a8c3ced52f
Script/XFunctionalObjectScriptDefine.h,Script/XFunctionalObjectScriptDefine.h,normal/shared source,text-identical (encoding/EOL differs),2586,2539,,,,1341402555,ab378d4e40ee677b75ffdb2ffa5a115f0e536ddbf0f0c9d27083f58dbdfd593f,6f3c6c541a5eedc3eedc9e01d92aa47a2ca3992529c3f6bfa7a6bf7c37186afd
Script/XFunctionalObjectTriggerItem.cpp,Script/XFunctionalObjectTriggerItem.cpp,normal/shared source,content-different,7827,7505,3,3,0.990446,1384266475,88fec1a35799b122b51ccfe950ce1a29f2d59f9cbf801df357f5e242053f1177,fdf4829c0284a97fbe5e6947a71b1eb210fec897d98986dc3cc9bfc36a029c31
Script/XFunctionalObjectTriggerItem.h,Script/XFunctionalObjectTriggerItem.h,normal/shared source,text-identical (encoding/EOL differs),1892,1831,,,,1341402556,a31df0bfbef9f9c1ef3f6a7c37cccd5ed61770d24bf65a99a0233b10e5925a52,ed8e6b0a2753b18f03c32816f56e2aa1647f74d7640b6b06eaca4243b471a869
Script/XNPCScript.cpp,Script/XNPCScript.cpp,normal/shared source,content-different,32683,31418,8,8,0.993506,1384270869,bfcc13a0b81e8b02ed7c55908a3af10c92560b1a0e45edb2fce526f1a0be0fe6,41170ab342e09959ac9e0cc424ad042408ad0313710fbdb48754ec6d5aa9f6fc
Script/XNPCScript.h,Script/XNPCScript.h,normal/shared source,text-identical (encoding/EOL differs),4878,4726,,,,1341402556,89b122aaf184a15764ed042f73fc4919137cb8b1e21656568e5b17631317700b,7e405e8e539cf744f22a657d3dec5d4fd726783fb19fae6e739561046a6bc723
Script/XNPCScriptConditionItem.cpp,Script/XNPCScriptConditionItem.cpp,normal/shared source,text-identical (encoding/EOL differs),14600,14049,,,,1341402556,b3a45f1738949d9eaa1e73a18bb6c7bef74944f2f2731ae382f728906d86c4cc,18599c8c2535d52da952afc2898e37d510557d1e9a96b9b77239b7fe112c9d64
Script/XNPCScriptConditionItem.h,Script/XNPCScriptConditionItem.h,normal/shared source,text-identical (encoding/EOL differs),2290,2212,,,,1341402556,585af272938c279389056121be0414bcc526fa620dd3055a26b0c28d121ea6ae,6bda2b476a1aeeba820c1aea2f93419c0ea8d9964a1e90aecbe60b0078f169dc
Script/XQuestScriptBaseType.h,Script/XQuestScriptBaseType.h,normal/shared source,text-identical (encoding/EOL differs),4886,4707,,,,1341402556,0c77026ea6169913fc6de806e1f2365ff329bf3a2e7b213da446babc6f130317,b70421d2fb7d7875e7b161f5342728cbc0e8c2e99f233fd9f3ad5064230071c0
Script/XQuestScriptDefine.h,Script/XQuestScriptDefine.h,normal/shared source,content-different,32857,32615,2,8,0.992,1341402556,6681e25273814f44764929e1f8ecffd065864538a6357c9db715faf3483119f2,066b7715a7a12a4f961b0da5bef21719fea77b5b6f4d3c148c96547e8e67895e
Script/XQuestScriptItem.cpp,Script/XQuestScriptItem.cpp,normal/shared source,content-different,97128,93973,27,27,0.991217,1384270869,39f08999b9453a2bfd722c5b5a10dfd1f3ef2704581b89634039be9b581a8041,a9ea2263d74f1f0ccfc1fd6c8fec38a1a53ca3ed68de9319c83129c12e996cc0
Script/XQuestScriptItem.h,Script/XQuestScriptItem.h,normal/shared source,text-identical (encoding/EOL differs),8634,8349,,,,1341402556,f9f5a3462a402a9b4e6afb0e807369ee516cfc6abc4bcb5e29c109af291031c5,e6ca6313d78ffc9a14107c6f5d3feca1f2d30ba25449dedcb74262f57420d410
Script/XQuestScriptItemGroup.cpp,Script/XQuestScriptItemGroup.cpp,normal/shared source,text-identical (encoding/EOL differs),645,622,,,,1341402556,10a3ef7fc72ad7b2703be4bc1c44470356c817f147034d59f430983619ce301b,046e1461320bd4c34aca833c68638145b77be34318cf553f9f2a99c62007b620
Script/XQuestScriptItemGroup.h,Script/XQuestScriptItemGroup.h,normal/shared source,text-identical (encoding/EOL differs),785,757,,,,1341402556,a671da63af68c76957d43c9251be2c8135ee5cb4795cf72d70f88e3ec85df250,f2af7ca83dcfb9b3907f9e416d6e32ae332373fe15dfef78bca7ca308ffca470
Script/XQuestScriptManager.cpp,Script/XQuestScriptManager.cpp,normal/shared source,content-different,200004,195640,73,73,0.987511,1384270869,f8ab49466fff95e10d17a53cd13febb6044498f7c71efcb114cd979e08529950,7bd16f9239c7b9010d5a5857302912c58bb485fcc867a3f0d94b1ae992507836
Script/XQuestScriptManager.h,Script/XQuestScriptManager.h,normal/shared source,text-identical (encoding/EOL differs),12137,11827,,,,1341402556,7b438c718cc106ad414b3b33d1e7252f7b773f1c540a4aec122e7915effad987,60258081b8a27fb9ae374236ce3ff1c1051030a9085710f6c075af23f34b8382
Script/XResourceItem.cpp,Script/XResourceItem.cpp,normal/shared source,text-identical (encoding/EOL differs),2675,2572,,,,1341402556,200c3f92e9061ac53256aff656c131c66f0cbed061793a1837494408462a976a,b86d075005175c07e2edd86451108ee2ee80f97f35ac5f4e94c74c0f8d8f041e
Script/XResourceItem.h,Script/XResourceItem.h,normal/shared source,text-identical (encoding/EOL differs),1865,1795,,,,1341402556,d87d466cafeaeb22b9e5ebf5a3fb5745af21d9dc4eb406609c92f091a863f8ec,00fce1ea5b40b9412b55dabed11120ec1bfd133a9fdbddf7b7d3e562952d99b5
Script/XResourceManager.cpp,Script/XResourceManager.cpp,normal/shared source,content-different,9763,9650,7,17,0.964179,1410640227,14eea9bf63d71e13fa92ca00791a118f5247a7e6fe7522e4309bf688291200d0,0cd366d7417734a9c4f5738dd70e16ae947413e64840b3e4158fafca394f9419
Script/XResourceManager.h,Script/XResourceManager.h,normal/shared source,text-identical (encoding/EOL differs),987,949,,,,1341402557,f77dc4e284cc54f202a756e020387e2090a824d2b24ff8de8cd320f1c91279c1,05188a3b2b6b7d870440f104981b6de54eb65a2fba1dceb8468b00e847abf547
Script/XTriggerActionItem.cpp,Script/XTriggerActionItem.cpp,normal/shared source,content-different,128667,125494,39,44,0.988512,1384269033,c7898478c4c097a3cbe952e967941e9070f264db2ad556997075dd8ec053d650,ae24270e17e45bd8369565842c7ca948c50d3ae258161da7d35bec67d39249e7
Script/XTriggerActionItem.h,Script/XTriggerActionItem.h,normal/shared source,text-identical (encoding/EOL differs),6217,6025,,,,1341402557,4415088767646ee0e0e13ecfc9fb2ed4aa539796db6fe94c3322c1c08623c458,0f32ff43f9a6746f36e31cea2adf4d5fc904b1bd556ea9c77ae3e30162ab489c
Script/XTriggerConditionItem.cpp,Script/XTriggerConditionItem.cpp,normal/shared source,content-different,193785,191132,71,186,0.97998,1384270869,cee418f648fbf4a22e15d3fa0daaacb6c82ce663d5f8fa4f7a04245f755c1179,83d124b42c3a3e08c63adcd20e185f93496b178115ed911128eb29a7810109cb
Script/XTriggerConditionItem.h,Script/XTriggerConditionItem.h,normal/shared source,content-different,7966,8028,0,4,0.989583,1341402557,db693cb07b52ba1418eb609f132d562385aa42f09e5911e1ce40ef41733d7829,b338e90b941a4e0dd466e2fa156d4771a092ca544038ec3a405ab8ce10870a7d
Script/XTriggerItem.cpp,Script/XTriggerItem.cpp,normal/shared source,content-different,31192,30018,26,26,0.976723,1384268024,d8b10fb6932dd4883bb0634ac9c63c1726ccfcf33d71d4d483f1a0a9e5a1f520,6403d0e48d4b87fbb687d4d22dd1f1101ce823cbb927c52ab047e8e9c3c3d81d
Script/XTriggerItem.h,Script/XTriggerItem.h,normal/shared source,text-identical (encoding/EOL differs),3020,2895,,,,1341402557,1d7ec5eee3f40faa16178260321e45fe487fc0b5acaac8ce6e3c3a8c2c4c7c19,9a01eee02b313a82c4f92e9f515a02e58aa7218394cce6fd90e41d3061d903c7
Script/XTriggerTreeItem.cpp,Script/XTriggerTreeItem.cpp,normal/shared source,text-identical (encoding/EOL differs),3165,3040,,,,1341402557,c0ae6ff46192bbca0a6865a8d17a2230d18ad130b61c81179bb39e356d933be7,b6e66a965f74e94b45d170dbfd4ffa94836796f6cfa0e6c07bb95bb55219f541
Script/XTriggerTreeItem.h,Script/XTriggerTreeItem.h,normal/shared source,text-identical (encoding/EOL differs),1198,1150,,,,1341402557,b8852bd7833ea796509d902639cf7aec1402c5b1c48f8583bb61d622437e9c30,62b8e7757f2fed68e7777c6824519f02de0034bb70b3c35f66311006f7cb359c
SetRegistry/AddServerDlg.cpp,SetRegistry/AddServerDlg.cpp,normal/shared source,text-identical (encoding/EOL differs),3188,3083,,,,1341402557,943b8b199101c454378700285d872bc1463788a51803b04af3617e9e78d1c3d6,886a7643edafe3f3a298e062d8eafebc59aab22428b3bfa986a307be4fffd5f4
SetRegistry/AddServerDlg.h,SetRegistry/AddServerDlg.h,normal/shared source,text-identical (encoding/EOL differs),1484,1431,,,,1341402557,3bb5a220bfe223361824ec06f76a4f697b73c70e7e6fa45257cfc5b66548f44b,9640aee21bd89509e4bcf2136a0d973dcd214f9690ba8548d226cfdae19ae34f
SetRegistry/mssccprj.scc,SetRegistry/mssccprj.scc,resource/config/other,content-different,205,169,,,,1341402558,fb7377833c97f81a63c1995fb3049639c9cb4503f52bab95266b859abcbad32f,675211bbe4ac015130863c43b95b133a1b2a5fa077ab749f90887fd0cccd8491
SetRegistry/NANGReg.cpp,SetRegistry/NANGReg.cpp,normal/shared source,content-different,17595,16795,5,3,0.994638,1394969927,cbc557167510247b2935a6a8b22064ea97e7b664494b81ed2ecc0c046e26686d,99641596eebf653fa7b1f960699094e7c52acb16ddc4c361515ee9d1ac386a66
SetRegistry/NANGReg.h,SetRegistry/NANGReg.h,normal/shared source,text-identical (encoding/EOL differs),3532,3413,,,,1341402557,bcba467329dc1faa26ce35dbc0fd71b5bd33ac7ab321c2b1939d3c89d8f47399,e2605354dabb46bae71967550de69f532ed030a41c59ccae71b976bcb9dd57e3
SetRegistry/ReadMe.txt,SetRegistry/ReadMe.txt,resource/config/other,text-identical (encoding/EOL differs),3669,3581,,,,1341402557,175558f3e4b6f04d7d9d39cac3c78bf94a32a30f3581428e80a1ae32683a975c,6dd2bb13a4f12394124c7357fced9c2334c9e7b76f35346c14072c20840266a6
SetRegistry/RegStringDefine.h,SetRegistry/RegStringDefine.h,normal/shared source,text-identical (encoding/EOL differs),528,515,,,,1341402557,e95fc975e250caa88b485eadcf86fbc5d3f6879123383cf1ea3c6afa62fa5f3e,6fd7dd0550938775d5e3c6bd4728b606a7c98708d1eac822111672d01889493f
SetRegistry/res/SetRegistry.ico,SetRegistry/res/SetRegistry.ico,resource/config/other,byte-identical,3262,3262,,,,1341402558,df5effcffcc8dd66e89f77ed0d999e0f34f6d8c67735434f5b331cbab958de4a,df5effcffcc8dd66e89f77ed0d999e0f34f6d8c67735434f5b331cbab958de4a
SetRegistry/res/SetRegistry.rc2,SetRegistry/res/SetRegistry.rc2,normal/shared source,text-identical (encoding/EOL differs),403,390,,,,1341402558,0362341572eb43dcb11b6097eda921462facc3df23f7f068542999025d518831,3f24cf8070099068b7ae6d96957666ab177835d5132af9b1b23994e149fe319f
SetRegistry/resource.h,SetRegistry/resource.h,normal/shared source,text-identical (encoding/EOL differs),1136,1105,,,,1341402558,8b3a7f74d9232aeadf98cd1e5c243194782c4ce033f064a1b0b22b53fd77988f,57e07c6f2eaeb21568c4667f6d83322547b4b3e19767ce516852434e586195bb
SetRegistry/Server.ini,SetRegistry/Server.ini,resource/config/other,content-different,4,304,1,1,0.0,1394969944,df3f619804a92fdb4057192dc43dd748ea778adc52bc498ce80524c014b81119,c1d4c3ed85282bab268f6e02deea658b3f2b9a5338e58030d83da82e268d22f9
SetRegistry/SetRegistry.cpp,SetRegistry/SetRegistry.cpp,normal/shared source,text-identical (encoding/EOL differs),2134,2060,,,,1341402558,8bae7e99839a3b7a1bc7fea8f1d573aded3fade81a98561445353f129ffab234,4a7162d76d65d4aa6c6afdb46691dc2ae78bdc1c16c6037c9c03cc550e05396f
SetRegistry/SetRegistry.dsp,SetRegistry/SetRegistry.dsp,resource/config/other,text-identical (encoding/EOL differs),5013,4827,,,,1341402558,2eb96f78da6e220e5585a8ae1ed4e963b9c5e91f1fa056f1bebf40a8635f8607,f084e582caef65db232e4e07ec445091d55c932de4f1ab88a11c90eb5882590d
SetRegistry/SetRegistry.h,SetRegistry/SetRegistry.h,normal/shared source,text-identical (encoding/EOL differs),1379,1330,,,,1341402558,2eb04cc05aef68df32d3e5dd35662f5897322469c7890abe08d61fba74464e32,066be2949aebcfe6419efef86b4b50c45fe284232ddc95b6db452d66f5078793
SetRegistry/SetRegistry.rc,SetRegistry/SetRegistry.rc,normal/shared source,text-identical (encoding/EOL differs),6962,6717,,,,1341402558,fd512750c0e54aff7afc42ee02b2f19ab505cb076209285010f6edfb8f86c731,c70d0556df50896b4c26fe8fecb9c7ffe90a77f064c798c304cb4bb40f4269f7
SetRegistry/SetRegistry/AddServerDlg.cpp,SetRegistry/SetRegistry/AddServerDlg.cpp,normal/shared source,text-identical (encoding/EOL differs),3188,3083,,,,1341402559,943b8b199101c454378700285d872bc1463788a51803b04af3617e9e78d1c3d6,886a7643edafe3f3a298e062d8eafebc59aab22428b3bfa986a307be4fffd5f4
SetRegistry/SetRegistry/AddServerDlg.h,SetRegistry/SetRegistry/AddServerDlg.h,normal/shared source,text-identical (encoding/EOL differs),1484,1431,,,,1341402559,3bb5a220bfe223361824ec06f76a4f697b73c70e7e6fa45257cfc5b66548f44b,9640aee21bd89509e4bcf2136a0d973dcd214f9690ba8548d226cfdae19ae34f
SetRegistry/SetRegistry/mssccprj.scc,SetRegistry/SetRegistry/mssccprj.scc,resource/config/other,content-different,217,186,,,,1341402559,8c9eefd77a429fc6f41645ccaf4cc6bb9734b7aa8c81cccc488507e191982469,5413658446d356aed518baa883c307a0e78cdcdeff75947f328a861d5df04026
SetRegistry/SetRegistry/NANGReg.cpp,SetRegistry/SetRegistry/NANGReg.cpp,normal/shared source,text-identical (encoding/EOL differs),4043,3892,,,,1341402559,c68156572ef794e4b0687bc078b9d0ea3c1633ac1888292ff44be077d0121f03,1a94d4225f4a033977782eeccb5641e68ee01bfae5613b7b705b861afdede329
SetRegistry/SetRegistry/NANGReg.h,SetRegistry/SetRegistry/NANGReg.h,normal/shared source,text-identical (encoding/EOL differs),940,920,,,,1341402559,59500e048f5035d12cdcadcf51ab270e33685a2f70c7357a2361791a6e0cbc53,6186c99358775b1c9feba47a011b07130a0032ec5adba9fc06d688909b8f8d7b
SetRegistry/SetRegistry/ReadMe.txt,SetRegistry/SetRegistry/ReadMe.txt,resource/config/other,text-identical (encoding/EOL differs),3669,3581,,,,1341402559,175558f3e4b6f04d7d9d39cac3c78bf94a32a30f3581428e80a1ae32683a975c,6dd2bb13a4f12394124c7357fced9c2334c9e7b76f35346c14072c20840266a6
SetRegistry/SetRegistry/RegStringDefine.h,SetRegistry/SetRegistry/RegStringDefine.h,normal/shared source,text-identical (encoding/EOL differs),528,515,,,,1341402559,e95fc975e250caa88b485eadcf86fbc5d3f6879123383cf1ea3c6afa62fa5f3e,6fd7dd0550938775d5e3c6bd4728b606a7c98708d1eac822111672d01889493f
SetRegistry/SetRegistry/res/SetRegistry.ico,SetRegistry/SetRegistry/res/SetRegistry.ico,resource/config/other,byte-identical,3262,3262,,,,1341402560,df5effcffcc8dd66e89f77ed0d999e0f34f6d8c67735434f5b331cbab958de4a,df5effcffcc8dd66e89f77ed0d999e0f34f6d8c67735434f5b331cbab958de4a
SetRegistry/SetRegistry/res/SetRegistry.rc2,SetRegistry/SetRegistry/res/SetRegistry.rc2,normal/shared source,text-identical (encoding/EOL differs),403,390,,,,1341402560,0362341572eb43dcb11b6097eda921462facc3df23f7f068542999025d518831,3f24cf8070099068b7ae6d96957666ab177835d5132af9b1b23994e149fe319f
SetRegistry/SetRegistry/resource.h,SetRegistry/SetRegistry/resource.h,normal/shared source,text-identical (encoding/EOL differs),1136,1105,,,,1341402559,8b3a7f74d9232aeadf98cd1e5c243194782c4ce033f064a1b0b22b53fd77988f,57e07c6f2eaeb21568c4667f6d83322547b4b3e19767ce516852434e586195bb
SetRegistry/SetRegistry/SetRegistry.cpp,SetRegistry/SetRegistry/SetRegistry.cpp,normal/shared source,text-identical (encoding/EOL differs),2134,2060,,,,1341402559,8bae7e99839a3b7a1bc7fea8f1d573aded3fade81a98561445353f129ffab234,4a7162d76d65d4aa6c6afdb46691dc2ae78bdc1c16c6037c9c03cc550e05396f
SetRegistry/SetRegistry/SetRegistry.dsp,SetRegistry/SetRegistry/SetRegistry.dsp,resource/config/other,text-identical (encoding/EOL differs),5013,4827,,,,1341402559,2eb96f78da6e220e5585a8ae1ed4e963b9c5e91f1fa056f1bebf40a8635f8607,f084e582caef65db232e4e07ec445091d55c932de4f1ab88a11c90eb5882590d
SetRegistry/SetRegistry/SetRegistry.h,SetRegistry/SetRegistry/SetRegistry.h,normal/shared source,text-identical (encoding/EOL differs),1379,1330,,,,1341402559,2eb04cc05aef68df32d3e5dd35662f5897322469c7890abe08d61fba74464e32,066be2949aebcfe6419efef86b4b50c45fe284232ddc95b6db452d66f5078793
SetRegistry/SetRegistry/SetRegistry.rc,SetRegistry/SetRegistry/SetRegistry.rc,normal/shared source,text-identical (encoding/EOL differs),6962,6717,,,,1341402559,fd512750c0e54aff7afc42ee02b2f19ab505cb076209285010f6edfb8f86c731,c70d0556df50896b4c26fe8fecb9c7ffe90a77f064c798c304cb4bb40f4269f7
SetRegistry/SetRegistry/SetRegistryDlg.cpp,SetRegistry/SetRegistry/SetRegistryDlg.cpp,normal/shared source,text-identical (encoding/EOL differs),21947,21189,,,,1341402559,03221e13c14d4cea10afec26b63e1cc77522a77e0ed109cf7e459d268e2ce771,6aac05cf0d43cdf1e2153105f28402358752cef437e86d3354b925f5deb9ee2c
SetRegistry/SetRegistry/SetRegistryDlg.h,SetRegistry/SetRegistry/SetRegistryDlg.h,normal/shared source,text-identical (encoding/EOL differs),2220,2138,,,,1341402559,ac9e7c6c40a9c2c0af4cfdb72d73c7a7a9196a13cc4d8910afb6b31f0d06630b,4ffc3cf450bbd58c59a6ff90f6c1fa03cb6e13759c55839bb1e7e4547d55bacf
SetRegistry/SetRegistry/StdAfx.cpp,SetRegistry/SetRegistry/StdAfx.cpp,normal/shared source,text-identical (encoding/EOL differs),213,205,,,,1341402559,5f9e76bc9a1ef9a64a2072d747ed9034aab72817f36eda34e76b539759827de0,317453a845dbc2b9d45e3fa43580284aad2a0eea1df91d9cc10692d723e9f922
SetRegistry/SetRegistry/StdAfx.h,SetRegistry/SetRegistry/StdAfx.h,normal/shared source,text-identical (encoding/EOL differs),1054,1027,,,,1341402560,39395c0a24df563e418337d5d20d1f3f23169de8cfdb93633fdd1d3781a6de1a,465273df57754055d2c0bc14dc02291a362a198246eac2cf1e6697913accbc9c
SetRegistry/SetRegistry/Xitem.cpp,SetRegistry/SetRegistry/Xitem.cpp,normal/shared source,text-identical (encoding/EOL differs),535,503,,,,1341402560,70cf2c8584eee4bce36a1bd4dd47aa2673c97c1ad73a8d9539bf72a9a0e6b51b,d0b93a5d678ef05502aef677446decf3193cd663d96ee7d575f7b42cd5a9f856
SetRegistry/SetRegistry/Xitem.h,SetRegistry/SetRegistry/Xitem.h,normal/shared source,text-identical (encoding/EOL differs),401,384,,,,1341402560,f9fd9dd3bf75ef25db2ae7091df195b38824c1a0c23c220aa7f4f11f2384938a,ec551f8a4e2749357c00d1e4465058edd69a4b9deddce515369f8d938fc42c5c
SetRegistry/SetRegistry/Xlist.cpp,SetRegistry/SetRegistry/Xlist.cpp,normal/shared source,text-identical (encoding/EOL differs),3590,3400,,,,1341402560,439d18a66f75ce189e17e22f0992295b1d7fd74f232a2dddb8529d8c147c6b37,a5cdfbc7d3c0924c6846572e5a9ab2defecb3191d7758b64e6ebea13d1e83cdc
SetRegistry/SetRegistry/Xlist.h,SetRegistry/SetRegistry/Xlist.h,normal/shared source,text-identical (encoding/EOL differs),1468,1420,,,,1341402560,8310f504c293967504224b9524786235cf603a3522207449176e3136d004fb6d,009706063018a900c08b4b256449ca27062651e91afad51a52f4f3f69cfe9405
SetRegistry/SetRegistryDlg.cpp,SetRegistry/SetRegistryDlg.cpp,normal/shared source,content-different,23730,22890,3,3,0.99631,1384268626,d890d74d972fa817719cf486d197ec034fb563b14ec9121f9096c3e080ef4ac4,4b32c15875e0fe077d29a58767290cb541c9ae9c5b6c1d460a40bab1f3f2ca01
SetRegistry/SetRegistryDlg.h,SetRegistry/SetRegistryDlg.h,normal/shared source,text-identical (encoding/EOL differs),2220,2138,,,,1341402558,ac9e7c6c40a9c2c0af4cfdb72d73c7a7a9196a13cc4d8910afb6b31f0d06630b,4ffc3cf450bbd58c59a6ff90f6c1fa03cb6e13759c55839bb1e7e4547d55bacf
SetRegistry/StdAfx.cpp,SetRegistry/StdAfx.cpp,normal/shared source,text-identical (encoding/EOL differs),213,205,,,,1341402558,5f9e76bc9a1ef9a64a2072d747ed9034aab72817f36eda34e76b539759827de0,317453a845dbc2b9d45e3fa43580284aad2a0eea1df91d9cc10692d723e9f922
SetRegistry/StdAfx.h,SetRegistry/StdAfx.h,normal/shared source,text-identical (encoding/EOL differs),1054,1027,,,,1341402558,39395c0a24df563e418337d5d20d1f3f23169de8cfdb93633fdd1d3781a6de1a,465273df57754055d2c0bc14dc02291a362a198246eac2cf1e6697913accbc9c
SetRegistry/Xitem.cpp,SetRegistry/Xitem.cpp,normal/shared source,text-identical (encoding/EOL differs),535,503,,,,1341402558,70cf2c8584eee4bce36a1bd4dd47aa2673c97c1ad73a8d9539bf72a9a0e6b51b,d0b93a5d678ef05502aef677446decf3193cd663d96ee7d575f7b42cd5a9f856
SetRegistry/Xitem.h,SetRegistry/Xitem.h,normal/shared source,text-identical (encoding/EOL differs),401,384,,,,1341402558,f9fd9dd3bf75ef25db2ae7091df195b38824c1a0c23c220aa7f4f11f2384938a,ec551f8a4e2749357c00d1e4465058edd69a4b9deddce515369f8d938fc42c5c
SetRegistry/Xlist.cpp,SetRegistry/Xlist.cpp,normal/shared source,content-different,3639,3400,5,5,0.973822,1384270220,b54199f2f3b3ba115f6191e8af2938f8d3c1295ec21090badb45d904d7c97156,a5cdfbc7d3c0924c6846572e5a9ab2defecb3191d7758b64e6ebea13d1e83cdc
SetRegistry/Xlist.h,SetRegistry/Xlist.h,normal/shared source,text-identical (encoding/EOL differs),1468,1420,,,,1341402558,8310f504c293967504224b9524786235cf603a3522207449176e3136d004fb6d,009706063018a900c08b4b256449ca27062651e91afad51a52f4f3f69cfe9405
ShaderCode/BloomFiler_Final.ps,ShaderCode/BloomFiler_Final.ps,resource/config/other,content-different,1666,1615,,,,1341402560,7379b4f9decd41efa9a2d6d00ce622c19a2d8db6a2e5bc99f27201beeeab3e9b,fc0c3b40061e7762cab64fe4f1b00a72dff64f7a4c314f744aeeaf22206a49d7
ShaderCode/BloomFiler_GBlur_X.ps,ShaderCode/BloomFiler_GBlur_X.ps,resource/config/other,content-different,4582,4467,,,,1341402560,d8974d056d34bb3dac9815fa65b4e88d87922c79ee52eba6218b46925c994278,e1e37e5acbea2249f66a521404806eb08958262865a574627f8d592f31749e61
ShaderCode/BloomFiler_GBlur_Y.ps,ShaderCode/BloomFiler_GBlur_Y.ps,resource/config/other,content-different,4577,4464,,,,1341402560,b56cbaed84dbfee98ecac1a7506eca4cc7d0f5f3d6fd905d63f909920c4634ce,48df99c3344859fe801c76c4abaff282aaeb69b190a42ea8597cec780efa848c
ShaderCode/BloomFiler_Power.ps,ShaderCode/BloomFiler_Power.ps,resource/config/other,content-different,1941,1884,,,,1341402560,20ac451aeccc7ba5bfb46f5727b51e75d15dae860d90b8ebaca6e9b145761c3c,99246231916d4e436413be963431084218e3eee506b8986592046d7c92e1c9c7
ShaderCode/Model.vsh,ShaderCode/Model.vsh,resource/config/other,content-different,1587,1530,,,,1341402560,be2e0b478dec465219e8cf1d49c9018e21d23c380deb53bdb8c9814992bb0b99,9e0ff26b6a6919ca94fba619eb88eeae81e350e8d716188c271df0f3453572c9
ShaderCode/ModelShadow.vsh,ShaderCode/ModelShadow.vsh,resource/config/other,content-different,548,530,,,,1341402560,49972521b6e3f6658f23a1c5715e444ce8fd77cca62cfb7bedc1dde1129d1e5e,d42699e3dcea77a87b4581d8752db0d6dad4a94cc2c19e6794c32fadc820eccd
ShaderCode/Normal.vsh,ShaderCode/Normal.vsh,resource/config/other,content-different,750,722,,,,1341402560,beb716892841c517f90e8f0ed938f2b67ec373e92546e49af024b4f6b640d753,1372d340a1464e34fe140fb0a06609927f647e220e201b2916dec5b285f7fb2d
ShaderCode/NormalPaletteSkin.vsh,ShaderCode/NormalPaletteSkin.vsh,resource/config/other,content-different,3221,3093,,,,1341402560,75f0e006aff2070b186f7a3391b875b5626aacb338e5e7ea5cc3667b43c7cb62,2d1e41b0063111c03515b5c0d8d5b1782b371b0f5785b29453ed5b5dc306af8f
ShaderCode/OceanWater.psh,ShaderCode/OceanWater.psh,resource/config/other,content-different,1342,1304,,,,1341402560,fe5e7f613a59f1251e69625d7aa3d38ba25b8f6a824c8d3e323eeb5fb4349f32,030ab7b869e788b331db1e8049087b9519b40deb94de20d596f8b725ac1890dd
ShaderCode/OceanWater.vsh,ShaderCode/OceanWater.vsh,resource/config/other,content-different,5114,4976,,,,1341402560,08c3f8b2cde8faf31dd84a21063a3cbe0769aea6496c97e98a81b75ec0c81127,ddf9cc32c47c277e040aa3560fc11631045cbcf1257d06c838f4e052276c9346
ShaderCode/PaletteSkin.vsh,ShaderCode/PaletteSkin.vsh,resource/config/other,content-different,3435,3295,,,,1341402561,bad99bfba05586e2bae9482bbda8123d1aa3e2e356b0a8d67f248dd1c3c1373a,971006f5767caf52aa5890cfb4bbd7c0c7a9698685d5dca46de5cb9b75b31e98
ShaderCode/PaletteSkinBumpMap.vsh,ShaderCode/PaletteSkinBumpMap.vsh,resource/config/other,content-different,4074,3904,,,,1341402561,075c145c898f513469fdc2c2f836f02161197cf0aa7cb0281000ce1d8f72e269,9cfc9fd51373576b831ffd0124de718c29bac344bef33ef2f3d8785c23cdfac3
ShaderCode/PaletteSkinShadow.vsh,ShaderCode/PaletteSkinShadow.vsh,resource/config/other,content-different,1788,1723,,,,1341402561,510644c2979dadf2fca16524857c2609f959dcae89c620a6e7f512e97d702ddc,b4fd81e39bfb189aa22ee8cddf45f539e959b651b37046a8443e03854e558558
ShaderCode/RenderByNormalValue.vsh,ShaderCode/RenderByNormalValue.vsh,resource/config/other,content-different,1912,1839,,,,1341402561,0713e7e44a86fe72913a816787137fbf4016db7cd2533cccc412458a049cf856,5d851b2bb145c3032f06a622a0be4dda511a4a7eae84e15a817961fd793f02c1
ShaderCode/RigidAniEdge.vsh,ShaderCode/RigidAniEdge.vsh,resource/config/other,content-different,1303,1257,,,,1341402561,d75b8ccda9dd312729a4c28d1d9b8ed9c30385ef0cb47be2bb4c422461a098a9,351d823d4ebc5eed7eec5a031563399478ae04d154f752f3febf1bca2c2ccd62
ShaderCode/SilhouetteEdge.vsh,ShaderCode/SilhouetteEdge.vsh,resource/config/other,content-different,865,839,,,,1341402561,7baae3d7c5bdd1bc720c53924abd6feaf61ea3d1b3f3f9c70aa7120de0b3f8db,7fe8fff01b60cbfe8907f0179e5f01fead1e9c28c43ca786457a52158955220b
ShaderCode/SkinEdge.vsh,ShaderCode/SkinEdge.vsh,resource/config/other,content-different,1875,1804,,,,1341402561,b6238d49b7d89ee944c9ac40d3e43ebafe87081f623710a8d3b62e25f6b35d00,c687b988da5b8562f20d96963e8ccce92f797c88c491c45eaa945ab6d396c545
ShaderCode/Toon.vsh,ShaderCode/Toon.vsh,resource/config/other,content-different,1183,1139,,,,1341402561,194f20cec961184fd54d1ee3a576dfc76d96699f93b66c6d380a4c6923912fb4,d61077221e51f49b0450a6c232f6bf543d21a7aebc01e6e5ed9fbfbc00b38899
ShaderCode/ToonPaletteSkin.vsh,ShaderCode/ToonPaletteSkin.vsh,resource/config/other,content-different,2921,2808,,,,1341402561,fd3d844348e433957a52972b1cd6e554f14e60883792eb4d779893c1ae638ef9,75d7bc6f3d28c98e2805f5ba1fd270d4fef30e46943c75cf5b9d25d68e60583d
ShaderCode/ToonRigidAni.vsh,ShaderCode/ToonRigidAni.vsh,resource/config/other,content-different,2106,2025,,,,1341402561,a4fe4e75572d2a08fcd7bd2bc37337728b82e99f316701dd2c853a53bd224abb,0b564ff8a6bd533a2598deb4fddd31ce5f535648ab9fd3340e13146590dc5f62
StdAfx.cpp,StdAfx.cpp,normal/shared source,text-identical (encoding/EOL differs),303,295,,,,1341402488,fa9bedfdb71324229169b52134485c25a1ca04a64a48a2ef881f4423e698e2ec,e2a61cc1028f1eddbae7644d1708b967457355bd28973da8d0e41ee0e6dd3d08
StdAfx.h,StdAfx.h,normal/shared source,text-identical (encoding/EOL differs),993,957,,,,1341402488,6430a058a43679b9ed9cfb5058e7e85c11dfdca81343a0a7ded540dadf159045,d3d408f755b9b63e19f67d9f65744d0d9ca0bca641a4408034e00ab0b6870282
XControl/X3PCamera.cpp,XControl/X3PCamera.cpp,normal/shared source,content-different,23750,22875,6,6,0.992528,1384271678,051bb3e2e5c1d1628af8f99a5f3993864dae10c4651c9a0bb8da01d02912a6c5,dfed443dbf943d427f7214f124658b41fbcfb2676e91db06d61e00c6139cc58d
XControl/X3PCamera.h,XControl/X3PCamera.h,normal/shared source,text-identical (encoding/EOL differs),4178,4010,,,,1341402561,15054cc4f873a00cef920dc03cca9f3ecca922960c101b9f04cb180d9ecb59e0,c4fc1ebbbc8d26439a9723657e93e917e683327744ecb69f72bb7caa41cf30c1
XControl/XFMODWrapper.cpp,XControl/XFMODWrapper.cpp,third-party/middleware,content-different,51848,50024,2,2,0.998897,1384269400,0c06712dda1b3f6022bc766ed03cdcf8d970d5ddf767aeb2184b8efec6b70b80,5541ddb50cfdefd650b5a2f321c1f10ca8871e4acbd471ac96ad378f141db9fe
XControl/XFMODWrapper.h,XControl/XFMODWrapper.h,third-party/middleware,text-identical (encoding/EOL differs),5886,5671,,,,1341402561,e8f0f79f3c2d965032017f6b14ba24c8ce37cae0c464024f6848879fa8dfd438,157f10e05cf71f595777a9818223844b1ee4ec3fd928615a699f136cf77f37a3
XControl/XHTMLWrapper.cpp,XControl/XHTMLWrapper.cpp,normal/shared source,content-different,9892,9511,2,2,0.994709,1384267139,51660d53c0ac63ff4a2c671978a7540767897d4e05fbd7c5be753d364c36a2af,5e329b850391197309d6b185aa95fab57e52d612bac0c8a5cb4753fdab479f48
XControl/XHTMLWrapper.h,XControl/XHTMLWrapper.h,normal/shared source,text-identical (encoding/EOL differs),1452,1386,,,,1341402562,f32c749869d3e482767742bc356cd097e814bd06ebc7b8c32f4ed83624383db4,627bbadd9e9625af83d45be019df793867de48cbc795a4bd4642034ad4180db4
XControl/XMessageBox.cpp,XControl/XMessageBox.cpp,normal/shared source,content-different,24248,23493,1,1,0.998674,1384267139,52b033152b6beb0362adbcc3993cb36cef97455ea2a46879f5c2b58a07261fb1,204cd626b8de77a59066c7c175c4a7df9e28b3d2408356e17ef6630a739ea8ad
XControl/XMessageBox.h,XControl/XMessageBox.h,normal/shared source,text-identical (encoding/EOL differs),3220,3102,,,,1341402562,7c4a82ae5b04099a46e472d804af0529752c0048bd1862b549ec7249216c6b40,6b3e209b56500ece025df00079938404426c509f9680e60b8cf846dde814d701
XFControl/bitbuf.cpp,XFControl/bitbuf.cpp,shared engine/internal library,content-different,8103,7718,2,2,0.994764,1384265356,62ed9d4f7bcff54ce62f870ce8d52e74b3704a37b3ae0edfc290698a974c5414,60d308246e861d1fb61d45a7721fee949c531d1393951becb442ac94990ec42f
XFControl/Bitbuf.h,XFControl/Bitbuf.h,shared engine/internal library,content-different,4440,4294,2,2,0.985075,1384265298,18e032ef07aaaa327dac11daf7d5a2c63b079b197b07b622a8be41a8b2eef40b,1fdc7604dc8b9b8f91d78dbf27df869b4d3a6cfe894dc4854e3860a0d1e75896
XFControl/bitstream.h,XFControl/bitstream.h,shared engine/internal library,text-identical (encoding/EOL differs),2788,2695,,,,1341402562,6081220dd13055e419341a90be455e55009fc852edb3131c706c171409f81f2c,036286de11eb769e68bc6f97ed91ae89791b8e1b1538e4846d611a70a20c3ab0
XFControl/curve.cpp,XFControl/curve.cpp,shared engine/internal library,text-identical (encoding/EOL differs),14685,14085,,,,1341402562,e337fa732601dae0731487ae5459ef187c3012aee3b71cfd7ea3601bc19e8fab,65d24cd263b20a1735dd151e8cf55dcc32e66b48dc955ab37740d10484e94487
XFControl/curve.h,XFControl/curve.h,shared engine/internal library,text-identical (encoding/EOL differs),6811,6631,,,,1341402562,51e19b64476044c351e3664d4b53f1258bbe1861dc831c1f5151933d446d97a1,533539b774acf5930530cb1fff181b52c1157e24bdb29a46c9e5f1d7b13738f0
XFControl/edittext.cpp,XFControl/edittext.cpp,shared engine/internal library,text-identical (encoding/EOL differs),49368,47009,,,,1341402562,0391e55955370585ff0fe848dd38926a0fb9a23258a8b7ef9dc7115835421de3,f84df1ffd58e63053753cb32402c8f9bd86cda3ad36d0f41c4e4845bc2a80f74
XFControl/edittext.h,XFControl/edittext.h,shared engine/internal library,text-identical (encoding/EOL differs),4312,4145,,,,1341402562,69c458ab57babd2ddb1ef1e33284a0ce72825917d00c8b716c8c4c0efa4ec6e9,742b2f4605919cce523fac01e1607c10e0fcf6413150a183cdf9cfcc8615491c
XFControl/fixed.cpp,XFControl/fixed.cpp,shared engine/internal library,text-identical (encoding/EOL differs),18342,17704,,,,1341402562,78599a9d7bb204a185aaa761cca8737fcbf00f476b782a1b07a87d57fe542ea1,3a7d21cc479b20b7bb1263ab3eaf2002745a5d7d55328fea146488baa454b7d9
XFControl/fixed.h,XFControl/fixed.h,shared engine/internal library,text-identical (encoding/EOL differs),2689,2608,,,,1341402563,7d0af247958c968aadc526cd5601895b614bbac6d4db5caf961f5992d76d3285,12418910237c91b8a4d208c308bbfd9035978139a997b0022869625e22f1cecf
XFControl/FlashControl.h,XFControl/FlashControl.h,third-party/middleware,text-identical (encoding/EOL differs),1657,1607,,,,1341402563,fa883a554f0a03af33cb963ff189b583434aa1646a499cd6ffaf722a3af2fece,1e6fa02373f91b8622243ae7aedc27263d60d60a6af3d1fb6e1390c7e15be48c
XFControl/FlashControlImpl.cpp,XFControl/FlashControlImpl.cpp,third-party/middleware,text-identical (encoding/EOL differs),3163,3016,,,,1341402563,119d74fae21d6bcef6e5ef0722bf6b702c61a77adcaf69be47150aca32738fc4,d5cd4224af154cf981bdd6056e28fe6d00b180cb42cd55317e400a98c78b4544
XFControl/FlashControlImpl.h,XFControl/FlashControlImpl.h,third-party/middleware,text-identical (encoding/EOL differs),1813,1761,,,,1341402563,3e97ad2fdb35b177d9e520e40ae73d2f0834ef494d88e94674c6b9393c44a93b,ebe1e268e5569a7c603e88fa680522ee33d2360f63dc23df5cdc4d879901c507
XFControl/genericfonts.h,XFControl/genericfonts.h,shared engine/internal library,text-identical (encoding/EOL differs),965,927,,,,1341402563,5926a31aaa86b89c23ea188df2c72167cd4f0e9649c07d1a3f1e142bcca70071,2db76abda5dbe129ae95754b62e40eef5a2f0f1a8b6454286f91dad12bbf1f4b
XFControl/geom.cpp,XFControl/geom.cpp,shared engine/internal library,text-identical (encoding/EOL differs),21670,20807,,,,1341402563,d3eafeea8b7623f4b7b6fca7c9fccc881d3bc79326b851b74447f619ff3948cb,ca3712796a92e69cc9971df901decbbd1f928d0bfe5a303893ec8ee42eb3e6d7
XFControl/geom.h,XFControl/geom.h,shared engine/internal library,text-identical (encoding/EOL differs),5927,5733,,,,1341402563,3881162f1e6cb4f65b82aa1d2f1265e8b898df5809e2e7e8d9c99693af3a5702,1565d1f0c8eaccd710c4d497a829791ecaeb6d3edadd7361f92cadfa51286e16
XFControl/global.cpp,XFControl/global.cpp,shared engine/internal library,text-identical (encoding/EOL differs),5769,5506,,,,1341402563,9b1a9c8ad8e77d53c0caf93a94a86f49f3d39d4e95eb7c4fcacf9bc68685c918,93f2f3153ef7096dcaa1e83f60e3f7cd9de722d927390feeeccf0cdc2b7411fb
XFControl/global.h,XFControl/global.h,shared engine/internal library,text-identical (encoding/EOL differs),5160,4985,,,,1341402563,59a257181480476cc007a4d069d4cc1b3136a69765deba6b0cdf2ca88a2ab2e4,d24faa715aaa730d449bf2ae30953d39dae8a8d9809b8d0d6f012ff23a9e7d21
XFControl/jpeg.cpp,XFControl/jpeg.cpp,shared engine/internal library,text-identical (encoding/EOL differs),1867,1801,,,,1341402563,3ddf843168885060f3ac46118b14f6f99b4c2fdd0ad6f2d23ffb40165e286dd9,72af29649af858150192e34ba9100a3e3b3a9a7bd93251a675c64523103d0657
XFControl/jpeg.h,XFControl/jpeg.h,shared engine/internal library,text-identical (encoding/EOL differs),852,825,,,,1341402563,2602edfcd83df0661c1145b2a84e05a6e4684ba9739da0ef1794763ac24f22aa,99ec295f041223bb482768aa9bcd1c84438ea8a581ee00a2d9dd5cc491aba68a
XFControl/mcontext.h,XFControl/mcontext.h,shared engine/internal library,text-identical (encoding/EOL differs),753,731,,,,1341402563,3f7c9e2fbec80d6e75a1ad34768e39572e2e41cb7c76342c7f8f0194acf73855,c6ee18eb20e1b4a16de811012b351054b8244942d91589b37a28dad9ef599b9b
XFControl/memcop.cpp,XFControl/memcop.cpp,shared engine/internal library,text-identical (encoding/EOL differs),1408,1359,,,,1341402563,1cd2ffd7a6813eeaa6c8a29bfc5c2eecc7331743b542d5a9c1b0affec6f7a155,c85f8f04068c2006b15445e9fe0e1205d74c736d79d98a0c38f85bf2afe407fa
XFControl/memcop.h,XFControl/memcop.h,shared engine/internal library,text-identical (encoding/EOL differs),2241,2178,,,,1341402563,818176f60a6cbfa9abf7c6582ee4b26ab861a78988b195d9cedc1f5f454a9b27,5c2b7e82d58a7eee0991793829a446244d59291aa856e2ff2403f860ef10ee75
XFControl/morphinter.cpp,XFControl/morphinter.cpp,shared engine/internal library,text-identical (encoding/EOL differs),3182,3101,,,,1341402563,cad972c983db2227cb2a85f86a75e483af9d62fca646be5e9e76be4b8ddce7c6,06b32c0927ff05b16373ba92299a89220206010722fe720e1e0093975dd23447
XFControl/morphinter.h,XFControl/morphinter.h,shared engine/internal library,text-identical (encoding/EOL differs),1740,1699,,,,1341402563,ef88f2c83af4740c20b9fcd940a75d49231b143054143b8edb16262924d30376,e2cb1a57057fc2c5b08ebb1ed247eb610c1ab24f9cdc2727d8c9c27898c3785d
XFControl/mp3decifc.h,XFControl/mp3decifc.h,shared engine/internal library,text-identical (encoding/EOL differs),6921,6691,,,,1341402564,de3f9cda204ee31a1cf02e0a21ee11bcbb34cc810fcb36fec6dcc31f58bfb666,941bfdd977f9dd76e980c890c071f555ed1aa769e43b49da4c16a63e2e265fb5
XFControl/mp3decoder.cpp,XFControl/mp3decoder.cpp,shared engine/internal library,text-identical (encoding/EOL differs),8419,8152,,,,1341402564,21372f4b86ead424d5a3fc9b4a735533a8840fb6cceef2f033fc7a2e7544d194,824f1e165d7658f611be53722d06b508800e0870f4c46885efd8006dcc1e54fd
XFControl/mp3decoder.h,XFControl/mp3decoder.h,shared engine/internal library,text-identical (encoding/EOL differs),1712,1659,,,,1341402564,708ee7b08b1a603b67aca6f906e220dc2ab333a0c0db83ac25ae3427c0b1701e,56406a4517eb4ae57b66f10b198f1715177e5a0e4248e846c5d00d6788e3e02a
XFControl/mp3decoder.lib,XFControl/mp3decoder.lib,shared engine/internal library,byte-identical,122440,122440,,,,1341402564,3d27b37d6bf9ba95d8d3f5e1c75c1256b0759f76f6980627dbd936f25bd9558c,3d27b37d6bf9ba95d8d3f5e1c75c1256b0759f76f6980627dbd936f25bd9558c
XFControl/mp3sscdef.h,XFControl/mp3sscdef.h,shared engine/internal library,text-identical (encoding/EOL differs),6052,5843,,,,1341402564,7fba93084da68280d227f24dc0fc14156d3bd29dbcfd9df732be8fa8143ed4a0,632bff3b5f095fd9452677d99ac073ac335d88e8b875827cf31ce18fc856c8d5
XFControl/mp3streaminfo.h,XFControl/mp3streaminfo.h,shared engine/internal library,text-identical (encoding/EOL differs),4789,4649,,,,1341402564,28d4a2df8c62aecbf7fe62a3b10aa23217e46c7c54f3637dce781f0e71193630,7bc4d170a6c514bba2038688d96abc513e4765e60af9f6b55aacf77dbcff7ade
XFControl/mpegbitstream.h,XFControl/mpegbitstream.h,shared engine/internal library,text-identical (encoding/EOL differs),2247,2168,,,,1341402564,e13e415fb760ba9af85a22d1cb573fcbca004aaf6f9735f9537366d2c9906f38,7b114187a8e9c19fcc56d24c0c2fa1dfdb7a122b9741a3b0b26886685f23adc8
XFControl/mpegheader.h,XFControl/mpegheader.h,shared engine/internal library,text-identical (encoding/EOL differs),2886,2783,,,,1341402564,c089738a0e838547d39e9bb2dbd8ed71f0205813d913dd6a0dc4671aa3fa9976,92b30bf21730b5eaba5b75a68c9ac644173586382f3f02b53d54362ef009554f
XFControl/mssccprj.scc,XFControl/mssccprj.scc,shared engine/internal library,content-different,201,418,,,,1341402566,8959d174b2363752096454c098e0895586b6cd7c660b847eeffad8dad59243b8,eee78207c561e4d244f97d583b84e840013508bf2d6ce57b45bf99688ae603aa
XFControl/raster.cpp,XFControl/raster.cpp,shared engine/internal library,text-identical (encoding/EOL differs),122618,117757,,,,1341402564,930c90cd300bd20f1f32256cce5346f26140d4269f58575fa9767675f949642d,3aaf4d21a7a3aeb13b2c4ea819d8bf30f628ee2c81e83ae122ed72f44c506826
XFControl/raster.h,XFControl/raster.h,shared engine/internal library,text-identical (encoding/EOL differs),14859,14376,,,,1341402564,788ca259906765c2dac581db5509b6825d364491f3352ee678b14a524b9817b7,49f1ff9070d7b4b19624accb3af69755d7208d08dddcbef521476f23f5b89435
XFControl/sbitmap.cpp,XFControl/sbitmap.cpp,shared engine/internal library,text-identical (encoding/EOL differs),9225,8863,,,,1341402564,60d726301897a58886dacb17a60f471ca566250e770a7bbf7f2c3cdc933e0afa,4ec3a4b5055e1883d3c36cad153298c898b1e04602a72e1c49ff0ccd19636ed5
XFControl/sbitmap.h,XFControl/sbitmap.h,shared engine/internal library,text-identical (encoding/EOL differs),5901,5668,,,,1341402565,9e7806d6804eed04b57bf7a6eb4801ad51539796b2240f673e246363ec911e74,624a3a04bf9cd8daf347322176edbaf89dd140463dc1b105cc7828185f7d70c3
XFControl/sdisplay.cpp,XFControl/sdisplay.cpp,shared engine/internal library,content-different,36379,34984,2,2,0.998558,1384269400,2cdbf85cbb70763acdf5499280aa9f97ae0dccd55e8e091117f43c5b7224789a,b0d94db5463e14e751b3769d0946d64d3079e902d04987925c5e5bab455649bf
XFControl/sdisplay.h,XFControl/sdisplay.h,shared engine/internal library,text-identical (encoding/EOL differs),7178,6916,,,,1341402565,27d2581fa77e020c6ec30b54cc3a3a0cccb3bc0a17aad03763afb6649921b3eb,447b89709bbe6bd66e6255ed7f1fd0ca195108378dc9b4f3e503923b7775f261
XFControl/shape.h,XFControl/shape.h,shared engine/internal library,text-identical (encoding/EOL differs),2081,2005,,,,1341402565,fda38e7ce28b588a41e82fce7ae07fa0e34036ee37b40bab788998d24e7e3bba,e126bd89b84f286f5362eef6b51f15f589cf2fe8473219409df38b14693d8392
XFControl/sndcodec.cpp,XFControl/sndcodec.cpp,shared engine/internal library,text-identical (encoding/EOL differs),11898,11359,,,,1341402565,e3fdfdc4448439b39d82ea9c2d9c749d7ef4f3db9f954172ed5ce3a500db4ea4,c512700fb313968e41e1926b0862e942019a33a72f2336549e523e3e7ade17d5
XFControl/sndcodec.h,XFControl/sndcodec.h,shared engine/internal library,text-identical (encoding/EOL differs),3926,3763,,,,1341402565,9510ad7174a58669bdb3a29f5682f086f55df9c99e1e4c7da7cdae279a04cf50,03bdd4359d3da82a50af6df13f63c69610ccb152ebf20d99eae7e59f8a7c8581
XFControl/sndmix.cpp,XFControl/sndmix.cpp,shared engine/internal library,text-identical (encoding/EOL differs),27158,26002,,,,1341402565,a693afa6ab0fb6995cb84cb043b26f095b49d87032a46cbab7263931870d546c,7afbcf8db051737af15bfa77425b171aa006186f56a5a0992ef7f3a444075f6a
XFControl/sndmix.h,XFControl/sndmix.h,shared engine/internal library,text-identical (encoding/EOL differs),11140,10805,,,,1341402565,d8b2374742f2e1d5eef693db9d9b57ad015ef909f2772eac1d2479dac90d06a0,9903c72c9f09ce7831da42d9feb8f14311aa46b910d2978dc7ee4c398c1b5935
XFControl/sobject.cpp,XFControl/sobject.cpp,shared engine/internal library,text-identical (encoding/EOL differs),31346,30037,,,,1341402565,0b749531c76b634b3f5950302e66f1bacbf9a6c5dab8b974c23efd8c66cc880b,bb106eabb87605dbfc501e6d4c9ca2ec993d020bfe9f76e140a4a28c719726cd
XFControl/sobject.h,XFControl/sobject.h,shared engine/internal library,text-identical (encoding/EOL differs),5273,5057,,,,1341402565,c4550eb0c206d388c6e12032dd87db43a3c522ee38b3a8a25e3e86a9764217ea,1fb597c52cd15c40bff9195c3af7b022b2645446b83aefc435f504453f394ddd
XFControl/splay.cpp,XFControl/splay.cpp,shared engine/internal library,text-identical (encoding/EOL differs),89555,85832,,,,1341402565,8b431aef2f4dc49fd0e3f44fe419540909c105cd281e8c77a9dcbb9bdab614d8,98e28ab8722281af78d080d8090e71fac5b2893ced29a51b2eca6ebeb5e1247e
XFControl/splay.h,XFControl/splay.h,shared engine/internal library,text-identical (encoding/EOL differs),16129,15564,,,,1341402565,4bf4f0cb435a43d461f90430a163d788844362e0cba6a0f9dc61bbc97553e12a,233b1c88ab0a2d8e2094868f81dfc0191bad66c36f32302589dee527c4f6656f
XFControl/splayer.cpp,XFControl/splayer.cpp,shared engine/internal library,content-different,128313,123065,2,2,0.999618,1384269400,06a339b6f707420265080227c82c6a0ef02335c3753f102986efe0390fc7ca18,dcdfe6a09d5f64fa9d186aaa467f55015c947120f2b2dbedda5815583b511279
XFControl/splayer.h,XFControl/splayer.h,shared engine/internal library,text-identical (encoding/EOL differs),21640,20977,,,,1341402565,fdd9eac13cbf1efa6b86df8503fef0c5197be5941b5e7b9668f23052efb7aae5,496eae4819712333669d998af49271988c6dcddf199a4f3d79ab43cadcddb70a
XFControl/sstroker.cpp,XFControl/sstroker.cpp,shared engine/internal library,text-identical (encoding/EOL differs),14558,13936,,,,1341402566,255f82038776f03a01014c41e14a342f1003512289b8528c548cd72e6ebf4a53,b3dfd9d03ee3aae978473393b5ecba6c63fc3ca1c27e0e1a09974b3bc9f4d7ca
XFControl/sstroker.h,XFControl/sstroker.h,shared engine/internal library,text-identical (encoding/EOL differs),1538,1480,,,,1341402566,897e5b709fa5cdce2c1d22977a97a5776e119551706cd7412725f549e4a505e8,2546cb8a5e75eebaadcca83f129ba3ea650cf5e2ffca7e7a4a979ac3ed803d5d
XFControl/stags.h,XFControl/stags.h,shared engine/internal library,text-identical (encoding/EOL differs),14902,14480,,,,1341402566,b66aa5ed56e42e0394b1657f2ffe1fd509711525c403d066070dd9a044ba4d8f,dc98cfd8591eb702bba1a225a2a94db77672ea95d4595bc07de3639213e80d5a
XFControl/StdAfx.cpp,XFControl/StdAfx.cpp,shared engine/internal library,text-identical (encoding/EOL differs),296,288,,,,1341402566,696bd5814a19e187f77aacd6465dd2cb0ce2c69d19d66882f786757dae54c6d2,6ffe99c6a1cf43b70819106188fdcceff50deeec4eb5a68d1771b29e700b86bc
XFControl/StdAfx.h,XFControl/StdAfx.h,shared engine/internal library,text-identical (encoding/EOL differs),958,925,,,,1341402566,edb851fe283e26b187cdfa9842ea2e171298fda9f45a3877946c6f92217bc548,1637b6db048c76806548b7db8b71f82f23eaa4e9eccea321aee27e4e7374ce9a
XFControl/unixfonts.cpp,XFControl/unixfonts.cpp,shared engine/internal library,text-identical (encoding/EOL differs),1317749,1297143,,,,1341402566,bfc92d74366bc9402a02962e6349621feba80466479e49accdb7346680f66aab,11aca89c7eee70091cd610f669d0fbf409dc607057b96a7785b3404132ad0108
XFControl/Win32/debug.cpp,XFControl/win32/debug.cpp,shared engine/internal library,text-identical (encoding/EOL differs),1137,1100,,,,1341402566,4903b24d0e586678a465836749ea2aff5b8a4ef2a4f0a78216ffa79b417b617a,b212b1b354729fa12708936a9ca1e8927094d6126a965fcbf5fe8f6df8460a37
XFControl/Win32/debug.h,XFControl/win32/debug.h,shared engine/internal library,text-identical (encoding/EOL differs),1642,1594,,,,1341402566,cb0660111a68032c24856dd2711745a9bc6b059689315ceb4abe54ebaa9f6568,33bef4624a92e1d2556454e691d3466adfcb4306b74b0e89e8ba9c0d7c500412
XFControl/Win32/Display.cpp,XFControl/win32/Display.cpp,shared engine/internal library,content-different,8879,8518,2,2,0.994334,1384268626,9f859c94f8e60150c963fe6af4d5ac9e598027b0c533dcad98d923b635d0f021,ed32579870d4d8651898e050c5514d34722b4ef64e7b4d9e6d66cb4cbaa7e48c
XFControl/Win32/display.h,XFControl/win32/display.h,shared engine/internal library,text-identical (encoding/EOL differs),6310,6146,,,,1341402567,5517b1a1db6f209b9e359e216c9b27e81054ee66ef6b002fd0b74305abfddde2,c7b0a093ad9830ad1a421d50b9dbe83ccb4f092090e0ad28936423b04747fdcd
XFControl/Win32/fixed.h,XFControl/win32/fixed.h,shared engine/internal library,text-identical (encoding/EOL differs),7847,7527,,,,1341402567,f2598f1afa6de4a327fa2993f7d072d790f2d1f90b245966fee5864cf852f3db,2a90b828f66f4e6a73f5fc223d44ce510cfec7f09efa476b0048944119668d8d
XFControl/Win32/FSControl.cpp,XFControl/win32/FSControl.cpp,shared engine/internal library,content-different,12425,11894,1,1,0.998113,1410643232,dee6f96595f2a412741660db233f209fc59bbba1604f33ca65cc3d2abed239f9,90b051549d47a4c6694439a353bbee0ad91931b04a5e00a2cfe565d07e8fc061
XFControl/Win32/FSControl.h,XFControl/win32/FSControl.h,shared engine/internal library,text-identical (encoding/EOL differs),7997,7783,,,,1341402567,ed256f864ebea3d77eb172a886899d79136da6d5b3a6f31ccbe0af7553c18342,e7d1afde27e98cc4d3dba4abbd63b03b0fbf28a85380e42c9498df5d86e8053e
XFControl/Win32/palette.cpp,XFControl/win32/palette.cpp,shared engine/internal library,content-different,6773,6523,2,2,0.991736,1384268626,c24fac578ef90d4a7fff996868893cd71ea21d8f3203d63b30ca1dde39d6b310,e4ac4cfd4840bcf99043053a0a7f64ec7ca0a3b4d3cda803870101d703917989
XFControl/Win32/palette.h,XFControl/win32/palette.h,shared engine/internal library,text-identical (encoding/EOL differs),1640,1594,,,,1341402567,063676f6b609b6a30b4315ad15dc19b509bae6a07d997a0107f054f27772426a,9e51e78eea4e4cf7468e5bd1cf6a9641d30070eccb2126cb9120e9fcc94f1d3a
XFControl/Win32/ReadMe.txt,XFControl/win32/ReadMe.txt,shared engine/internal library,text-identical (encoding/EOL differs),1631,1590,,,,1341402567,6008280ea26378c7c2c49ddbef6e8a29b419b0320ff20bf14e261b3e538f68cf,4cd15fb1f9be8121445859cd6658c3e41ef2185d3bca88e8b909294be9f70f21
XFControl/Win32/sound.cpp,XFControl/win32/sound.cpp,shared engine/internal library,text-identical (encoding/EOL differs),6537,6294,,,,1341402567,6ce15f9367a89bfb0e550da2e1f92d1da590e3811c05ad058860ba989c5ffcdc,634c3656806f5144f2d94272152a2d35c5c871e0a141c00444db9f76eef2fb00
XFControl/Win32/Sound.h,XFControl/win32/Sound.h,shared engine/internal library,text-identical (encoding/EOL differs),4101,3987,,,,1341402567,d5b434e66c801b981df9fb03691a15c8dda8ac9003d94258d4d5512644025084,558910c276dfc268df0e7d626f73f253105cbe9b9b35c4cd08c574d44dc35bd6
XFControl/Win32/util.cpp,XFControl/win32/util.cpp,shared engine/internal library,text-identical (encoding/EOL differs),796,780,,,,1341402567,dd1d1c7a1e3f36ef449535dad7cb36c4fabf6169ec8b56430eb8e692810e9af8,1a3ac401d8124d8ae1f3d57527343a57dbaf5d4a4c5d37fe243930ee1f386257
XFControl/Win32/util.h,XFControl/win32/util.h,shared engine/internal library,text-identical (encoding/EOL differs),1413,1378,,,,1341402568,e5a01e6b25400cfa6438453e3dc81b8c820e16ca85b078263238c6e257dd94ec,77fa44bd6693567a099253e4fe89c24518fbf6e15bb4e31a6f4b741ab1610164
XFControl/Win32/version.h,XFControl/win32/version.h,shared engine/internal library,text-identical (encoding/EOL differs),228,220,,,,1341402568,8dee2c26e855e7c01d62fd8aaa25af6c9b476a54fabcd4f6c1b357975ee6b4b3,1577c85587fe90683db96631ff3a43a9823fddb9faa72cf2a324aacda7aa8fba
XFControl/XFControl.dsp,XFControl/XFControl.dsp,shared engine/internal library,text-identical (encoding/EOL differs),69526,68238,,,,1341402566,f6e844c35741039f238094593cfdcc5c43daee5dfc1a55dd11860cbed3142c61,c6e1a06cc2616a3b049e5672a004cc98af47b24bca381ab0436f781d5ab9e755
XGamebase/Include/template/list.tlh,XGamebase/Include/template/list.tlh,resource/config/other,content-different,2489,2337,,,,1341402570,17b08b0721cbc4407c146d3c4d054da88ef28b9d806790eedc0a6441494367eb,1009c086b511b3b42d41f439d32a1e9a110d2eb86656538a37468e9c5f4fe97d
XGamebase/Include/template/stack.tlh,XGamebase/Include/template/stack.tlh,resource/config/other,content-different,1838,1762,,,,1341402570,ec38bdc9950c913e1bdb630d8d904f329f6cf3a9118865a60fc3f4bfcb963ac6,f452e3f4deb679388bbf6e07a8ac0c38e6ed1c58a064a2e5ba7f11d3b0913ce1
XGamebase/Include/xconfig.h,XGamebase/Include/xconfig.h,normal/shared source,text-identical (encoding/EOL differs),5834,5567,,,,1341402569,e11f9fd43e59c05424f00bc3952a954e9e87c146d87b22aa492ac1c3a6a3c93a,07354faa47ba9b0167d6d302398b72b4f2d54ac33b1d66da2ad6226ade3d6562
XGamebase/Include/xfiletype.h,XGamebase/Include/xfiletype.h,normal/shared source,text-identical (encoding/EOL differs),2569,2484,,,,1341402570,0c707c43cbc5aee97ce9d09c51ec61064338a3fe89b6bc8f55563f3b4c1d772c,6031c925508242bda346d0e57e36c8593f168a0663d8768703a0f7ba99a53779
XGamebase/Include/xgamebase.h,XGamebase/Include/xgamebase.h,normal/shared source,text-identical (encoding/EOL differs),519,495,,,,1341402570,226a0c9d6f1857c209edff4e6a03443c3cac74e141bb106e3c49f46e1a7205b5,a007f1481ad6e4d0aae53b3650fc58f0de721b2ca17b969cda5da1c614b049c6
XGamebase/Include/xgfx.h,XGamebase/Include/xgfx.h,normal/shared source,text-identical (encoding/EOL differs),7823,7608,,,,1341402570,e78c5154afcf970d2bf69e9e1da7a70259c1825fa25943f8b56c084e6e358bf0,2337be657602ed4a983f3d5db218cb670825c193a4d5df88f47c0050af61ae7e
XGamebase/Include/xinline.h,XGamebase/Include/xinline.h,normal/shared source,text-identical (encoding/EOL differs),7073,6733,,,,1569059309,b98cb82241058cdbf7e9d67bd70114513935cfdb790a949d0ef632fce55d9be3,bb3b19ecc3fda2669524f844979b27542669aeb9b76c401995ca20474dd167a7
XGamebase/Include/xintern.h,XGamebase/Include/xintern.h,normal/shared source,text-identical (encoding/EOL differs),3947,3845,,,,1341402570,9544e5c7445eeb55ec30a629b8a8efb1bf589c8571ceaf5739b2e8b3a6b0d1b0,9b5cb8fb6d8749a5ce2d467dc175e1692a990602372d359bfbf5f7bed2ee317f
XGamebase/Include/xstring.h,XGamebase/Include/xstring.h,normal/shared source,text-identical (encoding/EOL differs),3004,2835,,,,1341402570,b0d6a435c502e424cc07cfb8cadf403463ed0ac229a1939bc82ba51f429c162e,85f8f1eb9767ffab17879d0de0a935826c1f5e05fd060b30092e14f4a9ad53be
XGamebase/Include/xsystem.h,XGamebase/Include/xsystem.h,normal/shared source,content-different,11709,11290,1,1,0.997567,1384276083,6efa6edad66cc2a37e7f3da29a26b87ec272d8fcffe09af3029bde4df619ef06,26e690b6881a09ff9e1f3cc8b2cc999850fb88c2173a642a1fdc40ebf06d1041
XGamebase/Include/xunicode.h,XGamebase/Include/xunicode.h,normal/shared source,content-different,1266,1217,2,2,0.961538,1384276292,5dfbf536c8a877798878e521b003b62a22ecf7ae426b9a1acf6bca128bd5b515,93f4a9828331e1fab1bfdfecc19760ce716254b8aefc77f3b03e3b126e5512e3
XGamebase/mssccprj.scc,XGamebase/mssccprj.scc,resource/config/other,content-different,201,170,,,,1341402569,9aa1c23b998490a554393f5032ff8a54277158fd0da09e19e53a5f82ebf58fa8,ce781984673736fe3063d42ac5c86f2b942154dae69d552318612f67a75ca836
XGamebase/src/gfx/baseprim.h,XGamebase/src/gfx/baseprim.h,normal/shared source,text-identical (encoding/EOL differs),1221,1151,,,,1341402571,89ee6f542f701a5b50b92cc1df548e1ecea5f8c5c41550e5df0cf019f98faef3,8167fb3e34f1a921cc2d2ba416430d278616571ebd7a928e035a28a3dcc50800
XGamebase/src/gfx/blit.h,XGamebase/src/gfx/blit.h,normal/shared source,text-identical (encoding/EOL differs),1445,1362,,,,1341402571,394ee182a7c84f5a7187f73a450af86ee05fd280b573fa2960b4b17cfd3ad9bc,0cb7230c24501395b9f27d6f5a7b739cb61e9a77aaa6bd630431021c995c792d
XGamebase/src/gfx/macro12.h,XGamebase/src/gfx/macro12.h,normal/shared source,text-identical (encoding/EOL differs),976,931,,,,1341402572,f2b8848bd8b68e50610bf237fec365f5432d40213c69a961c823049c15dc074a,c37c7a53a35d1bb3aa08e83595e06f339b088edcb53365cecd607cf381cf0f94
XGamebase/src/gfx/macro15.h,XGamebase/src/gfx/macro15.h,normal/shared source,text-identical (encoding/EOL differs),982,938,,,,1341402572,36cfd1ceb6b65e0e22468c88ef203beea1768d42d2a5dcb4c607a7c74ff6e720,cea04c640bde8ac894a166a35aba34c2a793f2602a995bd509cdd3daa6aa8ff2
XGamebase/src/gfx/macro16.h,XGamebase/src/gfx/macro16.h,normal/shared source,text-identical (encoding/EOL differs),982,938,,,,1341402572,ab84762fe11162eb2ab4cefa408fa0310014be0f453015a2c5c0a77cb69c210d,23e2befb19764794125862440c583dd40817fe087283768b6ae2b834f483348a
XGamebase/src/gfx/macro24.h,XGamebase/src/gfx/macro24.h,normal/shared source,text-identical (encoding/EOL differs),988,943,,,,1341402572,5a279ea14aa6d7fdadb126447db5da15ca7eeecf166da4291ea8e07f7b2595d7,be7bc5723d283cd48214d8bfa39067c0d6e79fe21f3242b6bed67241ab2574a2
XGamebase/src/gfx/macro32.h,XGamebase/src/gfx/macro32.h,normal/shared source,text-identical (encoding/EOL differs),979,933,,,,1341402572,6a2e0e81591b467dd0395cae58b8624c647f00c90c990c96ee4090fcc5b42048,997ac6f79ccf9c5874c3f10c9ebd10f9f1975592628ac9b314b7875dcbd14665
XGamebase/src/gfx/macro8.h,XGamebase/src/gfx/macro8.h,normal/shared source,text-identical (encoding/EOL differs),978,932,,,,1341402572,efc73ca8f63c423cb0aa07c81d940b730ba8f1646f763b9ace3934aed6317560,67a5456774edeea04159a075366153da6e58e988e4e8941466c2c6f006efdeeb
XGamebase/src/libs/jpeg/jcapimin.c,XGamebase/src/libs/jpeg/jcapimin.c,normal/shared source,text-identical (encoding/EOL differs),9402,9122,,,,1341402573,a09772bee2bc0cbe0c4f4fcca611d995d57c209ac68296c81d19a0880df3b5a3,17ec91c9192af4fc6dcddbe8b376f33f9ec6d834e87197886c08d67b1b1b7405
XGamebase/src/libs/jpeg/jcapistd.c,XGamebase/src/libs/jpeg/jcapistd.c,normal/shared source,text-identical (encoding/EOL differs),6043,5882,,,,1341402573,266e28802dcbb94a4efff5a27d4d9e7f2f788943c2ca73c3d566fbb1e4890458,3c4031c48e72428aff6d44184079c62e1998354b8393ff33ad0b433321f7b162
XGamebase/src/libs/jpeg/jccoefct.c,XGamebase/src/libs/jpeg/jccoefct.c,normal/shared source,text-identical (encoding/EOL differs),16856,16407,,,,1341402573,5dbfa7a3691e52954ca47772a93ef9b294b1a810db3c8dd99f3c1c241352b0a4,109e0c74fac92621ba26083fa7e08198a6b15b5320791320feedf67811bad127
XGamebase/src/libs/jpeg/jccolor.c,XGamebase/src/libs/jpeg/jccolor.c,normal/shared source,text-identical (encoding/EOL differs),15307,14848,,,,1341402573,4556c9bab587c9464b271811bf064e0bd668c3df4ff08ad8ed7c39261cf7f26f,2c2b7417c2da845e5dcd959b4fb6264b8848c0de689d95dcc2a5b407ecaba5b5
XGamebase/src/libs/jpeg/jcdctmgr.c,XGamebase/src/libs/jpeg/jcdctmgr.c,normal/shared source,text-identical (encoding/EOL differs),12856,12469,,,,1341402573,62a308135f5514d4046541749bcd2169074188eb185419d71dadc5f181fd4dc8,58adbdb02c125057964569e56fad59df8dc7d61e751a476006c34e24c030d1dd
XGamebase/src/libs/jpeg/jchuff.c,XGamebase/src/libs/jpeg/jchuff.c,normal/shared source,text-identical (encoding/EOL differs),29144,28235,,,,1341402573,851ba85efcd48a557088857036770c7be6cd40bd6403823b0d88172765e1ec55,ef27a398e47c4366dd881ec504989e3edf9b531953e5a099bfafb289d2339793
XGamebase/src/libs/jpeg/jchuff.h,XGamebase/src/libs/jpeg/jchuff.h,normal/shared source,text-identical (encoding/EOL differs),1623,1576,,,,1341402573,f593e540e9b47e0f587e2980395f29b758d2dcf452937c00fb0dcbb9590e37eb,16f8c13367bd90fdbb7786e6e50442463ee6f0ecaf9e3a727ed3ab47eece5017
XGamebase/src/libs/jpeg/jcinit.c,XGamebase/src/libs/jpeg/jcinit.c,normal/shared source,text-identical (encoding/EOL differs),2422,2350,,,,1341402573,7015a8381a96d54f8cb6731bae17bd19b40112d1b5094b86b201de984f6f9aaa,05d3602b8d4f5939d66ebea9dbfa71b5d7b5663e5731f0da8e18d78400551097
XGamebase/src/libs/jpeg/jcmainct.c,XGamebase/src/libs/jpeg/jcmainct.c,normal/shared source,text-identical (encoding/EOL differs),9562,9269,,,,1341402573,6ec91a61c1d437733542398fbf7149815940e53f7fd81932505f95760fb17aa5,408b6aa341a6cf7abb984be23d8fa5f66fd9e91d8709769ab9c58da53a931bcd
XGamebase/src/libs/jpeg/jcmarker.c,XGamebase/src/libs/jpeg/jcmarker.c,normal/shared source,text-identical (encoding/EOL differs),17911,17247,,,,1341402573,f7e5fa5262320011149b6dc183a498f2e6a099a73fd033fa736287687107a4dd,b78d60e8843ea046fe5031550f03e057cafa88c01bb1ebabf7ba01a6a49656cc
XGamebase/src/libs/jpeg/jcmaster.c,XGamebase/src/libs/jpeg/jcmaster.c,normal/shared source,text-identical (encoding/EOL differs),20481,19891,,,,1341402573,27dca54c7b5f83e4f6ef3fd895b85d60935f5a203c30e0ad3cbf2a294add43de,066ba3871d7f726ce1a689f9bfaf45bfee0e29bee1e309622e9056cbaa59ca57
XGamebase/src/libs/jpeg/jcomapi.c,XGamebase/src/libs/jpeg/jcomapi.c,normal/shared source,text-identical (encoding/EOL differs),3216,3110,,,,1341402573,2653b0552a4ff16533eb4d981751e26600fa33ead5e6851e4a4b288aba9109c0,d8a79c2a19310e0bc918324d7174a1e1bc1b9e316f63fd90449abf46c041711d
XGamebase/src/libs/jpeg/jconfig.h,XGamebase/src/libs/jpeg/jconfig.h,normal/shared source,text-identical (encoding/EOL differs),1162,1119,,,,1341402573,851af092aa51dd0316865e1fa382e835b4c517e24954dd1dc53e18118ea81259,e326f340b6e577e44ed2d499b176634f93437ba29bcd8d3bac57174c1be5c13c
XGamebase/src/libs/jpeg/jcparam.c,XGamebase/src/libs/jpeg/jcparam.c,normal/shared source,text-identical (encoding/EOL differs),21888,21278,,,,1341402573,d82f4b545d602a7024cd242d594bd74dc2b4c8c90e9df0fd93fb54d86717c6d9,6947495330090f7b8592f270d294f9d8e5ed9bae2701e55410ee63c976da8f22
XGamebase/src/libs/jpeg/jcphuff.c,XGamebase/src/libs/jpeg/jcphuff.c,normal/shared source,text-identical (encoding/EOL differs),25961,25128,,,,1341402574,cf5aa4d1c01d18524fcb479f49fa9b674310ef91112c6dd17691591ae4b689b1,8c7142e4f816195143c82e2395e2ba891fd65abde93075bab76ee1d40ac9870c
XGamebase/src/libs/jpeg/jcprepct.c,XGamebase/src/libs/jpeg/jcprepct.c,normal/shared source,text-identical (encoding/EOL differs),12428,12074,,,,1341402574,58b013cd12affc69961bfeadc0bac3c30bdeaee1abfb2ffa30cc0a56bf8a2f76,6b3b83e536a832ddf39e5b7e47481142f81aff15cbc8274427aae3372cb14b21
XGamebase/src/libs/jpeg/jcsample.c,XGamebase/src/libs/jpeg/jcsample.c,normal/shared source,text-identical (encoding/EOL differs),19379,18860,,,,1341402574,dca9e3bd58a39e3f78f26a6ff6941fa814216f0e5c257196a1f6cfc62c9a8a06,6d8d6323bb8e969fa0a1ba294808ee2eafbfa135cf80568249d7ea61866720b5
XGamebase/src/libs/jpeg/jctrans.c,XGamebase/src/libs/jpeg/jctrans.c,normal/shared source,text-identical (encoding/EOL differs),14366,13978,,,,1341402574,7cd6e4bcb9fff9154c6f56160d158f6018b1415aa7d85708422c004276e56f7b,eaa3461f412c2bbc413ffd04132224525b9d58b807ae9e3b3f26aaa36007e870
XGamebase/src/libs/jpeg/jdapimin.c,XGamebase/src/libs/jpeg/jdapimin.c,normal/shared source,text-identical (encoding/EOL differs),13036,12641,,,,1341402574,7d3093010e86366498396e3d051be833c0f104693959c144fea0ec27232c5ab9,0a064b2af4ff71b777fdb6ac767ced20eb04592be33978b025e5d2f9c227ea2b
XGamebase/src/libs/jpeg/jdapistd.c,XGamebase/src/libs/jpeg/jdapistd.c,normal/shared source,text-identical (encoding/EOL differs),9628,9353,,,,1341402574,1af61d1846abdc85bb77c3305a071b80bdecfca9c830bde9003c7bba7fed2e40,a8b930c963f96afdb2f5ad0625c9553a2d95b312cf3a82e32ec20003ff942535
XGamebase/src/libs/jpeg/jdatadst.c,XGamebase/src/libs/jpeg/jdatadst.c,normal/shared source,text-identical (encoding/EOL differs),5271,5120,,,,1341402574,b8f4a567c64f73cab285089a14227c4cbcc1f3379db0eed6c250588087647137,8b55f9ce67bc497f5c17a70c17d7bd74bbf8c411f50df044d5fb6401fb5376ea
XGamebase/src/libs/jpeg/jdatasrc.c,XGamebase/src/libs/jpeg/jdatasrc.c,normal/shared source,text-identical (encoding/EOL differs),7818,7606,,,,1341402574,d3e5371ba2d252436abb9775cbaff01bd9cb44066ad42591dfb8d9c0b7f47e76,6afb07dfc3aa0959017500aab2c9b1da3e253c22a6010c1dce306b7a5f8b2f76
XGamebase/src/libs/jpeg/jdcoefct.c,XGamebase/src/libs/jpeg/jdcoefct.c,normal/shared source,text-identical (encoding/EOL differs),25896,25160,,,,1341402574,9e3d0693cd346a5a4128dd57c489740795f1ed3122a496f6c825f53e17707efd,14bb0f9eab0311c5554f66f0dcd8ca64fd9fb58ad1fa3ea7c812151354845ca5
XGamebase/src/libs/jpeg/jdcolor.c,XGamebase/src/libs/jpeg/jdcolor.c,normal/shared source,text-identical (encoding/EOL differs),13358,12962,,,,1341402574,d80905bb0da091613c7b7c6b42df0132e10babf353366ddf967987d6fc8034ec,de64bfa0416fa45c8a55cec82c7da468b329c3c3fc9cc55eb5f56509a80332cf
XGamebase/src/libs/jpeg/jdct.h,XGamebase/src/libs/jpeg/jdct.h,normal/shared source,text-identical (encoding/EOL differs),7217,7041,,,,1341402575,2381b99b0a3acd18abbde82d31a9ce53a6d97d09f88c7e0381046f4cbf0484c3,4cde9d7c12ffc920e1dd525c6b7f41f88a3ea573af8c66a4b6d0d6ed3d7fd770
XGamebase/src/libs/jpeg/jddctmgr.c,XGamebase/src/libs/jpeg/jddctmgr.c,normal/shared source,text-identical (encoding/EOL differs),8562,8293,,,,1341402575,1ce734fe48a9579f30babbb9bf9e30514d139aceea5714afb69717b750975f57,f50d9b1414b44782d4ef46761a53f930b06764468b4cbbf0bf0761ac0751defd
XGamebase/src/libs/jpeg/jdhuff.c,XGamebase/src/libs/jpeg/jdhuff.c,normal/shared source,text-identical (encoding/EOL differs),21523,20872,,,,1341402575,4b09ca5202c5fe9a79b53608d14f098126d9ad6d28d76e03ff86dbfec762a225,ddbbd7cb6e7b9a844d33509718b6a1509b2f9f586f421c268dfcdc3c2336c819
XGamebase/src/libs/jpeg/jdhuff.h,XGamebase/src/libs/jpeg/jdhuff.h,normal/shared source,text-identical (encoding/EOL differs),8341,8140,,,,1341402575,05860f4f69c7085f1a2efd50032226e59c09af13a7d7456b7c00a06e825fec35,5f25b0e04b7c54bd96c84d284f6df74a721a45356569867f378d671b9342a0a6
XGamebase/src/libs/jpeg/jdinput.c,XGamebase/src/libs/jpeg/jdinput.c,normal/shared source,text-identical (encoding/EOL differs),13882,13501,,,,1341402575,31d0abb36b65e65b0742261561cc79a0852856839939ce412c83be04c895f389,1d69c704c77a72ceec3a01097024d22c04f13e201bc0d64a52d6e4f5436e66cc
XGamebase/src/libs/jpeg/jdmainct.c,XGamebase/src/libs/jpeg/jdmainct.c,normal/shared source,text-identical (encoding/EOL differs),21024,20512,,,,1341402575,283479d6feea9badd2cb01578ff01266b92bacf162bc23f7b0395b788d5363f1,1a5b7e3b53d56de213bb2f52480efd522f86e1491d5525c7854ddca5f81d939f
XGamebase/src/libs/jpeg/jdmarker.c,XGamebase/src/libs/jpeg/jdmarker.c,normal/shared source,text-identical (encoding/EOL differs),42494,41134,,,,1341402575,917fd86c56fa24069839dc5167674697e26421bfbe8b071e98cdf25d4b4e0f41,62252061de7b074b903769931f1fb38d74d18ec06709145b4f3e7622daa13e53
XGamebase/src/libs/jpeg/jdmaster.c,XGamebase/src/libs/jpeg/jdmaster.c,normal/shared source,text-identical (encoding/EOL differs),20270,19713,,,,1341402575,eff03ddae8b8634d0df215bb0820b624c5139f5c1b078a376cfbc8a8c993bfc5,d96bd40231581eb823e667d0f51b45ed36015c79f5ee5c303f0d405c9b27f18f
XGamebase/src/libs/jpeg/jdmerge.c,XGamebase/src/libs/jpeg/jdmerge.c,normal/shared source,text-identical (encoding/EOL differs),14317,13917,,,,1341402575,9ba46d6d805df6fbff4757c1f3fbd94537ab6e8bf2fd41648c2acc8e15392918,7f3dcf4dbbbf7e5f316a0c29e0f0628bf40523c671d8e2f0543e6a010c9d2aeb
XGamebase/src/libs/jpeg/jdphuff.c,XGamebase/src/libs/jpeg/jdphuff.c,normal/shared source,text-identical (encoding/EOL differs),21237,20569,,,,1341402575,33a05ffc156d283314f896c55506865c74a46ae4d858741267ca77a25c8e7583,7783fd95c7f5665e6b9e258afbe3d6038b734ae62f3b4d0bed77e67e64f6ab56
XGamebase/src/libs/jpeg/jdpostct.c,XGamebase/src/libs/jpeg/jdpostct.c,normal/shared source,text-identical (encoding/EOL differs),10014,9724,,,,1341402575,819c2dead7304ff1ed6b356ab84cc1bf923bb0b6c897395282e78b4f089fc599,b10a4bf8536ee8a0e2b56b2635d3643b53d2a23d22c9f9f610ebeb053dbedfc0
XGamebase/src/libs/jpeg/jdsample.c,XGamebase/src/libs/jpeg/jdsample.c,normal/shared source,text-identical (encoding/EOL differs),16860,16382,,,,1341402575,c2960412c949010dcd062b055e66b15837131a50e8c29569f2bf3220f799c4c8,4207f5c72ec25267dbba2ca9677b4bc8bdaba1f3f912c36df321f0ca1718f614
XGamebase/src/libs/jpeg/jdtrans.c,XGamebase/src/libs/jpeg/jdtrans.c,normal/shared source,text-identical (encoding/EOL differs),5233,5090,,,,1341402575,9443330e2081ff64a931fbf10267ede4b3ebe1bdcb45e57e9606164fe88222ec,c97867f861168d81844a9c9fd8c0b643ce835534a605a93aaab758ec36c56d8a
XGamebase/src/libs/jpeg/jerror.c,XGamebase/src/libs/jpeg/jerror.c,normal/shared source,text-identical (encoding/EOL differs),8054,7802,,,,1341402575,d6195fc81c6699d88756a3a1e513f12a28eec639b640a69f669d80da4c9f6a86,71ca7b784b7c16f13f0ecd62da52dbc2b8ee65ebd269f89cafb3a146761b15d3
XGamebase/src/libs/jpeg/jerror.h,XGamebase/src/libs/jpeg/jerror.h,normal/shared source,text-identical (encoding/EOL differs),14227,13936,,,,1341402575,683837dfe45f32624aa979a42300565fbdda38c3e334fb70682451f2818edde3,324f058e0dc17408ea83a8d47d0a7a1f6ba7553d653f709a9be275971f539fec
XGamebase/src/libs/jpeg/jfdctflt.c,XGamebase/src/libs/jpeg/jfdctflt.c,normal/shared source,text-identical (encoding/EOL differs),5654,5486,,,,1341402575,360aa8079574d3a1dabd4d273ab1aff7cc1ec648dcd7b457cf865bffabcd6dce,07c7ec15785f5709515424da1b45deacfa822197b761e319f45fbaa45e17caf9
XGamebase/src/libs/jpeg/jfdctfst.c,XGamebase/src/libs/jpeg/jfdctfst.c,normal/shared source,text-identical (encoding/EOL differs),7802,7578,,,,1341402575,a68fb6189b53c4c98558d86f632352de53acf2df1cc8971cdae8aac2b17c6ca7,1c28ec690d4a69bdc285eac01bef668e31866ad0018fe9b4f68bcdce8a9ec044
XGamebase/src/libs/jpeg/jfdctint.c,XGamebase/src/libs/jpeg/jfdctint.c,normal/shared source,text-identical (encoding/EOL differs),11349,11066,,,,1341402576,12dc2aff82e86cbf41cfda74e0557b419cb90a32f49f01909982e00f6d9b9e16,807dd95d59692db94d2fa23557d8a16e2a20cb4d851ba5a82f26fa1a674b52c8
XGamebase/src/libs/jpeg/jidctflt.c,XGamebase/src/libs/jpeg/jidctflt.c,normal/shared source,text-identical (encoding/EOL differs),8693,8451,,,,1341402576,9af93995a72024fda1bb87831c7c75cbff9863db560ca78d2f452f8711aff643,0988f6ba29f57b691dabdd3f0541839fb651dc74abd36c395130b12a30937155
XGamebase/src/libs/jpeg/jidctfst.c,XGamebase/src/libs/jpeg/jidctfst.c,normal/shared source,text-identical (encoding/EOL differs),13538,13170,,,,1341402576,ca3f34e24164c7c4c26589ebde3574ccf80b1320b4c5e9bc9dd29ef00f627968,c864b3dcfe494f9c8bda25a6fa5fc0a330e636b32eb4bcb6febe8cb01ed1d433
XGamebase/src/libs/jpeg/jidctint.c,XGamebase/src/libs/jpeg/jidctint.c,normal/shared source,text-identical (encoding/EOL differs),15204,14815,,,,1341402576,9e49986578e2ac1667cdcdf05272624e9e6281d627ed6a266aac1214f177a326,3b7123ba9a66c10eb1f96d7432637b051278f3538d1b06884f9d21a39fd78f9a
XGamebase/src/libs/jpeg/jidctred.c,XGamebase/src/libs/jpeg/jidctred.c,normal/shared source,text-identical (encoding/EOL differs),13926,13528,,,,1341402576,39fb3ebfb082130b0327e9789a077da578e11486f97f43e10f750e1c945cfa97,df25adc646b0fdd69aed54361928aeb36972a8293c917f8ec1b0d62e8f764252
XGamebase/src/libs/jpeg/jinclude.h,XGamebase/src/libs/jpeg/jinclude.h,normal/shared source,text-identical (encoding/EOL differs),3341,3250,,,,1341402576,a41e645742864969b4cac5df68a0ebd54fa34e1988d7d889fb7ce1501cab7285,a6433e5ea0030f4bffd41bcc2f064008afd79de4270cf28494bd43d2fbc5da06
XGamebase/src/libs/jpeg/jmemmgr.c,XGamebase/src/libs/jpeg/jmemmgr.c,normal/shared source,text-identical (encoding/EOL differs),42118,41000,,,,1341402576,88ea256114df4c55e389e63805199dfb4ec16dc3e2151291dbed8b8580b589aa,1a8c9df36a5cb0d7668ef49677b6a8adf18d5d45b2fe11743cf9cce05d83076f
XGamebase/src/libs/jpeg/jmemnobs.c,XGamebase/src/libs/jpeg/jmemnobs.c,normal/shared source,text-identical (encoding/EOL differs),2881,2772,,,,1341402576,2b7d9eca01c2befd986d33a81c844b569eefe4fcee91192a4970a3e8c00d84e5,0605c64556d298071473fc245fa9d83cf10b60022d5c5d2821a846b94aa1a9fb
XGamebase/src/libs/jpeg/jmemsys.h,XGamebase/src/libs/jpeg/jmemsys.h,normal/shared source,text-identical (encoding/EOL differs),8428,8230,,,,1341402576,8bd96ad37e97ad83f5b5331fa2abd23ebb2d3c78da6935bb8343d212b7a3ad1f,dbe87b534bc93f9ea54492589e69307b492aff8a377fa3c9c8b54a54de488397
XGamebase/src/libs/jpeg/jmorecfg.h,XGamebase/src/libs/jpeg/jmorecfg.h,normal/shared source,text-identical (encoding/EOL differs),12870,12504,,,,1341402576,5e24d323a1d74dec13507a003969863b6648fbcd1699416214932bacde926582,54ea39f218c2408cfac27f0f6e4cb626fe578a4b8ba09e5ca5913dafe5e6b256
XGamebase/src/libs/jpeg/jpegint.h,XGamebase/src/libs/jpeg/jpegint.h,normal/shared source,text-identical (encoding/EOL differs),16126,15734,,,,1341402576,d50fe48dc790d0e8b0f156050c94d68b10f91147f65aa7a2dafbdc1665c2065e,197b7f61a879d3cbbb7612da041987a548bd19cae8979474121be5701a983f77
XGamebase/src/libs/jpeg/jpeglib.h,XGamebase/src/libs/jpeg/jpeglib.h,normal/shared source,text-identical (encoding/EOL differs),47424,46320,,,,1341402576,14cba63ff7b624ce37d571b527b02bd1ac9341bd783439b2a1ad9d98f8ac1ac8,a29a3bdddc22d16a26440547dd3c88fcabd4415bcf4046712a9267346dcb3e5a
XGamebase/src/libs/jpeg/jquant1.c,XGamebase/src/libs/jpeg/jquant1.c,normal/shared source,text-identical (encoding/EOL differs),32154,31298,,,,1341402576,22c2e0230fd2bb3c763a9708a708119a75f1f3d301d15f16ac99d67767c327c0,adcb72469ba4853a9eef2e153f465d58700b2d4e0febfc85555e88139efab247
XGamebase/src/libs/jpeg/jquant2.c,XGamebase/src/libs/jpeg/jquant2.c,normal/shared source,text-identical (encoding/EOL differs),49742,48432,,,,1341402576,2d5987f2737b15b8f05a7a40b1a21557d1365c518f368da726069e59404ae11c,6754601b4393b05c252b1bf31b93e651c2ab3cf253c00b1a197e74becb70a172
XGamebase/src/libs/jpeg/jutils.c,XGamebase/src/libs/jpeg/jutils.c,normal/shared source,text-identical (encoding/EOL differs),5419,5240,,,,1341402576,fbcb15d45a2b1b9616fce50dcaadbe8c0cd0403d0e7c7fad431a36e2f04b02b4,2cab735c6ea1bca55f4c94a72c73035a0a161378403a6bd849b350df71db92d6
XGamebase/src/libs/jpeg/jversion.h,XGamebase/src/libs/jpeg/jversion.h,normal/shared source,text-identical (encoding/EOL differs),374,360,,,,1341402577,5ef0ce7bb87a2554879163e371c1a92eaedf78163cdbaf15d8cd830205282917,7a8c12a9d52f62342b46b64a8d91d148ae7b0398e9663ad03da3e0b882cd2f14
XGamebase/src/libs/png/libpng.c,XGamebase/src/libs/png/libpng.c,normal/shared source,text-identical (encoding/EOL differs),20437,19740,,,,1341402577,2fc6dfa07783eee08e067ed121ba43e63294e32c09b48692ba4c4b8b71ad1423,20683a68fc9e330666b1c92dfbd2793912755da96c5372c16095768cb0d433b1
XGamebase/src/libs/png/png.h,XGamebase/src/libs/png/png.h,normal/shared source,text-identical (encoding/EOL differs),127374,124394,,,,1341402577,ecbe900d99f1a447121776c6826abd701659394ca732a7f37b31c8571ccb4bf5,f0d75018799ff2ed8616ff317e0393380a874ed739f4fa19c27704fc7a7a2bca
XGamebase/src/libs/png/pngasmrd.h,XGamebase/src/libs/png/pngasmrd.h,normal/shared source,text-identical (encoding/EOL differs),1198,1159,,,,1341402577,cd156944e53b05bb6ccb020055b7f9f1044f59e84a6e84323fbe0b8857e45ace,1b4ce2bfb4e616b7a7068dd1af0308e7883b9e26304d7af833711abf83f15716
XGamebase/src/libs/png/pngconf.h,XGamebase/src/libs/png/pngconf.h,normal/shared source,text-identical (encoding/EOL differs),36284,35093,,,,1341402577,d0a07b31b78837e7493921ee21d1ad69a944411ab35ff7580a3d5802b0d968ec,0e6d6765423cf2953f208cb25eb4ac8033a8a96f87ec1848e3c02f20428de47e
XGamebase/src/libs/png/pngerror.c,XGamebase/src/libs/png/pngerror.c,normal/shared source,text-identical (encoding/EOL differs),5986,5795,,,,1341402577,18dd02c82fb812b77924753ad78f1ba9969f9843bc4d7841535d993dffc1f9ba,fe1f487d6bb6755f4ab27d02a259fe3b206bb32ef54c67ac01698b1a0ac59760
XGamebase/src/libs/png/pnggccrd.c,XGamebase/src/libs/png/pnggccrd.c,normal/shared source,text-identical (encoding/EOL differs),217293,212549,,,,1341402577,a2a28fefb9d02c62b0a451e3cc19c1d3d8f9de6a60fbff4e3ecd6d714edc50f5,520bfacc6ca650be83e018e219d18d046ab9f6812fd9c9da16a184adf797d317
XGamebase/src/libs/png/pngget.c,XGamebase/src/libs/png/pngget.c,normal/shared source,text-identical (encoding/EOL differs),23473,22646,,,,1341402577,117a845810b3035ad05898b391a878c168aa01498f6ab92973214d366d247f92,2fbdcc2e9dd2441a832cc03591585f7c997973637b2cfc5dac3fe490b70022b7
XGamebase/src/libs/png/pngmem.c,XGamebase/src/libs/png/pngmem.c,normal/shared source,text-identical (encoding/EOL differs),14192,13689,,,,1341402577,bd87d8bd809ec3b8199ece40d71dc0257e76945c7682bec33a47a421a9779961,69930c737dcbe5c1d79bfe95bd7ab29a68c155a732a9ce446612a7360f01de53
XGamebase/src/libs/png/pngpread.c,XGamebase/src/libs/png/pngpread.c,normal/shared source,text-identical (encoding/EOL differs),42636,41179,,,,1341402577,7dd77eaf884eee1bef93ff40494d93ecc2b49fbaf1828412cea29a8aab8c7c84,a3f14b693de51f451eb9ebb9a0667a99d1f47033065df69336fa5a2150227bd6
XGamebase/src/libs/png/pngread.c,XGamebase/src/libs/png/pngread.c,normal/shared source,text-identical (encoding/EOL differs),43855,42533,,,,1341402577,919034201d94273c1cbc89279c9793cb0ed417abf2f95884071c94f736fdbf04,025f0c05bba290b85936fe58973341eba97c1393be2f19b0b7c425a3bd4347aa
XGamebase/src/libs/png/pngrio.c,XGamebase/src/libs/png/pngrio.c,normal/shared source,text-identical (encoding/EOL differs),5530,5368,,,,1341402577,d9fc79a2b89c6456e46b034e2fdda828373ce046b55862367cb58fa046f0fb4c,104564fd03dfc10c917e61ecee1b08ece4c0911ffee6af2419b2cae8086a41d9
XGamebase/src/libs/png/pngrtran.c,XGamebase/src/libs/png/pngrtran.c,normal/shared source,text-identical (encoding/EOL differs),141810,137760,,,,1341402577,4698ea2f9120500c599ab1ac50389c886402ac10505dbb105aea6a0e33175793,ba39a0789bd7d55f25df35adb18b6304937ee515635bd0364346884b2565ea69
XGamebase/src/libs/png/pngrutil.c,XGamebase/src/libs/png/pngrutil.c,normal/shared source,text-identical (encoding/EOL differs),90437,87436,,,,1341402577,7d662b83d2195727b7ab6bee242e939f1397cd903e2cd95f8a4b9a1ac6ee2f97,4adb9cf18a65b1277e48c08a900919c21a83b8d9c1217142f991d6e3cf0bd7da
XGamebase/src/libs/png/pngset.c,XGamebase/src/libs/png/pngset.c,normal/shared source,text-identical (encoding/EOL differs),26352,25515,,,,1341402578,01c001fa0853885400c9b16aa825b4423f17287d8e11c68a47db63c2325bec39,350ee6f54133fd127f81912ddb10f6234c62e4c510cf7f214536a9c4cfa0c53a
XGamebase/src/libs/png/pngtrans.c,XGamebase/src/libs/png/pngtrans.c,normal/shared source,text-identical (encoding/EOL differs),19897,19289,,,,1341402578,90c117f05a47c39ae637d01337771b036d68f2f28437108d7f33e4c59ba818df,8b643ce744cc719209ef1b24ba3a49217107d505fada66a7ea8e977a011731a1
XGamebase/src/libs/png/pngvcrd.c,XGamebase/src/libs/png/pngvcrd.c,normal/shared source,text-identical (encoding/EOL differs),145382,141528,,,,1341402578,ef5ce4c8cacba332fdedccc23c7b85b37f296dfe97de83eaec1ba38a151aa3af,d4dd08d9bce27ea0a8f76e87b558f0b76c8f8564c03bdd92b55e26dd847bc2a4
XGamebase/src/libs/png/pngwio.c,XGamebase/src/libs/png/pngwio.c,normal/shared source,text-identical (encoding/EOL differs),7651,7425,,,,1341402578,db09feaf9d99da4cad57c5e21027d094db55b243583b2bac0ecc64f8995fd6dc,01afbcf16dcfabf903d1de71eaf2b6eb6868b4be4d8b87347e9443cba7d42927
XGamebase/src/libs/png/pngwrite.c,XGamebase/src/libs/png/pngwrite.c,normal/shared source,text-identical (encoding/EOL differs),44932,43600,,,,1341402578,803b6fd0ade22ddfcb474997b22b87f4d877c19b56139d2cc98ac696c1bfa9b6,aa703910a5accee82c9058ac9a8fe32c2b970e92c091e1dae505115aa99bfd7f
XGamebase/src/libs/png/pngwtran.c,XGamebase/src/libs/png/pngwtran.c,normal/shared source,text-identical (encoding/EOL differs),15517,15017,,,,1341402578,d582528ace64c960b1c32b67a5cecf4ed73b184dd60b8864675fa00f1893e473,0889e610b0c5f8b682e89e118ba0391132e4fa4cf79051180cf8c500f6558a16
XGamebase/src/libs/png/pngwutil.c,XGamebase/src/libs/png/pngwutil.c,normal/shared source,text-identical (encoding/EOL differs),81732,79125,,,,1341402578,3705f19f798a42b3485d55a6ade4e60c910edcbe1bcad8e75f1acb40e0c7bc54,4bc4be937fc09643b505580d225a0d4933777fc6f6c28123938c8a0492a3c6fa
XGamebase/src/libs/zlib/adler32.c,XGamebase/src/libs/zlib/adler32.c,normal/shared source,text-identical (encoding/EOL differs),1293,1245,,,,1341402578,ee7f59dfcf9fe1fc2441f2ada7d22656333810cba2493d5868ec98206de0bb36,bb15ef9fda3d4d326b8b6e9e84e4a9f74b41576be421800a123d00478e914dbd
XGamebase/src/libs/zlib/compress.c,XGamebase/src/libs/zlib/compress.c,normal/shared source,text-identical (encoding/EOL differs),2204,2136,,,,1341402578,7d9d3260797d86223ebff944ac3d3459fd84eb4086d6ed849b3dc97405c56f1e,52423a5208259ba5645c3e9b82564b215d0fb4b24d16f5eeeddf91ad173c04e8
XGamebase/src/libs/zlib/crc32.c,XGamebase/src/libs/zlib/crc32.c,normal/shared source,text-identical (encoding/EOL differs),7136,6974,,,,1341402578,b17e063aa73ee8c43f4865381faea149a7013add2ed95169ab57e97d65e561c4,91517e3ec59a1af53370ab533af809a0a1cb5064de0b7f26c49460815a252580
XGamebase/src/libs/zlib/deflate.c,XGamebase/src/libs/zlib/deflate.c,normal/shared source,text-identical (encoding/EOL differs),50333,48983,,,,1341402578,c06fd141a6cea8cf4c5cf1ee5580096ed83a662f690b61ba9371ecbcbadce76e,ff820d58faed4323bae46aebf454d18c9b8dfd16050da3decd78ee2c546249a2
XGamebase/src/libs/zlib/deflate.h,XGamebase/src/libs/zlib/deflate.h,normal/shared source,text-identical (encoding/EOL differs),11925,11607,,,,1341402578,034cbef025a0b9f0376bd403e7265cfc8e48524a61a1d8558a50896bb5bf2a17,cd21f799dede43d2e38498cef3f022427f1866be826d3ed7bb99e7ec20df0e69
XGamebase/src/libs/zlib/gzio.c,XGamebase/src/libs/zlib/gzio.c,normal/shared source,text-identical (encoding/EOL differs),26616,25741,,,,1341402578,46c17eab7da3d6c71d669fa4e35a3eea68c9259977461b95e154053f7a744e45,7243b471eac9e6ca2ae9f9b9ed445786216676b165f14e48aa776f005473ef39
XGamebase/src/libs/zlib/infblock.c,XGamebase/src/libs/zlib/infblock.c,normal/shared source,text-identical (encoding/EOL differs),12750,12352,,,,1341402579,9de58d859028c1846d966c60f02b57621ae020a0811938d6e528fc1650b6eac6,ba062cff2a248ce95062bc0f7f713f3fe70a276d13ba5566b0be51e8af1e7d18
XGamebase/src/libs/zlib/infblock.h,XGamebase/src/libs/zlib/infblock.h,normal/shared source,text-identical (encoding/EOL differs),1253,1214,,,,1341402579,106568d39deab46ce948b43b5d644e08ae5a6a5a448907de0fe79586cc8713d9,c74668be73c56e1adda6ff9da06132330d9c4a7479232339dfc4e0f3bf703ff8
XGamebase/src/libs/zlib/infcodes.c,XGamebase/src/libs/zlib/infcodes.c,normal/shared source,text-identical (encoding/EOL differs),8052,7795,,,,1341402579,165b28451c944c28bf43e2ba76649ba7ca47d510c68c9f5c8c2b599ee21850f1,77d7f9a0ca839931e3d1d2a16648233f4ea048292c183607d18ad90b9080ff33
XGamebase/src/libs/zlib/infcodes.h,XGamebase/src/libs/zlib/infcodes.h,normal/shared source,text-identical (encoding/EOL differs),764,737,,,,1341402579,d653348f280e5dd744a041b647670d67304f511fce0e8a35df66c55f15083bb9,83bbaf1225242b86b9ad4078993ba224a73eed777553955ad0c958a9cd840928
XGamebase/src/libs/zlib/inffast.c,XGamebase/src/libs/zlib/inffast.c,normal/shared source,text-identical (encoding/EOL differs),5815,5645,,,,1341402579,a289635ee4f104c7d892568de24cee00cd658503608b3ade4173fa313ad62440,dc25c1a8c7de256437605a9dcb4356b23ef6a785529fe9beb782abd23d0bb4be
XGamebase/src/libs/zlib/inffast.h,XGamebase/src/libs/zlib/inffast.h,normal/shared source,text-identical (encoding/EOL differs),505,488,,,,1341402579,995356c2998fe7a178f17e420494b2457a3beed9dae68c2962fa97727e5ca3f4,6f2bae64c1838cbec06bc481e6a7d0f36bf47ad7eb66c1777cd02754cde6dc4f
XGamebase/src/libs/zlib/inffixed.h,XGamebase/src/libs/zlib/inffixed.h,normal/shared source,text-identical (encoding/EOL differs),9079,8928,,,,1341402579,cc65861871b1552d5769cea8b6eb5dcdd4b5e151b32aa6a7d376cacce9268c83,2a28f6ec7a9042b31ee2f214aff62a8ae9ab079a584e278a8e7e0f156b329d9e
XGamebase/src/libs/zlib/inflate.c,XGamebase/src/libs/zlib/inflate.c,normal/shared source,text-identical (encoding/EOL differs),10022,9656,,,,1341402579,19a67f70bac26399c1548908ffda24e203db8de84da84e0c57377539d965e5fd,fac42b9bfdcd2ff4751e642a518dff921ae5a79a22f7eeda73845c803a89a623
XGamebase/src/libs/zlib/inftrees.c,XGamebase/src/libs/zlib/inftrees.c,normal/shared source,text-identical (encoding/EOL differs),16529,16074,,,,1341402579,c46274fda54343b87c1dfb840de27641240e20a6a5afb694b1ac796383cf4940,ceb90191ca5b2bcccdfe3cfc3af92d3c6ebf6d4a2130c7c76989c32b6870c98b
XGamebase/src/libs/zlib/inftrees.h,XGamebase/src/libs/zlib/inftrees.h,normal/shared source,text-identical (encoding/EOL differs),2674,2616,,,,1341402579,49ca85bb211bfeb5183d05cfe3bbb53a6e8709fa0b67545dcc6d1f5987455c87,c5fd84fc82e7aef32d4a7867cca4355d8ef50609449ce7e6a13b8348d29c2971
XGamebase/src/libs/zlib/infutil.c,XGamebase/src/libs/zlib/infutil.c,normal/shared source,text-identical (encoding/EOL differs),2086,1999,,,,1341402579,3b470739e9b068ce62c3e91f23d2f6128249dad6aa60866993c6beb828651327,2b1cd432c533d614ab6cc0d36f1a1df24a42c4c77d63267f69d22fcc0d6a58b3
XGamebase/src/libs/zlib/infutil.h,XGamebase/src/libs/zlib/infutil.h,normal/shared source,text-identical (encoding/EOL differs),3777,3679,,,,1341402579,0a7cf77514ba641e679327874a8e38a59a7f57406c3420d0448ffd245c0d25c6,deeba500856766334ff3b8f7e0ba03fbf1aaaeb7ccf9325d93163dc25f9bbb53
XGamebase/src/libs/zlib/trees.c,XGamebase/src/libs/zlib/trees.c,normal/shared source,text-identical (encoding/EOL differs),44886,43672,,,,1341402580,57f163585407e3e96fc13eeb710621709112a345be35367627be658c9f65ec25,cfda553556f3c2461c2fae7cf7dcb6aa61a256d6694855694cd8709f93f9fb2b
XGamebase/src/libs/zlib/trees.h,XGamebase/src/libs/zlib/trees.h,normal/shared source,text-identical (encoding/EOL differs),8572,8444,,,,1341402580,4272f38a89ac7cc668ade59847fc1061b55c4f738d809c29cda0949d5bb06414,81579041310716219bbbf7c98849d91f5aeabdd7eadb1f8e9d7e2aa57724b58b
XGamebase/src/libs/zlib/uncompr.c,XGamebase/src/libs/zlib/uncompr.c,normal/shared source,text-identical (encoding/EOL differs),2039,1981,,,,1341402580,3532292dedef8e54cd1d4e897ddc51cf98e1ebbcec09035707ab538d15a42bad,4f771ea1070726e0e2c3b16dfd95783049c5bca4b0218d23db8ddfdd87ba1e97
XGamebase/src/libs/zlib/zconf.h,XGamebase/src/libs/zlib/zconf.h,normal/shared source,text-identical (encoding/EOL differs),8089,7810,,,,1341402580,3e5b326d96e5549e075d1cb50ebc07aba95348fa84b312f163e52afac35e199f,dbe9ae846474d91214e1ce15a56502544194c84550ad0ff24df755582c50821d
XGamebase/src/libs/zlib/zlib.h,XGamebase/src/libs/zlib/zlib.h,normal/shared source,text-identical (encoding/EOL differs),41791,40898,,,,1341402580,7a13097001709cf69d7f1b7649fb6e93672164d92672b6f7b25fd43d3f220e49,56ff7663df8470fddf2e64a4a57da1d4e17d041f0b895a53ae5fab0d492d7e0b
XGamebase/src/libs/zlib/zutil.c,XGamebase/src/libs/zlib/zutil.c,normal/shared source,text-identical (encoding/EOL differs),5457,5232,,,,1341402580,55b01bc8aebb448c7cebc03d9db8a12b7357370f5221ea94684f57c5c20e275b,535eb344c5d7f87b69c8927264aff58e65f644ea43cbf99715b0e96f2bb34364
XGamebase/src/libs/zlib/zutil.h,XGamebase/src/libs/zlib/zutil.h,normal/shared source,text-identical (encoding/EOL differs),5780,5560,,,,1341402580,90463dc0b6613745904e430fd127e8af942f81ba55d325ce266ca65ca7738e82,d8b262446485f4869caff5a51aaffa8662d50372a435fce2caf65dd6bd9ede6b
XIGAADWrapper/Registry.h,XIGAADWrapper/Registry.h,normal/shared source,content-different,6126,5833,2,2,0.992754,1384269400,732c72065b404c99e4ab76ddaf090a32c0a3af7ee5f5bc1c05ace678954de2a6,4ae481c2ede07612588905e54c664cc979e42cb89b2bb3ea565564e3b483ed4d
XIGAADWrapper/XIGAADWrapperCore.cpp,XIGAADWrapper/XIGAADWrapperCore.cpp,normal/shared source,text-identical (encoding/EOL differs),55804,53862,,,,1341402582,d0b2bbf0d9201597fa96156feb8227921a9a6a3879bc774831df49fd36594007,35501e7275150df40ed80f32419e2ca3d3592058501ce316695472cfdd27e7ce
XIGAADWrapper/XIGAADWrapperCore.h,XIGAADWrapper/XIGAADWrapperCore.h,normal/shared source,text-identical (encoding/EOL differs),5340,5142,,,,1341402582,aae70313fd2d7f43c0ec8cd892a57054f3c5e6f065894081ecc0d57e129fcd34,03c44124011d7c0e4e0a9b37de872d2772c2ced87a25c6854a4eda259c5e2ff0
XIGAADWrapper/XWindow_BinkStatic.cpp,XIGAADWrapper/XWindow_BinkStatic.cpp,third-party/middleware,text-identical (encoding/EOL differs),10239,9821,,,,1341402582,d0838cf05ab981f00dba52bac83b0d167abc31d72199e5cb43e8ca27a6baef39,1d33623edc087aa06673b71c080369e76baf6121aace19baca54be2cc715a4d8
XIGAADWrapper/XWindow_BinkStatic.h,XIGAADWrapper/XWindow_BinkStatic.h,third-party/middleware,text-identical (encoding/EOL differs),1666,1595,,,,1341402582,188acabe01e4dd20149b5887a76e45b566cab7baf8932cbbe178e8f1a2ff8b4e,fcab7381448f9fcec517d99e8f5415fc49adcb4bb81c614ea78d7ce04ae8559d
XKernel/d3dfont.h,XKernel/d3dfont.h,shared engine/internal library,text-identical (encoding/EOL differs),2515,2438,,,,1341402582,5e34d413b3ae9ee5f3de01442b0cfc7073e5436a2d6729ecd5c3eb5b33e20f51,f0cfd3a9f54644513ea9ddbd01ea30d3fdbfd8a2293fdb3aa46106925bfa433e
XKernel/d3dutil.h,XKernel/d3dutil.h,shared engine/internal library,text-identical (encoding/EOL differs),7172,6996,,,,1341402582,bca0d8f8b47210e4503f1650198f956c2f5caae361004b2e98ed05b9fddb5a6c,452efd13c9a14c6db80d95f43c8e3c382d9f68f1f65c83046c9e873f95e9314a
XKernel/dbghelp.h,XKernel/dbghelp.h,shared engine/internal library,text-identical (encoding/EOL differs),84967,81942,,,,1341402582,96a0721e943a046dc3389e6fe5cc193a5536bb5f841c6c2499dbe5432efcb452,3ae4ecf1d9eb49b01d2e34f38ebfd0abebbea6028483790f10d42b7949ff0d63
XKernel/dsutil.h,XKernel/dsutil.h,shared engine/internal library,text-identical (encoding/EOL differs),6753,6571,,,,1341402582,80611ff5334212db6c30b6774273cc299c32b4a0f1199e95341839ba6a46230a,919f77bf4019455a2d5fa8ee7e40b3096165f7f6b59db7d37e828700dba4b674
XKernel/dxutil.h,XKernel/dxutil.h,shared engine/internal library,text-identical (encoding/EOL differs),8220,8043,,,,1341402582,82ecf5c0447b2d8bf118dac2c71117a6ede56526507dadad799c7f0ab2c67029,2f05c6a05ba8c7b7fe9c501f7f7b98addfc2ce2d7bb1d41ae8cf5c88d9c13932
XKernel/LoadThread.cpp,XKernel/LoadThread.cpp,shared engine/internal library,content-different,17154,16428,3,3,0.995658,1384268727,786fb87779bf72f2cdf4837b614f42964b48121a4115775308a9bdad40af55ad,e2e07201eb43507a9e33e20beec88ddc4644c1b7f27fbb66eaebc59eef1d08f2
XKernel/LoadThread.h,XKernel/LoadThread.h,shared engine/internal library,text-identical (encoding/EOL differs),2687,2568,,,,1341402583,e78913546c00e129d3124ed4583d9c18d1b2744e8d3fd9eadbcf20df93a1bcc5,6c4d43c5b1acea78c18800a624fdf7d5854656612c3169da050d0a2fafcb9a11
XKernel/mssccprj.scc,XKernel/mssccprj.scc,shared engine/internal library,content-different,352,291,,,,1341402585,e536cd9e208972d4055f0a608aaff6cac95e38dbaaea45f6f859e5ae082e6d45,9342c41d9740f6630837c6fbf24eaa66e55a86f52dd8ca99b5d478d358ecfd93
XKernel/X3DApp.h,XKernel/X3DApp.h,shared engine/internal library,text-identical (encoding/EOL differs),7520,7335,,,,1341402583,f10b77106cc39715fbf429dedb2fae6f1048861b509da5eeaa1d1d9535b18ce8,ddaa0429ed50298eae7535dd1417aacadcf3828f7bdf5ec0bd0f335b207a14d0
XKernel/X3DSettings.h,XKernel/X3DSettings.h,shared engine/internal library,text-identical (encoding/EOL differs),5345,5230,,,,1341402583,176cead2ecce5973ae73a70e8b690ff82f691738e61f5a1303f2a28fed67981f,407dc067e0a938625d17e6bea7ea3ff8998807868840acf44781a20162e42a12
XKernel/X3DUFont.h,XKernel/X3DUFont.h,shared engine/internal library,text-identical (encoding/EOL differs),1364,1321,,,,1341402583,33daae468e869c543c7cc8f3283324b99466d7e6f58b6fbf640a8ecab6e364d5,d494b60826368dd2cd410915a570de717b4b5847126663ad80eb942fa91b502d
XKernel/XBallGauge.h,XKernel/XBallGauge.h,shared engine/internal library,text-identical (encoding/EOL differs),1684,1613,,,,1341402583,a7aab2a459756d2ef31fef9ed841fc07f72184119778e08921cf79d50656e70d,8cc65347f9fd4077793e3fcfee88f1df11c780d37c318d7732afa918b86cd3ae
XKernel/XBaseDefs.h,XKernel/XBaseDefs.h,shared engine/internal library,content-different,4599,4434,1,1,0.993976,1384276234,212c4d2ea5aa18eb0c088ac683a86a6ea8f2d5f991e76a495bdbbaf9a50392de,8a6bb248061a86290edd47d62e0784ff3d17fcf26ff3efc714bc4b8519d4b158
XKernel/XBillboard.h,XKernel/XBillboard.h,shared engine/internal library,text-identical (encoding/EOL differs),2276,2197,,,,1341402583,44ea88c0998e2ad0d8251a9008280feac66df31d3f32626e7c6d663cf931433a,7c4f403b5b8d2d33874d81d410ae8112cc5767fb47760064479589b970c1e0c1
XKernel/XButton.h,XKernel/XButton.h,shared engine/internal library,text-identical (encoding/EOL differs),4063,3909,,,,1341402583,1b91e5b7d37cdb3bdc7722756a9848509605dc0f59854c7a7c795fe734ae6f7e,4b8ef911affb95bd57130583bdf3aa4a3130e13bd1d35df74cea50c4e20d07fc
XKernel/XCamera.h,XKernel/XCamera.h,shared engine/internal library,text-identical (encoding/EOL differs),2242,2157,,,,1341402583,042ef14d4724facef51fa66a949df29309182caedd2419b0da488016ae867f8f,589c0080ac1ec9469947110b4bf503727f6f2ac58aee82a8d9d1e114ab59ee6b
XKernel/XCheckButton.h,XKernel/XCheckButton.h,shared engine/internal library,content-different,3756,3711,0,1,0.996364,1341402583,8c39406e0220700ae92862380007d5eb1d17ef8c37413a7f68bb343f4b07da76,b796e3c3d22526340e0e92f13dc761cbd00c74a30d8a08a4d5e9a4ca7958a494
XKernel/XCollide.h,XKernel/XCollide.h,shared engine/internal library,text-identical (encoding/EOL differs),4259,4148,,,,1341402583,7192f2bc142af3e82cd287da99cc78805f87f8168d8871c334a6b22ebd7fbc03,c32e2a8185010f3dc6dbdeb4b6e303a4b7ea4bf23b56d042e19b57093d7e7b82
XKernel/XCollideMath.h,XKernel/XCollideMath.h,shared engine/internal library,text-identical (encoding/EOL differs),2484,2444,,,,1341402583,eca36d83a62c99a03892f7e63f3b2f54552b2cd9703046c95419d07261d5aef4,9c253aa62129ae78e727ccd57a8460a6c9ce823d7e5977eb78309c7c46f1d1d6
XKernel/XCompress.h,XKernel/XCompress.h,shared engine/internal library,text-identical (encoding/EOL differs),635,610,,,,1341402583,8adb00976205cfb66508b67a1699b6904c279f185cd1be301d9dd3a5590e05c4,636e39f4364464941d7c5f5f3cf480b44aed80b46bd2e8e2ec66f8c01f9b7934
XKernel/XCrypto.h,XKernel/XCrypto.h,shared engine/internal library,text-identical (encoding/EOL differs),13086,12582,,,,1341402583,9a275a64d47465bf202e8fd1bf60cf1b54035bb24778502bdb19698e9e8dc2e6,65fbc0364347d4c819c2663373349c520118a6a3e9d80c05d79e655294c10c18
XKernel/XDataPool.h,XKernel/XDataPool.h,shared engine/internal library,content-different,2546,2320,6,2,0.968254,1384269401,5b5455e71fde4785e5a8562ba811f4289b8637188a5df5ad843f730bf3952bcb,66a43b8c76f0393842fe9d96b878a2393a9f50eca660d0b6400879acc3a78b9b
XKernel/XDeviceEnum.h,XKernel/XDeviceEnum.h,shared engine/internal library,text-identical (encoding/EOL differs),5202,5063,,,,1341402583,1862a33ef7bc5841f15b0837f3d0c8123f231e3a48225709fed8065ec198f580,760baae0e63a6ecb0c94128910275f929c4fd5bd7c15f6b745422e7b9d81d1cf
XKernel/XDialogs.h,XKernel/XDialogs.h,shared engine/internal library,text-identical (encoding/EOL differs),626,605,,,,1341402583,530327df00fbf49d47f45dbd8566dc30303ed8a8d82f28f7270de1857723ad90,54d46924a6961ce8d84da98a8dab9ffa2ba5ea9b17135efde0cd8878d3b7440c
XKernel/XEigen.h,XKernel/XEigen.h,shared engine/internal library,text-identical (encoding/EOL differs),3086,2985,,,,1341402583,28ef79a5034fb8821d1e2fe183d11b882210a1b4887c727db9cd8e8e5a855f43,a85b12e5c7c69f04cb3d523283d4d44077d03e9edf35402338908cc6a8017bf4
XKernel/XEncryptdata.h,XKernel/XEncryptdata.h,shared engine/internal library,text-identical (encoding/EOL differs),2153,2090,,,,1341402583,1bab82d55cba1bd38fdad33300ab573305fb613eb4eb226052b016b8a10a9318,72224a6010c1f244269d3144c90a1a828ac4be557886a6f1670914f6722d2f42
XKernel/XEncryptor.h,XKernel/XEncryptor.h,shared engine/internal library,text-identical (encoding/EOL differs),1280,1234,,,,1341402583,5a80aca57c384082d2517d12b0231ab9af9ae22bf306f165601aeccc6348a8e4,4056b95e615f5d2bbabfc90118743a7a9d9db8054ea50d5d7a1976fb3d5bbc50
XKernel/XError.h,XKernel/XError.h,shared engine/internal library,text-identical (encoding/EOL differs),407,391,,,,1341402583,f1826c284a59d8bfaf849dc3e1785ca3a9af167aa512522d03931f4e9292b980,c927d3ca932bf3ce18790829a860d706b5b7f5339cca2d634c5dafcedf71cd46
XKernel/XException.h,XKernel/XException.h,shared engine/internal library,text-identical (encoding/EOL differs),1419,1356,,,,1341402584,589214bb1dd33019caad6f5b6ddfe01af689934f44eb39acd49beb5accd2ada0,a4aae021352100f6bfb4d56190c08f96b6c92d1c09d1441be372d66679399011
XKernel/XExceptionHandler.h,XKernel/XExceptionHandler.h,shared engine/internal library,text-identical (encoding/EOL differs),1587,1538,,,,1341402584,8710c6a2ee5c6dd74ca094b78cc84f627e1c74d34773ea3bfd9f5d0b8eaddea2,0ae2c752264f85dae3f89348cefde32a34272b254d8ad50ccc8979abbcf904b9
XKernel/XExceptionReporter.h,XKernel/XExceptionReporter.h,shared engine/internal library,text-identical (encoding/EOL differs),477,464,,,,1341402584,7c1fc66bc414208dd31d81fa34e8aafaee5062aeac6d244a87bff88e5d8ab10d,46a02f163b623bb4ec24aa85976aea84941e387507e4f238396485ea25d62aa8
XKernel/XExternDefs.h,XKernel/XExternDefs.h,shared engine/internal library,text-identical (encoding/EOL differs),8815,8584,,,,1341402584,c8bcf790bf7fec0cdc95c5e8742f975589d67eef9a298dd150ec88a605ecab0d,3e6c30ed5235ca1655b6e589759109a9b74561adb70ae4966316c3dd0a6bbfe0
XKernel/XExternValues.h,XKernel/XExternValues.h,shared engine/internal library,text-identical (encoding/EOL differs),8686,8452,,,,1341402584,32f000c4692186dcb628adb51fce76ec944c82954dd5f31467e863c505845545,72bf2f4da334bae60837211027e6c9492423e9f5f40328d54d41b4529fe7b45b
XKernel/XFastCode.h,XKernel/XFastCode.h,shared engine/internal library,text-identical (encoding/EOL differs),1594,1561,,,,1341402584,6dfe0afdf943d3f495f49bf989d553b0017e874598666ec17b9c71a94bc1d7a1,e491daec2ee3728f5eb4830a2c8f94096b7ea441e308f4807967ad340cfa6ef7
XKernel/XFont.h,XKernel/XFont.h,shared engine/internal library,text-identical (encoding/EOL differs),11645,11234,,,,1341402584,6c756ae352c3a43f760f2aa57cb4ca4a145192e5c50c0f4b92a40674496a8ae3,ee4a929ef5d1227d871372935f701d135582edc98fc0fdbcea4b76b7e305ccd9
XKernel/XFunctionStackTrace.h,XKernel/XFunctionStackTrace.h,shared engine/internal library,text-identical (encoding/EOL differs),267,258,,,,1341402584,b5a93a2083014ac2c14ca626a3ee9d77b736861dbd04c28a90c6e9d1f41ce73e,d75e8a2bb206a5704b12efd4ecfaca55008ad59b8baa50fcf00d48017a78eb55
XKernel/XGetWinVer.h,XKernel/XGetWinVer.h,shared engine/internal library,text-identical (encoding/EOL differs),1128,1079,,,,1341402584,4765276e7c773bed5f13adf3b128ec1522ecbec16d73b68dedb5a71f14c24557,4be647c9fafd5da852a30d890fcfd9d4d8eda9949b9350d9d0af5fc92ae32d93
XKernel/XGUIControlCenter.h,XKernel/XGUIControlCenter.h,shared engine/internal library,text-identical (encoding/EOL differs),4991,4867,,,,1341402584,f2f2c1ed86b96c2e8bf7e173f409ad5b5ebcb62d133233d63490b2bcbb78ac9f,b008f5e00b878aecc7fd1d0c442163c999c768acbd8aa123e76ebfde77ccff5a
XKernel/XGUIObject.h,XKernel/XGUIObject.h,shared engine/internal library,text-identical (encoding/EOL differs),1933,1865,,,,1341402584,5d2631325331250f8306bb67484eb3d37bbb11a4a3c6a8be7131c077d6a26ee8,409822ca0e1c26973637227ebad7ac8da5b11c3117c54c82f17b9a6d688d5832
XKernel/XHSlider.h,XKernel/XHSlider.h,shared engine/internal library,text-identical (encoding/EOL differs),5029,4850,,,,1341402584,9ee83c54c9e5f68acf5ee8fa9bf32640af714c8928416a49173ef6271ee89ca0,ac83240d1ff6978bf207ec07319c8b95d539018a1dbbfd3d91c638c6d8f79633
XKernel/XImageStatic.h,XKernel/XImageStatic.h,shared engine/internal library,text-identical (encoding/EOL differs),3093,2972,,,,1341402585,799dda09869526070f3dfa615e31f20045b7997825d0b57f6e949fc5b8d3111f,a7a181b15777d75ea8811258d704258edf1cee99de9b2bee08d17492ff28d127
XKernel/XIME.h,XKernel/XIME.h,shared engine/internal library,text-identical (encoding/EOL differs),17609,17118,,,,1341402585,bd588e3242f897219fa3e55d0fb5d526bcf40636a26fac3aed373296b86db344,8ed3cb280f6b39812de33b6026478c30d792df880f337df8dc65663c98536a76
XKernel/XInput.h,XKernel/XInput.h,shared engine/internal library,content-different,2867,2814,0,2,0.991304,1341402585,7ed66042f7074de52c89cf984611a1a0ad123fbc6a98257d24bceacdbaaf8a77,a22b8368970e8f4e2c8ac44aad6cbef9cc307c44cc94c49eece0a50bbadf9659
XKernel/Xitem.h,XKernel/Xitem.h,shared engine/internal library,text-identical (encoding/EOL differs),401,384,,,,1341402585,f9fd9dd3bf75ef25db2ae7091df195b38824c1a0c23c220aa7f4f11f2384938a,ec551f8a4e2749357c00d1e4465058edd69a4b9deddce515369f8d938fc42c5c
XKernel/XKernel.h,XKernel/XKernel.h,shared engine/internal library,content-different,67934,71783,34,148,0.937926,1387052145,7f867f2482efb2f2aadb5ce88a4c6a5fea7013d6c8978d7f094e396cce14256e,a0efa983360d7ae86cf6e10a6e07b90b24778248d6bfd1292f9b8eaf1096a2c6
XKernel/Xlist.h,XKernel/Xlist.h,shared engine/internal library,text-identical (encoding/EOL differs),1518,1468,,,,1341402585,674eb1b1496ef2d9e04b619baa9640cabba401f95ad99e7431959d58cc1a4499,1f1bdd0d61e77d4b9d9f39be13f560b28048eddbceaff0bc15f64d84b39ec29d
XKernel/XListBox.h,XKernel/XListBox.h,shared engine/internal library,text-identical (encoding/EOL differs),10242,9940,,,,1341402585,95f0528f4445d9313841740b133062fb812f8b9f15ef6df7f0987e61f39953bc,5294dcc731d6b043781e12572187ca0168579decacb589b178c1866b4c04d0df
XKernel/XMemoryPool.h,XKernel/XMemoryPool.h,shared engine/internal library,content-different,2379,2253,1,1,0.991453,1384269401,87313979921d80f40f3d9b69bf5c80f352d396e59a7f356b23a6f74768499075,1f5dd656df34b24c68ebcfebec3c0156b2ba007a7fba7f44328b4e96a3242344
XKernel/XMeshMath.h,XKernel/XMeshMath.h,shared engine/internal library,text-identical (encoding/EOL differs),8857,8637,,,,1341402585,d0fc5ce856b18bcef1667d41e1bfc2039e10de470959cb1f6e8269b2d62b3abb,4e8f8ea33a8eb6d0308fdb0c05c0337bd8d9342d71b02b1d83590bf37da451c9
XKernel/XMiniVersion.h,XKernel/XMiniVersion.h,shared engine/internal library,text-identical (encoding/EOL differs),1067,1023,,,,1341402585,6bf8a9a873395fc00c9e3fbc48a18dbde911f959d050244351568a979548cc82,6b9870ea7f5effc4317b8088528b2f036d9b8a9add9503a8080a0cd0b501a1f7
XKernel/XModelContainerDef.h,XKernel/XModelContainerDef.h,shared engine/internal library,content-different,12242,11715,3,3,0.994106,1384268628,4b36d7efa0184b802aa1898dd81b3375ca663f29b66905370671efec046554cd,2c1b1087c380df4470d158dbdd644ebb04b0b8253c91deb108e99526e991db08
XKernel/XMString.h,XKernel/XMString.h,shared engine/internal library,text-identical (encoding/EOL differs),2247,2167,,,,1341402585,a1599368c378ffd6c8bc3d684270b28d47310da761c2a34bec7a230748843009,49de8a4346561de641893adbfc1003e8c1db07d68f845759936d09aba7a50110
XKernel/XObb.h,XKernel/XObb.h,shared engine/internal library,text-identical (encoding/EOL differs),4428,4261,,,,1341402585,1d501f84e69f94decad4a742460917a60fcfe23717ebb115efeeec5e9124ce17,cbdab58366026dd8e5d4be89bf48c40c9ce1b98a188263d634ae04f18abdf452
XKernel/XPackage.h,XKernel/XPackage.h,shared engine/internal library,content-different,4898,4964,2,22,0.945701,1410635949,a2b524d71740b13c2c240448c03aaa5e2f00673ceef85eebbea92c7eee9bb9a8,0e0a5bafaf03282475581723d9ba56c29a1b799ac190275086165a838a2cb1d1
XKernel/XProcess.h,XKernel/XProcess.h,shared engine/internal library,text-identical (encoding/EOL differs),5197,5035,,,,1341402585,d35d43f365c772036d83704045f729ba05a13b4ac50eb85af15c1ff5d58dfdde,3a5a761c857f7937c4caa7d36c19cdf37cdcd08b3322fb0f8f77d1eb7936aa03
XKernel/XReference.h,XKernel/XReference.h,shared engine/internal library,text-identical (encoding/EOL differs),402,383,,,,1341402585,765e73f3ab59dde729bd97c85467f601b586e20b2927d85f1e08eeab975826ac,7bcdf5e1bb6d9e8316edaefe9a06a258d504a7f2f90b3b7e3dde3b2b0a5eabad
XKernel/XRegistry.h,XKernel/XRegistry.h,shared engine/internal library,text-identical (encoding/EOL differs),4307,4170,,,,1410631647,bf2f264e44aefce8c3b63ebe0047e88c9f8c58a5bc8cc97f118cc7b3ad84b84e,069c89dafe456af690f276a00230a6f094c5f1ec4f270a301541f399c967b7ba
XKernel/XRenderStyleManager.h,XKernel/XRenderStyleManager.h,shared engine/internal library,text-identical (encoding/EOL differs),10698,10299,,,,1341402586,c1ac703abc5f980eb49bfb7fb107ccc07fe3626bd909d1b1e2642fcd07656004,45e9269dbbd2d94a285ef50b79077564427ca6c1278d1c992345d4fc08b1c25a
XKernel/XScrollBar.h,XKernel/XScrollBar.h,shared engine/internal library,text-identical (encoding/EOL differs),4713,4537,,,,1341402586,d9f22418e33224bdc3db01700040570d45bfd56d21d737de9d815c077335eecd,0c184d80346b347b55310220978c2e21b65089d3d397d39f762c46d1fa061b17
XKernel/XStatic.h,XKernel/XStatic.h,shared engine/internal library,text-identical (encoding/EOL differs),3581,3457,,,,1341402586,d9adf3454cfde2b241fcc3c88f97e5ef70b3048ae4f33cb917c4bd6c24964c6b,fab93de64319fefea29451d802e0b99d6b9c8fcf2b002f872e3a0281e63d2a24
XKernel/XStickGauge.h,XKernel/XStickGauge.h,shared engine/internal library,text-identical (encoding/EOL differs),4999,4805,,,,1341402586,f45eaaf66b90381b59384da46b5c77b4ea85e770d1fd2ac25eaffc44bc0c9f7c,dea21e4d2fc493f326fd9fe189c5bf0271bc5c4b7faaabf47e44cbe67c153644
XKernel/XStringDataBase.h,XKernel/XStringDataBase.h,shared engine/internal library,content-different,6139,5962,0,2,0.995327,1341402586,525ad5326509dec875324bfa448f726e1281f5bcd43e8fca90278c510065b595,d74e979a6998b6b7d4b326865da9ea2adae09b520cefa29ea85385f466c32349
XKernel/XStringItem.h,XKernel/XStringItem.h,shared engine/internal library,text-identical (encoding/EOL differs),1351,1292,,,,1341402586,63eb286bb1777e183ac12d0453558f86b62b6b891bb389ba58fc2448962cec43,f429205b12dcf4bf134f885702a22f5f9ba44bad8a6d95ba4268e553a1c1ff29
XKernel/XTexture.h,XKernel/XTexture.h,shared engine/internal library,text-identical (encoding/EOL differs),2056,1986,,,,1341402586,04949c1f2660602d790d5c8e12b6f67e9572eb52dd4bd46d631fe74272d68567,3f9f485b45d32feeda6137eb6199d637be158af5adfd678b963a4ad979f32598
XKernel/XTextureController.cpp,XKernel/XTextureController.cpp,shared engine/internal library,content-different,16657,16023,1,1,0.998397,1384270221,798fda9ab1d97fda5ca36656d3ff5aaee765dcf025485107c2b37b68a7fa28c7,e848ba14fe8d58a0664f9c137fc08cc3f93e8c54efa3b9ed354416d6370937ca
XKernel/XTextureController.h,XKernel/XTextureController.h,shared engine/internal library,text-identical (encoding/EOL differs),3191,3086,,,,1341402586,af386881a06c20a5f1d5c5c10082bbac4bb2db6cab48a63cb23d677b76635f00,11f1b93cb25d0136aa6ad54ff1f441a2100f3be3990d278a98f8c9076fea47d5
XKernel/XTextureManager.h,XKernel/XTextureManager.h,shared engine/internal library,text-identical (encoding/EOL differs),4380,4232,,,,1341402586,72472170642bcc4ec20bc02453b0131ef6af8b8a87f0dbae7417be1f2d2d65f1,f29e305779995b4fd094d28975840ff8077bde66cc2293908198661905211f67
XKernel/XTextureObjectController.cpp,XKernel/XTextureObjectController.cpp,shared engine/internal library,content-different,8005,7670,5,5,0.982759,1384268628,6ae22a2af060835ddf46e266e12a5518170feb6a4a48eba04a4a548ca4648597,517320e1ae3e12002bf4c4885823329866e7336e5b41ea0d459d96029a6ff415
XKernel/XTextureObjectController.h,XKernel/XTextureObjectController.h,shared engine/internal library,text-identical (encoding/EOL differs),1310,1270,,,,1341402587,61990b7c7665055ad7968766e4c97f6afdbe8933b1fa72be635e2c8b730ef9fe,e28c35dae32ce837f11e85007040b6cb7daa13b662270623756dc49e1c3eff5a
XKernel/XTimeCounter.h,XKernel/XTimeCounter.h,shared engine/internal library,text-identical (encoding/EOL differs),763,728,,,,1341402587,b3900d34dd308baae070e31866000d54c71e64bce384d3dd0babb0f6ab3decd3,52479cdd10ceafc4e47b6a5c14fc8f242d4ac478cbc73693a15ba01eb2f32a3f
XKernel/XTimer.h,XKernel/XTimer.h,shared engine/internal library,text-identical (encoding/EOL differs),1046,995,,,,1341402587,5064c68256ce94365adc6de7d65a778898e860b4c221db3e5f1f159c3b737a4c,c0a861a0a0628c6c98084aa86d8f42723a026508b220bafcc44034c5ff9693b4
XKernel/XToolTip.h,XKernel/XToolTip.h,shared engine/internal library,text-identical (encoding/EOL differs),3033,2909,,,,1341402587,97fa51bee91a5325149b4630849a0ed871b3d8960de5803ef74d9a54ac9b54a3,89580a9b2636e0481fbf1cf18445e3499aad0060379d2f8dbd0cc9a6bd406a33
XKernel/XTreeBox.h,XKernel/XTreeBox.h,shared engine/internal library,text-identical (encoding/EOL differs),8269,8014,,,,1341402587,3d880b71de2b2900496631401014218cfefb88c249ca442b1532c36a26a5a598,7cdee4d4ca9d3a2472ff13b0ab7540bb9123d1a18c603d7d5c119c54fd10ef06
XKernel/XUnicodeConv.h,XKernel/XUnicodeConv.h,shared engine/internal library,text-identical (encoding/EOL differs),2744,2617,,,,1341402587,901dd8dd235a53e07b67f1643312e741ca4357d0f932001765dd35239bcb6ad1,d34016e0b9062213edcefa02fa1e91c5f54c611aee2b6d9e2e0ec98fe1671858
XKernel/XUnicodeFont.h,XKernel/XUnicodeFont.h,shared engine/internal library,text-identical (encoding/EOL differs),6727,6492,,,,1341402587,7646d6e99ffaec60b1d7e03c097d37ef5a8315ccfada133aa5e8dc541b0ba46e,ff5b2971fed2db23b28cdfda16732ad08ca5625fbd617a55bc59367bbd4da182
XKernel/XUtils.h,XKernel/XUtils.h,shared engine/internal library,text-identical (encoding/EOL differs),524,510,,,,1341402587,1ca7b3602fa39fcdc92b1d7f42d6aad8aa4680ad0e3b7015209d28b39c18cfe7,3e102b324ff1203d8709c495486b277e27a408a6faff394dfbc895fd748db9d3
XKernel/XVertexShaders.h,XKernel/XVertexShaders.h,shared engine/internal library,text-identical (encoding/EOL differs),2641,2557,,,,1341402587,0d38b15a61cda4be96bb0f7da3f2061ec086a0cc4a05a84987e6baf2c8ee9a86,68bea92f5d966e114f73ea7b577e25b8cc39fd25c2687885e54eee5b47d2ea27
XKernel/XVSlider.h,XKernel/XVSlider.h,shared engine/internal library,text-identical (encoding/EOL differs),2885,2797,,,,1341402587,635d170de129db8e2b30510a6f0cb1aeef4450685e1d1646ea85e4d04412cdb4,b1994025821970f2f5079d129140a0b86a5f5699873f68021e6e8daf1263d339
XKernel/XVSPrintf.cpp,XKernel/XVSPrintf.cpp,shared engine/internal library,text-identical (encoding/EOL differs),13840,13197,,,,1341402587,8d6650e2458c035527700f1d821284edd43c040facd016776d192655e57a8d87,7848459855956e5ceba453f12731ad9276d094598fd492f53cc987e45895b2fb
XKernel/XWindow.h,XKernel/XWindow.h,shared engine/internal library,text-identical (encoding/EOL differs),6264,6062,,,,1341402587,dd6587b27f3d149bc7ac34c909da62c82da044a0682ce763678fad3cef03adbd,a6f7fee63cea6a9ecd7b4d5e04a020a925971fb52c718009d86dc297cb3e728f
XKernel/XWindow_IME.h,XKernel/XWindow_IME.h,shared engine/internal library,text-identical (encoding/EOL differs),730,692,,,,1341402587,36fd3ae67fb1434bf4df729e6759370c310dbcf5adc1206d15cb6e7ced796f1b,d7f1e5044dd35d6cb43c67cc31f8d11edf65d95ce604cf39e1600caebbbb1320
XKernel/XWindowManager.h,XKernel/XWindowManager.h,shared engine/internal library,text-identical (encoding/EOL differs),1969,1895,,,,1341402587,1342b03b0c6c110eebe2121f3a657ffaf42464edc4cb45647e8c3a2ea6c1ae8c,ab796bce9f2ccc57f429c68d7db0489692b4410346bc12465b957d5170afbe72
XMADWrapper/MassiveAdObjectSubscriber.h,XMADWrapper/MassiveAdObjectSubscriber.h,normal/shared source,text-identical (encoding/EOL differs),2165,2087,,,,1341402631,4c987a935a0e373beac490241d45644fd779c201a2c57822ae53e2a3af073ff4,3d69bcfaa4d24994bd1262917b6263dae829729972ed29adf95f00823c0d211e
XMADWrapper/MassiveClientCore.h,XMADWrapper/MassiveClientCore.h,normal/shared source,text-identical (encoding/EOL differs),2083,2012,,,,1341402631,873ca0efa8112370586b6ccfa0d889ff1b256fca1bbd776c46e72ddb39ee0985,e02a551eb3e41be32118614ba57b0d0fcb38aade4756bd4da65f2270787cc804
XMADWrapper/MassiveMediaTypes.h,XMADWrapper/MassiveMediaTypes.h,normal/shared source,text-identical (encoding/EOL differs),13501,13124,,,,1341402631,66def629ae9ab5eed7a84f42cac312d4174b0829f56167cf7ec7929421990888,514cc00e36363755dc1cd0b6758b168fc1e720b3f083d811d9ac53148be69bd1
XMADWrapper/XMADWrapper.cpp,XMADWrapper/XMADWrapper.cpp,normal/shared source,content-different,34855,33665,2,2,0.998314,1384267140,c79785a27b8d5e7ae483aa879beb7ba30839a9d8739347c4486e7ab2bdc9676b,3d20c390dea15ddf3f4e2c91f720f54e8594633c5b0abb2ff62b04da63b6e5e8
XMADWrapper/XMADWrapper.h,XMADWrapper/XMADWrapper.h,normal/shared source,content-different,3529,3370,2,2,0.987097,1384267140,8259f098227f15b6bfc99a86a999468c8e54a525681024b9340ca13f37032a37,0daeb3ae2be5e85389ea77dd293d521c1cdaed0e2f824c76ecfb68c19ec9105f
XMADWrapper/XMVTSubscriberObject.cpp,XMADWrapper/XMVTSubscriberObject.cpp,normal/shared source,text-identical (encoding/EOL differs),3055,2922,,,,1341402631,6ef7b6ee1917226b981bebcd38218f1b178c710a748f7e61b0d1fc1febb10849,c7bc5c08391ff6db33d2c7d64b8fb5dfb9c543ffb8077af6b54afb17f214152f
XMADWrapper/XMVTSubscriberObject.h,XMADWrapper/XMVTSubscriberObject.h,normal/shared source,text-identical (encoding/EOL differs),1862,1786,,,,1341402631,cdf399292aea9bfff56f3227e9c69ead8b6d862540ca79c33b6fb75cc88f841e,a948c8dfd89b6843341c38a51794397d095113689732acb2a289e565db2b2c25
XPacker/DirDialog.cpp,XPacker/DirDialog.cpp,normal/shared source,text-identical (encoding/EOL differs),29285,28560,,,,1341402631,0ef49f8820ae88a78cdd6869f2823ec2d74e3d47ba95c3b3c883f327f96c7996,adb4d5e5935b2f4e37a523fe211592de055c4edf720ccf5c8d4765df02257f93
XPacker/DirDialog.h,XPacker/DirDialog.h,normal/shared source,text-identical (encoding/EOL differs),1791,1733,,,,1341402632,5a20b1df2a7d1131a6dad0a1af35db22baa5f6e08721d3c337473719761c7474,561063e5cab7c658c5da4d2e853df07247b0f15150af4a8fb7691a5b7df07781
XPacker/DlgProxy.cpp,XPacker/DlgProxy.cpp,normal/shared source,text-identical (encoding/EOL differs),2984,2896,,,,1341402632,e76f87ee141a32bc136f4ff8eac4e266bd464e0b4c5e342e4f2b2042c6853dd7,a7f7608ee7672a32fbe604a06b5ce434b2f9e51609fb256b62f943b13404943d
XPacker/DlgProxy.h,XPacker/DlgProxy.h,normal/shared source,text-identical (encoding/EOL differs),1650,1589,,,,1341402632,61e9cfe68c1a4f7a7c3189ac76764302a74842d15f9991719322fa9136cee611,67aab57bd488851fbe4808e575964c1946f510876d298e7008b7526f7f3a05a4
XPacker/EditSoundListItemDlg.cpp,XPacker/EditSoundListItemDlg.cpp,normal/shared source,text-identical (encoding/EOL differs),2733,2645,,,,1341402632,195f117f0d3a6a294843753856d1384b2e18fdc1b840cb8f5d2055d35d1d7a47,dfa0b3b038710c74fb775a924a3dc0408a16ad69815dcb36cd0efaac42d03f30
XPacker/EditSoundListItemDlg.h,XPacker/EditSoundListItemDlg.h,normal/shared source,text-identical (encoding/EOL differs),1566,1514,,,,1341402632,bd8b33b6bcbf2cec7177e4f5692891f0af1a3784b695743f23ea615be19ea29f,6f6c6e80121b17c5f16501b0d07d37d5ecab59d42db762a45618244c6339e4a2
XPacker/Gen_defs.H,XPacker/Gen_defs.H,normal/shared source,text-identical (encoding/EOL differs),1019,979,,,,1341402632,ab8d5774005b3a6e49a8ccef46a135044d5cb61dcea4a2f9d8190bc564b24498,e318a9fa676c33c5a529da02cd2bdd5892695cf0ce70c32301ff6eab9e46303a
XPacker/ModifySoundSceneItemDlg.cpp,XPacker/ModifySoundSceneItemDlg.cpp,normal/shared source,text-identical (encoding/EOL differs),6891,6684,,,,1341402632,2651f711218255b88eed683d61a58a43aed59349ef1c3e69a1303cf254981a73,24f85642bf8fd8a4e1ff23bd4563398102d505970e3101b77d9c5dc075644f10
XPacker/ModifySoundSceneItemDlg.h,XPacker/ModifySoundSceneItemDlg.h,normal/shared source,text-identical (encoding/EOL differs),2318,2242,,,,1341402632,788e53ff8fcd7095163ba03fd7dda55d461d830be62391d2212921cc736a091f,6bc15435cb4fed14d007ea2c99916f5b093e8606617bd8f6d4addda4ebd88a77
XPacker/mssccprj.scc,XPacker/mssccprj.scc,resource/config/other,content-different,352,161,,,,1341402635,eef2998feae6f66005ad276d40748cdb3267f1ad3512d76900f1ae6ddeadb98c,dde306eec39123ff7c9d9f17ccad502e2aac1c09a3756db64e424831c9ea68e7
XPacker/MywndTab.cpp,XPacker/MywndTab.cpp,normal/shared source,text-identical (encoding/EOL differs),1236,1186,,,,1341402632,0b25f88b69b8fd4818ac03a4e8e523d65db110bf57882c8230526caceb78831d,aa11eeed0db5f859d5fbe967736c982e9409266646ca4ad4de04075ef3aedb19
XPacker/MywndTab.h,XPacker/MywndTab.h,normal/shared source,text-identical (encoding/EOL differs),596,573,,,,1341402632,4a6d0e473f3f8ff23bedec40c53b40f74825d729c739e5a7a0783922cb266a80,809e6a47f5c94435897fdf7ce51cc45ba18beb6222f52f78439d2f75dbffbc57
XPacker/NewPackageFileDlg.cpp,XPacker/NewPackageFileDlg.cpp,normal/shared source,text-identical (encoding/EOL differs),1678,1613,,,,1341402632,e01ef7c62c366c3d38c8330cb0018162d661df5db56546b6ad3afd34961b5625,7f3a9598fb9aef115f347303fa568ddfeb5b9ef1d6f3da01501765f451f26f41
XPacker/NewPackageFileDlg.h,XPacker/NewPackageFileDlg.h,normal/shared source,text-identical (encoding/EOL differs),1347,1299,,,,1341402632,f3f0e25b0bbe45f5a67be2e63aea3fb6daa12cd9d82efbcb47d84ae33815705b,26f4a8b05d85d72165337e72c9ff7592afa2743c463f3acb0d9c57d9166bfe3c
XPacker/NewSectionDlg.cpp,XPacker/NewSectionDlg.cpp,normal/shared source,text-identical (encoding/EOL differs),1621,1557,,,,1341402632,ae2b622fd2c8be15ff331639c294e73d31d25280afbd0d28d0431021aee569a8,45504b41fafbd52fef4ffb18a91ab62be0d6eca1ebde5f84356b171195b2f124
XPacker/NewSectionDlg.h,XPacker/NewSectionDlg.h,normal/shared source,text-identical (encoding/EOL differs),1276,1229,,,,1341402632,fa1b349f4666c8251283f431670dc2c371c30a7cf9196b52f7d825874f3c4b66,3fafcf93aa67b698e2101668987cf3f30b15cf7a3bc783cd8fc17534f45c5cc1
XPacker/Package.cpp,XPacker/Package.cpp,normal/shared source,content-different,10673,10152,3,3,0.993927,1384268626,ead6ce79b9406d05ad2d63f65290f7a523580d227832a6c202b5028519282358,fbb76c7350e4546d7fe1390e7e19d50bf87b6707b882f93840fada3d7e337a9e
XPacker/Package.h,XPacker/Package.h,normal/shared source,text-identical (encoding/EOL differs),1654,1569,,,,1341402632,a0a80940149215b1abf3bd11d1b59bf300b0b3911d5e39139a42b959fa6e2983,156134e26ef3908a91946588405467f8bb62f8956314df2318ca39944b0e3ca7
XPacker/PackFileItem.cpp,XPacker/PackFileItem.cpp,normal/shared source,text-identical (encoding/EOL differs),1597,1529,,,,1341402632,b893f98f4714b2cb7278f2f0e1cd06124f85f550edad8af89f55163b9ffcf114,249dd10b4022393af07609d68ba038d74064ff3301acf930dda20d81aed200db
XPacker/PackFileItem.h,XPacker/PackFileItem.h,normal/shared source,text-identical (encoding/EOL differs),817,784,,,,1341402633,8bff10e4d9ff6e765e016d99a890b8d617b45f471da08000568cd53daf7aebab,4cef6a55396db86eef27f455b9a5c2a8080bb4625bf166ec0f75140ac1815e25
XPacker/PackingView.cpp,XPacker/PackingView.cpp,normal/shared source,content-different,65370,62800,19,19,0.992087,1394980246,4e85f967b3ee4bb58cab8472979ee0382960ac3de4fc4ecc54804167375668ac,4b207e6a399af32b924a0df2a9564ecc211d1013ceb49b38839dc95b22f64f3a
XPacker/PackingView.h,XPacker/PackingView.h,normal/shared source,text-identical (encoding/EOL differs),4241,4098,,,,1341402633,b0252f9d9ffc9132af5ea6a64e5259144fcaf6f4bc9a11481f0594d50fea8796,62d07e4c141f97160ad411d60b599818c493e99546753f84370e1a10c880660b
XPacker/ProgressDlg.cpp,XPacker/ProgressDlg.cpp,normal/shared source,text-identical (encoding/EOL differs),2086,2002,,,,1341402633,dcf1a79b512f852392612c855543d57f5a10b5b8c1aceff12242d567f0f40452,156aaabc2eabd32c9636257d78bbb1a87bafa47ea16089d8efb211767b9caa35
XPacker/ProgressDlg.h,XPacker/ProgressDlg.h,normal/shared source,text-identical (encoding/EOL differs),1512,1455,,,,1341402633,1430b97525710988de0c5bd3b547eb98f989de4e1ecd7085da429453713d989d,1b04ba2a419020d69e46cbab6df6d66603d220f8a42ff10b0a107ed867c2d9f9
XPacker/ReadMe.txt,XPacker/ReadMe.txt,resource/config/other,text-identical (encoding/EOL differs),4526,4421,,,,1341402633,86896f1125742102b4098e5883e3907d25911017e40d36d2cd30733150bb6c53,2d943236794e73632ca18717cf66b965771b1aca4a149f754daa2074f66e6675
XPacker/res/cpt.ico,XPacker/res/cpt.ico,resource/config/other,byte-identical,2238,2238,,,,1341402636,ad35ab90fa7b6eccec3fe7f269acd564853bfd2bbd7be652dd15b4912573a5f4,ad35ab90fa7b6eccec3fe7f269acd564853bfd2bbd7be652dd15b4912573a5f4
XPacker/res/Eudora 3 black.ico,XPacker/res/Eudora 3 black.ico,resource/config/other,byte-identical,2238,2238,,,,1341402636,456f8e7a5f1e734f740d62b7363950cd434799d57a7eda80671935a0652b9aed,456f8e7a5f1e734f740d62b7363950cd434799d57a7eda80671935a0652b9aed
XPacker/res/folderopen.ico,XPacker/res/folderopen.ico,resource/config/other,byte-identical,3774,3774,,,,1341402636,9fdb60d2d4bd94a2652cc08c2c1b03639d9b9ece0c19454f914740e4e8a896aa,9fdb60d2d4bd94a2652cc08c2c1b03639d9b9ece0c19454f914740e4e8a896aa
XPacker/res/ico00001.ico,XPacker/res/ico00001.ico,resource/config/other,byte-identical,1406,1406,,,,1341402636,a060bf8d90940ee52f6573a0f25e31f0a872a80a8803dad91393e3e09a8780d4,a060bf8d90940ee52f6573a0f25e31f0a872a80a8803dad91393e3e09a8780d4
XPacker/res/icon1.ico,XPacker/res/icon1.ico,resource/config/other,byte-identical,1406,1406,,,,1341402636,ccb3ae14b83e722381c450012006dcd2b30649b9450d53b666adf26392c086a2,ccb3ae14b83e722381c450012006dcd2b30649b9450d53b666adf26392c086a2
XPacker/res/Simple Remix Hard Drive.ico,XPacker/res/Simple Remix Hard Drive.ico,resource/config/other,byte-identical,2238,2238,,,,1341402636,5dc0cbfadefb7bf03c55c7b1049da442b78937d66d3259b9ddb7664324128937,5dc0cbfadefb7bf03c55c7b1049da442b78937d66d3259b9ddb7664324128937
XPacker/res/XPacker.ico,XPacker/res/XPacker.ico,resource/config/other,byte-identical,1078,1078,,,,1341402636,17d9ba10a2faf5620bd85df1b7691c1f1de2c29db33c3eef719c90d0d10aea94,17d9ba10a2faf5620bd85df1b7691c1f1de2c29db33c3eef719c90d0d10aea94
XPacker/res/XPacker.rc2,XPacker/res/XPacker.rc2,normal/shared source,text-identical (encoding/EOL differs),399,386,,,,1341402636,2d6e6f5491c28751ce1cb0383315662026f8ffa688c123a0344b62b96c6631a7,1e51415f439e4802658be151d06b5d579fb1aa159d272824747969f4fd21c9e9
XPacker/Resource.h,XPacker/resource.h,normal/shared source,text-identical (encoding/EOL differs),4922,4809,,,,1341402633,429b315f585cb0443a343e051d147f94cd390af3f93bd313fbddb61a23ed37dd,f8291adfa8b4fd9443d3f5d5963865be6f96d21d093cf3c32c184ea8b8e1e5ff
XPacker/SectionList.cpp,XPacker/SectionList.cpp,normal/shared source,content-different,3343,3140,4,4,0.976048,1384268626,cb8feaa794ba3500eca7d7d1de4c1b056bd15894f1d75a6b41a38c3d60aed39f,06730fbca99d28f2d5af2004ac3565f1fcebbe0de9a4ba411c326cabced025bd
XPacker/SectionList.h,XPacker/SectionList.h,normal/shared source,text-identical (encoding/EOL differs),1283,1219,,,,1341402633,d6854149ed6f1de8591c0fadab2c9a2212adf33349ec718d840481000e9aa548,3fbddcca0e9383892ee2b2279c10d2b2aaaf55f4b2ec1341b6a71d7907d50bdd
XPacker/SetRootPathDlg.cpp,XPacker/SetRootPathDlg.cpp,normal/shared source,text-identical (encoding/EOL differs),1416,1362,,,,1341402633,dc2b4fee63d9e1999344cc0b392bad6c859e665333301484cb8d5148a23342b6,096738c4b291bce1d00dad5d9ce29b104eba89227854d4e9d08ce1bed7a8fb6d
XPacker/SetRootPathDlg.h,XPacker/SetRootPathDlg.h,normal/shared source,text-identical (encoding/EOL differs),1256,1210,,,,1341402633,d9a0a1baed4cbf19db943e4ae0f5b36d15b1b8ca1f0bc7ed723b38d8184be51c,d6373f40ce3bb04da03a67b6a1a2cdb9950c549273c050c765c3d5ecc57d1516
XPacker/SndStructure.h,XPacker/SndStructure.h,normal/shared source,text-identical (encoding/EOL differs),5153,4991,,,,1341402633,17c36562a12175784a1dc3db049c300608cb60861af3f44f1449cc194bd49bb3,8c168e6c52657783693c4524041ac86c46609a60a7873e8d9abb96f00aa0f9cf
XPacker/SndTableList.cpp,XPacker/SndTableList.cpp,normal/shared source,text-identical (encoding/EOL differs),8692,8311,,,,1341402633,4e9b6b79eb68d61789901d5a2bbcde5d8799ed4616dcb11d1f7f2eb11d4a4e5a,52c34e861247d1d1a1c3bc2a7d51ca93e7281e0c3ce11ba569986d998c31d03c
XPacker/SndTableList.h,XPacker/SndTableList.h,normal/shared source,text-identical (encoding/EOL differs),1028,985,,,,1341402634,b154bce0f219ccbc97e018285d111c83252920e21646e5d5f03d7f06183d617a,05b6e570dc4c702f241e8b1b895554e910c0858c21b45fd27b020cb9bbec48ae
XPacker/Sound/btypes.c,XPacker/Sound/btypes.c,normal/shared source,text-identical (encoding/EOL differs),7948,7601,,,,1341402636,1dc795bf621579e6f78e1c79382f7f81ed5bb9298ad3cf308e6f19ab17d34ef1,c5f5c5bac96c940a4223e2bd734e716f429888cc0dbf839835e8e892489e22e5
XPacker/Sound/btypes.h,XPacker/Sound/btypes.h,normal/shared source,text-identical (encoding/EOL differs),10079,9791,,,,1341402637,e34127da9179301916bc266a141578d706d765faa931f2a5e999971134c85c22,1c200fa5657d76b3147aad1c77cb9822324c5e5998c7a9f9e3f46bc35761e25d
XPacker/Sound/conv.c,XPacker/Sound/conv.c,normal/shared source,text-identical (encoding/EOL differs),58328,56450,,,,1341402637,17a41fa744b6252ce5764078a2d0ea0aca5af2772e8183a401393eec7e6be913,ab162004d56afcab460d58831c5fe82054d9ed7ae6abcfaf2fe29096a2cb3de0
XPacker/Sound/conv.h,XPacker/Sound/conv.h,normal/shared source,text-identical (encoding/EOL differs),13304,12885,,,,1341402637,6063fd583c8c865785a04357e9fefeb249590134098dbb0ccf644ce72bfb1e33,6280bd1a331434a02c72053bab311c08ecd35c8277b84a6bb44782c8cc8fd3ac
XPacker/Sound/conv_pick.c,XPacker/Sound/conv_pick.c,normal/shared source,text-identical (encoding/EOL differs),12664,12242,,,,1341402637,796b83b572ad0db3a1d6eae405ba1516b2cb3374c255451f583a41d0c8a27a78,acb73782cc6660bf09338160d8819438f60dc7cc5a7065a535ef4dc602d6975b
XPacker/Sound/conv_pick.h,XPacker/Sound/conv_pick.h,normal/shared source,text-identical (encoding/EOL differs),900,872,,,,1341402637,f4f68fc7fddefd995626719e5e54c9c85b7e640c218f9f02e05c2f565c852ed0,66778f42d6f5a8cc24f1665bd366b79e041ce4f786597e606964b912f3233eaf
XPacker/Sound/CPlayer.h,XPacker/Sound/CPlayer.h,normal/shared source,text-identical (encoding/EOL differs),222,213,,,,1341402637,0ba00e7b088fee042118c910f7616e2397bea5a4c0b22c3490dc3544dbdd7d52,d011edfef1e43aa664b52854c47384ebc38c7126e88da45ea04d51df375425e0
XPacker/Sound/D3DMACS.H,XPacker/Sound/D3DMACS.H,normal/shared source,text-identical (encoding/EOL differs),5780,5633,,,,1341402637,ae81765237dd18df063cf35e257bf576602370346f7e4bbac33c8309f8b051ee,1eed2df592a7e7f972288729cc4c6be39476a6e6ca194af0a97a2344519f6384
XPacker/Sound/fastmat.c,XPacker/Sound/fastmat.c,normal/shared source,text-identical (encoding/EOL differs),6642,6342,,,,1341402637,7e8fc50fd393a2878ff3f41aef7b166afe4cdc4f8453a9c64e6c79b7c0b09b9a,f87aa2fa7715a8a703b27c69095f0b4139d44dafd4e938dafff98973db031270
XPacker/Sound/fastmat.h,XPacker/Sound/fastmat.h,normal/shared source,text-identical (encoding/EOL differs),2272,2162,,,,1341402637,b9fe16b470ccecb10147be7db30158a0e695d4997933331475a35b55bbc0f4e5,b8e1acd4b4ad48f32a4c5a84a16346f2120edc47d6cf693650f258d3825f5900
XPacker/Sound/funcalloc.h,XPacker/Sound/funcalloc.h,normal/shared source,text-identical (encoding/EOL differs),1380,1327,,,,1341402637,7bd1fad054b99cd7c5fc25c9241690ce05c78e3dfa4da8a3fded4a51cd64e690,84ea823a75baa1f8edac7539189102f3a0aee229044ce24e01ab71492aaeac50
XPacker/Sound/gint.h,XPacker/Sound/gint.h,normal/shared source,text-identical (encoding/EOL differs),5916,5759,,,,1341402637,5501d279174c0e6aee4ca528d65b3640749dee948fba6bb2020c05e1aa75adfc,d6b5c6789125abd4f75f5ed2a698e4a9164e01dbc0dfed877333d243b470d6eb
XPacker/Sound/idsuoni.h,XPacker/Sound/idsuoni.h,normal/shared source,text-identical (encoding/EOL differs),5665,5491,,,,1341402637,4b3557b21cb9bb68af7e1aad4a413242b28fab9b7a6860fa1e6fc61e7bd01143,f1a73aa427e54764910a79656b3abac88e94796a204789009ae740149e91a6dc
XPacker/Sound/Mat4&Mat4.h,XPacker/Sound/Mat4&Mat4.h,normal/shared source,text-identical (encoding/EOL differs),11388,10906,,,,1341402637,8275cc73e46e83ff6c124bdb528142236868c61f35374a3c9cbe9190ce0c0942,e53d2df4ce6200a75fe6173e80c2ee07b228c1b514a49e7eeadb75d6c84f3d00
XPacker/Sound/mblare.c,XPacker/Sound/mblare.c,normal/shared source,text-identical (encoding/EOL differs),9218,8910,,,,1341402638,6eced66c458502fc175c4bcf8d2d8e4a590f0e2ce2af0506ac5f54e9a8d4b64f,686ecc3e2a763cae7defee31a22710214e99ad8a34dc95bee44842b23c44f036
XPacker/Sound/mblare.h,XPacker/Sound/mblare.h,normal/shared source,text-identical (encoding/EOL differs),1118,1077,,,,1341402638,deb73f496f3d52c3a66c3bd940b6c96fcff58f72e87535d001de85cbb2081d56,be7f4697623c41a1065c3d0f516529c178bed3237342310a52ab67fd3ea56e06
XPacker/Sound/myassert.c,XPacker/Sound/myassert.c,normal/shared source,text-identical (encoding/EOL differs),1455,1390,,,,1341402638,21ba4a7299386f3f524618dea1857c261e613d1b033fc275cdf32a40e4b72daa,009e2c5b20d3cf377c1cf70a582841f756107fb312bbebfd8abc2984ac43a736
XPacker/Sound/myassert.h,XPacker/Sound/myassert.h,normal/shared source,text-identical (encoding/EOL differs),308,291,,,,1341402638,8dd09e4249ba1fdd576af3ec5c23206f322d69aec147f302ffdb5acde618c833,2cdf6b4239c95c6b8e8a6c0a79010e5b0c16c29889cea7659503f9078f1f639a
XPacker/Sound/myerror.h,XPacker/Sound/myerror.h,normal/shared source,text-identical (encoding/EOL differs),1403,1365,,,,1341402638,d3006965c67fa835e61b9420372c9deffea3a9c7bdcf484da2d947d339a603fc,ce9960306ba19e2ce5ea74265d45bcf1ec0ef3f23072ebac471b122bb68ab997
XPacker/Sound/myutil.c,XPacker/Sound/myutil.c,normal/shared source,text-identical (encoding/EOL differs),1236,1182,,,,1341402638,47815c34e4e483112a4339ecc14540a284e483fd7c9c20ff12b25863dc7e84a0,de0e262bdc21b6843902c1b02bd3e52ff960c929ad56abec89e6ed683c954712
XPacker/Sound/myutil.h,XPacker/Sound/myutil.h,normal/shared source,text-identical (encoding/EOL differs),1047,1015,,,,1341402638,e0acc51933d085cc87463d740f9f91b2c1e5a6a5a662ae8a1c0fa1139f9200b3,87d0627c4c4d9c8140e802f711b62c9114f74d64375b3338ffd953fa9abb4f10
XPacker/Sound/platsnd.h,XPacker/Sound/platsnd.h,normal/shared source,text-identical (encoding/EOL differs),217,207,,,,1341402638,fdcc1f7ab62de49b416d6e99978eadcb078fc938e2a0cbf4373996fbfe0a46d4,5daab71d3742eae8ea30f787ad9d3f2b7c58734ec1f8260e98b7017b88ac60a7
XPacker/Sound/plattype.h,XPacker/Sound/plattype.h,normal/shared source,text-identical (encoding/EOL differs),564,537,,,,1341402638,9552a12bb0b405edb16cec7dcaa3f17105e642fa15a3969a837aadb953ed52b4,c79981be8efdd1581baa185cebc1c63170307f8dd377a029b6b6115a5c97945f
XPacker/Sound/sndanim.c,XPacker/Sound/sndanim.c,normal/shared source,text-identical (encoding/EOL differs),17005,16313,,,,1341402638,e0b2d88f13e68d3030054da915cf4412399ab4a3c6b7eca354cc745acf336028,1f88c0be0b3d8cb021c4db0dcce5e47bb54cab13821bb41276b804a560ab7000
XPacker/Sound/sndanim.h,XPacker/Sound/sndanim.h,normal/shared source,text-identical (encoding/EOL differs),3637,3509,,,,1341402638,ef0249213b88b72776fa72cfd44658fb7933350f713534847a1d1c59024a6b13,8cff7030f032c94b9e9e6291c09ae13a526a7d3a009d1cd5ef52eb6d67542ed7
XPacker/Sound/sndcls.c,XPacker/Sound/sndcls.c,normal/shared source,text-identical (encoding/EOL differs),5982,5705,,,,1341402638,8436bfa68ebcb1d59add519c1f7e06f7ea0ced07017d03ede9c65ce72bd76093,a7c5be2efe085cd6bfaee680d9197068a781940a7f5517d204d8118c0bacc41d
XPacker/Sound/sndcls.h,XPacker/Sound/sndcls.h,normal/shared source,text-identical (encoding/EOL differs),1124,1089,,,,1341402638,a42ed207281de88b2326865f6287dd9d8d95b8a10868aed5a5bc4b00718caa01,ca9c3cc00ba1eaec5581618b1bd3aedeac3f04733163b831e00d8c7418f8b84b
XPacker/Sound/sndconv.c,XPacker/Sound/sndconv.c,normal/shared source,text-identical (encoding/EOL differs),4314,4166,,,,1341402638,fbf8f1a4e74b8d563fde8752c755b8e406d22535f285c21cf75323f73d20d48e,e3ce6122380c869f605fde276d9a4180c92fb3ebe5fcaef38bf45da202e00067
XPacker/Sound/sndconv.h,XPacker/Sound/sndconv.h,normal/shared source,text-identical (encoding/EOL differs),224,215,,,,1341402639,dcf1b7e00d3048f1036a193324c62cd9f2eb46fabde1ef7d638f67672bf4e948,67956bc1b7ab41e690836be972d7dfbc62a504fb5d9738b620a37893686ef895
XPacker/Sound/sndexter.c,XPacker/Sound/sndexter.c,normal/shared source,text-identical (encoding/EOL differs),345,323,,,,1341402639,e256c3d4b1066eccfbf02f84a25b3f73d7f29b06f3d1c2627379e82d97830796,5db2a73640dda14ea9074610f54c75ae529085c53294f79c460fec3cf5ff75a5
XPacker/Sound/sndexter.h,XPacker/Sound/sndexter.h,normal/shared source,text-identical (encoding/EOL differs),222,210,,,,1341402639,6cf124728faf39fe9deaaffd6c2c058017b3fd89956d4d1f961d7ad1957e4f24,3bf324a6d09ea4f3f0152271d8230ebaa9436ca6a3a76aff645f3a26a574a86c
XPacker/Sound/sndfade.c,XPacker/Sound/sndfade.c,normal/shared source,text-identical (encoding/EOL differs),3264,3137,,,,1341402639,534630d8afdc81cae95a1896a81a04a9b7893bd8542137469ab9260b8560aa2d,9f8064e9e71927d3df094877c2a5a72ddd440ddc93abd845df095642d035912a
XPacker/Sound/sndfade.h,XPacker/Sound/sndfade.h,normal/shared source,text-identical (encoding/EOL differs),724,696,,,,1341402639,e821bfebc0ff1e036e241f276637b42ff35b1ddffbdc8aac4b17a7d15198dbb6,fa0dd6419130a214b1ad8e6789da7c6aa76fed2c3a1b4bb91c82e0faa64e126a
XPacker/Sound/sndgame.c,XPacker/Sound/sndgame.c,normal/shared source,text-identical (encoding/EOL differs),3391,3232,,,,1341402639,0f54fc68a1cef86ae94eb850c873a99482669f0ab72160ac4d4b3bbc36bb9d50,8e56600f61d586d95f363cc0d3397090ef6d4649b1668d423e93faece28eef17
XPacker/Sound/sndgame.h,XPacker/Sound/sndgame.h,normal/shared source,text-identical (encoding/EOL differs),572,546,,,,1341402639,5d4bc2e27be012ca627bc70909464c6591494dd951da1d5c9755ec6c04c47765,17d30f3a5dff8cdf054b60f769db9a75f0cd5cce84b58b0631ded88838a64f8d
XPacker/Sound/sndlow.c,XPacker/Sound/sndlow.c,normal/shared source,text-identical (encoding/EOL differs),42533,40911,,,,1341402639,4d2fe2bcb5adc880af74625f63291de2c8c1b8abb26b26cb740db5e59a5ebe17,d489d6aa7d89f36ab3e826e75a00810340ec2402855603b0260059473d811ac4
XPacker/Sound/sndlow.h,XPacker/Sound/sndlow.h,normal/shared source,text-identical (encoding/EOL differs),1740,1674,,,,1341402639,6b77f5adc0565a1a2be893da1acd1e79244a923eb1b2215b20110a83152893a5,cc3d7241f2184817558dc40acc9e4d7e67ab4a124ce745a0e9ba97a4f72dcef7
XPacker/Sound/sndlowfn.h,XPacker/Sound/sndlowfn.h,normal/shared source,text-identical (encoding/EOL differs),3904,3790,,,,1341402639,2af5bb4d5f5e4fb78ef43a20e539b281616129ad150770f0dd959b18ab06dd0c,5bb1d44a2c086509d7c884f78dc6cc8110760aacb756b40e5d1c0ebb09408cc0
XPacker/Sound/sndlwobj.h,XPacker/Sound/sndlwobj.h,normal/shared source,text-identical (encoding/EOL differs),5086,4912,,,,1341402639,ca34b074166bed664243ebe597e5a7293df7bc52155ff57881d88e83768be25d,cf8842e17293d5311822a736f8c4d17d96daa16395f4d94a384326b1e283fa8b
XPacker/Sound/sndname.c,XPacker/Sound/sndname.c,normal/shared source,text-identical (encoding/EOL differs),2452,2347,,,,1341402639,5cc6c4bb61afac7895f47fd4f2a9acf0e62065e8262530f593cc2191e0b70f5c,3ec53c8972c806f4525497ff19320279216a93152fa95df519652eb2f428f9d6
XPacker/Sound/sndname.h,XPacker/Sound/sndname.h,normal/shared source,text-identical (encoding/EOL differs),1249,1205,,,,1341402639,994de10fb6fe7cd5ed9f69513df543ec4b3f87778061d1fc954ceada33f3815e,5b563e801af89b23891e6cfac25ac70bacc31807eab926aee079be918b6d4d43
XPacker/Sound/sndobj.c,XPacker/Sound/sndobj.c,normal/shared source,text-identical (encoding/EOL differs),8085,7801,,,,1341402640,cdb4fd9a25e4bac6b66238d4dcc85d22baead70c57c302389fed9c7f17543f84,8022fe6fb8cfabb656a75bea3be465700bd9e543297017d74e2cca5258ddae38
XPacker/Sound/sndobj.h,XPacker/Sound/sndobj.h,normal/shared source,text-identical (encoding/EOL differs),511,499,,,,1341402640,c5af00c18c978f749066ff98eb3e16e102448ec6cef8e3a001972d2c3d15f14e,2e4171579b4c4ab196d778efead8acccef79f2550a140ee60d67576a79534737
XPacker/Sound/sndplay.c,XPacker/Sound/sndplay.c,normal/shared source,text-identical (encoding/EOL differs),8419,8088,,,,1341402640,0cb1d30e935c28289a85a8464b0f19f8f7eebc93109567b4861fbec15c94bc99,fa01b0f3a23af0dc9be036ca4b5c58cbccd3ad64fa1001afcff0dfefbf4c8d30
XPacker/Sound/sndplay.h,XPacker/Sound/sndplay.h,normal/shared source,text-identical (encoding/EOL differs),886,843,,,,1341402640,2e28aa49298c069c300cf9b86d19e3424fbd0d564959a0e70816d56fa00d9785,4fbc1f7bcaea4364c48cc3f059e8b5b42266c4afa2942d6414e7b7f34fcce8df
XPacker/Sound/sndscene.c,XPacker/Sound/sndscene.c,normal/shared source,text-identical (encoding/EOL differs),8195,7885,,,,1341402640,c8abaf0cd4e1404cd9b3f91844c9d1dfcaf0a7493b2769808b6e7cf2b118c997,1fcd3baa25ae9e9ba837f4bf9c2737a52788e580f84e5dd570494b85af6e19a3
XPacker/Sound/sndscene.h,XPacker/Sound/sndscene.h,normal/shared source,text-identical (encoding/EOL differs),2823,2742,,,,1341402640,67db53c06c86f38719257611cf99d4d54c26dbba116ad1f542b8d2ba5b7a495d,93203b92f2abbfa4ce01caeac733c18261ddcb2f6bb7af2290997b3893babb40
XPacker/Sound/sndstr.c,XPacker/Sound/sndstr.c,normal/shared source,text-identical (encoding/EOL differs),11658,11246,,,,1341402640,e9c9511dd978df01843e29e527f7d7b58c78388adbce1b951b37c0068fd8a5b0,4685a80466e02f00f31551aca5547e105b19e204b4f52dec7e362106d145153b
XPacker/Sound/sndsuppl.c,XPacker/Sound/sndsuppl.c,normal/shared source,text-identical (encoding/EOL differs),15848,15280,,,,1341402640,a7a98080f39ee740bca96cb0c8f1ab07f3ef0a0cda3bf95ee66370b411beac6b,9d11e2f3ec05d6a71e91c35ca0554d005d0c84c819e38d504ece2c3dfaa56e6d
XPacker/Sound/sndsuppl.h,XPacker/Sound/sndsuppl.h,normal/shared source,text-identical (encoding/EOL differs),2206,2127,,,,1341402640,0207c3ef3facca3e8dade668d6f47bc67ab9d3cd1f4b999b73ff1587667fbba5,f73bdbcb95e46a747f9521492930fb71054284c382a3f3a204b8d8f1647cb9fb
XPacker/Sound/soundmath.c,XPacker/Sound/soundmath.c,normal/shared source,text-identical (encoding/EOL differs),1658,1588,,,,1341402640,00d5bfb78c44914b14afcc30f142fb6f8e866f69ef47848ad64c63a00a718a4d,1e314992ffc1a6e5bd02e4df024875255b618475ccd30d782fb97412c3090047
XPacker/Sound/splines.c,XPacker/Sound/splines.c,normal/shared source,text-identical (encoding/EOL differs),8223,7938,,,,1341402640,dc0b6bdb2ca71251190ef50c1f48cd1c96b320bfa381d7576452179006e0796f,61b1fc8d553091babf4af647e1dcb64b79e4edbd06d630f9a7b88308e4dcebd3
XPacker/Sound/splines.h,XPacker/Sound/splines.h,normal/shared source,text-identical (encoding/EOL differs),591,561,,,,1341402640,16893d5afb6f2e6ac90af36b1ef8169ce0a4e14e29e56ab84d86387ea8ea02f9,bf0f97bc45deae86cf31824116c29adf40a94e4de56182b5a32a341f23978db2
XPacker/Sound/tracerror.c,XPacker/Sound/tracerror.c,normal/shared source,text-identical (encoding/EOL differs),21504,20809,,,,1341402640,7bfb631c0cb5e386fb55ac10eb0985e79085cfbcd02186142769dea98e8beda7,8ee24fcb37ca0c25c675570fc6aa4779da03cc3caffb03a6b23bacbae9592988
XPacker/Sound/tracerror.h,XPacker/Sound/tracerror.h,normal/shared source,text-identical (encoding/EOL differs),3176,3109,,,,1341402640,aae4bc2ca54b981ed1939a2b913830dd7e3e689d931cd72cac81a4f0871f13ef,447a92c54febd2512ce69197a6c52717caabe5f53250d94a9af7c4427f146494
XPacker/StdAfx.cpp,XPacker/StdAfx.cpp,normal/shared source,text-identical (encoding/EOL differs),209,201,,,,1341402634,04522abb4feaf5817f90e6dd5b2b3fe28cd2b44af02508d57d3f5c88c2e5d6e6,1e9dc3cdabe8b2f5b02627b7f7e97b12a339c5071f2151f70a3bb2e83470c467
XPacker/StdAfx.h,XPacker/StdAfx.h,normal/shared source,text-identical (encoding/EOL differs),1742,1703,,,,1341402634,fd47b44f85273b975908027e67ae19d0bf3c73d8f985c52765390aa4601a0850,c9f05020161efb3b63b7ae12e94a62229c8b94ab6b832895254b4fa0bc1561d9
XPacker/WavePackage.cpp,XPacker/WavePackage.cpp,normal/shared source,content-different,4855,4601,2,2,0.991525,1384268626,5a7548ef50fa83bf698efd0d3357b41a94617d66d355c26a85961a0a15cf04ab,fe8c78c0448e68be6146bd44ba9a7299957f95e998d3f96cb32fdbf1451c070a
XPacker/WavePackage.h,XPacker/WavePackage.h,normal/shared source,text-identical (encoding/EOL differs),1120,1071,,,,1341402634,e14d46440b377a9f7bd0847d7fc4296a52f85ef802d31a7cefe3f6ffb38ec7ba,e7ef2821d5f87453d5f8f171a33cb692b01efd8dbb3d91f46237fa3a554b513c
XPacker/WavePackageView.cpp,XPacker/WavePackageView.cpp,normal/shared source,content-different,38921,37608,4,4,0.996868,1384268626,88f9a9fa988b208445d1d5db5bef316127b1f432317fc081a9dbc2940959f668,2fde8bca297a7cb539bc24f2b850ddda7182212d17fa79a1810967fccc768d53
XPacker/WavePackageView.h,XPacker/WavePackageView.h,normal/shared source,text-identical (encoding/EOL differs),3451,3327,,,,1341402634,7ec44e43e061307999cfca5f41a6fa183486cf0d290ad8bfddc414da53e9b6e7,cc3e8b9cd0dec7b0f69ca1fe757d992065d292081a9dca134ab3975d3ffbce8e
XPacker/wndTab.cpp,XPacker/wndTab.cpp,normal/shared source,content-different,13604,13088,3,3,0.993617,1385467694,668f6a6bae83d97bb16e8a5fc96ae52f00f88008ca29d91f8dcf776e2f438a4e,3fa23822838ac0472ee5be8ad7929a46d48d6843db3dc91f0efe3b89fe26c079
XPacker/wndTab.h,XPacker/wndTab.h,normal/shared source,text-identical (encoding/EOL differs),2827,2731,,,,1341402634,50aa2dcaf907eb03a0b612d809cdbd1bd1627e747b51016932700a87c13d8242,a2025958a1bddbffd8193ca67912303756172b58702dded6d747e504560f2066
XPacker/XDSound.cpp,XPacker/XDSound.cpp,normal/shared source,text-identical (encoding/EOL differs),13132,12517,,,,1341402634,c811935fd923dc9debd25178366db53de09e8021d9b8e4fa6904fdf5eed13bc5,ec56de31bf9135361f22df0436027765134a7341b08f3ff97b34923ce51a8557
XPacker/XDSound.h,XPacker/XDSound.h,normal/shared source,text-identical (encoding/EOL differs),2317,2212,,,,1341402634,127ad27c5eddec2767af190c46c9d4af3562ed066c816f2380e9aa446e55801f,60edd14a7b9f9b80b8bde7e8f14115516530a4313f2d4964182d9b078e0a812d
XPacker/Xitem.cpp,XPacker/Xitem.cpp,normal/shared source,text-identical (encoding/EOL differs),495,464,,,,1341402634,eac0e2bad4d105a34eb1bffa405131ef9c2a8a322514f20f6b03ac24e0dd0b96,7f5f52e30cca208c440028d53c79c0f89b08859505c5660f764ba502582e9fae
XPacker/Xitem.h,XPacker/XITEM.H,normal/shared source,text-identical (encoding/EOL differs),379,362,,,,1341402634,51c18764db899efe10de6cd055789c5620f1e34d1c4b5436c5310704253dd627,a039691a8f7649048e0e5b305f49e1952b53ac6013de0e30d2638d932051dc6f
XPacker/Xlist.cpp,XPacker/Xlist.cpp,normal/shared source,content-different,2581,2413,3,3,0.978417,1384270220,88a9f4232d67e93e80a96597a8cbfab3efad0e1fac9dbe99e78337cbd091e291,3467c9598a23dbb051ecde7350155992250173bf7b7dc272375dcc42eb5d3ce8
XPacker/Xlist.h,XPacker/Xlist.h,normal/shared source,text-identical (encoding/EOL differs),1191,1150,,,,1341402635,aa7dd08049ea1fa12ccddeb8510fa44659250e2bb1172de813733c04ecef82f4,a12f9cf833aa4dec41cee6900ed08c883ccef75cd023e402f56deed1d74c56df
XPacker/XPacker.cpp,XPacker/XPacker.cpp,normal/shared source,text-identical (encoding/EOL differs),2813,2707,,,,1341402635,f7a2b05e95cdb0c5556cbbc042f42c6ece6a55e422c51c4798c9d904c400cb9e,5bf1877aff02194a26fd4f5fa7baa3f3c06fdd29cf3e667e886984905e0e0b61
XPacker/XPacker.dsp,XPacker/XPacker.dsp,resource/config/other,text-identical (encoding/EOL differs),7947,7588,,,,1341402635,afb927f66c03d131fa4484c62c7f22353b7dade3db91b2b7524b4267d496b892,b007e9ac6def3aedcdd5f147d562c373f9f8f85c58146d1a9e248c1d278e8e52
XPacker/XPacker.dsw,XPacker/XPacker.dsw,resource/config/other,text-identical (encoding/EOL differs),537,508,,,,1341402635,7165a38cd3681efc2d155c20838e58c0d8f8cd0a42142d1271b2742046701f04,792fddaffceb74420af20c120deeeeb4eb3433a1453495d097ba6e65db99b538
XPacker/XPacker.h,XPacker/XPacker.h,normal/shared source,text-identical (encoding/EOL differs),1363,1313,,,,1341402635,8afaf4214610696a499603fcafa340d4141f89d5719bbaf787bd3cf23c7e2f51,2b335a9d8591a0a41c1c9828afb5e3e0f6cb05814bc40bb98f753ae4d0c7d948
XPacker/XPacker.odl,XPacker/XPacker.odl,resource/config/other,content-different,1058,1016,,,,1341402635,9bfbdd0bf64333a99df0869950fa9bb97b230f691ac9355a450b815dc15a53b9,902a0075b4b05122f4a2b048cec0eae1e4b965c51d66a563e0cac8ff9cccdf63
XPacker/XPacker.plg,XPacker/XPacker.plg,resource/config/other,content-different,3727,3616,,,,1341402635,44933f41d007a80f3017014209b42e1f1f77b635add70f17fec8cf99290ecfbb,ed8a87d554febb04440fcb0835d401f127fc62a6be86d1d0215f98c8c8fabee9
XPacker/XPacker.rc,XPacker/XPacker.rc,normal/shared source,text-identical (encoding/EOL differs),21957,21342,,,,1394980246,04cdb1067f22e8e318427e02e31fa6b57358c5dab6f093132de779614299e98b,dfaec74ecbe45874f56be951e5ca20d9f8097bc1f18052a4cc163b1f2c78e820
XPacker/XPacker.reg,XPacker/XPacker.reg,resource/config/other,content-different,699,686,,,,1341402635,5363b18737c2623bf3e061909f75cd5156ba30b49ff0a1f747927141ed92bcbd,ed509edc1d033041683f38c4d41b7e5a23d8d58476c16a9b98a0b8520d56e34a
XPacker/XPacker.stc,XPacker/XPacker.stc,resource/config/other,content-different,43,41,,,,1341402635,5c1d682f7e38060d973966cb83477e9a00cb1434b8435229fd92f10c0943e424,13f1e518cd563aca84f6338045d421e39bd57ac42459c4857cdd25b19d737001
XPacker/XPacker.stt,XPacker/XPacker.stt,resource/config/other,content-different,43,41,,,,1341402635,5c1d682f7e38060d973966cb83477e9a00cb1434b8435229fd92f10c0943e424,13f1e518cd563aca84f6338045d421e39bd57ac42459c4857cdd25b19d737001
XPacker/XPackerDlg.cpp,XPacker/XPackerDlg.cpp,normal/shared source,text-identical (encoding/EOL differs),10555,10128,,,,1394980246,2cb31eca88bb76ce9f021847262f9e90e1f8b6ac2ee6aee03251d48a465d5b69,ecb3799528671ee375eae509e5d3f4a7cc8fc3e9f34d8f16fa8e35a4cc28f7de
XPacker/XPackerDlg.h,XPacker/XPackerDlg.h,normal/shared source,text-identical (encoding/EOL differs),2190,2102,,,,1341402635,944b0975b4e45d00c7ec0224e3e6f7921ab27a8138e4838901bae7f492a6055b,9f7b199f01754b5b8cc231dca8dbe1dfaf66f6a37402f9fd740f531321722adb
XPacker/xShadeButton.cpp,XPacker/xShadeButton.cpp,normal/shared source,text-identical (encoding/EOL differs),36963,35799,,,,1341402635,07f9443f416ead96969ca8a6912bf628bf455509ae37c5f3ad9d07eade9c0242,6e617a282939064d81a3674f3b7c2340df83778d4726b205a0ac8d4cb77e63e8
XPacker/xShadeButton.h,XPacker/xShadeButton.h,normal/shared source,text-identical (encoding/EOL differs),4093,3966,,,,1341402636,0aaa3b6d77cb21418601c07cfeb5bb454b5b51083152d02d0fd0dae1c69eef36,e4ec8608f798a6a4a11aaeb8962ea3a861f9233b0d423662c60f043d8aae68bd
XPacker/XTreeCtrl.cpp,XPacker/XTreeCtrl.cpp,normal/shared source,text-identical (encoding/EOL differs),995,950,,,,1341402636,b2f3cc56aee83ca6551750f56567f6da8dcd7f15f24cc9d49e6d561c14ae8dfe,bf0dedf3dd5c085bd3ca5e501fa6e094137b48e748406791fd3d83fce17fd079
XPacker/XTreeCtrl.h,XPacker/XTreeCtrl.h,normal/shared source,text-identical (encoding/EOL differs),1213,1162,,,,1341402636,1ff91e7baabee661fc278634b3fdd5fa8eb73f20b0d5c6ec640aafbc5bccfce3,8dce9832d070770b80a96e79159c026264522173d33a0c6de4ba97eed12e15fc
XPacker/Zip/AutoBuffer.cpp,XPacker/Zip/AutoBuffer.cpp,normal/shared source,text-identical (encoding/EOL differs),2089,1972,,,,1341402641,77f541e3702665ee857a78d73c87ae2b44849a51d7e0580835ab1e2a51175d76,78d240f35d2ed072a2f058ab8c5c1531630d85e3254041e3794fc2ceb1d0e32b
XPacker/Zip/AutoBuffer.h,XPacker/Zip/AutoBuffer.h,normal/shared source,text-identical (encoding/EOL differs),982,950,,,,1341402641,34ad189fc6dffad3fd917334e92131703ebd09310a037f6eb27a1c780f9b15b6,7fb359c4d684c33f829eeed99979bcac00527d33436362167d1e86c30110fdbb
XPacker/Zip/BigFile.cpp,XPacker/Zip/BigFile.cpp,normal/shared source,content-different,1084,960,5,1,0.930233,1385468902,2e7ff2427ef249998f588ad8b9793af0378d757d91e262ac8537cae1e812f318,9699d19de19e6d63e95772a062ef9defebb37c65b8b02f4b7f0c41e1946f3a97
XPacker/Zip/BigFile.h,XPacker/Zip/BigFile.h,normal/shared source,content-different,677,563,5,0,0.897959,1385467932,6e7e659f7a08878705776f4f8c202b40216f3fcdea6366b27d745b6c6e04e510,d03b91556cbde6b38fff0953da60b785069d9361f558b9e5b300bae5dd474412
XPacker/Zip/CentralDir.cpp,XPacker/Zip/CentralDir.cpp,normal/shared source,text-identical (encoding/EOL differs),13920,13406,,,,1341402641,1f72f8f2813b9146c5da93f9f3d7fbb4bcb013e61fa46eb799f5dc2782fd6fd3,bbf3bc318768af5aa4d4967a9b5e267022fe50e40b4b4b5863ed0e421038a533
XPacker/Zip/CentralDir.h,XPacker/Zip/CentralDir.h,normal/shared source,text-identical (encoding/EOL differs),2387,2307,,,,1341402641,a67ef05f291aa809079647791398af607298c0716542448b9c1e6b9943da4926,2f39e97d9710f78782810f3d0ac4d82154416a9696134b261ab23587d9c5c484
XPacker/Zip/FileHeader.cpp,XPacker/Zip/FileHeader.cpp,normal/shared source,text-identical (encoding/EOL differs),8121,7859,,,,1341402641,74a666670d1dc6f2ea1254fd426815bd859cd7937caf9ffe92cafa77653157ec,475872cc570d1b7169cbea9e1d13f24da0f983381d350eedf21a69e6f970eb0b
XPacker/Zip/FileHeader.h,XPacker/Zip/FileHeader.h,normal/shared source,text-identical (encoding/EOL differs),2849,2765,,,,1341402641,0173e0f72f33b65690d84718d96c020a706648f96ced46cdbb9e071dca4135ab,fabfb6be0dbe35486ba2dd35371791f2258cc7ae1507acc62a39293a8271df8f
XPacker/Zip/zconf.h,XPacker/Zip/zconf.h,normal/shared source,text-identical (encoding/EOL differs),8089,7810,,,,1341402641,3e5b326d96e5549e075d1cb50ebc07aba95348fa84b312f163e52afac35e199f,dbe9ae846474d91214e1ce15a56502544194c84550ad0ff24df755582c50821d
XPacker/Zip/Zip.lib,XPacker/Zip/Zip.lib,resource/config/other,byte-identical,213292,213292,,,,1341402641,3cac1651232bcf932c1b094bf9a3336e91eec996bb75e4f585840f28ecbe03b5,3cac1651232bcf932c1b094bf9a3336e91eec996bb75e4f585840f28ecbe03b5
XPacker/Zip/ZipArchive.cpp,XPacker/Zip/ZipArchive.cpp,normal/shared source,text-identical (encoding/EOL differs),23840,22865,,,,1341402641,6c642f25014724613be2b3af8779d579722ff32848033321059099eed17d70c9,b5e607e8f77560104a7ac8614960a65a7269b8677d7cef46ab0b35c76a286288
XPacker/Zip/ZipArchive.h,XPacker/Zip/ZipArchive.h,normal/shared source,text-identical (encoding/EOL differs),21169,20631,,,,1341402641,399b6105b8e4be3ffd2bb3975ab52e08f2af3f008b7a14c3308a19aedd009084,972d4e6dd1ceac9352ca230d20848486dee3ee577012f27853ec01207b2cbd7e
XPacker/Zip/ZipD.lib,XPacker/Zip/ZipD.lib,resource/config/other,byte-identical,393270,393270,,,,1341402641,a5a6f4b11bed0a9edfcef38258a0ebad8bb5c3448fd0f01f64c8bee4ae70b069,a5a6f4b11bed0a9edfcef38258a0ebad8bb5c3448fd0f01f64c8bee4ae70b069
XPacker/Zip/ZipException.cpp,XPacker/Zip/ZipException.cpp,normal/shared source,text-identical (encoding/EOL differs),2036,1963,,,,1341402641,9f3e1e9f4706eb459e7d84eb5ebdfa409c4bdaedd4573d4ac633eab420b8a2c3,b2b9e730c84dce5ceef2e0d85714ecd4ec8e59875bf8be94d5bd02d5c382b3b2
XPacker/Zip/ZipException.h,XPacker/Zip/ZipException.h,normal/shared source,text-identical (encoding/EOL differs),2263,2197,,,,1341402642,db2c3bb7d44ec350edbe44fe7c81c6d2abfbda351ba5b2ff76fb01f274ab7400,d8a4c32137f469292de1fc12b426ee507da727c8e415eab5178a7073d35c03f7
XPacker/Zip/ZipInternalInfo.cpp,XPacker/Zip/ZipInternalInfo.cpp,normal/shared source,text-identical (encoding/EOL differs),784,756,,,,1341402642,6de779ff40ff79c4395fe7507a8e98d7c4c25405408326e30678155b0f5ba3e2,2198abbce2958726ecf2663f92c5de6e1d3f8284c1c545b45f7c694a5cf4105d
XPacker/Zip/ZipInternalInfo.h,XPacker/Zip/ZipInternalInfo.h,normal/shared source,text-identical (encoding/EOL differs),971,939,,,,1341402642,28ab49a189d52eec208f5bda3120d4f430103759d048cc7ba6dab14a2a08e6d0,a53742d66e4a2ee97a326a72aac4788b1081848379e38247b682f41023c7a665
XPacker/Zip/ZipStorage.cpp,XPacker/Zip/ZipStorage.cpp,normal/shared source,content-different,10205,9824,3,3,0.992481,1385469142,1707c7ae719cb2cbc06826b79564c312591934327e094385db55f87b40d8a427,2a5c037443463dc3e2e10e7d223cd8c0cc11720e5d6091027356830b73b577a8
XPacker/Zip/ZipStorage.h,XPacker/Zip/ZipStorage.h,normal/shared source,text-identical (encoding/EOL differs),4297,4166,,,,1341402642,4ec62e468a8f6c8df6d744d72aae9d868c97db4726d755c9d5557d6973f796d0,a1e910795ae5f1cb537afcf18ba4793ef006572eb68bd45d6c1e4fc2e7490b3f
XPacker/Zip/zlib.h,XPacker/Zip/zlib.h,normal/shared source,text-identical (encoding/EOL differs),41791,40898,,,,1341402642,7a13097001709cf69d7f1b7649fb6e93672164d92672b6f7b25fd43d3f220e49,56ff7663df8470fddf2e64a4a57da1d4e17d041f0b895a53ae5fab0d492d7e0b
XParticleCore/XParticleAction.cpp,XParticleCore/XParticleAction.cpp,normal/shared source,content-different,121061,117459,5,5,0.998605,1384270869,7cb9f5de9bc3a41ddd8b4b1c95dd23c40557e57da0dc83b96e985601e38ed778,16d8b03a8f5525b1f23b4a368b0171cad511cc69b4eb339c2a2f7c7ed8124822
XParticleCore/XParticleAction.h,XParticleCore/XParticleAction.h,normal/shared source,text-identical (encoding/EOL differs),36357,35209,,,,1341402642,343f21fd6a239639febda0f01e5519789c37da8c55fdf18e0835543217a87dfb,ca177e6288cf0f9ae244f61cbc06951e20193f017712811f875418538f2a914e
XParticleCore/XParticleDefine.h,XParticleCore/XParticleDefine.h,normal/shared source,text-identical (encoding/EOL differs),5208,5004,,,,1341402642,69a4ce0bf9903ad4332825726b316db49e1e5241be26dabddf24bb7b326b7aa7,5985750757a6e174bc36b9966a970fb2fc40e3dc327c7759e843497f25e1abab
XParticleCore/XParticleEffectManager.cpp,XParticleCore/XParticleEffectManager.cpp,normal/shared source,text-identical (encoding/EOL differs),4423,4276,,,,1341402642,acae4fc3c74de24aed40d679a66f43aa73edb5253964f9e4250465e1ad27bf61,009fd48e57f99bd5515ac3b5a5817ceca88f10db23452309cc613f99acde1080
XParticleCore/XParticleEffectManager.h,XParticleCore/XParticleEffectManager.h,normal/shared source,text-identical (encoding/EOL differs),2865,2756,,,,1341402642,51689aaa47374eb6d59b8e23221aa7f0530847c6c9a31f948bb95c0461204c80,df680875a40ae81c23bd3d2c37de2cf2e3e1901f8757ffcdbc22aeb8440ac29c
XParticleCore/XParticleElement.cpp,XParticleCore/XParticleElement.cpp,normal/shared source,content-different,6647,6404,3,3,0.986726,1384269400,54f960571ea0da66d02bd1926e15878b454b8188ab00ad70eaa710b34573f371,cce89d6e13938fb31be65e5f690b9e962ab7bbed4e33dbcfed23bf30bd01b86c
XParticleCore/XParticleElement.h,XParticleCore/XParticleElement.h,normal/shared source,content-different,3057,2922,1,1,0.992308,1384268023,220b998c8acae2342006b652a767610e0ceb96265e998a67d673bef8d542fd91,7c31c2209834839932000fd0a5184df0738a6718554ee1af848180d1f459522d
XParticleCore/XParticleEmitter.cpp,XParticleCore/XParticleEmitter.cpp,normal/shared source,text-identical (encoding/EOL differs),13847,13314,,,,1341402642,5d0135c3c47745b57f8dc40d698e766333f4d1c5f526478eb1da8f700b02dd5a,0bed63ff324b825d9873bb287ed696a753c490bb40e23f189cae11865253ab83
XParticleCore/XParticleEmitter.h,XParticleCore/XParticleEmitter.h,normal/shared source,text-identical (encoding/EOL differs),1229,1181,,,,1341402642,697cfc3ea13ec4ed23fe6e647fb8727b226a952d0ddcd58e4142d0fe6829e193,13365893db25936c539116c1c45bcb18e441a70ff62545f07d66b32d03588c53
XParticleCore/XParticleIDDefine.h,XParticleCore/XParticleIDDefine.h,normal/shared source,text-identical (encoding/EOL differs),92452,90488,,,,1341402643,f9197ee14c233e9625a4e6bcaacf30d3849d3dba1f2fcbcd84892fa303ffd12d,70ecfdaefb57221c4424183968879d966d603d2c82e6c518b8d19111894f0f60
XParticleCore/XParticleList.cpp,XParticleCore/XParticleList.cpp,normal/shared source,content-different,89605,86546,11,11,0.996371,1384270869,30d7e19cc0e09e8b2e6003d36b2b7c9376bb876c06645ff098ea807f59bdd28a,aef7bd44af69a84411533abc50938a1b3fd8f1e52d8e3a164b0a87098269cdff
XParticleCore/XParticleList.h,XParticleCore/XParticleList.h,normal/shared source,text-identical (encoding/EOL differs),9786,9441,,,,1341402643,b26626c38aa3443b8e316da395ad9b8ab4d402f8a9265059231506dc3e6d6051,2567854efa4cce7883242d6a481289fa82ceed1630b6465b7192ef5d973c5232
XParticleCore/XParticleMeshObject.cpp,XParticleCore/XParticleMeshObject.cpp,normal/shared source,text-identical (encoding/EOL differs),1463,1404,,,,1341402643,5b234e4027bf6ae402d2a6113e4e7c73cf203021215e9733b8d0c1c00837b403,a33e67119be1e76f61e3cd2bd8c83f92688a3c3991e70b3de55c398641d0dd84
XParticleCore/XParticleMeshObject.h,XParticleCore/XParticleMeshObject.h,normal/shared source,text-identical (encoding/EOL differs),1001,957,,,,1341402643,f7f2f6cdeb91c2f7cb99da00bec9e6417f4791985a62702081800b837740c11e,7ea87adfa5154133978c05f84dd7b47040c9e0607e3277d52f2728204abc5fc5
XParticleCore/XParticleRenderManager.cpp,XParticleCore/XParticleRenderManager.cpp,normal/shared source,content-different,7057,6949,1,1,0.990476,1384266475,941a879c1269ba1f9224167413dcafcee4ae14752a316d73b8037fc9c8f6ca78,e7e47e0cddbf2f3e4505e1ec2a28c99f1e6d64880a59d6aa8799a28eb90c0a5e
XParticleCore/XParticleRenderManager.h,XParticleCore/XParticleRenderManager.h,normal/shared source,content-different,5545,5347,3,3,0.984615,1384265911,2ba39dcf0bb94c09f442f04b7a4930adf371cea3253835ecc6420c4af74eab4f,2119ddb30ccadbd18756acf1d0b01464d495a23296debd13c2de1b7d7c139b8b
XParticleCore/XRecyclingArray.h,XParticleCore/XRecyclingArray.h,normal/shared source,text-identical (encoding/EOL differs),3109,2987,,,,1341402643,45a80cdb001e2eda3f9ddd2cbe973a3ff733d554787b772d59115c3b97e0f32a,accccd87a863322480080b01cf9610fef6e4edb7bf14904676a62374883c6162
XParticleCore/XScreenMotionBlur.cpp,XParticleCore/XScreenMotionBlur.cpp,normal/shared source,content-different,16968,16391,1,1,0.998261,1384267140,8ae4ac1ae043cb10c75927fb950c40fa87dd8abc1d302c32c9033506cbe16cd0,3d263e533ed5243ab63d2cab7e3eb1ebf1331b403cd59ae6f9db4502e6742241
XParticleCore/XScreenMotionBlur.h,XParticleCore/XScreenMotionBlur.h,normal/shared source,text-identical (encoding/EOL differs),3733,3576,,,,1341402643,ff5a78cdc3a0f69e7753a2c946fe705f85d6ab5bf26cfcb9399a117fa8b81261,7461833032eca69870ec584d59b90c3375370424ab447a9e6347c3ae1e431870
XParticleCore/XSplineContainer.cpp,XParticleCore/XSplineContainer.cpp,normal/shared source,content-different,11977,11534,4,4,0.990499,1384268627,9135de82c0eab69e8dfb6f91b70ee6d9ade2b16e22a515c399fb624bae9703a4,56d515feff3cc3325c576635baf25eb5d49d91c74fe99bccaab1e3bbee51c65e
XParticleCore/XSplineContainer.h,XParticleCore/XSplineContainer.h,normal/shared source,text-identical (encoding/EOL differs),2672,2571,,,,1341402643,38892b46bf71f368bd901562e860bfe30f4140126497de0ca8c9e256b1febedf,f302e17dda3eccfc9b882bc65f907f8c3ed9f3f2b65d30bde375b2b7462383c3
XProcess/EODDEF_GlobalObject.h,XProcess/EODDEF_GlobalObject.h,normal player/game process,content-different,42396,43753,41,43,0.960114,1341402647,26ac2d4b71046100acb7257165880a73a39dcfcea7c8d2a15e9ce7ea674b5037,4a9856750e1efea050edfcd8bec42bf4c2c1c85cde7a12f82617c0bf40c4156b
XProcess/EODEXTDEF_GlobalObject.h,XProcess/EODEXTDEF_GlobalObject.h,normal player/game process,content-different,42825,41834,0,1,0.999515,1341402647,edbc9b60c463484ebf36919138190418cd0cd9fb36dec3ace6ad11185336e9e5,4f1352843f6c31a37cfa0d537c98b56c0a18d55361744b3af050b850dfe15c50
XProcess/XMessageWindow.cpp,XProcess/XMessageWindow.cpp,normal player/game process,text-identical (encoding/EOL differs),19502,18871,,,,1341402647,4cf940e5bf8b6974c42d99190cc8d3f2dffe581977c8850e2c218dbb9b92a6eb,1bfce5f982764e97652051211bd5a2a4760a93ab84cbe48413fa7b67d7d1fcdc
XProcess/XMessageWindow.h,XProcess/XMessageWindow.h,normal player/game process,text-identical (encoding/EOL differs),2744,2654,,,,1341402647,0e57fe97a12d4cca26967b54579888bf6a7be9bc59b9e39f1b66edad81590cde,a5486aca082b79c00b189e6efe739828d1195bb930993885aeafbf12c1369d52
XProcess/XProc_CreateCharacter.cpp,XProcess/XProc_CreateCharacter.cpp,normal player/game process,content-different,60266,59591,45,50,0.973764,1384271389,c4f59bff1bfcffae89bf22d14783095ed9ed8db56e7e25a400e87ac55fdf47b3,d35275a3c41581aec483eccb061fde63a1e0b45fc33e15629356b2ef33b1c795
XProcess/XProc_CreateCharacter.h,XProcess/XProc_CreateCharacter.h,normal player/game process,text-identical (encoding/EOL differs),3098,2983,,,,1341402647,353575d77bd7c14f92f6cf1efa2c5d7a08e1b692429793af688faaabe2051ac6,df2f09fe7f5fe61b5d717d130fafb5f5be8fa2406a4a540b6d24c0ea8a1df562
XProcess/XProc_DeleteCharacter.cpp,XProcess/XProc_DeleteCharacter.cpp,normal player/game process,content-different,32673,31840,6,20,0.987963,1341402647,352911a215bb2232973093867ba8b9acc5a8729082cc59c68026b46835bb5a52,7d639a6ceb05776f439b95e64d8dfc240e4ef3053cc7d47b830b77c4d6334960
XProcess/XProc_DeleteCharacter.h,XProcess/XProc_DeleteCharacter.h,normal player/game process,text-identical (encoding/EOL differs),1654,1599,,,,1341402647,b6b12acaa8e32b645a0a1e5241cd416430e0b872070ad28d4f25a4f6f59dc501,d666056562db68c84f12e43701a39bd1193107dc3101a002e04d975cdc68cde0
XProcess/XProc_FirstLoad.cpp,XProcess/XProc_FirstLoad.cpp,normal player/game process,content-different,268766,264273,26,130,0.990043,1410639364,d34b4aaf02fd1a3544d8f2aebd39359aaa41da837c866317a2b405ad78cfe8df,9626ef6a203dbf5eceeb5a1ef2e79d020d996c116b17ece8ddc0bb625526cede
XProcess/XProc_FirstLoad.h,XProcess/XProc_FirstLoad.h,normal player/game process,text-identical (encoding/EOL differs),2358,2269,,,,1341402647,f6c6098ed18506b0c4222d45d57fc7481611da5c5049793483dc62532f252469,f81d0637bb48e99599697ab7a119616eea3ff1db50f998102cf5189425d78821
XProcess/XProc_Flash.cpp,XProcess/XProc_Flash.cpp,third-party/middleware,content-different,43599,42347,3,3,0.997588,1384267140,4894906ccdfc3a57742e6fa79e541013b7f280a234b260470562dc47c27509ab,da215a0cd186e9fae1e1b73df00e7b3f4817501cdab8a3a3ef7972a06331f01d
XProcess/XProc_Flash.h,XProcess/XProc_Flash.h,third-party/middleware,text-identical (encoding/EOL differs),2441,2350,,,,1341402647,9f0c8942145677d6b554c3878b7b15d27ce1f1cb313a3d990b993d865d3cce2d,6be0abf5d67c77e1a4b7b01ad312cf25325795788a248490366444a7336ecbb3
XProcess/XProc_Loading.cpp,XProcess/XProc_Loading.cpp,normal player/game process,content-different,55059,53441,4,4,0.997582,1384268626,13e9533782be6736f7fce3eb0395a04f1e29a7de481d1e6c0e2704dacc1b97bf,865b6c9233908e642b7d4f848003f8060b02387543bc253786427ed96a8250e2
XProcess/XProc_Loading.h,XProcess/XProc_Loading.h,normal player/game process,text-identical (encoding/EOL differs),2557,2459,,,,1341402648,a49545867f1eaf9ea185fd9b0ef42e892835b29c3870e225562d6046e2343a10,6ce0ab04cc445463c1e4ae0392ef3f86fecc0b5d08328df60626b459923c0e51
XProcess/XProc_LoginServer.cpp,XProcess/XProc_LoginServer.cpp,normal player/game process,content-different,120530,116836,11,7,0.99751,1410642221,f18964fe73d02e965f36f94ed8990ac300500d779ffcffe2fc4c5871b9db7a1d,8938b879f88a6d31a2b1acebb35347972da77f55022f049d2e3b5e9e37dbaa5a
XProcess/XProc_LoginServer.h,XProcess/XProc_LoginServer.h,normal player/game process,text-identical (encoding/EOL differs),4466,4306,,,,1341402648,a5e0e404feb6f2e49ef066b15677c6e08e3de3369cb5d527fbdd801bff0c076d,dd5ca4f0c0191753933354737514d8104ee3f99c2ae00aefacf53e84c917ba01
XProcess/XProc_MainGameMessageHandler.cpp,XProcess/XProc_MainGameMessageHandler.cpp,normal player/game process,content-different,684631,696755,334,919,0.966684,1384270221,222ddc12e5196782e943d837d32de56159ed053674944afc0cfaa05eb6c96858,d6a277c6d83a4c741472af253e645ec8ea0f754777d7f853f5d8ed4533408474
XProcess/XProc_NineDragonsTitle.cpp,XProcess/XProc_NineDragonsTitle.cpp,normal player/game process,text-identical (encoding/EOL differs),14478,13948,,,,1341402648,235c74ffd678e2ef0b11236d7ccdb00e427e002716b86f4731a81ec32b1a1d31,2cc08eccc025c4bbf075698bc6f145927a026333c97c66d5490eb7fa451fe516
XProcess/XProc_NineDragonsTitle.h,XProcess/XProc_NineDragonsTitle.h,normal player/game process,text-identical (encoding/EOL differs),1668,1609,,,,1341402648,130c13f9bebe4520b2ec0d09c97cbfaa257b05f2c8f6353e3dd89743df59775c,68134b2fba6d9e098d4904cb97401ba76388e59a2d05266f9644fffd10555126
XProcess/XProc_ProcessDefine.h,XProcess/XProc_ProcessDefine.h,normal player/game process,content-different,65841,66077,1,24,0.991636,1341402648,5dac53f79038a3f73ea0e6f085ed50cfb0d9481edd62b9ea59431748d1d4c1bb,d658809527803e1a3ffb8d6a1f63ebb938631efa5347426f3c13e05b93a36336
XProcess/XProc_SelectCharacter.cpp,XProcess/XProc_SelectCharacter.cpp,normal player/game process,content-different,154382,155576,12,215,0.972441,1384267141,24832e99c87c0edb7cbbf0168e276914336e78907a0b95eba62fe027a05f9fd7,009b359908518a479374f9d067b4abafb8ef92668536cc53a429e9637888d4ec
XProcess/XProc_SelectCharacter.h,XProcess/XProc_SelectCharacter.h,normal player/game process,text-identical (encoding/EOL differs),3397,3277,,,,1341402649,94b154f5b7ead90b8eff9ce90f1c1753db5b5074b63dc14916d6ba0278c64485,3c892191b9089fb1e93c2b2068589e1001ca43a19b3f2cf99b94d10e5d5744b9
XProcess/XProc_SelectHero.cpp,XProcess/XProc_SelectHero.cpp,normal player/game process,content-different,19929,19395,2,2,0.996183,1384268626,51958fb60ce4ff03b09a1d351fd22de0f6fe0b76daebaa13560f20a608bc358d,bfe4c3c2f4263d08381e3d9f7b009090cb3833f93257f00e3e7c6a3965718ce2
XProcess/XProc_SelectHero.h,XProcess/XProc_SelectHero.h,normal player/game process,text-identical (encoding/EOL differs),1207,1160,,,,1341402649,c1b8199d2dd2a2f75585c1d3ae2979df5952540ab041048227bf969a759ebe7b,182f9631df27093abc1c4c7efd2c01eff15a51cc6a306dfebf306e6d9f87d9bb
XProcess/XProc_ServerUnification.cpp,XProcess/XProc_ServerUnification.cpp,normal player/game process,text-identical (encoding/EOL differs),20036,19398,,,,1341402649,7ec8b0ee2e99b5aab7b3d2fba41edc7c469301a0a8f98cbff2723c886685f2d8,ca31220f6673eeb6428b0804ceadcc2807a87c36a5d894ebf4ecc235d23f867a
XProcess/XProc_ServerUnification.h,XProcess/XProc_ServerUnification.h,normal player/game process,text-identical (encoding/EOL differs),1447,1398,,,,1341402649,1fd99e87099b98b45dc114c23ce9097e61300e01fc2f4ba1749b623cd90f01c0,080389414ed9a051493c98bb98c9c1d5110e635163498d4e138718e05ff92758
XProcess/XProc_ZeroLevel.cpp,XProcess/XProc_ZeroLevel.cpp,normal player/game process,content-different,154204,149565,10,10,0.997829,1384268626,d07b19de470ca09ca593bc52ae5dadee0a23ffebcc64b22c6a3278719bde7e9b,6a9d9aae29eeb4ca357203095c111a844566afa785686441a0249ad3396d78a0
XProcess/XProc_ZeroLevel.h,XProcess/XProc_ZeroLevel.h,normal player/game process,text-identical (encoding/EOL differs),11095,10748,,,,1341402649,4df3384a447b132284a1f45334769dd72bbb1e26d198d7e20ff094de2caf048c,6f2b1069ed91c2f74f9f771fbbdf2a021aef0afd5bce35504a139eba1d58cb2b
XProcess/XProc_ZeroLevelMessageHandler.cpp,XProcess/XProc_ZeroLevelMessageHandler.cpp,normal player/game process,content-different,17763,17069,1,1,0.998555,1384267139,498cb41b6b5024be82439782c181e77443826ad9dec511295486255d8fbd84cf,66e7db51df03aead13a0272b5549bca6d6f134f1f9b4bb2e2310694e4dbcabd8
XProcess/XWindow_AccountItemUse.cpp,XProcess/XWindow_AccountItemUse.cpp,normal player/game process,content-different,5806,5626,1,1,0.994536,1341402649,39c2b7b004c7796b9c10f8fd9ad50eb69589a9bb56ee6428b2a1ad9acdd735ce,5a614f7b161637b40941097ea80350d110e7b049a232e9c3378fef252b6f12da
XProcess/XWindow_AccountItemUse.h,XProcess/XWindow_AccountItemUse.h,normal player/game process,text-identical (encoding/EOL differs),899,868,,,,1341402649,b5ac6bfe865024c71b1cc8e4a46836e491d17473f2b62b90d9ca0c857fd79a87,2b9dc5d0778524b636f912642782f315bcebbde1f231af05f0978f1e24ed11be
XProcess/XWindow_AddSaveItem.cpp,XProcess/XWindow_AddSaveItem.cpp,normal player/game process,content-different,39921,39124,20,26,0.972909,1384270869,9e162ed3715991537e09f717d7446ada18010dc385128cefd314c97a286c3ca9,f368336ef3e87bf56c848839eb4f23c072c6e93a96b0db32591206ffb36c8ecd
XProcess/XWindow_AddSaveItem.h,XProcess/XWindow_AddSaveItem.h,normal player/game process,text-identical (encoding/EOL differs),2702,2614,,,,1341402649,79ec6d7f77c96fd6e3c68f18ed097ad721727681cb8d7a9ace411c48d0cf2fdb,c18b2ef1df619ca3a98a7a10bd9cb86645a9028a493f06dabe493b5911109905
XProcess/XWindow_AdminNotice.cpp,XProcess/XWindow_AdminNotice.cpp,normal player/game process,content-different,11445,11031,2,2,0.995134,1384267140,435c055ba3cb7a04c0a65418e65370455a3c4b590976cc61098f195ac20b3142,11404d407e5308a346cc875548b07c9a655409d05e1669985fc416cb9c126d28
XProcess/XWindow_AdminNotice.h,XProcess/XWindow_AdminNotice.h,normal player/game process,text-identical (encoding/EOL differs),1394,1345,,,,1341402649,6f7056453d46582b476215b418908bc45c5671b297c2bfc1d2d9f6c6de10999d,f1e72d5463aff3a7cad67859452c5beda9adf7c8dc2b64fbec9a0a7a87d24c7a
XProcess/XWindow_AgeGrade.cpp,XProcess/XWindow_AgeGrade.cpp,normal player/game process,text-identical (encoding/EOL differs),2047,1953,,,,1341402650,8e35f512c2a088b6ad9fa1c157e52fff63d0272f23bb2f81f93afc79a6ab07d5,f53c54ce385a80abf148feb79cf1b061f8667956d0a4f7073eee7399712a8a65
XProcess/XWindow_AgeGrade.h,XProcess/XWindow_AgeGrade.h,normal player/game process,text-identical (encoding/EOL differs),1151,1108,,,,1341402650,2b5eb56b52621f3477d0573ada7b41c2f608edbd81ae3fafd80246b6a34c169b,1fd9ffcc010394c5a2812fc2e880cb3464b580a95a4d85837ac06d626dc6cc54
XProcess/XWindow_AreaSelect.cpp,XProcess/XWindow_AreaSelect.cpp,normal player/game process,content-different,8874,8559,3,3,0.990323,1384267140,cee4b69afecd7a201e9ff94ceec4f148704798ca47e47bbcf6d71d1023b75595,ba027eabf41630afec24a16d9b604105afda28b567592529ce2124c585c129a2
XProcess/XWindow_AreaSelect.h,XProcess/XWindow_AreaSelect.h,normal player/game process,text-identical (encoding/EOL differs),1161,1118,,,,1341402650,385e9139fb925df8d91ab72d5f9a7652618e3aabffa5f29c3067b94cb17be0ef,eaaf6fb4f43548e14c4e0c9d31ba0b2892f17be674b17c6221ad0e65e2e8a815
XProcess/XWindow_BlackList.cpp,XProcess/XWindow_BlackList.cpp,normal player/game process,content-different,12579,12156,1,1,0.99763,1384267140,643cca8f27ab3faae78ca2cd7001e9707b580216950272b820114b01328a3c7d,171fb53ef8188e9ede62c1a52c78eb682e22ace42ecc15aea420a7e2fd4b3937
XProcess/XWindow_BlackList.h,XProcess/XWindow_BlackList.h,normal player/game process,text-identical (encoding/EOL differs),1123,1076,,,,1341402650,5fe7f6a4a568e67cd99b414f8745e7e0ccdada002198a97e05d896ccb796dfea,908dd89b61c39f4e4f27f17c6e641d6a98cbceb80c3639c9bb5d087864ff32e5
XProcess/XWindow_BloodPoint.cpp,XProcess/XWindow_BloodPoint.cpp,normal player/game process,content-different,11429,10996,4,4,0.990385,1384269401,cad5829b99944eb458c3992a15608fd4dcbee21c7f7f38cba874cbb4c69f2d12,73051d00c7652cd3877e58936015688df6d9a8e69df3197e65eb68cf156ed370
XProcess/XWindow_BloodPoint.h,XProcess/XWindow_BloodPoint.h,normal player/game process,text-identical (encoding/EOL differs),1637,1578,,,,1341402650,fd93efb4451c134b5231e2b52914a1235e0d1089a6f5157478e8d2cae99189c7,346397e24ed8bce2b121f2b4a47c1dff4cd7ef87e38d411a0777f63debcec115
XProcess/XWindow_BookOpen.cpp,XProcess/XWindow_BookOpen.cpp,normal player/game process,text-identical (encoding/EOL differs),7405,7162,,,,1341402650,d32295315d21625aa9a7ef8b7ffd04b0023570605935441242c4d352186c824c,6d1d335071ca5d7c9f7c86d870c7039b15776b05bb32091c3be4b65fed436586
XProcess/XWindow_BookOpen.h,XProcess/XWindow_BookOpen.h,normal player/game process,text-identical (encoding/EOL differs),1575,1521,,,,1341402650,5dbd70b8d330e45d84d69defec34032ac4fce44eee71dd30ca05652e168a9eed,2e85c27fe76630e02bae1a1576f5af47c934ed468f7c868506b5fda5d6673c07
XProcess/XWindow_CashBox.cpp,XProcess/XWindow_CashBox.cpp,normal player/game process,content-different,46676,45714,5,11,0.99376,1384267140,b21712e1bbefd2abc02c620d48d232ed3bd684b7216f3e09d7826814e00171c5,48c590547f99094311cc52a47823d2303a630449d58801b5a48f555cd367f30d
XProcess/XWindow_CashBox.h,XProcess/XWindow_CashBox.h,normal player/game process,text-identical (encoding/EOL differs),3083,2984,,,,1341402650,830fb1ec1dfd061393692d32ca1206445dfd5eca4da5233c79806d0700464637,6d1fa0bd6801a2eef603327aa4450c0f2fda296c2687e48b53379e4731c03729
XProcess/XWindow_CashItem.cpp,XProcess/XWindow_CashItem.cpp,normal player/game process,content-different,24254,23441,11,11,0.986146,1384270869,3b5e68738e7565fc63ea3b9b4a2b9f79cc4493be85a3151e1ff135f2e59c46e9,c3e7325ba7a036e80c7285e74d9d02a5f45946aac4d83419bb1476501e4b4405
XProcess/XWindow_CashItem.h,XProcess/XWindow_CashItem.h,normal player/game process,text-identical (encoding/EOL differs),2427,2328,,,,1341402650,f80af911acbf8bf0d5965778c1109357d8f0b8a28492c18f8e5cb8b7f41e1753,704c3288e6b202160a2c0ec6b716fbe56272cda97b24979636edfa50f32191d6
XProcess/XWindow_CashMall.cpp,XProcess/XWindow_CashMall.cpp,normal player/game process,text-identical (encoding/EOL differs),11136,10861,,,,1341402651,7561981b471bb2a03b0639d01ec335adcfa0211b61800973bedba8b01172f8f7,e7c4ff0a7b6753033dce61fed114a6535a98f8d802c04a15f5aa31dc5a750951
XProcess/XWindow_CashMall.h,XProcess/XWindow_CashMall.h,normal player/game process,text-identical (encoding/EOL differs),886,856,,,,1341402651,675250da6d9dcd5d60c5247f2eb5bb336c5840fca677b90ae0662bc87407f740,8025476756d38eb53e719305afb56a4437a5a0c848452a65dce886d1971fbcb7
XProcess/XWindow_CastleBattlePersonalHistory.cpp,XProcess/XWindow_CastleBattlePersonalHistory.cpp,normal player/game process,content-different,16098,15599,3,3,0.993915,1384267141,692889eb34e6b906c06581e64b6df061b46e21af5cf1ec359613fa2dde617096,e61c8a5ecb6abea7063fe6d95918113ad6a89489c8b60a67dc13a8989e6736d5
XProcess/XWindow_CastleBattlePersonalHistory.h,XProcess/XWindow_CastleBattlePersonalHistory.h,normal player/game process,text-identical (encoding/EOL differs),2092,2019,,,,1341402651,cc2dae879ee40e96ef586eddfdebb3f379767389a0ef5ed18f33401a539c1037,63e0ac0b9a941c71fb547718da2fd93f8ab1865afffe7feacdbc0f8349065135
XProcess/XWindow_CastleBattleRewardList.cpp,XProcess/XWindow_CastleBattleRewardList.cpp,normal player/game process,text-identical (encoding/EOL differs),8707,8499,,,,1341402651,cda774e98cffb32df527e74d24c394bfaeadb3d812b49b1d744e5a9818c6b343,5a65d13bf4ae22f6d3e895835a542378223903f9b935043b8443a268b3875865
XProcess/XWindow_CastleBattleRewardList.h,XProcess/XWindow_CastleBattleRewardList.h,normal player/game process,text-identical (encoding/EOL differs),1290,1246,,,,1341402651,ec1630aae1f9b9f0ffadce4a6e538bc753718bb45c2fc452f7c91021378e05c7,fc0c17777f55bad6954567471da6ed7c1722c62ec9230286b61aa1e1d8784835
XProcess/XWindow_CastleBattleShout.cpp,XProcess/XWindow_CastleBattleShout.cpp,normal player/game process,text-identical (encoding/EOL differs),9527,9270,,,,1341402651,231be1de351632f05abb4cdbcd7b3d274e6be9f070830dbdbc943dc916d3d138,d0437421f52020870cb02c3d158b84e745cd0a59332f899207213f4edd0cb6b3
XProcess/XWindow_CastleBattleShout.h,XProcess/XWindow_CastleBattleShout.h,normal player/game process,text-identical (encoding/EOL differs),1209,1170,,,,1341402651,4dfd3f3834f3ced993ad17cf93dee9fb1ca75acec444c270c1b5f5bef786d21f,af4c36ee33eb71327f8f20850f6595290c73e48e368c75e6591e70a01e4d5c43
XProcess/XWindow_CastleBattleTimeChange.cpp,XProcess/XWindow_CastleBattleTimeChange.cpp,normal player/game process,content-different,17971,17544,5,5,0.987981,1384267141,caf8732dc23e54cc385de46e847e703b442cccceba4ed27e9ab3973593a37770,02b2b8bac6a508c7e81bd9b9f37654fe08d0b413830765c38f25f2f39faa0964
XProcess/XWindow_CastleBattleTimeChange.h,XProcess/XWindow_CastleBattleTimeChange.h,normal player/game process,text-identical (encoding/EOL differs),1390,1342,,,,1341402651,26d2fdb3a4e692c93153d51ab7f01c6053110b560f672a9b3bdd2f91d19c34a6,3c3fcad86bfeb8cf701caaef4f591d489336e1707740aff331b45ae5328b8b36
XProcess/XWindow_CastleInfo.cpp,XProcess/XWindow_CastleInfo.cpp,normal player/game process,content-different,14466,14062,4,4,0.989822,1384266475,5453b34d4a9021393bdf93aa008679f11edbe6cfdfe0e9e7693e10ef1e6c29e1,e373c1c5ff95793a3e4eb3aa4e4e6a491ac5152eb3d6a617dbbd8bad149e729e
XProcess/XWindow_CastleInfo.h,XProcess/XWindow_CastleInfo.h,normal player/game process,text-identical (encoding/EOL differs),1449,1392,,,,1341402651,01d2183cafe4384e3129c8ee652680c3db6a859ea1a4b397a849b8be708b910e,66018aa47a1b1141dd7b4a7d54968a6bdf6025d9297dd5e7400867ba5da2c172
XProcess/XWindow_CBOrgRecord.cpp,XProcess/XWindow_CBOrgRecord.cpp,normal player/game process,content-different,9178,8929,2,2,0.991803,1384266475,e4813f3c09a6d9f1a95d9d9ffe6ed41dbcb9580ab3e7b7dd11100bbacd7feae0,b0d085ed66e781fac199c2bbfb91bf1f03cb7a50c2c449f8ca5613cf998b0e8b
XProcess/XWindow_CBOrgRecord.h,XProcess/XWindow_CBOrgRecord.h,normal player/game process,text-identical (encoding/EOL differs),1157,1112,,,,1341402651,baf85463ecb2e8cce07650c9122d75ba2b4f74466bb052a5a5352872a9320adb,6b9dcb72244f967eb9c846dc70ff2f8bdf610e54d86149bfe0be0cd6ef532e8b
XProcess/XWindow_CBRecord.cpp,XProcess/XWindow_CBRecord.cpp,normal player/game process,content-different,9347,9068,1,1,0.99639,1384266475,9cee45a2546435f4e0cfb4b40ac3ec6cc42dcc131cb74cdfb57f83ef5bc79c85,0f530e5044c37a512e563c0f05f65719648de18c85f3e1d61a6685e119470ade
XProcess/XWindow_CBRecord.h,XProcess/XWindow_CBRecord.h,normal player/game process,text-identical (encoding/EOL differs),964,929,,,,1341402651,78136458e666d98159f4f8e98ef1269850edb234620e25662936f1c6611514ca,59c938f55f68b087c61dd64630ff765b16aa7ee88a7f9b915c4ffeb2bcbc38fe
XProcess/XWindow_CBResultNotice.cpp,XProcess/XWindow_CBResultNotice.cpp,normal player/game process,text-identical (encoding/EOL differs),6695,6523,,,,1341402652,9ea559b121cd5eedb39a79cfaccb1ee2c8556ff2e453ad4849f0123f6574d890,94c99d6efb39a3be44f314e30c2c7c08e6d3ea8cbbb535b236fc082d88377346
XProcess/XWindow_CBResultNotice.h,XProcess/XWindow_CBResultNotice.h,normal player/game process,text-identical (encoding/EOL differs),1111,1072,,,,1341402652,7e1b61f9f0cb212f9d80daadd72eff9ab1f5613ddac9757f115678dcb084ed5e,8f48cdbdeb1ad6e203e708958bf1c68a8e6c77ef3faad1831ec0425680a0001f
XProcess/XWindow_CBRewardSmall.cpp,XProcess/XWindow_CBRewardSmall.cpp,normal player/game process,text-identical (encoding/EOL differs),5733,5559,,,,1341402652,14e2b1ba877c393eaa37ec540f24f18653232586da8a6c002f6dc517c0548b95,3505969ad8135d2c840de915443ab46a49479d987db19a06acec5f4413402e7b
XProcess/XWindow_CBRewardSmall.h,XProcess/XWindow_CBRewardSmall.h,normal player/game process,text-identical (encoding/EOL differs),1014,978,,,,1341402652,08d438af3eabe3c8ac3887f288d4f06b4c95808e95a12cb53dab29da873bf1df,19c91fbdda75fc2e946b8ec7e19934a3672e413c7fd3b3cf061d4ebf92dbaa81
XProcess/XWindow_ChallengerList.cpp,XProcess/XWindow_ChallengerList.cpp,normal player/game process,text-identical (encoding/EOL differs),14962,14522,,,,1341402652,a9972c50a40a77db6aa37791e564d6bebc5de947d651b6fdad715bd3a35d1104,be862144e8f1fee5bcff72853a2db3b98d88d461e5d8dd67a4a098cfe20196b1
XProcess/XWindow_ChallengerList.h,XProcess/XWindow_ChallengerList.h,normal player/game process,text-identical (encoding/EOL differs),1393,1339,,,,1341402652,d01cd8b185fa7af9b3fbaf86b7515118fa8d8bb9d8f648eda7bd898c7958a594,405a8136da6083a37d91080a80ec1afde33d9c15d62d5f92b5683d49c9bae99e
XProcess/XWindow_ChangeName.cpp,XProcess/XWindow_ChangeName.cpp,normal player/game process,content-different,12866,12522,1,1,0.997006,1384270868,124560e6cac046148b569975db3f97b350050f7a8a68e95c44957b54eedae9f1,b2683d3ca6af1c3ced75594ddf33997470af410531910f6a282d912ff497b2d1
XProcess/XWindow_ChangeName.h,XProcess/XWindow_ChangeName.h,normal player/game process,text-identical (encoding/EOL differs),1395,1352,,,,1341402652,950a908202fc047ec858ba64cf0f1223a346d23642b94583d53c3ef19bca899b,3a38bfd38e06ec6052b999ed44790eba815340032ef8659e5bece6c6c188c061
XProcess/XWindow_ChargeGauge.cpp,XProcess/XWindow_ChargeGauge.cpp,normal player/game process,content-different,32400,31313,4,5,0.995988,1341402652,9c5a7187ac341b0a32a3af4cf869cb7aee9aef52ad9a63110ddbaebb54e446d1,3154b1c2f1cd6ecb0d9c78f2bba47c3d1bdb0b55744fbe0d76db981b675166f7
XProcess/XWindow_ChargeGauge.h,XProcess/XWindow_ChargeGauge.h,normal player/game process,text-identical (encoding/EOL differs),3107,3011,,,,1341402652,95f3b6205d86f2d9fab3013f71157f673bfddb5d0462355bfc1820a4ccd6a068,d1c14a58f2122f3804ecdd1ee6b396901508fcd374eaf916fb84ec180542283c
XProcess/XWindow_ChatBalloon.cpp,XProcess/XWindow_ChatBalloon.cpp,normal player/game process,content-different,3449,3327,4,4,0.965217,1384267140,78f67f486af6686eed1b1632a01fdfa07692a669d73cdba0fe3f7e0d69e84c3b,563382536cd83480eb9773d6cc6f658f7fa7834e5190890cfad050c8d33c9b79
XProcess/XWindow_ChatBalloon.h,XProcess/XWindow_ChatBalloon.h,normal player/game process,text-identical (encoding/EOL differs),576,551,,,,1341402652,fca92847c5ddcd9d6a1a0e28b7b142fc57ec6b996e82108a9c0801ddb3336abc,70d98608fbc619e7281739f2f678988c2f6fc5f86a3b0b3c6956d5245c789e14
XProcess/XWindow_ChattingDefault.cpp,XProcess/XWindow_ChattingDefault.cpp,normal player/game process,content-different,101653,102349,76,145,0.962073,1384267140,465db102d12522d63c6dc7670397fc241a93a321de1491b4b63425f8479e78cd,6e19c07660776732888c5b95209b03eb64195dba71975cec142a67bac5c1f3bb
XProcess/XWindow_ChattingDefault.h,XProcess/XWindow_ChattingDefault.h,normal player/game process,content-different,4516,4399,2,3,0.982818,1341402653,cd9ab38c999f81a6d49238c987a72213b70732d17c38d9a2939ffbbda728b879,a9e0dc2928fe94169f9931a8e48daa5ea4c1e50325ad531f4be9351212de21e4
XProcess/XWindow_CInfo.cpp,XProcess/XWindow_CInfo.cpp,normal player/game process,content-different,127908,126419,58,89,0.977262,1384270869,e03ac928b3b9c09fa6c73ecf10059ebefd8e636efd608d2bb82564ba95adccbc,95a3ef01fd1195d9ba2c5b1fa59349a1404228f113f45aa9072b55ee2bfed0d6
XProcess/XWindow_CInfo.h,XProcess/XWindow_CInfo.h,normal player/game process,text-identical (encoding/EOL differs),2773,2684,,,,1341402653,e0004d4b92b8264dc9e6657a63d682404751e3f60458a36fc863b05e40e598f3,4b740a7355f4d5f84b269b51d043f814237d51a7e0ce0e775de7e70fde144430
XProcess/XWindow_Contribution.cpp,XProcess/XWindow_Contribution.cpp,normal player/game process,content-different,54967,53573,6,6,0.995825,1341402653,e55c6f817f7e1b6c06775e005751d379038ee6c2c76b246c3f2b8d3b5776e2b7,5ff17b9870245e472db76ea5fc58032b3cbf365512458e3d798a54a0a1ed2950
XProcess/XWindow_Contribution.h,XProcess/XWindow_Contribution.h,normal player/game process,text-identical (encoding/EOL differs),2264,2180,,,,1341402653,0c9c7da0d4ec05d6aed5d726075baefec84520d3603468c08f5eae31858dd0f2,eae27068775102f939ec26730d4f31b680580b44df2722f37b5a41669f2f81ee
XProcess/XWindow_CreateCharacter.cpp,XProcess/XWindow_CreateCharacter.cpp,normal player/game process,content-different,32425,31607,2,2,0.997525,1384268627,135a2a99106abe396e8dfd681accc1bdfedec05a1e81a861931fb9287000927f,5cd9b6a44a81b10f63eb637f839e048a3f6c8dbb01f2c79dd3549e4951adb55c
XProcess/XWindow_CreateCharacter.h,XProcess/XWindow_CreateCharacter.h,normal player/game process,text-identical (encoding/EOL differs),2200,2121,,,,1341402653,7d67def2f5ed9e923db2051b90939aabba490060f16f93068a149140664dd894,1b8a32699aed6de7bb31c41426d4c0f8aa45828e3fa6779b5ff469e7882fc48e
XProcess/XWindow_DeathBlow.cpp,XProcess/XWindow_DeathBlow.cpp,normal player/game process,text-identical (encoding/EOL differs),4994,4814,,,,1341402653,61cb781daf8d1e82d213d11fda73ce963895c1ba07cb41566e84fdcd2ba096f3,ed90f2b42013ce394e0bfb6e8ee669f214a367ac02d1f4f3d9621bf68f0e859b
XProcess/XWindow_DeathBlow.h,XProcess/XWindow_DeathBlow.h,normal player/game process,text-identical (encoding/EOL differs),1129,1088,,,,1341402653,f40cf0af491490843baf8cfff17a9732f576b433d92919a038cbdf5efd84a23d,15b57fadb51633056811da5cd7d775eb7ff20af445fe97308cc84bff0b083106
XProcess/XWindow_Debug.cpp,XProcess/XWindow_Debug.cpp,normal player/game process,content-different,26581,25756,7,7,0.991379,1384267140,15f96be9934b7f21439170af1818318ee4c3c7f9eaab3fd1069ab973d7913b1e,598d57624e67b60bd06a417e531c5b3e51e573bf25bb06e31a4560ec8828aaa1
XProcess/XWindow_Debug.h,XProcess/XWindow_Debug.h,normal player/game process,text-identical (encoding/EOL differs),1582,1528,,,,1341402653,410146bb6da79bcace034833b43d89d6dce97d3792879a92e7311a6913b1a751,956542dd0fa6dbecdd4a1607caeeb20659a96bd30562da093522a1dc22daff43
XProcess/XWindow_DefaultTooltip.cpp,XProcess/XWindow_DefaultTooltip.cpp,normal player/game process,content-different,374338,367849,184,227,0.977229,1384268627,06721c1e2098c9cc2acec8c9271bcfc447c56523bb2059c90e56a8c2ac5f5bf1,87ba87404d05803d5bdfd23510df9e3fb9ac86eb320657ad18b762dcca8d6283
XProcess/XWindow_DefaultTooltip.h,XProcess/XWindow_DefaultTooltip.h,normal player/game process,text-identical (encoding/EOL differs),8818,8575,,,,1341402653,929cbeda9928cc72a4fbe60a08a43432484cd6ab1a48f1fed16549b20703a51c,21553a228a211eaabe20b20cc9cefa8e57f5da5a265ff6e1d2441f5be4783639
XProcess/XWindow_DrawKeyboard.cpp,XProcess/XWindow_DrawKeyboard.cpp,normal player/game process,content-different,9622,9261,2,2,0.994413,1384267140,80fcd107a5ede4966f36d885ecee6b3dd3ed3d1f76711a331d6c15b787d747ab,0e470a766ec7b4b55ce755d3e3fa8daa7c8d25e0fd3643eee1e19c668e48dc15
XProcess/XWindow_DrawKeyboard.h,XProcess/XWindow_DrawKeyboard.h,normal player/game process,text-identical (encoding/EOL differs),1302,1260,,,,1341402654,1576c5b9386d32ba891d2d42b474d45ef5e3170d5641185185eeff95a1104016,16f06eecd9880160de6537ee0af2f38687200a00f0d28fce156e5ad093e02faa
XProcess/XWindow_Email.cpp,XProcess/XWindow_Email.cpp,normal player/game process,content-different,79222,77038,13,13,0.993812,1384270221,1943ba3ea8f97d07d50e664cd60948af4cad8b0a7fc38f29f7cd404fe7102ad9,79689db7e22423df81cd3aa9e0954b1f8c0fb6b06fe15f91025f54df7fc5b7aa
XProcess/XWindow_Email.h,XProcess/XWindow_Email.h,normal player/game process,text-identical (encoding/EOL differs),4917,4760,,,,1341402654,561ebd9c3b1c7335a1894bfe00cb7ffa11c0e51c35708d754d73fce7c4bde170,583d430c8e54cbd660c7eb6576d6fe83a5bde2db7d9ff4018e38d285890e6b5a
XProcess/XWindow_EnterBossRoom.cpp,XProcess/XWindow_EnterBossRoom.cpp,normal player/game process,content-different,46507,45321,43,60,0.965792,1384269401,45c85ef4d55db07b4ee00ff802450fd145cece9a9c5fd2d355b9affe93b3280a,8b4b2925c3b902f83e3a088b11c3d6b9ec0ae7e127ec2187393916ce92fffa9a
XProcess/XWindow_EnterBossRoom.h,XProcess/XWindow_EnterBossRoom.h,normal player/game process,text-identical (encoding/EOL differs),3622,3489,,,,1341402654,18908e165bab7eaeaf239d323b3686c451d175064c8bafa872a29facbd618944,fd1104bd0feac872e95752127113e7d7b0ccd7f6f3db286e00cae212f093a4a1
XProcess/XWindow_Escape.cpp,XProcess/XWindow_Escape.cpp,normal player/game process,text-identical (encoding/EOL differs),13983,13573,,,,1341402654,c1f79712989f507bd9cc583fb2c3a5c16271fe9311280c695428f71f3511d50d,e98ddfbd48357959062fdc4e6827d1ac3c0eda432dcc449a5a8afa2921b71099
XProcess/XWindow_Escape.h,XProcess/XWindow_Escape.h,normal player/game process,text-identical (encoding/EOL differs),1776,1719,,,,1341402654,a12bc17346679e34834d22979c445f9444d2a9964b570a9a24197aa308efab46,88f98e811f6eee650385a2d087aa6306cd47952d463abc876e1a2a0d0da5afed
XProcess/XWindow_Event.cpp,XProcess/XWindow_Event.cpp,normal player/game process,content-different,53197,51634,96,88,0.943315,1384270221,55bfbdd3c7d8785fb098638c2ec01dee54cd54793af165843003f59c76f60a28,2abf42860194cdf0685fdb4264a549e5f09584cbf9499df79900300aa839d290
XProcess/XWindow_Event.h,XProcess/XWindow_Event.h,normal player/game process,content-different,3558,3729,4,8,0.954545,1384267140,b417d90482f5c81e490f5ca472a829501930b04922be28248d691ac59f548be0,53ab18920220160ca3ccc6e2b8a6416f45b17c2c0b258551ee1671fd1741611d
XProcess/XWindow_EventIcon.cpp,XProcess/XWindow_EventIcon.cpp,normal player/game process,content-different,3681,3879,3,16,0.936027,1341402654,6ee2f25f3a6c8ed2fb3f4654c040ed87a5c4f15ad55bfacd040e31c363ef4b12,de7b77fb4d99c171945f84d881e9f2b56f6c1f651bb02010f3945408f5bf032c
XProcess/XWindow_EventIcon.h,XProcess/XWindow_EventIcon.h,normal player/game process,text-identical (encoding/EOL differs),1259,1208,,,,1341402654,33d9b430a2a17346f126e5fb443ac48777f6c27b65f8a1d0d79a9f7defb521bc,0b6df62a04f3eb8b3a62bb1401a46850eaa4cd2086d9c9e7e0be51e2458cf52d
XProcess/XWindow_EventNotice.cpp,XProcess/XWindow_EventNotice.cpp,normal player/game process,text-identical (encoding/EOL differs),7769,7558,,,,1341402654,0c19e020a403d5cf3442ceea317964a5477277efed7b429cf4fa72c5e932e4db,b98c1d1065b49d3e9b0de2389c3c1a060eb741ab17dd6332da55d66bb2696540
XProcess/XWindow_EventNotice.h,XProcess/XWindow_EventNotice.h,normal player/game process,text-identical (encoding/EOL differs),1250,1205,,,,1341402654,b27f4e1de4a990270940b6bccaad3d8f8e12eb245b67d8e5ab3522a468f336c3,5a2cbd59d20ca0dc1e3e4d4aff1796cf2cc9eeed5506743bb94ba3c046328ff2
XProcess/XWindow_Exp.cpp,XProcess/XWindow_Exp.cpp,normal player/game process,text-identical (encoding/EOL differs),10017,9693,,,,1341402655,accc51b8a452d1c2261d36b8169accfb1054f57aab7dcc36ee0dc9579adf47b0,d15740b26b27c08dbdc7166da8bca753de72e8e5f6bf5347548fdd079bd36df0
XProcess/XWindow_Exp.h,XProcess/XWindow_Exp.h,normal player/game process,text-identical (encoding/EOL differs),1365,1309,,,,1341402655,3d23b459d743328912ddd5b0bf6528dba190fe84def1d05cd9adb8a74b59cc25,7480557825595538ad721eb8a8676184210773ab6417d9c3c93d4ba3fd7ef9a0
XProcess/XWindow_ExplainCharacter.cpp,XProcess/XWindow_ExplainCharacter.cpp,normal player/game process,content-different,23834,23269,1,1,0.998224,1384267140,d7f905524f2a2971fa53d0ca0b3cb81d20abb545b129d488121c106a3494847f,cc461c9abb294a101dc9a4373d61262f525ab3d318a97eb739fc859bc8747b13
XProcess/XWindow_ExplainCharacter.h,XProcess/XWindow_ExplainCharacter.h,normal player/game process,text-identical (encoding/EOL differs),1056,1021,,,,1341402655,1f0325c8d896e16e8d12e6c54ed340d6d923a22252af0f2bae1a723c0aa7e085,84ea512a70b35f02150ecc0baf643f3f1effe87feb2d0a6e00d9cec10434cf7f
XProcess/XWindow_FreeMatchInfo.cpp,XProcess/XWindow_FreeMatchInfo.cpp,normal player/game process,text-identical (encoding/EOL differs),8296,8062,,,,1341402655,1b9bd8a3a41c6ed15d84cd5f704a4c0569e4b81a9f56cbd6f41d69af90b259db,a96c38416050143acec9cf8adca82b91646ec520630ca2b84e74843d90545662
XProcess/XWindow_FreeMatchInfo.h,XProcess/XWindow_FreeMatchInfo.h,normal player/game process,text-identical (encoding/EOL differs),1191,1146,,,,1341402655,c036e85d58a4559c9353c2be273fc21c32bcbfe6d00812a9789f02fe074c6a47,5c297b6c4bd736c45fe0fc705b4aa45e41003259ac2a68b43c80b533430e360d
XProcess/XWindow_FSWindow.cpp,XProcess/XWindow_FSWindow.cpp,normal player/game process,text-identical (encoding/EOL differs),8183,7960,,,,1341402655,529169c30a17c3ffecac40490ebddcdf8b6a8abceb57e3c6811e788d395c755a,80e1055a93d3c72028dafed53f96dca829406787116b5cfa9010b0cd18533caf
XProcess/XWindow_FSWindow.h,XProcess/XWindow_FSWindow.h,normal player/game process,text-identical (encoding/EOL differs),1128,1084,,,,1341402655,f9db76b9c925d13ea562f81bf0adb3d0b9e81d91e441e5dcb3160e14c59e8777,1b574ed424785cdda4d52c7a9cceeb3279430beed9ef934f223f0f6e37358712
XProcess/XWindow_Gamble.cpp,XProcess/XWindow_Gamble.cpp,normal player/game process,content-different,27567,27039,25,25,0.971065,1384268627,9f9903eb38c3ee28a54bfd4cbf64dd4b44f13c22c16531f69fda0a91df5d7ea2,96ee8f94e87696c245ec50c3547488c73cc0818d3808e205aec0256ae1ba8cee
XProcess/XWindow_Gamble.h,XProcess/XWindow_Gamble.h,normal player/game process,text-identical (encoding/EOL differs),2410,2329,,,,1341402655,f90a696bfa9f75086d9a201b36fd803a26414ab46b00fea30e22cf7eb6d6e55c,9f545973c967bafec6c9980747a8fbb9802d0b9a3bb7dc55f2ab9da82e29a6f4
XProcess/XWindow_Group.cpp,XProcess/XWindow_Group.cpp,normal player/game process,content-different,154024,154188,43,158,0.976989,1384270869,965491111334ab1ccd48aad3dceb2054df078e0809cc65635b74557db05ce9b7,3a1dcc39ed48e197eb42ca137aea2573d6911671814f2c82a29011ec065a04fb
XProcess/XWindow_Group.h,XProcess/XWindow_Group.h,normal player/game process,content-different,11189,11161,0,7,0.989378,1341402656,aaa9f6a66c0a960d65b5f25167713ec168e6d4c931c74926ba5248bcc76cb411,14313b9fe96c6479599dc36e95d10a1e16f5a92c3f6ff99f7844e504ecd1a713
XProcess/XWindow_GuideLine.cpp,XProcess/XWindow_GuideLine.cpp,normal player/game process,text-identical (encoding/EOL differs),10004,9757,,,,1341402656,9d2ae98defecdc4350ea12ec09397cb4c3e08e8a2777defab05fee21f132c379,8e5883476d30444a4bcc8fc10a23906357c3989131cc767ca4bdfd0f9f330f57
XProcess/XWindow_GuideLine.h,XProcess/XWindow_GuideLine.h,normal player/game process,text-identical (encoding/EOL differs),1020,981,,,,1341402656,137510c2b720e1f6bcfab0386c609e6223c64c57335fea7e835378d6fecde980,580af7c5415c0bad3df21d87fa2f7f5ee50e3d3d1a3463c1b011e1148af43e5a
XProcess/XWindow_Hedek.cpp,XProcess/XWindow_Hedek.cpp,normal player/game process,content-different,13623,13223,1,1,0.997494,1384267140,6a418e5a9960196962ffe1c2d33e09590b37f9c843abd98c54437a6d919d892b,6ec8c4ac55bb0d73a05c45651cbb04d345e0f37e5cfc0be5af003ad39ef1aa8c
XProcess/XWindow_Hedek.h,XProcess/XWindow_Hedek.h,normal player/game process,text-identical (encoding/EOL differs),1881,1803,,,,1341402656,ed189ad20bf5b1c7aaa09b94ec3c0e05ecedff7af3b60720387b08a4b8007fa6,13f45c4a15d1beb80f437ba57c3eb9fc9556f9e11324d367744e92d6b998ff12
XProcess/XWindow_Help.cpp,XProcess/XWindow_Help.cpp,normal player/game process,content-different,18755,18350,2,2,0.995025,1384267140,47f1e140ac3908be5505bd40c269ac1264550eb703be1dd549d4a6f0717571ca,bbfd5f63727e8b1bc05ee7af98d8f93ac37ea8dc4a4686bc3660dc54fdf51fef
XProcess/XWindow_Help.h,XProcess/XWindow_Help.h,normal player/game process,text-identical (encoding/EOL differs),1496,1441,,,,1341402656,f7fdff3777d3e665f91020583435729b8508876eeb0da4f88bb4ce9b3af9cc24,51bbb098bff7aad465c9745a2b5c6014d872a6080b80058cb96d87a6653adfe2
XProcess/XWindow_HelpBook.cpp,XProcess/XWindow_HelpBook.cpp,normal player/game process,content-different,16069,15571,2,2,0.995951,1384267140,5ec629bea67d387d195228279e493302f44a53590fa7bd4a92d14acde78c6d5f,61511e2812d88a3a8766aece0ccc5437fd118e08a768e9b1ce879d2cb1a643ae
XProcess/XWindow_HelpBook.h,XProcess/XWindow_HelpBook.h,normal player/game process,text-identical (encoding/EOL differs),1486,1430,,,,1341402656,02a44f1e93577c17c6055ecef834a9fc1974c73513725e0027f141a6269e3acc,118adb49c707561c5d6813393434b467247b79445e300bca53d23237baafb175
XProcess/XWindow_HelpScreen.cpp,XProcess/XWindow_HelpScreen.cpp,normal player/game process,content-different,56586,55405,2,2,0.998302,1384267140,0462f739e36bf308e9474d7101edd47f327fc1796bb35b38be5fb334d9e1dd4b,f723e638c3e53efbd12e481bf50a487b1cda27d7a45d1f54ff53d7c8c22ac43a
XProcess/XWindow_HelpScreen.h,XProcess/XWindow_HelpScreen.h,normal player/game process,text-identical (encoding/EOL differs),2575,2496,,,,1341402657,3c18dcc1f9b679d47b5b5cc65593eeb16a89922bf55d246c1b083697be7b14b5,764d819bc78b6c31871bc8834ae97e0d1cdf85b0e035b228ac7f82820c7482f4
XProcess/XWindow_Inchant.cpp,XProcess/XWindow_Inchant.cpp,normal player/game process,content-different,44849,46218,63,124,0.924748,1384267140,df3ab3d64977d89bfd08509030b1b1e557bd6f5468c8dd74b0eef624dd300f69,119178970c1fdeebf1c9132e977d43889b18b29a2ca0ad3d5ac56dec64253868
XProcess/XWindow_Inchant.h,XProcess/XWindow_Inchant.h,normal player/game process,text-identical (encoding/EOL differs),2684,2604,,,,1341402657,3a33017f707ac0a0e2b9a9540b1fdfc2dfd2eeefe49f0ab0d2f079d2ee380ed6,85caa5e275153a0b6c873761aa1e7a7cd95892c8dcac137e6e1f019c671d6dbe
XProcess/XWindow_Info.cpp,XProcess/XWindow_Info.cpp,normal player/game process,text-identical (encoding/EOL differs),2612,2496,,,,1341402657,c0470156dcb123e0bfabde31ccbd33fc590f090ab46b967b0da2eac0d09407ac,d28778a30fe7bb9d82bfff4cd33a25111e0d4d6a2810674000e8856e9fc0f75e
XProcess/XWindow_Info.h,XProcess/XWindow_Info.h,normal player/game process,text-identical (encoding/EOL differs),897,862,,,,1341402657,d177ef6f3f1c7f68dc2352ad73e20631c4bc2b13d0d923f28818b3a8a5003f86,44501da6e48bfb0bec2eb60166c6cc7edca0b00e8d60acae4f4b19e9194e241f
XProcess/XWindow_Inventory.cpp,XProcess/XWindow_Inventory.cpp,normal player/game process,content-different,408049,403722,376,511,0.962957,1384271096,59b0ded997b74b67224ad7e30c280593abb40ed1db633c470b1904c9ad2cd0bb,d4d868d37c72b480c6dc66a924659d17c0a3fa4f86e5b6bc59d766fb72d4ccab
XProcess/XWindow_Inventory.h,XProcess/XWindow_Inventory.h,normal player/game process,content-different,11420,11305,0,2,0.996678,1341402657,5292e81c1de4ed1cffef85b90018849060a16fe33147b796f56f1266da868892,9da47e6219a5a29a93ea16982461da758c69e9e446fd9f3b22b273ab133f9c72
XProcess/XWindow_JinStatus.cpp,XProcess/XWindow_JinStatus.cpp,normal player/game process,content-different,62430,60685,10,10,0.994206,1384267141,629c11bedaaa086036528ba8f98cca8dc2f9464553bf20e12b9094608f969c92,3052a6ecc6859b95e560ffa255fee93dc52822e330a3f6dcfe780b30e93a9c24
XProcess/XWindow_JinStatus.h,XProcess/XWindow_JinStatus.h,normal player/game process,text-identical (encoding/EOL differs),3954,3802,,,,1341402657,1607bd2fb3324a2802e549e80233f6d9ae4a1afd16425a6acf09cd51591d45fb,99618bfdd54dabe8e859f24f48dada85e606071b6c39f347bc8e245b263300a4
XProcess/XWindow_LifeSkill.cpp,XProcess/XWindow_LifeSkill.cpp,normal player/game process,content-different,133929,130498,44,49,0.987475,1384268627,3f41d119905be8aafbe1913a6b189a9d6dee2951df52d3ed7d2e7637437e86bb,ffbeda43394afcb4cf989b769bd04c6c48fee55a197da15cb50ae3203b1552a2
XProcess/XWindow_LifeSkill.h,XProcess/XWindow_LifeSkill.h,normal player/game process,text-identical (encoding/EOL differs),6529,6368,,,,1341402657,480da77de4783505a45aaf35989f5149952db4b254d86024d85784453b4e9c3e,4bb9aa1ee5285c5672d9f66386c9bb0b9bd35410ff93e04d9769d83db74f6fa4
XProcess/XWindow_Login.cpp,XProcess/XWindow_Login.cpp,normal player/game process,content-different,33662,32655,1,1,0.999005,1384267139,8759ea0c03bb6e4725472d9d07a2b4e224276ee1a4211fecf6dbb326dfc9d3c2,17dd38b39962dfb110fada5020b662549532a7f0d1438b1f9641cca938e9965b
XProcess/XWindow_Login.h,XProcess/XWindow_Login.h,normal player/game process,text-identical (encoding/EOL differs),2118,2035,,,,1341402657,d2b4bef4723fda5d0301ac5ad1eaa70fb0a008587e53dde528f3dbba97a912c5,8ad653ce879cc0460c19bea836b9f05fbbb19b41c5861594933e4a6d9eecb5b2
XProcess/XWindow_MainFrame.cpp,XProcess/XWindow_MainFrame.cpp,normal player/game process,content-different,22637,21940,4,4,0.994203,1384267140,9be599cda4bbe92c58e831afb4baf30601249c59173f49c8c5a3cc2de4f50059,1be141f13835afee16e8e1430181df7cd487536b7f5e08d9d7cf0403e3d8c5bb
XProcess/XWindow_MainFrame.h,XProcess/XWindow_MainFrame.h,normal player/game process,text-identical (encoding/EOL differs),1342,1294,,,,1341402657,5e5b5a0888ae0be9195cff88488835e5b23f63b701e43677e14327fba1038c72,84428558d74204e32739c3573544df443cd3de0c595ab1fa58d4069f68bea9ff
XProcess/XWindow_MainMenu.cpp,XProcess/XWindow_MainMenu.cpp,normal player/game process,content-different,23771,23136,2,7,0.993693,1384267141,77a0829498aa95929d2e54816224aa3dd34b28803401fea899b36973c132fbb9,7570be56001b00803e4afd844c7c44801f2254d024db8b20ac7cef73a5409ac7
XProcess/XWindow_MainMenu.h,XProcess/XWindow_MainMenu.h,normal player/game process,content-different,1653,1618,0,2,0.984848,1341402658,bb9b2b09fa3588fb05093eee5d3c5ea12f7102c938eb9ebd083c63d7e1bfd6ea,eaebb5d7cd62bedf53d972f346f8c44fb5a53498568f5f6102fb6f1300a0571f
XProcess/XWindow_Mark.cpp,XProcess/XWindow_Mark.cpp,normal player/game process,content-different,1879,1797,1,1,0.987342,1384266475,73bcd8c41d9cf626d73add32d53952730d23eb9d268a3a7b22c356e2faf8ce17,2233ffcae51a851c4a2a5f49c0fc1b524619c341ab2faf89de73894b046efe17
XProcess/XWindow_Mark.h,XProcess/XWindow_Mark.h,normal player/game process,text-identical (encoding/EOL differs),877,845,,,,1341402658,13a02f6631fd21ac75a40ca4ab8e7bd6f287968cb5d81e718cdec0d2df168ccd,28a1b309075d9ad7bf161c097df1f482c95f72f93b0a67fa332e2bbf72c68b1e
XProcess/XWindow_MasterySkill.cpp,XProcess/XWindow_MasterySkill.cpp,normal player/game process,content-different,84671,82057,92,92,0.960566,1384270221,dfbb38b71bee342a91e993c52427a47ae0e08400d578ddd829b7d5885b6deb4a,9456361569e0e96965d544a5f4220a42b23d6fd435ddafc5aa987b174d570944
XProcess/XWindow_MasterySkill.h,XProcess/XWindow_MasterySkill.h,normal player/game process,text-identical (encoding/EOL differs),2395,2304,,,,1341402658,625c79877b40092cd10313d4dbdfadb8de5a17c3e26be0ae717959bfdaf46587,43c3db7a76e1ce9cf5603c912533a85e44054312d0d1f72df244e38e1221396a
XProcess/XWindow_MatchEvent.cpp,XProcess/XWindow_MatchEvent.cpp,normal player/game process,content-different,3416,3291,3,3,0.974138,1384266475,19b06f90d0712b5e10cf8952e7da63efdb3c7bc0518e02d6ec7acfd0f5bc695c,75e7c9cc1f7aa93beab72e1f5f99def9019ad7f63e945c72a0270b66de70f9fe
XProcess/XWindow_MatchEvent.h,XProcess/XWindow_MatchEvent.h,normal player/game process,text-identical (encoding/EOL differs),990,955,,,,1341402658,c4eb3dd87554e16ce95c751b4b0101c586401a4b4ca0633573a13af8f078bb9e,b816fe885f68e8b3cf45507d693207349bb0365eb6c0a9414a28193ddba18ace
XProcess/XWindow_MatchMessage.cpp,XProcess/XWindow_MatchMessage.cpp,normal player/game process,content-different,6257,6046,1,1,0.995215,1384266475,b33fd33f91dba221ff11c6368a248740f37e514db67dfe8b8bdfde85594388eb,f4da41641eb15eed18844a25113d0e1451aa660b74bc461c00142ac5f3ae1264
XProcess/XWindow_MatchMessage.h,XProcess/XWindow_MatchMessage.h,normal player/game process,text-identical (encoding/EOL differs),1099,1058,,,,1341402658,5c29e0fbe412090c066fc442bdaa8d87a7c60f5aeede90f29e81dcd06775657a,576e1c65262e497ee091b214877e724b9505e650e642b58f272c57bd858fc62e
XProcess/XWindow_MatchNoticeLarge.cpp,XProcess/XWindow_MatchNoticeLarge.cpp,normal player/game process,content-different,30404,29575,1,1,0.998791,1384266475,3a8c6fbefdfbf697dfb3b71dbd902a536e6b13753313abf487d760773ac9f99e,0d3b6c81ad2378f75382a321dfbfb4c6ade159732f672ae452b519d334928b66
XProcess/XWindow_MatchNoticeLarge.h,XProcess/XWindow_MatchNoticeLarge.h,normal player/game process,text-identical (encoding/EOL differs),1873,1799,,,,1341402658,da3cb867a6412d00644c0431efcbcbabf2f46efe2329f8fefcee231acd97b9dc,f7d88c7b9e8a5c231236a5e26d6e8f063774b69f9d677c1e3d057bc8956acf61
XProcess/XWindow_MatchNoticeSmall.cpp,XProcess/XWindow_MatchNoticeSmall.cpp,normal player/game process,content-different,6418,6231,1,1,0.994595,1384266475,1c086428447dce8e897b472450ff0bd9ff3d639c6b606be4691cef0c0e1a339f,233556f68bf76eb66d8818d6670d8943e32a98a4d4f4737c2a368c73c0dc0327
XProcess/XWindow_MatchNoticeSmall.h,XProcess/XWindow_MatchNoticeSmall.h,normal player/game process,text-identical (encoding/EOL differs),995,960,,,,1341402658,148e990154b8cb88f759caf0c57705550ca4b1f3bfedee09cc93abe3bce32875,fb85b8855cca2a85153521259ffc79b7b92920673aa901a5fa840b1ee8ae48fd
XProcess/XWindow_MatchPR.cpp,XProcess/XWindow_MatchPR.cpp,normal player/game process,text-identical (encoding/EOL differs),10825,10535,,,,1341402658,6cf3b39dcbd3dd1b8dc7791dfb01cf57c14a2c05d0a235ad0a6481441aa878a6,66500f5d2f71502f617ba9281494ff19facf33063f031d176e41f1a898eeb248
XProcess/XWindow_MatchPR.h,XProcess/XWindow_MatchPR.h,normal player/game process,text-identical (encoding/EOL differs),1069,1032,,,,1341402658,d85d2fa93ebe92a38eef2f0f1120d8cb800bc2aabb040391f59a6547701f244b,51bffe7d7a764636c587fe855fdf4563da3780aa7230148f9ec000bf768558cd
XProcess/XWindow_MatchRecord.cpp,XProcess/XWindow_MatchRecord.cpp,normal player/game process,text-identical (encoding/EOL differs),22341,21837,,,,1341402659,dce8ee5e517e315d9a4c9814e107c43331c555c442fcee554ae7adf2fbad2b44,34253ed56bbbe5e4a60c41366694c7eb9fb290fd7ffbc13d3871e191ab46032b
XProcess/XWindow_MatchRecord.h,XProcess/XWindow_MatchRecord.h,normal player/game process,text-identical (encoding/EOL differs),1333,1284,,,,1341402659,2f9a8a95ec13602dacc6af5e5a6a756479d00eb933b98121cc7a32e2d86e01b1,7a5d13cdb5624b42bc74cc3c11b4de4c3cddfc1c0f8f54aa87a3f5b73ffcb61f
XProcess/XWindow_MatchTablePVP.cpp,XProcess/XWindow_MatchTablePVP.cpp,normal player/game process,content-different,47254,50057,4,84,0.963875,1384266475,1c62e14a47768cb5d198f2ed0199f0cedf2eb9e803f41a4330508544a5785d51,0c20526b657e7936c47093834270414d74736744e8e618287bc2651fcd9ee69b
XProcess/XWindow_MatchTablePVP.h,XProcess/XWindow_MatchTablePVP.h,normal player/game process,text-identical (encoding/EOL differs),2239,2156,,,,1341402659,fb0c30bdadc3db38307e08d82b4c14070a5f58e839a119fea8d371f10529a61c,7cd89e9be9906350e435f6056ab2670a9f9fee9782f1ee3311f3dfe456fa0cf0
XProcess/XWindow_MaximumMap.cpp,XProcess/XWindow_MaximumMap.cpp,normal player/game process,content-different,20592,20064,2,2,0.996176,1384266474,f8b7d1bcde2072f8a183dacbba16c9102d86d9f91e5cd799c6ac3e814c370557,012373eb83b98f6a837870166ca824a29732d7294acebfd343a50a560903ae6f
XProcess/XWindow_MaximumMap.h,XProcess/XWindow_MaximumMap.h,normal player/game process,text-identical (encoding/EOL differs),1896,1834,,,,1341402659,1f69bac5e665d2be92c88bd6b7e74622207f7b681cf9fc0f440ca6c8ed1574d6,5159017e4f73cf15f6c71870c2cf93792cea671143932086314a2b5685fc0d2f
XProcess/XWindow_Messenger.cpp,XProcess/XWindow_Messenger.cpp,normal player/game process,content-different,78796,78230,9,49,0.987347,1384271096,2d9101393cab2f78d3a467eaa1ed7475d4451dc0f37ef145b9292760da035f43,9d87731419d1fcf139aa1f522ece61b21100993e8ec26c3917087bb3e0178b01
XProcess/XWindow_Messenger.h,XProcess/XWindow_Messenger.h,normal player/game process,content-different,4713,4652,0,1,0.996016,1341402659,5a02ec990f74b4b44ce1f2bd31c2311539bf28f35422828f952bd45d51cb98e3,800434bc6c7ea0d2d5f8648c50cb677a424813c62444f7c24404705695c23f3d
XProcess/XWindow_MessengerDialog.cpp,XProcess/XWindow_MessengerDialog.cpp,normal player/game process,content-different,40923,57963,51,386,0.814595,1384271096,44855d7e0ab8b7e2d530ed95825606b9950b23665ce04717774f2d46b700f63b,97a6d3019bc3fe0f17efef41a8e8d0f3130045795c0fffe19054020220e3a2d4
XProcess/XWindow_MessengerDialog.h,XProcess/XWindow_MessengerDialog.h,normal player/game process,content-different,4102,5132,2,24,0.886957,1341402659,a5a2b93069eabab6511aeabe0727fb2454b0fc950b0c27744ae21c3a59edaf16,e1f142ab2914fbd05c01f2c8776023689d27910c6ff5f3683609431caf8de805
XProcess/XWindow_MessengerTooltip.cpp,XProcess/XWindow_MessengerTooltip.cpp,normal player/game process,content-different,12605,12247,1,1,0.997183,1384266474,49f80a4456b9a5c02d956997e26f3a6ef916f403ec6200cd185096a8347ae366,8f444434affa479ce4b7eec1d380550af00e5f5b575bf65578bd4be97443c3af
XProcess/XWindow_MessengerTooltip.h,XProcess/XWindow_MessengerTooltip.h,normal player/game process,text-identical (encoding/EOL differs),1581,1526,,,,1341402659,aeef1d11b0b056d86eebff2aca95ac1630bbeca0a3d9b75badd1db2800bf9546,d12f5dd5d425b5c9d8f3ae0d4949c0d23d1fdef2722c5cbde6502a6ccc01c54f
XProcess/XWindow_MiniTooltip.cpp,XProcess/XWindow_MiniTooltip.cpp,normal player/game process,content-different,252331,248709,47,95,0.988147,1384270869,f8c8e8ef8df8494fcf2ceadc01846f03136a8343bab3f794eb0306cbb43f4ce1,10b46ddaf06d3d0fe06c3faf799d43af8f8df7350f18bfb72423bc2aec9c37dc
XProcess/XWindow_MiniTooltip.h,XProcess/XWindow_MiniTooltip.h,normal player/game process,text-identical (encoding/EOL differs),5171,5012,,,,1341402660,4729cae7e947049401259a856ce30587616caeb16a777d89f714544bf08659fc,dd9a3b02491ea659badbfcb9408c2d4c1f6eaa7e8b113ddfab1fa056d6863b43
XProcess/XWindow_MixWeapon.cpp,XProcess/XWindow_MixWeapon.cpp,normal player/game process,content-different,18701,19178,9,33,0.965574,1384266474,925bd5b5dbd76d86efbaf9e3f992b2fd5f9778a8dc520ae49c5ecb91b6f99a84,57e6aae995d243acaa08c30a47b836cb641f5a59a26e1079dff48d34bca646d3
XProcess/XWindow_MixWeapon.h,XProcess/XWindow_MixWeapon.h,normal player/game process,text-identical (encoding/EOL differs),1683,1601,,,,1341402660,21a7a6e93e47d58d2b716299de14fc18748bc7f98e62e6aae64d15f3434ee108,c6881018bd97a8a4bcaa8e247490194fd18e47a34f1631785d2fb09c15af356c
XProcess/XWindow_MonsterStatus.cpp,XProcess/XWindow_MonsterStatus.cpp,normal player/game process,content-different,71725,68058,118,72,0.955855,1384270221,53117b9fa7f66685a8d2a816bc066faa2f3f555e1f36187c3c0d8c1e2ae3ddc0,35df7fcc972f1372828a41b9d8279ee895b107568f1353c8a08ceece550c93b4
XProcess/XWindow_MonsterStatus.h,XProcess/XWindow_MonsterStatus.h,normal player/game process,content-different,3016,2943,1,3,0.984496,1341402660,d9aaf7153be22f037d9e35a242193d19458c05d1e13d38845c9764a45c8e13fa,a0ab35bec8690d5af20ed4e321518f13fd8819cb4f5d99c278a4a0ff78a10965
XProcess/XWindow_MoveVillage.cpp,XProcess/XWindow_MoveVillage.cpp,normal player/game process,content-different,34337,33204,2,2,0.998195,1410621732,959834f23a20ba5f6a268319f29c5b41f8350d3c932f7a7976a3a1cabf8f1600,33b6359e3bb8744edf32a62fc28e0546372f635b6b96939ee2ff4839a543416a
XProcess/XWindow_MoveVillage.h,XProcess/XWindow_MoveVillage.h,normal player/game process,text-identical (encoding/EOL differs),2823,2700,,,,1341402660,38be75799399104e4c476e7ae49c578b6e5168c65b5b1b376cfdeacd7f4e6345,8a8c090f6b87f5ce27d2a34ffe4d286efdd12bdb17a54f64c3669307c481c11a
XProcess/XWindow_NameInput.cpp,XProcess/XWindow_NameInput.cpp,normal player/game process,text-identical (encoding/EOL differs),6629,6408,,,,1341402660,6121dfe04e322d9a3582967134e41a9dc1af5a2cd14bb21ca61a6a8b692828a2,062f850e597f0b5b904d3c9d5a2f99d0128b7756c8a11a8101dddd4067a5361d
XProcess/XWindow_NameInput.h,XProcess/XWindow_NameInput.h,normal player/game process,text-identical (encoding/EOL differs),1215,1167,,,,1341402660,95812f3b635975b4ca21175654f47bcb8eff57f4b5ebb57769a0594abacba0c7,3b2e2e2a99dba9e899c92fabd3b7f62b4b5ca967692b433fb34afa1580f12d7b
XProcess/XWindow_NickName.cpp,XProcess/XWindow_NickName.cpp,normal player/game process,content-different,50526,48916,25,25,0.982219,1384270869,5c2030a74440a2313f1eafd65b645e789da4e0d9bfc4060700606d4db67f177e,f34b0a976215e20aa09ded1a678b634d442536a8e6645fc7b962cc110d3d1551
XProcess/XWindow_NickName.h,XProcess/XWindow_NickName.h,normal player/game process,text-identical (encoding/EOL differs),1986,1920,,,,1341402660,98b6a1500f4edcad4831052931525fe9edbff3768438bfdb39a71f88d4efa961,4ba27fb350e06185aa9777a4c4294c30c63910e936ca3ea89a165c11d56f8889
XProcess/XWindow_NPCBuff.cpp,XProcess/XWindow_NPCBuff.cpp,normal player/game process,content-different,29601,28790,3,4,0.996011,1384266474,574ee28a0866685cf74bd03de7b85053cfcf34ec2658229a862f073603fcb936,bf6dcae83299abfd99ead49c83a3324b954e9e3a9a1fc47852c0b82ddcee6c16
XProcess/XWindow_NPCBuff.h,XProcess/XWindow_NPCBuff.h,normal player/game process,text-identical (encoding/EOL differs),1964,1868,,,,1341402660,6dc9635bad7e0e1952f3ab763521f50c2636d1d9f352854ac1d74e74eddb6262,8b3525e2c60936423ef8dd3654cb36aa656734127554dd945fdf34ff111cdbe0
XProcess/XWindow_NPCChatBalloon.cpp,XProcess/XWindow_NPCChatBalloon.cpp,normal player/game process,content-different,4735,4580,3,3,0.979866,1384267140,17a116693ce119bbe899e2983e1f0c48f7a5428e47fc7f708b8f899b8411e46a,4d1198d5e2d6be0c85a3678ff5be99046f3bc8c8e17a9adee4a7bb71f41d1449
XProcess/XWindow_NPCChatBalloon.h,XProcess/XWindow_NPCChatBalloon.h,normal player/game process,text-identical (encoding/EOL differs),1076,1036,,,,1341402661,1e0dd9be9fa1a7dde5d78f1bf3fff7caaec82de90dcb3a40dcf67faab0400962,fbdff3bf2d892a159f06adea405f70960ac5af6a0af9ee9c47beea1c8d0e1a21
XProcess/XWindow_NPCCollection.cpp,XProcess/XWindow_NPCCollection.cpp,normal player/game process,content-different,24072,23387,7,7,0.989583,1384268626,a0b1f277f1a2b471fb1bfe872cd7a1df4c5ea4ab339aabf5cbdebca7637497ce,9290a601541d95600a0ed7cf60176022377eea89bbc44167468ba65738278957
XProcess/XWindow_NPCCollection.h,XProcess/XWindow_NPCCollection.h,normal player/game process,text-identical (encoding/EOL differs),2265,2207,,,,1341402661,1f547f162799e821ec290724987ffa9bac9336111b7b78cad6832eeebff4131d,0731d643f787b502647510b03ab02cf2ca217fe8b242ed1e048639cf750e5c9a
XProcess/XWindow_NPCName.cpp,XProcess/XWindow_NPCName.cpp,normal player/game process,text-identical (encoding/EOL differs),32272,31372,,,,1341402661,49c3d4179fb75370898fee46cfe6efb4706444eae7878c2382e4e5ca0083d486,41d86a41e2b9909abdaf9d3a946a940e37545184a1d8424ded5e6f296bc92957
XProcess/XWindow_NPCName.h,XProcess/XWindow_NPCName.h,normal player/game process,text-identical (encoding/EOL differs),3196,3112,,,,1341402661,fbd11393ae1d9e5c398800e5183a62b3eb561ddbbf244d31b0c221c1ce6dba78,0e1ea29445a910d5c2fa104d886f935477965ad2ba731f7993b6c73526276757
XProcess/XWindow_NPCResource.cpp,XProcess/XWindow_NPCResource.cpp,normal player/game process,content-different,24722,24112,14,14,0.978979,1384268626,71fbbabd04aa62c9680e900afc6cc8c5d54e580ae44631ca824e4f4bbb19596a,4383276b37699a283c6a41d452b7f2fc1812be677e6248c1adc724de76f824c3
XProcess/XWindow_NPCResource.h,XProcess/XWindow_NPCResource.h,normal player/game process,text-identical (encoding/EOL differs),2088,2035,,,,1341402661,83f963fa6346a5a4772c4feac651442dac4d1ab0d2788d3d02223d08ea8de686,b23cd9c6a9c624da22b41a7e21681c48b15ab2c65a8e32a74c6ce9f13b271f1e
XProcess/XWindow_NPCResource_New.cpp,XProcess/XWindow_NPCResource_New.cpp,normal player/game process,content-different,26617,25885,20,20,0.974811,1384268627,4456a5fd0f8f96f76ff48eee992c7b58f1a37f3eddc4c6cb74d651fd5ebccb5d,b36066214c0bf6d5e687287f959c84d2006107206a1d4274f6aba69dea9b4cd2
XProcess/XWindow_NPCResource_New.h,XProcess/XWindow_NPCResource_New.h,normal player/game process,text-identical (encoding/EOL differs),2750,2650,,,,1341402661,e1ac022e22bdaacd621bdbe54bbffb73da655ff064889e49ab170d319c7e66cd,271ed2f6a0c1b035826eed7f405f2e2727c3443565989c9158aeb81c20eef290
XProcess/XWindow_NPCScript.cpp,XProcess/XWindow_NPCScript.cpp,normal player/game process,content-different,138488,137322,9,50,0.991381,1384267141,4fea9ba3939663085d63c6131d3f94a882af0b26cec721d22df178e29e8acabf,ae10ad7fd0c30ecc37c20b9b0658b56777660b67fb2482f2dae1d83b6e826ffd
XProcess/XWindow_NPCScript.h,XProcess/XWindow_NPCScript.h,normal player/game process,content-different,7042,6906,0,1,0.997442,1341402661,54fcc0ea9da488a3db5794bf49089670f8f06fd12aab1dc10bb2402f4161c887,ba9077948facbec2cf70a85099070876a9f377d3ec52b3d235a530a0d41c0e2b
XProcess/XWindow_NPCSearch.cpp,XProcess/XWindow_NPCSearch.cpp,normal player/game process,text-identical (encoding/EOL differs),14248,13908,,,,1341402661,0f96582b3279af124fc277c948ca7229afc527fc358ec184f9ca8633c9449858,1da980fc081b01ccd1dc42cdcf3dba803a6da132476e5ae00a7ac114d71bcf05
XProcess/XWindow_NPCSearch.h,XProcess/XWindow_NPCSearch.h,normal player/game process,text-identical (encoding/EOL differs),909,877,,,,1341402661,1e4eff45720381e29ca5912a5e65bee59b624600a98386724d48169e8ca4e3db,edb96f922d70b3afeaed495126b7cbb4d264a84e574d39c61673f3db1c1bcafd
XProcess/XWindow_NPCSkill.cpp,XProcess/XWindow_NPCSkill.cpp,normal player/game process,content-different,43218,41862,16,16,0.987664,1384269400,0f8b175ea93376a525596d884fb25e589948eddc1abe76a747ba4148ed75b74d,4fbbf0325f51ad6c42bd71312d2846402322685a7511f5b26fc8927357934e2b
XProcess/XWindow_NPCSkill.h,XProcess/XWindow_NPCSkill.h,normal player/game process,text-identical (encoding/EOL differs),3772,3652,,,,1341402661,8a0383b21e1e28eb931205ff990198fd01c260f8dc63284faf0b41e94bc92129,5cfb7ff039cc1d2f490ec83be00976493707ecf24381e2da308cf4073031d02f
XProcess/XWindow_NPCTrade.cpp,XProcess/XWindow_NPCTrade.cpp,normal player/game process,content-different,61461,60935,74,105,0.958129,1410641606,66ddd0a5b23b8dba2a3ec382998dfd4c24d757a3c532e9727a9d2a7d9aa1f638,eccd3e4812eeb7e0aad9b437cfd6cfd7c870d053d43c40e5265e079a6183156b
XProcess/XWindow_NPCTrade.h,XProcess/XWindow_NPCTrade.h,normal player/game process,content-different,4109,3994,1,2,0.990596,1410641090,584e55fc9a6caec302a7d3d8a5e9d0deee17a35b061b4832ef33fcce980cd78b,d98db0f3803a7f9d88e4da606e2bc33f2ebd679591d7f611551577e66802b51b
XProcess/XWindow_Option.cpp,XProcess/XWindow_Option.cpp,normal player/game process,content-different,29094,28353,4,4,0.99455,1384267140,50df779350a84e351dee7e455c9667b7b6531cd24918984b8fb8315063427afe,b48461be5b72bf0c7074cd61b5127131699842e6130059915fc2f0df08eba081
XProcess/XWindow_Option.h,XProcess/XWindow_Option.h,normal player/game process,text-identical (encoding/EOL differs),2472,2390,,,,1341402662,42f5480fa7db655e132b587748cc052307b4c96f3774b03b85c86842efdb1098,9cdd8912dde6d9fa41892330537ec21fa2e913fc7c52ae22bfa8746c649d674f
XProcess/XWindow_OptionCommunity.cpp,XProcess/XWindow_OptionCommunity.cpp,normal player/game process,text-identical (encoding/EOL differs),10056,9857,,,,1341402662,8cd1c776cdc483e8b88add2c63d46b91905c11f05fffb3baa069f4502d796a5c,f7bcfc4d9a9d2b872058561b3b6580ec34300770b84caf3db3891fdd04f770f8
XProcess/XWindow_OptionCommunity.h,XProcess/XWindow_OptionCommunity.h,normal player/game process,text-identical (encoding/EOL differs),1385,1344,,,,1341402662,12a8c2a48668b44d9e827f1b5dd7f84fff23b7c20055a66798e854daaa547654,08659baed0ecbfa2e07d464e521ced8bc966060c33e233cc2a081ee3787e9ffe
XProcess/XWindow_OptionGame.cpp,XProcess/XWindow_OptionGame.cpp,normal player/game process,text-identical (encoding/EOL differs),15709,15379,,,,1341402662,6980966c430a2ccd0a282d4afee5d50d3037e3d7082ab0cb056b479068e0c76b,b6d632496bc14cd3f8e96ea4769c28f3ba930553d6fc18fa40bba2a35d3de11d
XProcess/XWindow_OptionGame.h,XProcess/XWindow_OptionGame.h,normal player/game process,text-identical (encoding/EOL differs),1655,1600,,,,1341402662,ab09ed3f594de2e3330ef8ca9c9cc55bd46369b156af617f8be3c9c86e84a9f1,1c83d180caf896474ab26f84dad8824b63e6bfd893c7ffcab16be1d0d2766462
XProcess/XWindow_OptionGraphic.cpp,XProcess/XWindow_OptionGraphic.cpp,normal player/game process,text-identical (encoding/EOL differs),20692,20239,,,,1341402662,0310020f53f1a1417315521dd863761ecb1b7c1cb99ed9f4bd2acfa9d782e2a2,483ea9225944bc3b63072276f88ea1367de23a94342df362bc45e872a555c907
XProcess/XWindow_OptionGraphic.h,XProcess/XWindow_OptionGraphic.h,normal player/game process,text-identical (encoding/EOL differs),1438,1391,,,,1341402662,0dbace04f738dd1efea8d226ab9b4f448b52948094df5629df34bc7bb3ad7858,1669e82229b7322e63d1132a3d1ec63a5837a3c23c361502e2d499a002f123a0
XProcess/XWindow_OptionMenu.cpp,XProcess/XWindow_OptionMenu.cpp,normal player/game process,content-different,7983,7800,2,3,0.988713,1384267140,3e8d107132efce969908e80ad492b70f1bde2611b0c506d119176beaedb03b62,6960eec24e500545f05224d0415ea1a190af8ee035e3df70d6646469d3831c00
XProcess/XWindow_OptionMenu.h,XProcess/XWindow_OptionMenu.h,normal player/game process,text-identical (encoding/EOL differs),913,882,,,,1341402662,c92c17982de64e5794b69f8cb44ad4760cde61e250221e83407619fd004033c6,2a4f3177d835485f7fdabe2bc9e3cf76866dbe08761b036efc9a52037f5ac55c
XProcess/XWindow_OptionSound.cpp,XProcess/XWindow_OptionSound.cpp,normal player/game process,text-identical (encoding/EOL differs),11127,10894,,,,1341402662,acf66077a26b83531bb49548daabb034535f7e91def6428f2876d6b4a9547ba6,ad009b0d9da225379a41f14d945a83e8885372c3f74a2a68ab1ed9d5423cf03d
XProcess/XWindow_OptionSound.h,XProcess/XWindow_OptionSound.h,normal player/game process,text-identical (encoding/EOL differs),1136,1096,,,,1341402662,6696bfe892a4423a49aa8649f9c880625c5d6d51d2ea2f9e63d66d8f059bbd50,f501c4b1ee844cd0d512cea7ac1edc46104ab7acb88a23163740b7d964183adc
XProcess/XWindow_Party.cpp,XProcess/XWindow_Party.cpp,normal player/game process,content-different,32493,31524,11,11,0.988147,1384270868,ce487742e3da8b22b1d8bcc94c8117019fe32d1d2844b25a22c8d758d419e188,7d02a4c3da6a7a5f89da42585198559cf13037ba838eb8e2e417c3273b8c72f5
XProcess/XWindow_Party.h,XProcess/XWindow_Party.h,normal player/game process,text-identical (encoding/EOL differs),2581,2501,,,,1341402662,5cdb74673a2b770765eea932006816437f0bb93539480315bd5269b08fe31ad1,bc597a47b847378550f6e06d810534ad8432a7254abbd2d85625c89bf53d78d6
XProcess/XWindow_PartyMasterMiniBar.cpp,XProcess/XWindow_PartyMasterMiniBar.cpp,normal player/game process,content-different,43827,42612,4,4,0.99668,1384267141,7d459773f2eede516699d984d1dce7fb3f6cd2381ff6607200c3ca5a7934bede,e11f6f96f6ea05cb7df21970023058e93c56084098e81604aa3bfb70e0ceaaab
XProcess/XWindow_PartyMasterMiniBar.h,XProcess/XWindow_PartyMasterMiniBar.h,normal player/game process,text-identical (encoding/EOL differs),3378,3271,,,,1341402663,bb2dd6e86a2c7f71aaf750e70c616108b2f2d8a6906458aff083225659befe4d,675ee9e5f836b3977722415b37115d303702469c9477fcd00581f7e9456ac770
XProcess/XWindow_PartyMemberMiniBar.cpp,XProcess/XWindow_PartyMemberMiniBar.cpp,normal player/game process,content-different,27148,26222,8,8,0.990621,1384267141,8527b1d4f565afd9e064c5d6c1fc867ceab4e1bbc130ee16e01e06abf5129f33,6e59af0b58e20997cf4cada43ea8b743f636fd77be4d765ddcf7df5a9f58d084
XProcess/XWindow_PartyMemberMiniBar.h,XProcess/XWindow_PartyMemberMiniBar.h,normal player/game process,text-identical (encoding/EOL differs),2684,2593,,,,1341402663,f80e26e33638cbb4e80645d25051f6ccf9f639147caf4bf250fccdc08c03b825,caa38748d0dd53851076463870240ca95fe48f54d8f8a00bb340de3d181df723
XProcess/XWindow_PaymentWindow.cpp,XProcess/XWindow_PaymentWindow.cpp,normal player/game process,text-identical (encoding/EOL differs),3569,3436,,,,1341402663,94fc6347468a76492d298e40aa49b96b2a0074535af61d9ed6c125817d1bbdaa,e0e72866d10da88d36618c6fa0aafccc7f9b198a65dcf11d0723af82b76b79cb
XProcess/XWindow_PaymentWindow.h,XProcess/XWindow_PaymentWindow.h,normal player/game process,text-identical (encoding/EOL differs),1036,997,,,,1341402663,5f839be624dde371ee02d003b82135f57e3acad34dbde46be22fba9d55f3059f,5170968b92049f1bf88f1a42b695ee06ac22c2297b58f4d922656fcdaff8700d
XProcess/XWindow_PCRPremium.cpp,XProcess/XWindow_PCRPremium.cpp,normal player/game process,text-identical (encoding/EOL differs),3018,2904,,,,1341402663,bf91caaa389d473bbac5d44d10f6b56cea042e0346ab606d7f531454d76fb576,3ecc31f1789e15de4ee05cc17ab675913c46b18835c77425c9133628bce51abb
XProcess/XWindow_PCRPremium.h,XProcess/XWindow_PCRPremium.h,normal player/game process,text-identical (encoding/EOL differs),1065,1027,,,,1341402663,50292ae409c5da4a89bb498d3c8bd5684bf3246a40b5226ff9e563f7b1b800ca,735a4df69a90c33004f99d41eed08b7ff162838d22839ee440116e6cc8133c1a
XProcess/XWindow_PCTrade.cpp,XProcess/XWindow_PCTrade.cpp,normal player/game process,content-different,38887,37965,26,27,0.976497,1384267141,70331953dead1ebfd5fcd956e2638bb4f495eda9b3b1aaf6bbe0ba01334c41a4,31627417bff093ec0a0288387f9036995eb63d48d242c415b77422edfbfa6d7f
XProcess/XWindow_PCTrade.h,XProcess/XWindow_PCTrade.h,normal player/game process,text-identical (encoding/EOL differs),2849,2748,,,,1341402663,bd8fa4a9578af0a71ad11a9fd893fc3e0d423311ba1ecd0cca31da90ed4e02b8,d1ab2411e6bb4add3b3af3451b7c726b43bf91bddf3dacbc345a3826e35fd43c
XProcess/XWindow_PersonalStore.cpp,XProcess/XWindow_PersonalStore.cpp,normal player/game process,content-different,80027,78005,23,23,0.98945,1384267141,123a10dd850a8f6f716e156d15ac3f851a616cf3ec17e78f186d1ba2b26e76da,b95d40d8f0ce4e1f4429a356b4cc66e28d9b05a9974d6c4930d55da37e437dc0
XProcess/XWindow_PersonalStore.h,XProcess/XWindow_PersonalStore.h,normal player/game process,text-identical (encoding/EOL differs),2729,2647,,,,1341402663,8dcc423b105b63c8357705ec3d82d2192dc5d28aa48160e13b619eb7f65d4eb5,a0c41225176ab8c174776b6236468d92468334cf80451ef22310a10fc0d0da18
XProcess/XWindow_PK.cpp,XProcess/XWindow_PK.cpp,normal player/game process,text-identical (encoding/EOL differs),3034,2917,,,,1341402663,303c82c0e4276c99208c3b023cc76b9e1727f90b8855c3de9b755877b2fde2d2,78d05a6e0066e5dc59810cfa8f48756e743db1b8aae422c42e4f2e36cb84e2af
XProcess/XWindow_PK.h,XProcess/XWindow_PK.h,normal player/game process,text-identical (encoding/EOL differs),806,775,,,,1341402663,44854d749638d2a725bb1aba7bce809c3c9b77852a50862c28fc92f6101613f9,1406c556fcde703f197b03bb210ee1b821e9edc74eac8543f99ada66f6ca0997
XProcess/XWindow_PK_ListBox.cpp,XProcess/XWindow_PK_ListBox.cpp,normal player/game process,content-different,10624,10510,7,11,0.976253,1341402663,79ea784582de31da25bb3ed05e424065a0eca822666783c0aced7a485a1ff962,32f02be90de398a3831402493081f70cee254394ec1528daf27c58c684f37836
XProcess/XWindow_PK_ListBox.h,XProcess/XWindow_PK_ListBox.h,normal player/game process,text-identical (encoding/EOL differs),1370,1321,,,,1341402663,ca5aa43217f5dbc243f90e8df11b425791b053a970ce60b3b0cdd8bd53d9e74d,5406f2a5b8e3ab1e0768643bd1feeabcb54f307f99e3fba2945188f7531c2ac9
XProcess/XWindow_PKRecord.cpp,XProcess/XWindow_PKRecord.cpp,normal player/game process,content-different,37357,36362,6,6,0.993865,1384266474,06b8682eea5fd309d825316dc520fdf75c7c9189177cd9676b3a3c0535ed1a69,e0eac7a920d1c85511317c256f239fb0f3d9ce9c0fd5f53fa0419fd344309c42
XProcess/XWindow_PKRecord.h,XProcess/XWindow_PKRecord.h,normal player/game process,text-identical (encoding/EOL differs),2632,2505,,,,1341402663,2c89dd1169db7922569dba38a093a7f0d105b0877b3ea2ee0805f607941fff65,f4afcdefefaaa04d2cdd578329b85437cc51a3cbf4c8da000f5baa09dcdbb720
XProcess/XWindow_PKTracingRequest.cpp,XProcess/XWindow_PKTracingRequest.cpp,normal player/game process,content-different,7706,7581,2,5,0.981627,1384266474,554b61ff417d41edd08f95fa75669b03bf7ebc59ae55021454118db90b4ee25d,5641471545f4f3a8bd6e63b4450eff97b0417cd7c7555c7ebb5217111701657e
XProcess/XWindow_PKTracingRequest.h,XProcess/XWindow_PKTracingRequest.h,normal player/game process,content-different,1208,1261,1,3,0.95,1341402663,bc944692a80385e53379ff1cad2c03ecf5adcc10a35b4a27447c7afc122f95a4,470c4f9275fa543007939c26f5373d728858194ef2d9df7a201d5a4fe0a01dc2
XProcess/XWindow_Pocket.cpp,XProcess/XWindow_Pocket.cpp,normal player/game process,content-different,13845,13433,6,6,0.985542,1384267140,0f9e91633876d584faa300acafbbdfd599b2d45f7f9d47c52519d9a4cf7787cf,60a22a4d48386a40436d030e8fbbee27e801ea69dbe70a47929e24d4f6767268
XProcess/XWindow_Pocket.h,XProcess/XWindow_Pocket.h,normal player/game process,text-identical (encoding/EOL differs),1446,1395,,,,1341402664,cb8277cf9fcae3c7e65e0f5aaa207aacc5b01b7571b16112987836c7f7e2f986,e81d7823eaa903da0722c6e6189f3780dacf9c7831e28fe480bbbcfbd22b7beb
XProcess/XWindow_Poison.cpp,XProcess/XWindow_Poison.cpp,normal player/game process,text-identical (encoding/EOL differs),4490,4343,,,,1341402664,3f6a16f2fbccd421396531460679e298a344afbef0ce614d1bd44b47cdee13df,10925f265f45a72aaaba051a232af4c23fd3203ea071b7fe89fd02a31e19f1a6
XProcess/XWindow_Poison.h,XProcess/XWindow_Poison.h,normal player/game process,text-identical (encoding/EOL differs),1067,1020,,,,1341402664,9fea7113db63d74997b98a90c0ed023f80ccf42e5fe0feadace34913728b9059,379f5d8d3f6632fd5c4a6564b907222e2f39681dd86482141e908dbc24dc29c3
XProcess/XWindow_PVPBroker.cpp,XProcess/XWindow_PVPBroker.cpp,normal player/game process,content-different,20144,19821,2,4,0.993852,1384266474,e4586ce7afaca7fda9f7340be0e1eda48318b78bd39e88ca4e8818f8146bd2f2,c0be6f67e755ad7ac135c32cd049dd33859679986e49df7206348f85e010ace4
XProcess/XWindow_PVPBroker.h,XProcess/XWindow_PVPBroker.h,normal player/game process,text-identical (encoding/EOL differs),1105,1066,,,,1341402664,109d6102d2c8ca036d32399a80c6607063b2ec8c0ecded877e6bfd068cdf0cea,36415b394e7e8fad69d632a442d53c8d1999648444933f34a06459df894259ed
XProcess/XWindow_QuestMail.cpp,XProcess/XWindow_QuestMail.cpp,normal player/game process,content-different,16671,16900,2,19,0.97868,1384271096,c74ed32daa871e35c9a0808427c4a6bcc72d2e72e4636853007c3f0b24fa5ac3,6b1e267bf28b754e22d344d2fafac66752d0b23132d21a8534c678c39a957e24
XProcess/XWindow_QuestMail.h,XProcess/XWindow_QuestMail.h,normal player/game process,content-different,1889,1922,1,2,0.976744,1341402664,90705ce4b23c8fed936c797266b6c72b6510cb689bd7c7451a2918f11ccb0879,d44ffe0ee82cb5459c5d1537f3755547d09c4ee6364272960a0a8bf7a77af792
XProcess/XWindow_QuestRank.cpp,XProcess/XWindow_QuestRank.cpp,normal player/game process,content-different,23723,23083,4,4,0.993641,1384268626,a649fc45614c38ce5ef877df95fcd5bf85c41a199cbbdd6e9543baf766758e11,6d3ba1ec3c27f538322d07e69c39ee39691b9d9af8e592a2946cd3adb1055d8b
XProcess/XWindow_QuestRank.h,XProcess/XWindow_QuestRank.h,normal player/game process,text-identical (encoding/EOL differs),1600,1545,,,,1341402664,15ab75107d0a4cce7e7e1581066d831966b4ca586f2a8a73ee1aa81bda9795e2,c36078c19bbf94c354f6c6056d900cd170ccff17b1d4e8fe2139331e8a3e0a1b
XProcess/XWindow_QuestWindow.cpp,XProcess/XWindow_QuestWindow.cpp,normal player/game process,content-different,130023,126155,18,18,0.995287,1384269033,787220bb1342ebb61d2ef3142f8c2e33be47263464ec095c35a76d6e8ea4d293,dd78d0793d31667280aa5a4b8ad5a89e7cf04bd5802148bed9844673e958efa6
XProcess/XWindow_QuestWindow.h,XProcess/XWindow_QuestWindow.h,normal player/game process,text-identical (encoding/EOL differs),4110,3983,,,,1341402664,0d6ec73a616c31cc157098714b30e62b0d9374670d9e09592dbf577426d87551,bea6e88c86d2d151638403cadd844a84eb72c83706f8fa4fe3d49cb4a50d70f0
XProcess/XWindow_QuickSlot.cpp,XProcess/XWindow_QuickSlot.cpp,normal player/game process,content-different,77322,75469,45,71,0.97835,1384269400,0f490a909e3e5d6b02f4417bbe1058c74c45f5050ab3b8f6c7b398fdcb0fbfad,1ee7368fd06e02cf0035594ecbd76725d611d950600f1e49744250cb8ef12ba1
XProcess/XWindow_QuickSlot.h,XProcess/XWindow_QuickSlot.h,normal player/game process,content-different,6450,6567,1,7,0.983051,1341402665,236e6bf68ffb93cb24e9c56668672784e9fb6add51d4798b9b7c144778c7130a,759bccd3b2728582d7e5525ae0d2832acec04b3a64241add48df614f6b619643
XProcess/XWindow_Rebirth.cpp,XProcess/XWindow_Rebirth.cpp,normal player/game process,content-different,24652,24827,38,67,0.937388,1384266474,34a62eac2c3b4c2a4fe9db48847d20bc4f7920c60a9b5acd90cd5718b7b016fc,24c0dab589c0c6f9b8e9c6b2a4ea235404a46556ff48fedc698256e1dae34afa
XProcess/XWindow_Rebirth.h,XProcess/XWindow_Rebirth.h,normal player/game process,text-identical (encoding/EOL differs),2553,2451,,,,1341402665,bf867198d6af85b4c2fd2457fa6a17816b45bcc2c14b96c73ebc12c54ef5a361,4520fb6a657c16e97201507f3608aa7eedfbfcd0aacaaff1153cef563d0cb215
XProcess/XWindow_RecallItem.cpp,XProcess/XWindow_RecallItem.cpp,normal player/game process,content-different,34942,35648,15,45,0.96732,1384271096,cc9290ed85b13c0f09a3978fb2a497fbc0792a040730eb57f1cdd58a11d28366,e41a4adc0b43ce6e1b1f570229b48371588823c9a37dac1e4778b023fe38481a
XProcess/XWindow_RecallItem.h,XProcess/XWindow_RecallItem.h,normal player/game process,text-identical (encoding/EOL differs),4312,4162,,,,1341402665,17bd0e1417610664893f7f7a7dd1eee2620503aedb341c98e2735c23578fc520,529c584c1a671845621054323508770728170f749a440e967108079e37da71dd
XProcess/XWindow_RepairItem.cpp,XProcess/XWindow_RepairItem.cpp,normal player/game process,content-different,27994,27234,13,13,0.984204,1384267140,fdcb23328196b061d268cbc52f648d75a9b5dcfdb94afd31689a7b2db3786eeb,fc00b547fae183260bd8ac93a8dd4465ce6894d5575283bef7a3a046292a86b7
XProcess/XWindow_RepairItem.h,XProcess/XWindow_RepairItem.h,normal player/game process,text-identical (encoding/EOL differs),2412,2322,,,,1341402665,0e073fc4560726f5a439cea80671f6549f41a4d11a07bdeb92f90109363e7a08,58d851d3a4d5067b1d039fbea696899bba2bce5440365a6d8cce1fffaaf9bd36
XProcess/XWindow_RequestParty.cpp,XProcess/XWindow_RequestParty.cpp,normal player/game process,content-different,25335,27039,1,51,0.954625,1384266474,a452f7486f9bd0f91872936bb7fa5e00166da1212267be01e513dcd36e80e37b,65a46d8d0bbc26e8560bbafa3f7110f03be568aa0916e51be028590a3bd93582
XProcess/XWindow_RequestParty.h,XProcess/XWindow_RequestParty.h,normal player/game process,content-different,1417,1457,1,3,0.96,1341402665,c94b8281d203340251897a80bcdbba9349667035955942a0c35b66511b966fa7,d4843ef07bb106d3379872f38ee6534a050633b33493aa72e289cce19b0580b0
XProcess/XWindow_RewardNick.cpp,XProcess/XWindow_RewardNick.cpp,normal player/game process,text-identical (encoding/EOL differs),1823,1745,,,,1341402665,34290ffe452703e248a9a0e8ff31436d684d6857b0a26f935832d025d6a1182e,3734e5e8d292f5620985c92e3ceef3398b9bfc6dd92b4fb96111c545a21af1ac
XProcess/XWindow_RewardNick.h,XProcess/XWindow_RewardNick.h,normal player/game process,text-identical (encoding/EOL differs),1005,969,,,,1341402665,1f3679d061ed5c38bc4b40ef712ed29ce17a60ee393512049c79562bd0af3b92,e4daa0264c4b1c5f4d8fed1c7b6cc89beb9b3e495c8542249f8ce3eaef90c697
XProcess/XWindow_RotateWindow.cpp,XProcess/XWindow_RotateWindow.cpp,normal player/game process,text-identical (encoding/EOL differs),3626,3483,,,,1341402665,6d37e6ab088fe3662ca13532945194c76c527e324006d74d6c51de87c92937f3,9edf05a9da167e700335bcbb58b9b2ce3b3f73f457eaf25e057be721addb42c7
XProcess/XWindow_RotateWindow.h,XProcess/XWindow_RotateWindow.h,normal player/game process,text-identical (encoding/EOL differs),1228,1186,,,,1341402665,9a10f5c562d55d99623570a295274abbbf3c492e91a57b99d867679816e098d0,b86dc0be3bbc01466398f2f8b2b93a84a05a4748283f9ce2d5cc531cf7d0baa9
XProcess/XWindow_SelectCharacter.cpp,XProcess/XWindow_SelectCharacter.cpp,normal player/game process,content-different,25250,24607,2,4,0.995696,1384271381,1b3b3ae3b93c898070a76d43f3255c25f7b420681866b2d775da91c9d4cfdcd8,88c1599505f769fbe1826857e3ad7514b7725a030168e4ea537e37826c889d1f
XProcess/XWindow_SelectCharacter.h,XProcess/XWindow_SelectCharacter.h,normal player/game process,text-identical (encoding/EOL differs),2130,2053,,,,1341402665,ca6c053c2a6ec5ffa6463e17141b6cb94d32f0b5b1ea54d0d15f0db979ee5f4c,7754490775b3bae78916d1120eb4a4ba8fd3c414b192ce6d10eb887e821be7c7
XProcess/XWindow_SelectLoginServer.cpp,XProcess/XWindow_SelectLoginServer.cpp,normal player/game process,text-identical (encoding/EOL differs),4932,4749,,,,1341402665,c8b9f353eff0cd7c55e82a0be14687254ca6c15caa3a4bfbcd7d9c779eabf967,32acb48d04833943e2862ead1497dfac495084d84f3b9569ff201c3a49961211
XProcess/XWindow_SelectLoginServer.h,XProcess/XWindow_SelectLoginServer.h,normal player/game process,text-identical (encoding/EOL differs),1028,993,,,,1341402665,0b48a8c0ea53262aa88aadb7e65843bf1681bd3005880233a1ee8b7b85037671,2bf858f5349939ea1b1bfb46054e2924451c2dea104d0824e0d85236aff63746
XProcess/XWindow_SelectServerForest.cpp,XProcess/XWindow_SelectServerForest.cpp,normal player/game process,text-identical (encoding/EOL differs),4514,4356,,,,1341402665,d475c70641df9530a50a0910c4d758a66023a0ff510da73ffcacb8481707e868,2e5bb3a91fa80a9214f844444f9abe3ba83316190d5ca3226a7d1c4dac506cbc
XProcess/XWindow_SelectServerForest.h,XProcess/XWindow_SelectServerForest.h,normal player/game process,text-identical (encoding/EOL differs),1036,1001,,,,1341402665,e1d4ee6c7c91186662cae2a8cf47f9c9eb4be453a0a23ee939af1b0a6760ae76,d1cc065f24d1adb3ce46e27babc2b62299a1296d4c15ab475cc7e0be621cdb51
XProcess/XWindow_ServerUnification.cpp,XProcess/XWindow_ServerUnification.cpp,normal player/game process,content-different,40583,39418,17,17,0.984489,1384270869,eb29ea0760377743d5198f47f1bf7426cdfd4321d0f68549ae8f7f9326f58805,85de19520fa9752a1f1d882fbaa797320e47ae480d0d12dc4ec7561d6cf98e4f
XProcess/XWindow_ServerUnification.h,XProcess/XWindow_ServerUnification.h,normal player/game process,text-identical (encoding/EOL differs),3887,3749,,,,1341402666,5d49e0026b2ca0854672901aa34afb3fa6cad071b0b7c8794aa05fe18f3f102c,4245f965f8bed22116bf0c54d557d06ccfe1cdeac9af3cd87ec416f1cff7a669
XProcess/XWindow_Skill.cpp,XProcess/XWindow_Skill.cpp,normal player/game process,content-different,60961,58973,27,27,0.985797,1384270221,1f301003931882fcaeb65c9856596d1972042dcad713df304ba1775ceea15c7a,1081d01111222722f2d06d163d0cabb775debee5b36fb168fa3d311e569418f4
XProcess/XWindow_Skill.h,XProcess/XWindow_Skill.h,normal player/game process,text-identical (encoding/EOL differs),3189,3064,,,,1341402666,d79e0e385e963d2e84f103ae8f6c72a0e78b373165c53404e825d18554b4e904,bff5099d8752daf209dc8619ea14d75b3a486688eddb234253e9ca5477e01dac
XProcess/XWindow_SmeltItem.cpp,XProcess/XWindow_SmeltItem.cpp,normal player/game process,content-different,65527,85822,343,861,0.718297,1384271096,02ecc190c4b78532596f39289de1c8721bf946a85f39df7372db5d39633d3c54,94af809f765c06a402cc1cb37d5a33333fd03404bca2c99b5051360767c9afc7
XProcess/XWindow_SmeltItem.h,XProcess/XWindow_SmeltItem.h,normal player/game process,text-identical (encoding/EOL differs),3752,3607,,,,1341402668,8d6583763246b3dc5d43399388b63703d9060808f2b26e8ddfac15649b0095d6,a649b20ececa1b623535943bb39988e443c1da9034cc70f9cf6128c168a10912
XProcess/XWindow_SocketDetach.cpp,XProcess/XWindow_SocketDetach.cpp,normal player/game process,content-different,45715,44638,40,40,0.966722,1384271096,0674c2558010f69a8c8f36455c4e397959b616d5c6ca0ab86c0274fc15741529,423f2e75adeca6aa949f50c06dcb0f608e47366fe32d5b2bc2ab9202c892b896
XProcess/XWindow_SocketDetach.h,XProcess/XWindow_SocketDetach.h,normal player/game process,content-different,4325,4158,1,1,0.994118,1341402668,9df933f6e1a156708b70cbfedfa9d2a0e10e3d465f354a85492ef166eac14e7e,39ff455f76b4a5f7537683485f0450ec5851732303e163c669312e68e2b24710
XProcess/XWindow_SocketPlugIn.cpp,XProcess/XWindow_SocketPlugIn.cpp,normal player/game process,content-different,59891,58443,61,61,0.963341,1384270869,5343f95e2883c9b7813ce28eb62b8e8123dc59b95f7aa6e9047c9877a8e2ed9e,2df669a2d57c71f0fc904f56713e69ec341d503ce3098392931faac532bdfcf8
XProcess/XWindow_SocketPlugIn.h,XProcess/XWindow_SocketPlugIn.h,normal player/game process,text-identical (encoding/EOL differs),2903,2808,,,,1341402668,5b40a563dc4b9d57feff29e35130c6681aef273979db3e73899c4afd95ff9b94,d9a18979564e2f8ed674ef1f212ba77cda8d83b5334876ff584db1e952133225
XProcess/XWindow_SocketPlugInExp.cpp,XProcess/XWindow_SocketPlugInExp.cpp,normal player/game process,content-different,36162,35140,24,24,0.977633,1384268627,8c3dfa8e1bf0d5760843c30ba3cead8d52baeec6432081db451a78ed4f77a073,f7a0029a65976a58e888a22bc54237f7eeec1ce8e3edf3b726c3d9651e3c15a5
XProcess/XWindow_SocketPlugInExp.h,XProcess/XWindow_SocketPlugInExp.h,normal player/game process,text-identical (encoding/EOL differs),2644,2556,,,,1341402668,42e1ddab06a6a1929be0a42b3632c2ca5b26e33914cc41c3b461cbfe90eeb4cd,3a1a4272db9ac84fed4ef919ba1162e2dc7232442574e718b882ca778d683902
XProcess/XWindow_State.cpp,XProcess/XWindow_State.cpp,normal player/game process,content-different,79115,78017,29,75,0.980662,1341402668,b5fada09e4dedaf0ed034da67d45e7efddc45335903cfb6504b774d752e8db31,972acb73a26573c8446f3ecb714591f56684be0d2a024e19461a04f1c5c0962b
XProcess/XWindow_State.h,XProcess/XWindow_State.h,normal player/game process,content-different,5514,5408,2,3,0.986667,1341402668,32450a723d2d8035945aae601522baf4d7c72c96753fdea83979e0102510b67c,7967f8458b32587e250f7cc02eb85325085099583eb092c98eb343746fbea430
XProcess/XWindow_SystemMsgDefault.cpp,XProcess/XWindow_SystemMsgDefault.cpp,normal player/game process,content-different,15845,20735,6,115,0.882865,1384267140,05566444925b44e56cb9940f0423f1ae098cb0bace95edd97fc1d0b5436a8608,4f333850b576767439a5fc569bc1805cf4808b19fe804ee0b2c14e9e5dc9f459
XProcess/XWindow_SystemMsgDefault.h,XProcess/XWindow_SystemMsgDefault.h,normal player/game process,text-identical (encoding/EOL differs),1771,1716,,,,1341402668,a3fab981a46a62c2b5cae196edbe154c8414268e1e3b7fc3fa9c32af5035ecac,de139fc7747ffe3a42e8aa279633f509abef3ff80ccf8ffd1fafc320288564d9
XProcess/XWindow_TargetInfo.cpp,XProcess/XWindow_TargetInfo.cpp,normal player/game process,content-different,39896,38874,7,7,0.993028,1384270221,8cc57861db8bfc2fefb82fb482ebaf5db1e7c332a7efcbc08afe5ae6726b1885,e82e6d3c587aa52be24e71d51bf1eea8d29e92d9702a278221148cf75a31c31e
XProcess/XWindow_TargetInfo.h,XProcess/XWindow_TargetInfo.h,normal player/game process,content-different,3044,2926,1,1,0.991379,1384267140,933b3382c3a32f74868deddb4c58564033c60f4dffdc97e99194131c151aad5a,2ebc028ecdb99a83d1c3a4a34fc518e2117e5d016de7f327d32fd9259cbd5c4f
XProcess/XWindow_TestServerNotice.cpp,XProcess/XWindow_TestServerNotice.cpp,normal player/game process,text-identical (encoding/EOL differs),7022,6798,,,,1341402668,792bb0f675694fd197a696cad8fe55ec46a04f10de097be78e5c197a881ac459,36bbe79c3f4e2385aa9bc9a719aea2687319428deded17e79cb9dedf1e671fa2
XProcess/XWindow_TestServerNotice.h,XProcess/XWindow_TestServerNotice.h,normal player/game process,text-identical (encoding/EOL differs),1017,983,,,,1341402668,593752e34ba3475c9c03c93d3b2ac8360dc9ea52f04eeadaddd581af8fc2bd1b,7b5d8dbe16d055bc00e4453bff3ad4f23b1c0ac723e5e2c545846e4f61f7c15f
XProcess/XWindow_ThreatenGauge.cpp,XProcess/XWindow_ThreatenGauge.cpp,normal player/game process,text-identical (encoding/EOL differs),2867,2758,,,,1341402668,8393c953127cc29cdfd9e92fdcf14ea97cfc6c5b2e9c0bd9fa40be4330fc0228,0187de9b966abbe29ca1b99f4ecc5259f9027c7dcde90b2b0de6d49e9ed416ae
XProcess/XWindow_ThreatenGauge.h,XProcess/XWindow_ThreatenGauge.h,normal player/game process,text-identical (encoding/EOL differs),991,957,,,,1341402668,fa81fa1325a7144b2dedc5f2c7764b33fe8c9b7fe6fcb5689446d5aa92b0936c,450020d1e983e926bbdd0eee7e34eca2305ef581d40ef99194c5addfa5a52764
XProcess/XWindow_TradeConfirm.cpp,XProcess/XWindow_TradeConfirm.cpp,normal player/game process,content-different,24209,23525,6,6,0.991678,1341402668,67bdae2ca1c05f848bfe2f0945e937b3d92b634e2373f75cde76df168e983712,cf2415f78874f3f445c5064794d8861f867c633609046f46889ce48b63c16a33
XProcess/XWindow_TradeConfirm.h,XProcess/XWindow_TradeConfirm.h,normal player/game process,text-identical (encoding/EOL differs),2633,2540,,,,1341402669,08506c091382de2930172e72278ae18bc978e965569f39cf56ec341dc8b46480,aceccc93f9c9eef3d18feac6978ac4af9c486a19f1fab3eaba7ca67b9bd16d2a
XProcess/XWindow_Training.cpp,XProcess/XWindow_Training.cpp,normal player/game process,content-different,8271,7966,2,2,0.993311,1384266474,3b987af4b01c112896fbbfc28c96944dd148f6f7bddbff318d21537cb1129ab7,a3044fd217d4656e37bd7eb105478b8f5d1b240e15197efceba5b5c3f4266b36
XProcess/XWindow_Training.h,XProcess/XWindow_Training.h,normal player/game process,text-identical (encoding/EOL differs),1729,1666,,,,1341402669,15776841fe8309c1bc40e2f87f798a88854534087e0041e8692a7feb0c532413,ab15af5c842dc509f56632cfc20be3180f9bca85d9e9e05a684c9c30fca199e7
XProcess/XWindow_TrainingComplete.cpp,XProcess/XWindow_TrainingComplete.cpp,normal player/game process,text-identical (encoding/EOL differs),4039,3901,,,,1341402669,32c5d4db9330403421c214d1e37d09ee5e2a5ba51cb2fab3d549bfb499721847,e5269f22e5a3ca5ba2a47b3984e9dd74188bff8937eaecb48456d2bd58b33d01
XProcess/XWindow_TrainingComplete.h,XProcess/XWindow_TrainingComplete.h,normal player/game process,text-identical (encoding/EOL differs),1165,1122,,,,1341402669,eb3242abfdca7c794ba2a80a2fd24827395a392fcb2c0785a0312dee80a54c0e,939a49aeea9fb6d460bf358b048f7e3c98499086917c916453726c68860e0298
XProcess/XWindow_TrainingDummy.cpp,XProcess/XWindow_TrainingDummy.cpp,normal player/game process,content-different,19276,18603,1,1,0.99851,1384266474,b4ab7c69b8a0c75f45b0a6450c216bf5eda55aee192c1a944e093f965c9afffb,48d23348c795ec46db906e8a8917f8956c05f6467229af44ddfcaa3661cdc60e
XProcess/XWindow_TrainingDummy.h,XProcess/XWindow_TrainingDummy.h,normal player/game process,text-identical (encoding/EOL differs),2590,2482,,,,1341402669,14f0b7888a7e13ae54fb5d844da696dacd4272d76cab9e607defe0a0dc5ccecd,72fc6f8dc6c9226944ed2ec975b0b8239f46c29d3e1d06084752b72e70d96c3f
XProcess/XWindow_TrainingHelp.cpp,XProcess/XWindow_TrainingHelp.cpp,normal player/game process,content-different,26942,26270,13,13,0.97956,1384268627,5865816095f86a2733a24e97b8553bbe520ecff94353fa64e7d3b5feb2126549,fd9a0f6b9cf15f495e6263e7241a5e5f0a1a54dc3824dcdeef706873d88fc211
XProcess/XWindow_TrainingHelp.h,XProcess/XWindow_TrainingHelp.h,normal player/game process,text-identical (encoding/EOL differs),1950,1879,,,,1341402669,12fe2c4a368da3a82b917b474e6ef0fecc1ddcc388df7b647ad204f2c2237b67,ecdf596169ac091d242fcee0e47ed54c8d59846c6b32f1369b53e1b210412294
XProcess/XWindow_TrainingMed.cpp,XProcess/XWindow_TrainingMed.cpp,normal player/game process,content-different,51621,49840,7,7,0.995995,1384270221,f12c2eb69de303b0bfb5ed75d1af23e7770ce48242333292f91f44e6e0d5b954,a1e991cc60612cc37f30016c9d81564e60401d3e9b2c4027ef8cdd6efe13dd8e
XProcess/XWindow_TrainingMed.h,XProcess/XWindow_TrainingMed.h,normal player/game process,text-identical (encoding/EOL differs),3777,3612,,,,1341402669,5ebf2b1faf60ddb362e96c5f7fdef95e67e05aa8f37f7a8427fe992d68c643a6,a8887539208558f2b5df0fe729834e7d8e5e8e9ccae4e19a9060eb6a8dcec2b3
XProcess/xwindow_trainingspell.cpp,XProcess/xwindow_trainingspell.cpp,normal player/game process,text-identical (encoding/EOL differs),18065,17411,,,,1341402669,6d3694064f58193e3db5bf661e01f671bdc7ddb763db91ddb46c8553226628ee,ef4c4ddf3680881b5ea0630616392ac8991de5f1cc46ed617ac8e6aca301ff75
XProcess/xwindow_trainingspell.h,XProcess/xwindow_trainingspell.h,normal player/game process,text-identical (encoding/EOL differs),2573,2466,,,,1341402669,4f48a54daf86fc0368694ac1a2fffef9f1a8b228d98e5ab6ee012827ddbc0616,b45da3f8bf0077b6c21aceb8cf22ed4baecd0c29c0806009cceab7e5ddef930d
XProcess/XWindow_Tutorial.cpp,XProcess/XWindow_Tutorial.cpp,normal player/game process,content-different,24183,23378,12,12,0.983806,1384271096,87081c153b2a1d570a3e203393b2786f951bb69c3b4caabe85f237146f6625f3,5439c48340537f825040d8b9496f8fb7265bd9cc8419b1628026d52e8432de0e
XProcess/XWindow_Tutorial.h,XProcess/XWindow_Tutorial.h,normal player/game process,text-identical (encoding/EOL differs),13344,12967,,,,1341402669,9c21ede8ea808ae0c607192c28bab889a4e5a5e53ec7a2fdcff21b286fc940d9,7ad56ee7b338651d096f00d92cf2e9109748696051f256558d62a64523ae13b3
XProcess/XWindow_TutorialIcon.cpp,XProcess/XWindow_TutorialIcon.cpp,normal player/game process,content-different,23847,23118,3,3,0.995856,1384267140,832eddaee310edd9c129d1d0d906f56742dd4c2fe29b00a05e33c9e4c41b05a3,0c6348685d578689031bc624926f00d89809b40ce1e597926b862ee9ec99ba9c
XProcess/XWindow_TutorialIcon.h,XProcess/XWindow_TutorialIcon.h,normal player/game process,text-identical (encoding/EOL differs),2938,2855,,,,1341402669,a25d09d86b3b77b30e9b37650da3781379c4450d7c4daedcd1a9ee73cf431d3f,2c1e769c2589989b22a2e5797adeb2c6ab905c4c8095dac3c70504d6d334776e
XProcess/XWindow_Warehouse.cpp,XProcess/XWindow_Warehouse.cpp,normal player/game process,content-different,57035,55722,31,31,0.980442,1384267141,6ef09c59f2080cfc54d34b054b4a721383d5e96da68a01c2f950a666f901e4f1,278511f0baad74e93979baa32188eda7354a7724f9ef5083716c4b81a188ad36
XProcess/XWindow_Warehouse.h,XProcess/XWindow_Warehouse.h,normal player/game process,text-identical (encoding/EOL differs),3854,3723,,,,1341402669,14a707dd7bcd1b3c31d3b223d223a68fef4da84e619bb79a2b143ad5e48813f8,86128438f74b0f0f4ed9c3d43646c7b81bc6d89eb2aeaae035520a5a19e68a0e
XProcess/XWindow_WebBoard.cpp,XProcess/XWindow_WebBoard.cpp,normal player/game process,text-identical (encoding/EOL differs),5770,5613,,,,1341402669,fcd65b34eec49c38abfab710e8f76c144c3be1e2731bae473b12b377e7b735aa,0d1f5dcb422cb3bd6c528ec1687899b6e175118a42dd705964d790fb92a2fc0d
XProcess/XWindow_WebBoard.h,XProcess/XWindow_WebBoard.h,normal player/game process,text-identical (encoding/EOL differs),886,856,,,,1341402670,3d04c72c7d5a703fef1152066b4e5b68c8b764a7ebde1c7ce95caa7eac704949,9c7691e2d83f87454c15e7c66cf3649232e4ea97359f2931ecd94faedf5850ee
XProcess/XWindow_WorldMap.cpp,XProcess/XWindow_WorldMap.cpp,normal player/game process,content-different,25541,25101,4,27,0.984959,1384270869,2a293f79bcaccbf921e865f24fc5ec5cca240d12500400985f08751885c96136,aceeededcdb0aa41462a23fd0d65e1c93c7180949ad0d17308d32074bd8f6e3e
XProcess/XWindow_WorldMap.h,XProcess/XWindow_WorldMap.h,normal player/game process,content-different,3830,3743,1,2,0.991098,1341402670,1a4c83b39e58d656b93d4cf58affe86488ceddd3ad4947fb7c01266be562a1b0,14be586e8be89500e787aa72ad5f2e9d56da83808a1916fb5ed64d5bf4432c1b
XProcess/XWindow_WorldMinimap.cpp,XProcess/XWindow_WorldMinimap.cpp,normal player/game process,content-different,175375,171059,13,13,0.996977,1384267141,be752e95749e5d0ef027a328417dcb7fa3bd2535ee06b3363403dee573add26d,7960f5796eeedb5f2330eef306f7ac0e54a3f56407ece7a8f779f55d83c58bac
XProcess/XWindow_WorldMinimap.h,XProcess/XWindow_WorldMinimap.h,normal player/game process,text-identical (encoding/EOL differs),7242,7001,,,,1341402670,733921f8749ce12511e01b05b28cbfa053ec5bb7ad115bf79635522a45a28ef4,d1f63e0276b3edbcd23694879ab907087b6497b34ac2fc63157031438df71e3f
XProcess/XWindow_ZoneName.cpp,XProcess/XWindow_ZoneName.cpp,normal player/game process,text-identical (encoding/EOL differs),22391,21695,,,,1341402670,05f75980b58138fe967ee925b0b300c04fa4fd58a87b551dd7c19802239156d9,259938bce08378b88a3aff333f5342e72fb45be50d8334f03c2afcdb4373889b
XProcess/XWindow_ZoneName.h,XProcess/XWindow_ZoneName.h,normal player/game process,text-identical (encoding/EOL differs),2086,2005,,,,1341402670,6a4e985bdc59c572d0e1c21609bb28e82239697b3b6af3320162b4786550f293,6fbcf7896d0368935a2f356573620bfa1d6a58c37fb3105bf6d914c32611e062
XProcess/XWindow_ZoomWindow.cpp,XProcess/XWindow_ZoomWindow.cpp,normal player/game process,text-identical (encoding/EOL differs),3565,3423,,,,1341402670,708058eb518964185416b5ea34cab36717abf3d8e32c1a42761e6ea0348b828c,04c5d42c154fc0a69587afb0d2280bd88437f9fbcb1ae81e4c6487048918f169
XProcess/XWindow_ZoomWindow.h,XProcess/XWindow_ZoomWindow.h,normal player/game process,text-identical (encoding/EOL differs),1232,1190,,,,1341402670,3c23636c902972d8935bf49184275cbbda1d3ed62dfe81e3cbe3dc467405de1f,3988ed65154b3b9202fec9ef1ce9513cc15d63620a094c11668dfb794be94738
XProcess/XWindowObjectDefine.h,XProcess/XWindowObjectDefine.h,normal player/game process,text-identical (encoding/EOL differs),1811,1763,,,,1341402670,59328f88a9422470d068f34466c0733752d84f5dec4161a14753bae6b84bec2c,25a3da63f48e6f1407810829da7dc8f611a7d8717d1336e2ceba4a5b46179160
XSound/SoundEffectList.h,XSound/SoundEffectList.h,shared engine/internal library,text-identical (encoding/EOL differs),4350,4246,,,,1341402670,a371beb10fa6538d84c28769b90dd903060ad1d77bcd65328b3d6d5e959d9593,56cb2b1e8cb5e3c42a3005cd906fd570733d1c7bb1c2bc50de96af0b227f2028
XSound/XAudioSystem.cpp,XSound/XAudioSystem.cpp,shared engine/internal library,text-identical (encoding/EOL differs),2405,2298,,,,1341402670,a7eebca614eb122324687bb23386687592fde8b8baa89f276e74837e9cd1b44c,ee3cae73caf8bb4f9ff4708124ca0b260175e5629cedd049f35e84409b2ea66d
XSound/XAudioSystem.h,XSound/XAudioSystem.h,shared engine/internal library,text-identical (encoding/EOL differs),590,558,,,,1341402670,0d26faecedad58b3769ed7912dbe9c103b47ff728d1c321c6395ffc113ee928d,7577b7e2687de4c57fef082203186fb745b248e6d2c9c7ca6d0e164fbaefac1c
XSTreeWrapper/PIDController.h,XSTreeWrapper/PIDController.h,normal/shared source,text-identical (encoding/EOL differs),6183,5954,,,,1341402670,f97141e82b532540d9887984f08f65f6ac42c3826315cbb0a50d03bbdd5b4079,48ee2f02a5591e2c106bf3b57fe0094a039ad668131c97cc2b88d7923dcce35f
XSTreeWrapper/SpeedWind.cpp,XSTreeWrapper/SpeedWind.cpp,normal/shared source,content-different,27841,27010,12,12,0.984925,1384267590,56360e40474466076207c167558843e440731279da3477ceeba97411793a3e8d,bae36ee7cb8c6024b507709a8d2362a98b8db062122ac7861033baad9bbab58d
XSTreeWrapper/SpeedWind.h,XSTreeWrapper/SpeedWind.h,normal/shared source,text-identical (encoding/EOL differs),12906,12491,,,,1341402671,cc5b4148d01f8e548ba3066596a828fbc7a35541d6fc8e370cd7f0797364fa24,acf80b2f4d27a2de0d2c617248ee5123f3fe01c27bbcf72ea0eb184f1f21390b
XSTreeWrapper/SpeedWindBlend.cpp,XSTreeWrapper/SpeedWindBlend.cpp,normal/shared source,content-different,6672,6446,5,5,0.976303,1384267590,12a10d2b2d01b00cf7eac8c73d99b4ae0e19779bbb979bb7c648ffc4e5bf8b6e,c18fb3d3c98e3cc65b5fb7d70cb2e6775c418b842e49e527835d959142a81e4f
XSTreeWrapper/SpeedWindBlend.h,XSTreeWrapper/SpeedWindBlend.h,normal/shared source,text-identical (encoding/EOL differs),3276,3187,,,,1341402671,855361251b869eb276f78b24f0cb5b9b0ee3e82431ef89c3486e166d2d0e1aa4,9a6ae2510d6bf416f4b3c3d74ad3d56e183e4e1c2d8b759fd613c2f3401a8edf
XSTreeWrapper/SpeedWindParser.cpp,XSTreeWrapper/SpeedWindParser.cpp,normal/shared source,content-different,14802,14310,1,1,0.997955,1384268024,505ecdee75d7376c9c5a5dfcb6ea4fbe6bf482d71f10dd5a4d370b24d50a64ef,77a552980d5e6b29c9ecb533e9029f553e96ff25a6bee213bf475225af4359a4
XSTreeWrapper/SpeedWindParser.h,XSTreeWrapper/SpeedWindParser.h,normal/shared source,text-identical (encoding/EOL differs),1856,1791,,,,1341402671,13349e7923979d82cc816ef5e386f260af10d5adc9c7389378224d2c4d25d5c5,598347401b0888e2bac2b0721fc32c2cd0c700ae4ecdc53a9ecee5cc534f12eb
XSTreeWrapper/XSTShader.h,XSTreeWrapper/XSTShader.h,normal/shared source,text-identical (encoding/EOL differs),10377,10020,,,,1341402671,bcf4d76e2fb051d34b8cb316588d933159bdaad17846bd08336c441dc4c4431a,3d1bf502d1f9cf48593a48a0c403f966ada014a516d351c12c817bdb0776863a
XSTreeWrapper/XSTWrapper.cpp,XSTreeWrapper/XSTWrapper.cpp,normal/shared source,content-different,51528,50012,9,9,0.993956,1384268024,52bde6d4e7e4017e2651d5f80e676eccf67be524f745aad0c0a4c177de2cb50e,f7d7cc88748e6dbf24f7c3383ab9d8261dd0dad233290d4e10983821926e1299
XSTreeWrapper/XSTWrapper.h,XSTreeWrapper/XSTWrapper.h,normal/shared source,text-identical (encoding/EOL differs),8442,8214,,,,1341402671,baa05657593f9e7a1bad3a38c80bbf99da3c5892f194fbe24133779300d19d1d,0b0b80521322de77c854fffd18a88745dd2440bb429e9bee7af24b14d423803b
XSTreeWrapper/XSTWrapperConfig.h,XSTreeWrapper/XSTWrapperConfig.h,normal/shared source,text-identical (encoding/EOL differs),2416,2333,,,,1341402671,6a3bdb97157866069240e918bd83bb0ae7987302a018a2fd46363a0e96b9a468,f12c5561535d9148f051abb7182bb5d1c80dc3f6d92e3c7a82ea30b462c7f5cb
XSTreeWrapper/XSTWrapperCore.cpp,XSTreeWrapper/XSTWrapperCore.cpp,normal/shared source,content-different,26404,25395,13,13,0.985539,1384271503,35cd6a7df08298d0290ecf120868bb3fe8256c31df6253be15662d9e023d5293,c5b00f3d77c3b3891cdfc54e371401b3711732db806fe6728e2a5be439a18be0
XSTreeWrapper/XSTWrapperCore.h,XSTreeWrapper/XSTWrapperCore.h,normal/shared source,text-identical (encoding/EOL differs),2026,1945,,,,1341402671,a31b71dd8b01ffe3264ff076d29a15251ffeecea44a103cfab04fa6112e5a1b7,a5165a55e9407498144735666ef9723a99a4e7c10bcc34a623d343e37c95e7e9
